cohort	analysis_route	taxonomy	design	genus	complete_pairs	median_tumor_relabund	median_normal_relabund	median_paired_clr_effect	wilcoxon_p	bh_fdr_q
PRJNA666746	DADA2_ASV	SILVA_138.2	primary	Unclassified	50	0.000325897	0.00130685	-0.458762	0.22601	0.254659
PRJNA666746	DADA2_ASV	SILVA_138.2	primary	g__Abiotrophia	50	0	0	0.039133	0.409704	0.43995
PRJNA666746	DADA2_ASV	SILVA_138.2	primary	g__Acholeplasma	50	0	0	0.134993	0.000754934	0.00157225
PRJNA666746	DADA2_ASV	SILVA_138.2	primary	g__Achromobacter	50	0	0	0.130499	0.0390155	0.0507519
PRJNA666746	DADA2_ASV	SILVA_138.2	primary	g__Acidibacter	50	0	0	0.134993	0.000784737	0.00157225
PRJNA666746	DADA2_ASV	SILVA_138.2	primary	g__Acidovorax	50	0	0	0.141895	0.0248477	0.0338832
PRJNA666746	DADA2_ASV	SILVA_138.2	primary	g__Acinetobacter	50	0	0.000282417	0.0338365	0.215052	0.243456
PRJNA666746	DADA2_ASV	SILVA_138.2	primary	g__Actinobacillus	50	0	0	0.0587326	0.367343	0.396235
PRJNA666746	DADA2_ASV	SILVA_138.2	primary	g__Actinomyces	50	0.000172632	0.00242523	-1.03647	0.00243994	0.00412384
PRJNA666746	DADA2_ASV	SILVA_138.2	primary	g__Actinomycetospora	50	0	0	0.134993	0.000815605	0.00157225
PRJNA666746	DADA2_ASV	SILVA_138.2	primary	g__Actinotalea	50	0	0	0.152114	8.87297e-06	8.87297e-05
PRJNA666746	DADA2_ASV	SILVA_138.2	primary	g__Aeribacillus	50	0	0	0.134993	0.000698391	0.00157225
PRJNA666746	DADA2_ASV	SILVA_138.2	primary	g__Aerococcus	50	0	0	0.130499	0.0166377	0.0230813
PRJNA666746	DADA2_ASV	SILVA_138.2	primary	g__Aeromonas	50	0	0	0.198341	3.38235e-06	8.87297e-05
PRJNA666746	DADA2_ASV	SILVA_138.2	primary	g__Aestuariimicrobium	50	0	0	0.134993	0.000784737	0.00157225
PRJNA666746	DADA2_ASV	SILVA_138.2	primary	g__Afipia	50	0	0	0.134993	0.00354364	0.0057271
PRJNA666746	DADA2_ASV	SILVA_138.2	primary	g__Agathobacter	50	0	0	0.198341	1.87591e-05	0.000166401
PRJNA666746	DADA2_ASV	SILVA_138.2	primary	g__Agathobaculum	50	0	0	0.216347	0.028257	0.0377809
PRJNA666746	DADA2_ASV	SILVA_138.2	primary	g__Aggregatibacter	50	0	0.000501754	0.0888846	0.788753	0.807252
PRJNA666746	DADA2_ASV	SILVA_138.2	primary	g__Agrobacterium	50	0	0	0.130499	0.0634661	0.0795398
PRJNA666746	DADA2_ASV	SILVA_138.2	primary	g__Ahniella	50	0	0	0.152114	8.87297e-06	8.87297e-05
PRJNA666746	DADA2_ASV	SILVA_138.2	primary	g__Alcaligenes	50	0	0	0.152114	7.50077e-05	0.000391488
PRJNA666746	DADA2_ASV	SILVA_138.2	primary	g__Algoriphagus	50	0	0	0.152114	8.87297e-06	8.87297e-05
PRJNA666746	DADA2_ASV	SILVA_138.2	primary	g__Alishewanella	50	0	0	0.134993	0.00279936	0.00464946
PRJNA666746	DADA2_ASV	SILVA_138.2	primary	g__Alistipes	50	0	0	0.133208	0.701837	0.727606
PRJNA666746	DADA2_ASV	SILVA_138.2	primary	g__Alkanindiges	50	0	0	0.141895	8.63048e-05	0.00039812
PRJNA666746	DADA2_ASV	SILVA_138.2	primary	g__Allisonella	50	0	0	0.141895	0.000136287	0.000499371
PRJNA666746	DADA2_ASV	SILVA_138.2	primary	g__Alloiococcus	50	0	0	0.134993	0.000847571	0.00157688
PRJNA666746	DADA2_ASV	SILVA_138.2	primary	g__Alloprevotella	50	9.62251e-05	0.000439641	0.0682552	0.484303	0.515445
PRJNA666746	DADA2_ASV	SILVA_138.2	primary	g__Alloscardovia	50	0	0	0.141895	7.15565e-05	0.000390308
PRJNA666746	DADA2_ASV	SILVA_138.2	primary	g__Alteraurantiacibacter	50	0	0	0.152114	8.87297e-06	8.87297e-05
PRJNA666746	DADA2_ASV	SILVA_138.2	primary	g__Altererythrobacter	50	0	0	0.171295	9.97976e-07	8.87297e-05
PRJNA666746	DADA2_ASV	SILVA_138.2	primary	g__Alysiella	50	0	0	0.171295	0.00184253	0.00323962
PRJNA666746	DADA2_ASV	SILVA_138.2	primary	g__Aminipila	50	0	0	0.134993	0.000551083	0.00156521
PRJNA666746	DADA2_ASV	SILVA_138.2	primary	g__Ammoniphilus	50	0	0.00144128	-2.84291	6.35862e-06	8.87297e-05
PRJNA666746	DADA2_ASV	SILVA_138.2	primary	g__Amphiplicatus	50	0	0	0.152114	1.97602e-05	0.000166401
PRJNA666746	DADA2_ASV	SILVA_138.2	primary	g__Anaerobacterium	50	0	0	0.152114	2.82831e-05	0.000222555
PRJNA666746	DADA2_ASV	SILVA_138.2	primary	g__Anaerobutyricum	50	0.000216456	0.000495642	-0.302912	0.265338	0.29482
PRJNA666746	DADA2_ASV	SILVA_138.2	primary	g__Anaerococcus	50	0	0	0.134993	0.0118672	0.0172614
PRJNA666746	DADA2_ASV	SILVA_138.2	primary	g__Anaeroglobus	50	0	0	0.134993	0.00673046	0.0101273
PRJNA666746	DADA2_ASV	SILVA_138.2	primary	g__Anaerolinea	50	0	0	0.141895	9.9154e-05	0.000403338
PRJNA666746	DADA2_ASV	SILVA_138.2	primary	g__Anaerostipes	50	0.000135585	0.000694035	-0.275291	0.0857934	0.105592
PRJNA666746	DADA2_ASV	SILVA_138.2	primary	g__Anaerovorax	50	0	0	0.152114	8.23756e-05	0.000391488
PRJNA666746	DADA2_ASV	SILVA_138.2	primary	g__Anoxybacillus	50	0.000329471	0.00749422	-2.0972	1.74968e-06	8.87297e-05
PRJNA666746	DADA2_ASV	SILVA_138.2	primary	g__Aquabacterium	50	0	0	0.141895	0.00594216	0.00902606
PRJNA666746	DADA2_ASV	SILVA_138.2	primary	g__Aquimonas	50	0	0	0.152114	8.87297e-06	8.87297e-05
PRJNA666746	DADA2_ASV	SILVA_138.2	primary	g__Arachnia	50	0	0	2.36903e-05	0.194277	0.224165
PRJNA666746	DADA2_ASV	SILVA_138.2	primary	g__Arcobacter	50	0	0	0.141895	0.000415324	0.00132023
PRJNA666746	DADA2_ASV	SILVA_138.2	primary	g__Arcticibacter	50	0	0	0.152114	0.000508667	0.00151652
PRJNA666746	DADA2_ASV	SILVA_138.2	primary	g__Arenimonas	50	0	0	0.141895	9.46871e-05	0.000403338
PRJNA666746	DADA2_ASV	SILVA_138.2	primary	g__Arthrobacter	50	0	0	0.152114	4.42546e-05	0.00030346
PRJNA666746	DADA2_ASV	SILVA_138.2	primary	g__Asteroleplasma	50	0	0	0.141895	0.000950408	0.00174788
PRJNA666746	DADA2_ASV	SILVA_138.2	primary	g__Asticcacaulis	50	0	0	0.171295	4.21376e-05	0.00030346
PRJNA666746	DADA2_ASV	SILVA_138.2	primary	g__Aurantisolimonas	50	0	0	0.152114	8.87297e-06	8.87297e-05
PRJNA666746	DADA2_ASV	SILVA_138.2	primary	g__Aureimonas	50	0	0	0.134993	0.000815605	0.00157225
PRJNA666746	DADA2_ASV	SILVA_138.2	primary	g__Auricoccus-Abyssicoccus	50	0	0	0.134993	0.000698391	0.00157225
PRJNA666746	DADA2_ASV	SILVA_138.2	primary	g__Azohydromonas	50	0	0	0.152114	0.000136287	0.000499371
PRJNA666746	DADA2_ASV	SILVA_138.2	primary	g__Azospirillum	50	0	0	0.134993	0.000726163	0.00157225
PRJNA666746	DADA2_ASV	SILVA_138.2	primary	g__Bacillus	50	0	0.00175653	-2.36884	3.38235e-06	8.87297e-05
PRJNA666746	DADA2_ASV	SILVA_138.2	primary	g__Bacteriovorax	50	0	0	0.171295	9.97976e-07	8.87297e-05
PRJNA666746	DADA2_ASV	SILVA_138.2	primary	g__Bacteroides	50	0.00366073	0.0105146	-0.479576	0.028257	0.0377809
PRJNA666746	DADA2_ASV	SILVA_138.2	primary	g__Barrientosiimonas	50	0	0	0.152114	8.39809e-06	8.87297e-05
PRJNA666746	DADA2_ASV	SILVA_138.2	primary	g__Bergeriella	50	0	0	0.141895	0.000645726	0.00157225
PRJNA666746	DADA2_ASV	SILVA_138.2	primary	g__Bergeyella	50	0.000305176	2.47297e-05	1.53304	0.0125682	0.0179546
PRJNA666746	DADA2_ASV	SILVA_138.2	primary	g__Berryella	50	0	0	0.134993	0.00177796	0.00316082
PRJNA666746	DADA2_ASV	SILVA_138.2	primary	g__Bifidobacterium	50	0.0041921	0.00845155	-0.527138	0.0894381	0.109796
PRJNA666746	DADA2_ASV	SILVA_138.2	primary	g__Bilophila	50	0	0	0.139186	0.000130296	0.000496365
PRJNA666746	DADA2_ASV	SILVA_138.2	primary	g__Blautia	50	0.0012525	0.0043853	-0.942391	0.0054056	0.00828974
PRJNA666746	DADA2_ASV	SILVA_138.2	primary	g__Blvii28_wastewater-sludge_group	50	0	0	0.152114	0.000230875	0.000803043
PRJNA666746	DADA2_ASV	SILVA_138.2	primary	g__Bosea	50	0	0	0.141895	0.00243994	0.00412384
PRJNA666746	DADA2_ASV	SILVA_138.2	primary	g__Brachybacterium	50	0	0	0.198341	0.0161853	0.0225841
PRJNA666746	DADA2_ASV	SILVA_138.2	primary	g__Bradyrhizobium	50	0	0	0.141895	9.9154e-05	0.000403338
PRJNA666746	DADA2_ASV	SILVA_138.2	primary	g__Brevibacillus	50	0	0	0.0587326	0.201035	0.230302
PRJNA666746	DADA2_ASV	SILVA_138.2	primary	g__Brevibacterium	50	0	0	0.139186	0.0125682	0.0179546
PRJNA666746	DADA2_ASV	SILVA_138.2	primary	g__Brevundimonas	50	0	9.45696e-05	-0.17782	0.105255	0.12694
PRJNA666746	DADA2_ASV	SILVA_138.2	primary	g__Breznakibacter	50	0	0	0.152114	8.87297e-06	8.87297e-05
PRJNA666746	DADA2_ASV	SILVA_138.2	primary	g__Brooklawnia	50	0	0	0.141895	0.000415324	0.00132023
PRJNA666746	DADA2_ASV	SILVA_138.2	primary	g__Brucella	50	0	0	0.134993	0.000754934	0.00157225
PRJNA666746	DADA2_ASV	SILVA_138.2	primary	g__Bulleidia	50	0	0	0.171295	0.00148465	0.00266903
PRJNA666746	DADA2_ASV	SILVA_138.2	primary	g__Burkholderia-Caballeronia-Paraburkholderia	50	0	0.000239186	-0.485715	0.0554657	0.0706195
PRJNA666746	DADA2_ASV	SILVA_138.2	primary	g__Butyribacter	50	0	0	0.134993	0.000815605	0.00157225
PRJNA666746	DADA2_ASV	SILVA_138.2	primary	g__Butyricimonas	50	0	0	0.134993	0.000815605	0.00157225
PRJNA666746	DADA2_ASV	SILVA_138.2	primary	g__Butyrivibrio	50	0	0	0.216347	0.000573477	0.00157225
PRJNA666746	DADA2_ASV	SILVA_138.2	primary	g__Caldimonas	50	0	0	0.110749	0.0345308	0.0455351
PRJNA666746	DADA2_ASV	SILVA_138.2	primary	g__Calidithermus	50	0	0	0.141895	0.000108676	0.000417316
PRJNA666746	DADA2_ASV	SILVA_138.2	primary	g__Campylobacter	50	0.00640325	0.00217554	0.993259	0.0105666	0.0154164
PRJNA666746	DADA2_ASV	SILVA_138.2	primary	g__Candidatus_Accumulibacter	50	0	0	0.152114	8.87297e-06	8.87297e-05
PRJNA666746	DADA2_ASV	SILVA_138.2	primary	g__Candidatus_Berkiella	50	0	0	0.152114	8.87297e-06	8.87297e-05
PRJNA666746	DADA2_ASV	SILVA_138.2	primary	g__Candidatus_Saccharimonas	50	0	0	0.0910573	0.171914	0.200288
PRJNA666746	DADA2_ASV	SILVA_138.2	primary	g__Candidatus_Udaeobacter	50	0	0	0.141895	0.000508667	0.00151652
PRJNA666746	DADA2_ASV	SILVA_138.2	primary	g__Capnocytophaga	50	0.010054	0.0080338	0.820464	0.0483095	0.0623349
PRJNA666746	DADA2_ASV	SILVA_138.2	primary	g__Caproiciproducens	50	0	0	0.141895	9.04064e-05	0.00039812
PRJNA666746	DADA2_ASV	SILVA_138.2	primary	g__Cardiobacterium	50	0	0	0.109022	0.618594	0.648308
PRJNA666746	DADA2_ASV	SILVA_138.2	primary	g__Carnobacterium	50	0	0	0.134993	0.000698391	0.00157225
PRJNA666746	DADA2_ASV	SILVA_138.2	primary	g__Castellaniella	50	0	0	0.134993	0.000698391	0.00157225
PRJNA666746	DADA2_ASV	SILVA_138.2	primary	g__Catenibacillus	50	0	0	0.134993	0.00342753	0.00557699
PRJNA666746	DADA2_ASV	SILVA_138.2	primary	g__Catenibacterium	50	0	0	0.198341	3.58616e-06	8.87297e-05
PRJNA666746	DADA2_ASV	SILVA_138.2	primary	g__Catenisphaera	50	0	0	0.134993	0.000136287	0.000499371
PRJNA666746	DADA2_ASV	SILVA_138.2	primary	g__Catonella	50	0.00107533	0.000320284	0.666111	0.00911696	0.013465
PRJNA666746	DADA2_ASV	SILVA_138.2	primary	g__Caulobacter	50	0	0	0.134993	0.00366325	0.00588081
PRJNA666746	DADA2_ASV	SILVA_138.2	primary	g__Cellulomonas	50	0	0	0.147921	8.23756e-05	0.000391488
PRJNA666746	DADA2_ASV	SILVA_138.2	primary	g__Cellvibrio	50	0	0	0.134993	0.000596698	0.00157225
PRJNA666746	DADA2_ASV	SILVA_138.2	primary	g__Cereibacter	50	0	0	0.152114	8.87297e-06	8.87297e-05
PRJNA666746	DADA2_ASV	SILVA_138.2	primary	g__Christensenellaceae_R-7_group	50	0	0	0.152114	0.00212243	0.00367787
PRJNA666746	DADA2_ASV	SILVA_138.2	primary	g__Chroococcidiopsis_PCC_7203	50	0	0	0.130499	0.00445942	0.00692726
PRJNA666746	DADA2_ASV	SILVA_138.2	primary	g__Chroococcidiopsis_SAG_2023	50	0	0	0.152114	7.8612e-05	0.000391488
PRJNA666746	DADA2_ASV	SILVA_138.2	primary	g__Chryseobacterium	50	0	0	0.171295	0.00289631	0.00477742
PRJNA666746	DADA2_ASV	SILVA_138.2	primary	g__Chryseomicrobium	50	0	0	0.141895	0.0268486	0.0360989
PRJNA666746	DADA2_ASV	SILVA_138.2	primary	g__Chthonobacter	50	0	0	0.152114	5.9167e-05	0.000364105
PRJNA666746	DADA2_ASV	SILVA_138.2	primary	g__Cloacibacterium	50	0	0	0.152114	0.000914937	0.00168911
PRJNA666746	DADA2_ASV	SILVA_138.2	primary	g__Clostridium	50	0	0	0.141895	0.000620771	0.00157225
PRJNA666746	DADA2_ASV	SILVA_138.2	primary	g__Cnuella	50	0	0	0.141895	0.0046061	0.0071091
PRJNA666746	DADA2_ASV	SILVA_138.2	primary	g__Cohnella	50	0	0	0.134993	0.000754934	0.00157225
PRJNA666746	DADA2_ASV	SILVA_138.2	primary	g__Colidextribacter	50	0	0	0.139186	0.0328621	0.0436948
PRJNA666746	DADA2_ASV	SILVA_138.2	primary	g__Collinsella	50	0.00160974	0.00535381	-0.949622	0.00143151	0.00258318
PRJNA666746	DADA2_ASV	SILVA_138.2	primary	g__Comamonas	50	0	0	0.134993	0.0212237	0.0290238
PRJNA666746	DADA2_ASV	SILVA_138.2	primary	g__Conexibacter	50	0	0	0.141895	9.04064e-05	0.00039812
PRJNA666746	DADA2_ASV	SILVA_138.2	primary	g__Coprobacillus	50	0	0	0.152114	1.16456e-05	0.000114079
PRJNA666746	DADA2_ASV	SILVA_138.2	primary	g__Coprococcus	50	0	0	0.141895	8.63048e-05	0.00039812
PRJNA666746	DADA2_ASV	SILVA_138.2	primary	g__Corynebacterium	50	0.000551108	0.00215988	-0.97053	0.0166377	0.0230813
PRJNA666746	DADA2_ASV	SILVA_138.2	primary	g__Croceibacterium	50	0	0	0.141895	0.000671589	0.00157225
PRJNA666746	DADA2_ASV	SILVA_138.2	primary	g__Cryptobacterium	50	0	0	0.141895	0.0012357	0.00224673
PRJNA666746	DADA2_ASV	SILVA_138.2	primary	g__Cupriavidus	50	0	0	0.134993	0.000815605	0.00157225
PRJNA666746	DADA2_ASV	SILVA_138.2	primary	g__Curtobacterium	50	0	0	0.134993	0.000784737	0.00157225
PRJNA666746	DADA2_ASV	SILVA_138.2	primary	g__Curvibacter	50	0	0	0.152114	8.23756e-05	0.000391488
PRJNA666746	DADA2_ASV	SILVA_138.2	primary	g__Cutibacterium	50	0.000526656	0.00186811	-0.160529	0.0648862	0.0811078
PRJNA666746	DADA2_ASV	SILVA_138.2	primary	g__DEV114	50	0	0	0.134993	0.000815605	0.00157225
PRJNA666746	DADA2_ASV	SILVA_138.2	primary	g__Daejeonella	50	0	0	0.152114	8.87297e-06	8.87297e-05
PRJNA666746	DADA2_ASV	SILVA_138.2	primary	g__Dechlorobacter	50	0	0	0.152114	7.15565e-05	0.000390308
PRJNA666746	DADA2_ASV	SILVA_138.2	primary	g__Defluviitaleaceae_UCG-011	50	0	0	0.0910573	0.0951333	0.115898
PRJNA666746	DADA2_ASV	SILVA_138.2	primary	g__Deinococcus	50	0	0	0.216347	0.00884888	0.01315
PRJNA666746	DADA2_ASV	SILVA_138.2	primary	g__Delftia	50	0	0	0.141895	0.000488595	0.00148434
PRJNA666746	DADA2_ASV	SILVA_138.2	primary	g__Demequina	50	0	0	0.171295	4.52151e-06	8.87297e-05
PRJNA666746	DADA2_ASV	SILVA_138.2	primary	g__Dermabacter	50	0	0	0.110749	0.0140785	0.0198173
PRJNA666746	DADA2_ASV	SILVA_138.2	primary	g__Dermatophilus	50	0	0	0.141895	0.000645726	0.00157225
PRJNA666746	DADA2_ASV	SILVA_138.2	primary	g__Desulfobulbus	50	0	0	0.110749	0.0345308	0.0455351
PRJNA666746	DADA2_ASV	SILVA_138.2	primary	g__Desulfomicrobium	50	0	0	0.134993	0.000815605	0.00157225
PRJNA666746	DADA2_ASV	SILVA_138.2	primary	g__Desulfovibrio	50	0	0	0.152114	0.000488595	0.00148434
PRJNA666746	DADA2_ASV	SILVA_138.2	primary	g__Devosia	50	0	0	0.130499	0.00417845	0.00664124
PRJNA666746	DADA2_ASV	SILVA_138.2	primary	g__Dialister	50	0.000576229	0.000813237	0.55646	0.132961	0.158365
PRJNA666746	DADA2_ASV	SILVA_138.2	primary	g__Diaphorobacter	50	0	0	0.134993	0.000698391	0.00157225
PRJNA666746	DADA2_ASV	SILVA_138.2	primary	g__Dietzia	50	0	0	0.171295	0.000155814	0.000566597
PRJNA666746	DADA2_ASV	SILVA_138.2	primary	g__Dolosigranulum	50	0	0	0.141895	0.000671589	0.00157225
PRJNA666746	DADA2_ASV	SILVA_138.2	primary	g__Dorea	50	0	0	0.141895	0.000488595	0.00148434
PRJNA666746	DADA2_ASV	SILVA_138.2	primary	g__Dyadobacter	50	0	0	0.130499	0.00331482	0.00541194
PRJNA666746	DADA2_ASV	SILVA_138.2	primary	g__Effusibacillus	50	0	0	0.134993	0.000815605	0.00157225
PRJNA666746	DADA2_ASV	SILVA_138.2	primary	g__Eggerthella	50	0	0	0.133208	0.0212237	0.0290238
PRJNA666746	DADA2_ASV	SILVA_138.2	primary	g__Eggerthia	50	0	0	0.130499	0.0133048	0.0188944
PRJNA666746	DADA2_ASV	SILVA_138.2	primary	g__Eikenella	50	4.56963e-05	0.000235748	0.143427	0.954225	0.954225
PRJNA666746	DADA2_ASV	SILVA_138.2	primary	g__Empedobacter	50	0	0	0.141895	0.000415324	0.00132023
PRJNA666746	DADA2_ASV	SILVA_138.2	primary	g__Endomicrobium	50	0	0	0.141895	9.9154e-05	0.000403338
PRJNA666746	DADA2_ASV	SILVA_138.2	primary	g__Enhydrobacter	50	0	0	0.263593	0.204476	0.233687
PRJNA666746	DADA2_ASV	SILVA_138.2	primary	g__Ensifer	50	0	0	0.198341	2.19128e-05	0.000181348
PRJNA666746	DADA2_ASV	SILVA_138.2	primary	g__Enterobacter	50	0	0	0.133208	0.178101	0.206494
PRJNA666746	DADA2_ASV	SILVA_138.2	primary	g__Enterocloster	50	0	0.000452558	-0.242959	0.103166	0.12505
PRJNA666746	DADA2_ASV	SILVA_138.2	primary	g__Enterococcus	50	0	0	0.165269	0.00279936	0.00464946
PRJNA666746	DADA2_ASV	SILVA_138.2	primary	g__Ercella	50	0	0	0.152114	7.50077e-05	0.000391488
PRJNA666746	DADA2_ASV	SILVA_138.2	primary	g__Erysipelothrix	50	0	0	0.152114	8.87297e-06	8.87297e-05
PRJNA666746	DADA2_ASV	SILVA_138.2	primary	g__Erysipelotrichaceae_UCG-006	50	0	0	0.110749	0.0805483	0.0993913
PRJNA666746	DADA2_ASV	SILVA_138.2	primary	g__Erysipelotrichaceae_UCG-008	50	0	0	0.139186	0.000987122	0.00180847
PRJNA666746	DADA2_ASV	SILVA_138.2	primary	g__Erythrobacter	50	0	0	0.216347	5.36725e-06	8.87297e-05
PRJNA666746	DADA2_ASV	SILVA_138.2	primary	g__Escherichia-Shigella	50	0	0	0.109022	0.211485	0.240552
PRJNA666746	DADA2_ASV	SILVA_138.2	primary	g__Exiguobacterium	50	0	0	0.134993	0.0620713	0.0782
PRJNA666746	DADA2_ASV	SILVA_138.2	primary	g__Extibacter	50	0	0	0.134993	0.00557949	0.00850208
PRJNA666746	DADA2_ASV	SILVA_138.2	primary	g__Ezakiella	50	0	0	0.110749	0.0122133	0.0176579
PRJNA666746	DADA2_ASV	SILVA_138.2	primary	g__F0058	50	0	0	0.134993	0.0419321	0.0543984
PRJNA666746	DADA2_ASV	SILVA_138.2	primary	g__F0332	50	0	0	0.0910573	0.111718	0.134398
PRJNA666746	DADA2_ASV	SILVA_138.2	primary	g__Faecalibacterium	50	0	0	0.110749	0.123169	0.147067
PRJNA666746	DADA2_ASV	SILVA_138.2	primary	g__Faecalimonas	50	0	0	0.169977	0.0693016	0.0861782
PRJNA666746	DADA2_ASV	SILVA_138.2	primary	g__Family_XIII_AD3011_group	50	0	0	0.141895	0.00219812	0.00379532
PRJNA666746	DADA2_ASV	SILVA_138.2	primary	g__Family_XIII_UCG-001	50	0	0	0.185186	0.0161853	0.0225841
PRJNA666746	DADA2_ASV	SILVA_138.2	primary	g__Fannyhessea	50	0	0	0.141895	0.000450602	0.00140447
PRJNA666746	DADA2_ASV	SILVA_138.2	primary	g__Fastidiosipila	50	0	0	0.152114	0.000398648	0.00130171
PRJNA666746	DADA2_ASV	SILVA_138.2	primary	g__Fenollaria	50	0	0	0.141895	0.000415324	0.00132023
PRJNA666746	DADA2_ASV	SILVA_138.2	primary	g__Fermentibacillus	50	0	0	0.141895	0.000108676	0.000417316
PRJNA666746	DADA2_ASV	SILVA_138.2	primary	g__Ferruginibacter	50	0	0	0.141895	9.04064e-05	0.00039812
PRJNA666746	DADA2_ASV	SILVA_138.2	primary	g__Fibrella	50	0	0	0.134993	0.000784737	0.00157225
PRJNA666746	DADA2_ASV	SILVA_138.2	primary	g__Filifactor	50	0	0	0.250486	7.15565e-05	0.000390308
PRJNA666746	DADA2_ASV	SILVA_138.2	primary	g__Finegoldia	50	0	0	0.0910573	0.0390155	0.0507519
PRJNA666746	DADA2_ASV	SILVA_138.2	primary	g__Flaviaestuariibacter	50	0	0	0.130499	0.0043169	0.00677161
PRJNA666746	DADA2_ASV	SILVA_138.2	primary	g__Flavihumibacter	50	0	0	0.152114	8.87297e-06	8.87297e-05
PRJNA666746	DADA2_ASV	SILVA_138.2	primary	g__Flavimobilis	50	0	0	0.152114	8.87297e-06	8.87297e-05
PRJNA666746	DADA2_ASV	SILVA_138.2	primary	g__Flavisolibacter	50	0	0	0.134993	0.0011051	0.00201692
PRJNA666746	DADA2_ASV	SILVA_138.2	primary	g__Flavobacterium	50	0	0	0.141895	0.00366325	0.00588081
PRJNA666746	DADA2_ASV	SILVA_138.2	primary	g__Flavonifractor	50	0	0	0.152114	0.0593562	0.0751741
PRJNA666746	DADA2_ASV	SILVA_138.2	primary	g__Flexilinea	50	0	0	0.130499	0.0320535	0.042738
PRJNA666746	DADA2_ASV	SILVA_138.2	primary	g__Fluviicola	50	0	0	0.152114	8.87297e-06	8.87297e-05
PRJNA666746	DADA2_ASV	SILVA_138.2	primary	g__Fretibacterium	50	0	0	0.119436	0.0506052	0.0649479
PRJNA666746	DADA2_ASV	SILVA_138.2	primary	g__Fuscovulum	50	0	0	0.152114	8.87297e-06	8.87297e-05
PRJNA666746	DADA2_ASV	SILVA_138.2	primary	g__Fusicatenibacter	50	0	0.000434868	-1.24727	0.178101	0.206494
PRJNA666746	DADA2_ASV	SILVA_138.2	primary	g__Fusobacterium	50	0.0468905	0.018395	0.298553	0.11394	0.136387
PRJNA666746	DADA2_ASV	SILVA_138.2	primary	g__Gardnerella	50	0	0	0.141895	0.000698391	0.00157225
PRJNA666746	DADA2_ASV	SILVA_138.2	primary	g__Gemella	50	0.0148613	0.0142453	0.0216863	0.931384	0.935281
PRJNA666746	DADA2_ASV	SILVA_138.2	primary	g__Gemmata	50	0	0	0.152114	4.42546e-05	0.00030346
PRJNA666746	DADA2_ASV	SILVA_138.2	primary	g__Gemmatimonas	50	0	0	0.152114	1.97602e-05	0.000166401
PRJNA666746	DADA2_ASV	SILVA_138.2	primary	g__Gemmiger	50	0	0	0.134993	0.000847571	0.00157688
PRJNA666746	DADA2_ASV	SILVA_138.2	primary	g__Gemmobacter	50	0	0	0.141895	0.00261412	0.00440274
PRJNA666746	DADA2_ASV	SILVA_138.2	primary	g__Geobacillus	50	0	0	0.130499	0.103166	0.12505
PRJNA666746	DADA2_ASV	SILVA_138.2	primary	g__Georgenia	50	0	0	0.152114	8.87297e-06	8.87297e-05
PRJNA666746	DADA2_ASV	SILVA_138.2	primary	g__Glutamicibacter	50	0	0	0.141895	0.000671589	0.00157225
PRJNA666746	DADA2_ASV	SILVA_138.2	primary	g__Gordonia	50	0	0	0.141895	0.000170228	0.000609771
PRJNA666746	DADA2_ASV	SILVA_138.2	primary	g__Gordonibacter	50	0	0	0.134993	0.00289631	0.00477742
PRJNA666746	DADA2_ASV	SILVA_138.2	primary	g__Granulicatella	50	0.00350808	0.00746273	-0.472995	0.140684	0.165917
PRJNA666746	DADA2_ASV	SILVA_138.2	primary	g__HN-HF0106	50	0	0	0.152114	8.87297e-06	8.87297e-05
PRJNA666746	DADA2_ASV	SILVA_138.2	primary	g__Haemophilus	50	0.0187811	0.0214213	0.142467	0.730448	0.754011
PRJNA666746	DADA2_ASV	SILVA_138.2	primary	g__Halobacillus	50	0	0	0.134993	0.000754934	0.00157225
PRJNA666746	DADA2_ASV	SILVA_138.2	primary	g__Halomonas	50	0	0	0.0910573	0.0362699	0.0475671
PRJNA666746	DADA2_ASV	SILVA_138.2	primary	g__Haoranjiania	50	0	0	0.152114	1.68966e-05	0.000155969
PRJNA666746	DADA2_ASV	SILVA_138.2	primary	g__Hassallia	50	0	0	0.141895	0.000671589	0.00157225
PRJNA666746	DADA2_ASV	SILVA_138.2	primary	g__Herbaspirillum	50	0	0	0.141895	0.000285701	0.000986592
PRJNA666746	DADA2_ASV	SILVA_138.2	primary	g__Holdemanella	50	0	0	0.152114	4.42546e-05	0.00030346
PRJNA666746	DADA2_ASV	SILVA_138.2	primary	g__Hornefia	50	0	0	0.216347	0.000221142	0.000774805
PRJNA666746	DADA2_ASV	SILVA_138.2	primary	g__Howardella	50	0	0	0.198341	1.60312e-05	0.000150882
PRJNA666746	DADA2_ASV	SILVA_138.2	primary	g__Hoylesella	50	0.00194223	0.00259967	0.069196	0.659698	0.686887
PRJNA666746	DADA2_ASV	SILVA_138.2	primary	g__Hungatella	50	0	0	0.130499	0.0136869	0.0193227
PRJNA666746	DADA2_ASV	SILVA_138.2	primary	g__Hydrogenophaga	50	0	0	0.171295	4.01146e-05	0.000296231
PRJNA666746	DADA2_ASV	SILVA_138.2	primary	g__Hymenobacter	50	0	0	0.134993	0.000815605	0.00157225
PRJNA666746	DADA2_ASV	SILVA_138.2	primary	g__Ideonella	50	0	0	0.141895	0.000551083	0.00156521
PRJNA666746	DADA2_ASV	SILVA_138.2	primary	g__Incertae_Sedis	50	0.0107975	0.0168272	0.0201734	0.443267	0.473871
PRJNA666746	DADA2_ASV	SILVA_138.2	primary	g__Intestinibacter	50	0	0	0.141895	0.000529488	0.00154972
PRJNA666746	DADA2_ASV	SILVA_138.2	primary	g__Janibacter	50	0	0	0.141895	0.0951333	0.115898
PRJNA666746	DADA2_ASV	SILVA_138.2	primary	g__Jeotgalicoccus	50	0	0	0.134993	0.000698391	0.00157225
PRJNA666746	DADA2_ASV	SILVA_138.2	primary	g__Johnsonella	50	0	0	0.0823185	0.878334	0.891333
PRJNA666746	DADA2_ASV	SILVA_138.2	primary	g__Jonesia	50	0	0	0.141895	0.000671589	0.00157225
PRJNA666746	DADA2_ASV	SILVA_138.2	primary	g__Kineosphaera	50	0	0	0.152114	7.8612e-05	0.000391488
PRJNA666746	DADA2_ASV	SILVA_138.2	primary	g__Kingella	50	0	0	0.242348	0.0634661	0.0795398
PRJNA666746	DADA2_ASV	SILVA_138.2	primary	g__Kinneretia	50	0	0	0.134993	0.000815605	0.00157225
PRJNA666746	DADA2_ASV	SILVA_138.2	primary	g__Klebsiella	50	0	0	0.0823185	0.367343	0.396235
PRJNA666746	DADA2_ASV	SILVA_138.2	primary	g__Knoellia	50	0	0	0.141895	0.00270532	0.00452458
PRJNA666746	DADA2_ASV	SILVA_138.2	primary	g__Kocuria	50	0	0	0.109022	0.253083	0.283831
PRJNA666746	DADA2_ASV	SILVA_138.2	primary	g__Kytococcus	50	0	0	0.152114	0.000754934	0.00157225
PRJNA666746	DADA2_ASV	SILVA_138.2	primary	g__Lachnoanaerobaculum	50	0.00163082	0.00131225	0.134329	0.388178	0.41777
PRJNA666746	DADA2_ASV	SILVA_138.2	primary	g__Lachnoclostridium	50	0	0	0.275456	0.215052	0.243456
PRJNA666746	DADA2_ASV	SILVA_138.2	primary	g__Lachnospira	50	0	0	0.141895	0.00270532	0.00452458
PRJNA666746	DADA2_ASV	SILVA_138.2	primary	g__Lachnospiraceae_FE2018_group	50	0	0	0.141895	8.23756e-05	0.000391488
PRJNA666746	DADA2_ASV	SILVA_138.2	primary	g__Lachnospiraceae_NK3A20_group	50	0	0	0.134993	0.000784737	0.00157225
PRJNA666746	DADA2_ASV	SILVA_138.2	primary	g__Lachnospiraceae_NK4A136_group	50	0	0	0.152114	7.8612e-05	0.000391488
PRJNA666746	DADA2_ASV	SILVA_138.2	primary	g__Lachnospiraceae_UCG-008	50	0	0	0.130499	0.00445942	0.00692726
PRJNA666746	DADA2_ASV	SILVA_138.2	primary	g__Lacibacter	50	0	0	0.134993	0.000815605	0.00157225
PRJNA666746	DADA2_ASV	SILVA_138.2	primary	g__Lacrimispora	50	0	0	0.141895	0.000645726	0.00157225
PRJNA666746	DADA2_ASV	SILVA_138.2	primary	g__Lacticaseibacillus	50	0	0	0.134993	0.000754934	0.00157225
PRJNA666746	DADA2_ASV	SILVA_138.2	primary	g__Lactobacillus	50	0	0	0.171295	0.00694138	0.0104121
PRJNA666746	DADA2_ASV	SILVA_138.2	primary	g__Lancefieldella	50	0	0	0.0888846	0.559105	0.591124
PRJNA666746	DADA2_ASV	SILVA_138.2	primary	g__Lautropia	50	1.72607e-05	0	0.233123	0.931384	0.935281
PRJNA666746	DADA2_ASV	SILVA_138.2	primary	g__Lawsonella	50	0	0	0.110749	0.135498	0.160988
PRJNA666746	DADA2_ASV	SILVA_138.2	primary	g__Legionella	50	0	0	0.152114	3.81819e-05	0.000286364
PRJNA666746	DADA2_ASV	SILVA_138.2	primary	g__Leifsonia	50	0	0	0.152114	8.87297e-06	8.87297e-05
PRJNA666746	DADA2_ASV	SILVA_138.2	primary	g__Lentibacillus	50	0	0	0.141895	0.000620771	0.00157225
PRJNA666746	DADA2_ASV	SILVA_138.2	primary	g__Lentimicrobium	50	0	0	0.171295	0.0371666	0.0486103
PRJNA666746	DADA2_ASV	SILVA_138.2	primary	g__Leptotrichia	50	0.00327826	0.00580013	0.0575467	0.81094	0.828194
PRJNA666746	DADA2_ASV	SILVA_138.2	primary	g__Leucobacter	50	0	0	0.141895	0.000671589	0.00157225
PRJNA666746	DADA2_ASV	SILVA_138.2	primary	g__Leuconostoc	50	0	0	0.134993	0.000815605	0.00157225
PRJNA666746	DADA2_ASV	SILVA_138.2	primary	g__Leyella	50	0	0	0.233123	0.0043169	0.00677161
PRJNA666746	DADA2_ASV	SILVA_138.2	primary	g__Lichenibacterium	50	0	0	0.141895	9.9154e-05	0.000403338
PRJNA666746	DADA2_ASV	SILVA_138.2	primary	g__Ligilactobacillus	50	0	0	0.109022	0.160017	0.186881
PRJNA666746	DADA2_ASV	SILVA_138.2	primary	g__Limibaculum	50	0	0	0.134993	0.000784737	0.00157225
PRJNA666746	DADA2_ASV	SILVA_138.2	primary	g__Limnobacter	50	0	0	0.141895	0.000136287	0.000499371
PRJNA666746	DADA2_ASV	SILVA_138.2	primary	g__Limosilactobacillus	50	0	0	0.134993	0.00212243	0.00367787
PRJNA666746	DADA2_ASV	SILVA_138.2	primary	g__Litorilinea	50	0	0	0.152114	8.87297e-06	8.87297e-05
PRJNA666746	DADA2_ASV	SILVA_138.2	primary	g__Luteimonas	50	0	0	0.171295	3.63358e-05	0.000276844
PRJNA666746	DADA2_ASV	SILVA_138.2	primary	g__Luteococcus	50	0	0	0.152114	4.42546e-05	0.00030346
PRJNA666746	DADA2_ASV	SILVA_138.2	primary	g__Luteolibacter	50	0	0	0.152114	1.97602e-05	0.000166401
PRJNA666746	DADA2_ASV	SILVA_138.2	primary	g__Lysinibacillus	50	0	0	0.134993	0.00331482	0.00541194
PRJNA666746	DADA2_ASV	SILVA_138.2	primary	g__Lysobacter	50	0	0	0.0473978	0.552667	0.585607
PRJNA666746	DADA2_ASV	SILVA_138.2	primary	g__Mannheimia	50	0	0	0.141895	0.000103814	0.000411826
PRJNA666746	DADA2_ASV	SILVA_138.2	primary	g__Marinobacter	50	0	0	0.110749	0.0175754	0.024242
PRJNA666746	DADA2_ASV	SILVA_138.2	primary	g__Marinococcus	50	0	0	0.134993	0.000784737	0.00157225
PRJNA666746	DADA2_ASV	SILVA_138.2	primary	g__Marmoricola	50	0	0	0.152114	3.2889e-05	0.000254624
PRJNA666746	DADA2_ASV	SILVA_138.2	primary	g__Massilia	50	0	0	0.0473978	0.257124	0.287022
PRJNA666746	DADA2_ASV	SILVA_138.2	primary	g__Mediterraneibacter	50	0	0	0.0888846	0.885886	0.897099
PRJNA666746	DADA2_ASV	SILVA_138.2	primary	g__Megamonas	50	0.00200823	0.00508438	-0.814118	0.00939212	0.0137866
PRJNA666746	DADA2_ASV	SILVA_138.2	primary	g__Megasphaera	50	0.000398899	0.00144115	-0.931012	0.0345308	0.0455351
PRJNA666746	DADA2_ASV	SILVA_138.2	primary	g__Mesobacillus	50	0	0	0.0341317	0.313666	0.342181
PRJNA666746	DADA2_ASV	SILVA_138.2	primary	g__Metabacillus	50	0	0	0.152114	0.00652521	0.00984937
PRJNA666746	DADA2_ASV	SILVA_138.2	primary	g__Methylobacillus	50	0	0	0.152114	7.8612e-05	0.000391488
PRJNA666746	DADA2_ASV	SILVA_138.2	primary	g__Methylobacterium	50	0	0.000148447	-0.142928	0.0607014	0.0766755
PRJNA666746	DADA2_ASV	SILVA_138.2	primary	g__Methylocella	50	0	0	0.134993	0.000754934	0.00157225
PRJNA666746	DADA2_ASV	SILVA_138.2	primary	g__Methylophilus	50	0	0	0.130499	0.0043169	0.00677161
PRJNA666746	DADA2_ASV	SILVA_138.2	primary	g__Methylopila	50	0	0	0.134993	0.000754934	0.00157225
PRJNA666746	DADA2_ASV	SILVA_138.2	primary	g__Methylorubrum	50	0	0	0.130499	0.295473	0.325291
PRJNA666746	DADA2_ASV	SILVA_138.2	primary	g__Microbacterium	50	0	0	0.139186	0.019067	0.026224
PRJNA666746	DADA2_ASV	SILVA_138.2	primary	g__Microcella	50	0	0	0.134993	0.000815605	0.00157225
PRJNA666746	DADA2_ASV	SILVA_138.2	primary	g__Micrococcus	50	0	0	0.184146	0.893447	0.902852
PRJNA666746	DADA2_ASV	SILVA_138.2	primary	g__Micropruina	50	0	0	0.152114	8.87297e-06	8.87297e-05
PRJNA666746	DADA2_ASV	SILVA_138.2	primary	g__Microvirga	50	0	0	0.0888846	0.0788579	0.0975562
PRJNA666746	DADA2_ASV	SILVA_138.2	primary	g__Mobiluncus	50	0	0	0.139186	0.00184253	0.00323962
PRJNA666746	DADA2_ASV	SILVA_138.2	primary	g__Mogibacterium	50	0	0	0.0405512	0.431911	0.462762
PRJNA666746	DADA2_ASV	SILVA_138.2	primary	g__Moraxella	50	0	0	0.0888846	0.954225	0.954225
PRJNA666746	DADA2_ASV	SILVA_138.2	primary	g__Morganella	50	0	0	0.139186	0.000551083	0.00156521
PRJNA666746	DADA2_ASV	SILVA_138.2	primary	g__Moryella	50	0	0	0.152114	0.00153956	0.00275741
PRJNA666746	DADA2_ASV	SILVA_138.2	primary	g__Mucilaginibacter	50	0	0	0.152114	2.82831e-05	0.000222555
PRJNA666746	DADA2_ASV	SILVA_138.2	primary	g__Murdochiella	50	0	0	0.134993	0.000847571	0.00157688
PRJNA666746	DADA2_ASV	SILVA_138.2	primary	g__Muricoccus	50	0	0	0.141895	0.000136287	0.000499371
PRJNA666746	DADA2_ASV	SILVA_138.2	primary	g__Mycobacterium	50	0	0	0.130499	0.00354364	0.0057271
PRJNA666746	DADA2_ASV	SILVA_138.2	primary	g__Mycoplasma	50	0	0	0.0823185	0.347207	0.377912
PRJNA666746	DADA2_ASV	SILVA_138.2	primary	g__Myxosarcina_SAG_30.84	50	0	0	0.130499	0.00632549	0.00957803
PRJNA666746	DADA2_ASV	SILVA_138.2	primary	g__NK4A214_group	50	0	0	0.141895	9.9154e-05	0.000403338
PRJNA666746	DADA2_ASV	SILVA_138.2	primary	g__Nafulsella	50	0	0	0.134993	0.000815605	0.00157225
PRJNA666746	DADA2_ASV	SILVA_138.2	primary	g__Neisseria	50	0.0193873	0.01777	-0.210802	0.774053	0.795601
PRJNA666746	DADA2_ASV	SILVA_138.2	primary	g__Neobacillus	50	0	0	0.152114	1.97602e-05	0.000166401
PRJNA666746	DADA2_ASV	SILVA_138.2	primary	g__Neorhizobium	50	0	0	0.141895	0.000671589	0.00157225
PRJNA666746	DADA2_ASV	SILVA_138.2	primary	g__Nevskia	50	0	0	0.134993	0.00227623	0.0039021
PRJNA666746	DADA2_ASV	SILVA_138.2	primary	g__Nibribacter	50	0	0	0.141895	0.000671589	0.00157225
PRJNA666746	DADA2_ASV	SILVA_138.2	primary	g__Niveispirillum	50	0	0	0.141895	9.04064e-05	0.00039812
PRJNA666746	DADA2_ASV	SILVA_138.2	primary	g__Nocardioides	50	0	0	0.165269	0.00939212	0.0137866
PRJNA666746	DADA2_ASV	SILVA_138.2	primary	g__Noviherbaspirillum	50	0	0	0.0687781	0.863265	0.877897
PRJNA666746	DADA2_ASV	SILVA_138.2	primary	g__Novispirillum	50	0	0	0.152114	7.15565e-05	0.000390308
PRJNA666746	DADA2_ASV	SILVA_138.2	primary	g__Novosphingobium	50	0	0	0.152114	0.00299625	0.00492534
PRJNA666746	DADA2_ASV	SILVA_138.2	primary	g__OLB12	50	0	0	0.152114	8.87297e-06	8.87297e-05
PRJNA666746	DADA2_ASV	SILVA_138.2	primary	g__Oceanobacillus	50	0	0	0.141895	0.000645726	0.00157225
PRJNA666746	DADA2_ASV	SILVA_138.2	primary	g__Odoribacter	50	0	0	0.139186	0.000698391	0.00157225
PRJNA666746	DADA2_ASV	SILVA_138.2	primary	g__Oleiharenicola	50	0	0	0.152114	8.87297e-06	8.87297e-05
PRJNA666746	DADA2_ASV	SILVA_138.2	primary	g__Olsenella	50	0	0	0.0823185	0.611851	0.642644
PRJNA666746	DADA2_ASV	SILVA_138.2	primary	g__Oribacterium	50	0.000624002	0.00128065	-0.279994	0.197635	0.226949
PRJNA666746	DADA2_ASV	SILVA_138.2	primary	g__Ornithinimicrobium	50	0	0	0.152114	0.000298004	0.00101448
PRJNA666746	DADA2_ASV	SILVA_138.2	primary	g__Ornithobacterium	50	0	0	0.152114	8.87297e-06	8.87297e-05
PRJNA666746	DADA2_ASV	SILVA_138.2	primary	g__Oscillibacter	50	0	0	0.171295	0.000298004	0.00101448
PRJNA666746	DADA2_ASV	SILVA_138.2	primary	g__Ottowia	50	0	0	0.171295	1.85997e-06	8.87297e-05
PRJNA666746	DADA2_ASV	SILVA_138.2	primary	g__Paenarthrobacter	50	0	0	0.141895	0.000671589	0.00157225
PRJNA666746	DADA2_ASV	SILVA_138.2	primary	g__Paenibacillus	50	0	0.000300096	-0.84251	0.000432634	0.00135728
PRJNA666746	DADA2_ASV	SILVA_138.2	primary	g__Palleronia-Pseudomaribius	50	0	0	0.152114	5.63962e-05	0.000360936
PRJNA666746	DADA2_ASV	SILVA_138.2	primary	g__Paludibacter	50	0	0	0.152114	8.87297e-06	8.87297e-05
PRJNA666746	DADA2_ASV	SILVA_138.2	primary	g__Paludisphaera	50	0	0	0.134993	0.000847571	0.00157688
PRJNA666746	DADA2_ASV	SILVA_138.2	primary	g__Pantoea	50	0	0	0.152114	5.63962e-05	0.000360936
PRJNA666746	DADA2_ASV	SILVA_138.2	primary	g__Parabacteroides	50	0	0	0.0687781	0.273727	0.303439
PRJNA666746	DADA2_ASV	SILVA_138.2	primary	g__Paracoccus	50	0.000691255	0.000756244	0.285758	0.181255	0.209644
PRJNA666746	DADA2_ASV	SILVA_138.2	primary	g__Paradevosia	50	0	0	0.152114	2.82831e-05	0.000222555
PRJNA666746	DADA2_ASV	SILVA_138.2	primary	g__Parafilimonas	50	0	0	0.152114	8.87297e-06	8.87297e-05
PRJNA666746	DADA2_ASV	SILVA_138.2	primary	g__Paraprevotella	50	0	0	0.189301	0.744896	0.767275
PRJNA666746	DADA2_ASV	SILVA_138.2	primary	g__Parascardovia	50	0	0	0.134993	0.000815605	0.00157225
PRJNA666746	DADA2_ASV	SILVA_138.2	primary	g__Parvimonas	50	0.00109545	0.000888115	0.0827636	0.521025	0.553301
PRJNA666746	DADA2_ASV	SILVA_138.2	primary	g__Paucibacter	50	0	0	0.152114	7.15565e-05	0.000390308
PRJNA666746	DADA2_ASV	SILVA_138.2	primary	g__Pedobacter	50	0	0	0.110749	0.140684	0.165917
PRJNA666746	DADA2_ASV	SILVA_138.2	primary	g__Pelistega	50	0	0	0.141895	0.000108676	0.000417316
PRJNA666746	DADA2_ASV	SILVA_138.2	primary	g__Pelospora	50	0	0	0.134993	0.000847571	0.00157688
PRJNA666746	DADA2_ASV	SILVA_138.2	primary	g__Peptoanaerobacter	50	0	0	0.185186	0.00184253	0.00323962
PRJNA666746	DADA2_ASV	SILVA_138.2	primary	g__Peptococcus	50	0	0	0.0888846	0.282293	0.312213
PRJNA666746	DADA2_ASV	SILVA_138.2	primary	g__Peptoniphilus	50	0	0	0.070381	0.645876	0.673958
PRJNA666746	DADA2_ASV	SILVA_138.2	primary	g__Peptostreptococcus	50	0.00193862	0.00188981	0.22524	0.0723775	0.0897705
PRJNA666746	DADA2_ASV	SILVA_138.2	primary	g__Peredibacter	50	0	0	0.134993	0.000185858	0.000660829
PRJNA666746	DADA2_ASV	SILVA_138.2	primary	g__Peribacillus	50	0	0	0.152114	6.50899e-05	0.000385718
PRJNA666746	DADA2_ASV	SILVA_138.2	primary	g__Phascolarctobacterium	50	0.000109663	0.000218616	0.253034	0.585207	0.617361
PRJNA666746	DADA2_ASV	SILVA_138.2	primary	g__Phaselicystis	50	0	0	0.141895	9.9154e-05	0.000403338
PRJNA666746	DADA2_ASV	SILVA_138.2	primary	g__Phenylobacterium	50	0	0	0.0587326	0.362243	0.393386
PRJNA666746	DADA2_ASV	SILVA_138.2	primary	g__Phocaeicola	50	0	0	0.139186	0.0136869	0.0193227
PRJNA666746	DADA2_ASV	SILVA_138.2	primary	g__Phreatobacter	50	0	0	0.152114	7.8612e-05	0.000391488
PRJNA666746	DADA2_ASV	SILVA_138.2	primary	g__Planifilum	50	0	0	0.152114	6.50899e-05	0.000385718
PRJNA666746	DADA2_ASV	SILVA_138.2	primary	g__Pontibacter	50	0	0	0.152114	0.00204909	0.0035766
PRJNA666746	DADA2_ASV	SILVA_138.2	primary	g__Porphyromonas	50	0.00199038	0.00378319	0.14437	0.901018	0.90859
PRJNA666746	DADA2_ASV	SILVA_138.2	primary	g__Prevotella	50	0.0206631	0.0097472	0.78755	0.0161853	0.0225841
PRJNA666746	DADA2_ASV	SILVA_138.2	primary	g__Prevotellaceae_NK3B31_group	50	0	0	0.141895	9.9154e-05	0.000403338
PRJNA666746	DADA2_ASV	SILVA_138.2	primary	g__Priestia	50	0	0	0.130499	0.0105666	0.0154164
PRJNA666746	DADA2_ASV	SILVA_138.2	primary	g__Propionibacterium	50	0	0	0.134993	0.0268486	0.0360989
PRJNA666746	DADA2_ASV	SILVA_138.2	primary	g__Propionicicella	50	0	0	0.152114	8.87297e-06	8.87297e-05
PRJNA666746	DADA2_ASV	SILVA_138.2	primary	g__Propioniciclava	50	0	0	0.216347	1.36759e-05	0.000131288
PRJNA666746	DADA2_ASV	SILVA_138.2	primary	g__Propionivibrio	50	0	0	0.141895	0.000671589	0.00157225
PRJNA666746	DADA2_ASV	SILVA_138.2	primary	g__Prosthecobacter	50	0	0	0.134993	0.000726163	0.00157225
PRJNA666746	DADA2_ASV	SILVA_138.2	primary	g__Proteiniclasticum	50	0	0	0.141895	0.000162874	0.000587818
PRJNA666746	DADA2_ASV	SILVA_138.2	primary	g__Proteiniphilum	50	0	0	0.134993	0.000815605	0.00157225
PRJNA666746	DADA2_ASV	SILVA_138.2	primary	g__Proteus	50	0	0	0.134993	0.000698391	0.00157225
PRJNA666746	DADA2_ASV	SILVA_138.2	primary	g__Pseudaeromonas	50	0	0	0.152114	8.87297e-06	8.87297e-05
PRJNA666746	DADA2_ASV	SILVA_138.2	primary	g__Pseudidiomarina	50	0	0	0.141895	0.0054056	0.00828974
PRJNA666746	DADA2_ASV	SILVA_138.2	primary	g__Pseudochrobactrum	50	0	0	0.152114	7.8612e-05	0.000391488
PRJNA666746	DADA2_ASV	SILVA_138.2	primary	g__Pseudoleptotrichia	50	0.00135156	0.00149377	0.250119	0.367343	0.396235
PRJNA666746	DADA2_ASV	SILVA_138.2	primary	g__Pseudomonas	50	0.000285342	0.00155788	-1.1359	0.0175754	0.024242
PRJNA666746	DADA2_ASV	SILVA_138.2	primary	g__Pseudonocardia	50	0	0	0.130499	0.00445942	0.00692726
PRJNA666746	DADA2_ASV	SILVA_138.2	primary	g__Pseudoramibacter	50	0	0	0.130499	0.0122133	0.0176579
PRJNA666746	DADA2_ASV	SILVA_138.2	primary	g__Pseudorhodoplanes	50	0	0	0.134993	0.000815605	0.00157225
PRJNA666746	DADA2_ASV	SILVA_138.2	primary	g__Pseudoxanthomonas	50	0	0	0.0888846	0.245131	0.275557
PRJNA666746	DADA2_ASV	SILVA_138.2	primary	g__Psychrobacter	50	0	0	0.134993	0.000698391	0.00157225
PRJNA666746	DADA2_ASV	SILVA_138.2	primary	g__Puia	50	0	0	0.141895	0.000914937	0.00168911
PRJNA666746	DADA2_ASV	SILVA_138.2	primary	g__Pyramidobacter	50	0	0	0.130499	0.0506052	0.0649479
PRJNA666746	DADA2_ASV	SILVA_138.2	primary	g__Qinpengyuania	50	0	0	0.134993	0.000784737	0.00157225
PRJNA666746	DADA2_ASV	SILVA_138.2	primary	g__Qipengyuania	50	0	0	0.165269	0.0046061	0.0071091
PRJNA666746	DADA2_ASV	SILVA_138.2	primary	g__Ralstonia	50	0	0	0.110749	0.0125682	0.0179546
PRJNA666746	DADA2_ASV	SILVA_138.2	primary	g__Ramlibacter	50	0	0	0.0888846	0.11394	0.136387
PRJNA666746	DADA2_ASV	SILVA_138.2	primary	g__Reyranella	50	0	0	0.141895	0.000551083	0.00156521
PRJNA666746	DADA2_ASV	SILVA_138.2	primary	g__Rheinheimera	50	0	0	0.198341	0.000726163	0.00157225
PRJNA666746	DADA2_ASV	SILVA_138.2	primary	g__Rhizobacter	50	0	0	0.152114	5.9167e-05	0.000364105
PRJNA666746	DADA2_ASV	SILVA_138.2	primary	g__Rhizobium	50	0	0	0.130499	0.0678037	0.0845345
PRJNA666746	DADA2_ASV	SILVA_138.2	primary	g__Rhizorhabdus	50	0	0	0.130499	0.00417845	0.00664124
PRJNA666746	DADA2_ASV	SILVA_138.2	primary	g__Rhodococcus	50	0	0	0.242348	2.1499e-07	5.15977e-05
PRJNA666746	DADA2_ASV	SILVA_138.2	primary	g__Rhodocytophaga	50	0	0	0.152114	6.20632e-05	0.000377093
PRJNA666746	DADA2_ASV	SILVA_138.2	primary	g__Rhodovarius	50	0	0	0.152114	7.51849e-06	8.87297e-05
PRJNA666746	DADA2_ASV	SILVA_138.2	primary	g__Rikenellaceae_RC9_gut_group	50	0	0	0.130499	0.140684	0.165917
PRJNA666746	DADA2_ASV	SILVA_138.2	primary	g__Romboutsia	50	0	0	0.134993	0.000847571	0.00157688
PRJNA666746	DADA2_ASV	SILVA_138.2	primary	g__Roseateles	50	0	0	0.134993	0.0013801	0.0024998
PRJNA666746	DADA2_ASV	SILVA_138.2	primary	g__Roseburia	50	0.00144402	0.00438286	-0.790372	0.0133048	0.0188944
PRJNA666746	DADA2_ASV	SILVA_138.2	primary	g__Roseimarinus	50	0	0	0.152114	8.87297e-06	8.87297e-05
PRJNA666746	DADA2_ASV	SILVA_138.2	primary	g__Roseomonas	50	0	0	0.152114	0.0255001	0.0345764
PRJNA666746	DADA2_ASV	SILVA_138.2	primary	g__Rossellomorea	50	0	0	0.134993	0.000847571	0.00157688
PRJNA666746	DADA2_ASV	SILVA_138.2	primary	g__Rothia	50	0.00141556	0.00630268	-0.411597	0.143333	0.168214
PRJNA666746	DADA2_ASV	SILVA_138.2	primary	g__Rubellimicrobium	50	0	0	0.152114	0.000367117	0.00122372
PRJNA666746	DADA2_ASV	SILVA_138.2	primary	g__Rubritepida	50	0	0	0.134993	0.000815605	0.00157225
PRJNA666746	DADA2_ASV	SILVA_138.2	primary	g__Rubrobacter	50	0	0	0.130499	0.00784437	0.0116935
PRJNA666746	DADA2_ASV	SILVA_138.2	primary	g__Rufibacter	50	0	0	0.141895	0.00235681	0.00401159
PRJNA666746	DADA2_ASV	SILVA_138.2	primary	g__Ruminococcus	50	0	0	0.152114	6.82525e-05	0.000390308
PRJNA666746	DADA2_ASV	SILVA_138.2	primary	g__Ruthenibacterium	50	0	0	0.152114	5.63962e-05	0.000360936
PRJNA666746	DADA2_ASV	SILVA_138.2	primary	g__S5-A14a	50	0	0	0.152114	5.63962e-05	0.000360936
PRJNA666746	DADA2_ASV	SILVA_138.2	primary	g__SKP-2	50	0	0	0.152114	8.87297e-06	8.87297e-05
PRJNA666746	DADA2_ASV	SILVA_138.2	primary	g__SM1A02	50	0	0	0.141895	0.000573477	0.00157225
PRJNA666746	DADA2_ASV	SILVA_138.2	primary	g__Saccharofermentans	50	0	0	0.152114	8.87297e-06	8.87297e-05
PRJNA666746	DADA2_ASV	SILVA_138.2	primary	g__Saccharopolyspora	50	0	0	0.141895	0.00557949	0.00850208
PRJNA666746	DADA2_ASV	SILVA_138.2	primary	g__Salinicoccus	50	0	0	0.141895	0.000108676	0.000417316
PRJNA666746	DADA2_ASV	SILVA_138.2	primary	g__Scardovia	50	0	0	0.152114	0.15714	0.183969
PRJNA666746	DADA2_ASV	SILVA_138.2	primary	g__Schaalia	50	0.00238147	0.00507949	-0.558223	0.197635	0.226949
PRJNA666746	DADA2_ASV	SILVA_138.2	primary	g__Schinkia	50	0	0	0.141895	0.00235681	0.00401159
PRJNA666746	DADA2_ASV	SILVA_138.2	primary	g__Sediminibacterium	50	0	0	0.134993	0.000815605	0.00157225
PRJNA666746	DADA2_ASV	SILVA_138.2	primary	g__Segatella	50	0.00414864	0.00608858	0.0839104	0.639009	0.668245
PRJNA666746	DADA2_ASV	SILVA_138.2	primary	g__Selenomonas	50	0.0042031	0.00455258	0.0888846	0.598463	0.629961
PRJNA666746	DADA2_ASV	SILVA_138.2	primary	g__Senegalimassilia	50	0	0	0.240471	0.0517862	0.0662864
PRJNA666746	DADA2_ASV	SILVA_138.2	primary	g__Serinicoccus	50	0	0	0.130499	0.0043169	0.00677161
PRJNA666746	DADA2_ASV	SILVA_138.2	primary	g__Serratia	50	0.0185393	0.0748346	-1.38543	2.00396e-07	5.15977e-05
PRJNA666746	DADA2_ASV	SILVA_138.2	primary	g__Shewanella	50	0	0	0.141895	0.000698391	0.00157225
PRJNA666746	DADA2_ASV	SILVA_138.2	primary	g__Shinella	50	0	0	0.141895	0.000671589	0.00157225
PRJNA666746	DADA2_ASV	SILVA_138.2	primary	g__Shuttleworthia	50	0	0	0.130499	0.0362699	0.0475671
PRJNA666746	DADA2_ASV	SILVA_138.2	primary	g__Skermanella	50	0	0	0.134993	0.00227623	0.0039021
PRJNA666746	DADA2_ASV	SILVA_138.2	primary	g__Slackia	50	0	0	0.225526	0.000469247	0.00145315
PRJNA666746	DADA2_ASV	SILVA_138.2	primary	g__Sneathia	50	0	0	0.152114	0.000432634	0.00135728
PRJNA666746	DADA2_ASV	SILVA_138.2	primary	g__Solitalea	50	0	0	0.152114	8.87297e-06	8.87297e-05
PRJNA666746	DADA2_ASV	SILVA_138.2	primary	g__Solobacterium	50	0.000462956	0.000225103	0.0888846	0.313666	0.342181
PRJNA666746	DADA2_ASV	SILVA_138.2	primary	g__Sphaerochaeta	50	0	0	0.130499	0.00417845	0.00664124
PRJNA666746	DADA2_ASV	SILVA_138.2	primary	g__Sphingobacterium	50	0	0	0.141895	0.000551083	0.00156521
PRJNA666746	DADA2_ASV	SILVA_138.2	primary	g__Sphingobium	50	0	0	0.134993	0.0125682	0.0179546
PRJNA666746	DADA2_ASV	SILVA_138.2	primary	g__Sphingomonas	50	0	0	0.108577	0.723259	0.748199
PRJNA666746	DADA2_ASV	SILVA_138.2	primary	g__Staphylococcus	50	0.00040996	0.001105	-1.11769	0.026167	0.0353807
PRJNA666746	DADA2_ASV	SILVA_138.2	primary	g__Stenotrophomonas	50	0	0	0.0687781	0.46061	0.491318
PRJNA666746	DADA2_ASV	SILVA_138.2	primary	g__Stomatobaculum	50	0	0	0.119436	0.299955	0.328717
PRJNA666746	DADA2_ASV	SILVA_138.2	primary	g__Streptobacillus	50	0	0	0.171295	0.000784737	0.00157225
PRJNA666746	DADA2_ASV	SILVA_138.2	primary	g__Streptococcus	50	0.0773818	0.120072	-0.230092	0.222315	0.251085
PRJNA666746	DADA2_ASV	SILVA_138.2	primary	g__Succiniclasticum	50	0	0	0.134993	0.000671589	0.00157225
PRJNA666746	DADA2_ASV	SILVA_138.2	primary	g__Succinivibrio	50	0	0	0.102456	0.781393	0.801429
PRJNA666746	DADA2_ASV	SILVA_138.2	primary	g__Sutterella	50	0.000213036	0.000773009	-0.34878	0.143333	0.168214
PRJNA666746	DADA2_ASV	SILVA_138.2	primary	g__TM7a	50	0	0	0.152114	0.000211787	0.000747484
PRJNA666746	DADA2_ASV	SILVA_138.2	primary	g__TM7x	50	0	0	0.0341317	0.257124	0.287022
PRJNA666746	DADA2_ASV	SILVA_138.2	primary	g__Tannerella	50	0	0	0.185186	0.0542162	0.0692121
PRJNA666746	DADA2_ASV	SILVA_138.2	primary	g__Tautonia	50	0	0	0.141895	8.23756e-05	0.000391488
PRJNA666746	DADA2_ASV	SILVA_138.2	primary	g__Tepidicella	50	0	0	0.141895	9.04064e-05	0.00039812
PRJNA666746	DADA2_ASV	SILVA_138.2	primary	g__Terrimonas	50	0	0	0.141895	0.000573477	0.00157225
PRJNA666746	DADA2_ASV	SILVA_138.2	primary	g__Tessaracoccus	50	0	0	0.141895	7.15565e-05	0.000390308
PRJNA666746	DADA2_ASV	SILVA_138.2	primary	g__Tetrasphaera	50	0	0	0.141895	0.000103814	0.000411826
PRJNA666746	DADA2_ASV	SILVA_138.2	primary	g__Thauera	50	0	0	0.152114	0.000382585	0.00126649
PRJNA666746	DADA2_ASV	SILVA_138.2	primary	g__Thermomonas	50	0	0	0.152114	0.000398648	0.00130171
PRJNA666746	DADA2_ASV	SILVA_138.2	primary	g__Thermus	50	0	0	0.134993	0.000698391	0.00157225
PRJNA666746	DADA2_ASV	SILVA_138.2	primary	g__Thioclava	50	0	0	0.134993	0.000671589	0.00157225
PRJNA666746	DADA2_ASV	SILVA_138.2	primary	g__Thomasclavelia	50	0	0	0.130499	0.00911696	0.013465
PRJNA666746	DADA2_ASV	SILVA_138.2	primary	g__Treponema	50	0	0.000107746	0.152114	0.261209	0.290905
PRJNA666746	DADA2_ASV	SILVA_138.2	primary	g__Truepera	50	0	0	0.134993	0.000815605	0.00157225
PRJNA666746	DADA2_ASV	SILVA_138.2	primary	g__Tsuneonella	50	0	0	0.134993	0.000754934	0.00157225
PRJNA666746	DADA2_ASV	SILVA_138.2	primary	g__Tumebacillus	50	0	0	0.134993	0.000754934	0.00157225
PRJNA666746	DADA2_ASV	SILVA_138.2	primary	g__Tyzzerella	50	0	0	0.0827636	0.840754	0.856819
PRJNA666746	DADA2_ASV	SILVA_138.2	primary	g__UBA12409	50	0	0	0.134993	0.000847571	0.00157688
PRJNA666746	DADA2_ASV	SILVA_138.2	primary	g__UCG-002	50	0	0	0.152114	0.000352222	0.00118228
PRJNA666746	DADA2_ASV	SILVA_138.2	primary	g__UCG-003	50	0	0	0.141895	9.9154e-05	0.000403338
PRJNA666746	DADA2_ASV	SILVA_138.2	primary	g__UCG-004	50	0	0	0.134993	0.000620771	0.00157225
PRJNA666746	DADA2_ASV	SILVA_138.2	primary	g__UCG-005	50	0	0	0.141895	0.00190921	0.00334459
PRJNA666746	DADA2_ASV	SILVA_138.2	primary	g__Uliginosibacterium	50	0	0	0.152114	8.87297e-06	8.87297e-05
PRJNA666746	DADA2_ASV	SILVA_138.2	primary	g__Ureaplasma	50	0	0	0.141895	9.04064e-05	0.00039812
PRJNA666746	DADA2_ASV	SILVA_138.2	primary	g__Vampirovibrio	50	0	0	0.152114	5.9167e-05	0.000364105
PRJNA666746	DADA2_ASV	SILVA_138.2	primary	g__Varibaculum	50	0	0	0.152114	0.000324077	0.00109547
PRJNA666746	DADA2_ASV	SILVA_138.2	primary	g__Variovorax	50	0	0	0.152114	8.87297e-06	8.87297e-05
PRJNA666746	DADA2_ASV	SILVA_138.2	primary	g__Veillonella	50	0.00950252	0.0154802	-0.275388	0.0951333	0.115898
PRJNA666746	DADA2_ASV	SILVA_138.2	primary	g__Verruc-01	50	0	0	0.134993	0.000847571	0.00157688
PRJNA666746	DADA2_ASV	SILVA_138.2	primary	g__Verticiella	50	0	0	0.141895	0.000508667	0.00151652
PRJNA666746	DADA2_ASV	SILVA_138.2	primary	g__Vibrio	50	0	0	0.141895	0.000529488	0.00154972
PRJNA666746	DADA2_ASV	SILVA_138.2	primary	g__Vulcaniibacterium	50	0	0	0.151012	0.0255001	0.0345764
PRJNA666746	DADA2_ASV	SILVA_138.2	primary	g__W5053	50	0	0	0.141895	0.00760945	0.0113786
PRJNA666746	DADA2_ASV	SILVA_138.2	primary	g__Weissella	50	0	0	0.152114	4.87871e-05	0.000329828
PRJNA666746	DADA2_ASV	SILVA_138.2	primary	g__Xanthobacter	50	0	0	0.141895	0.000529488	0.00154972
PRJNA666746	DADA2_ASV	SILVA_138.2	primary	g__Xylanibacter	50	0	0	0.110749	0.0450275	0.0582566
PRJNA666746	DADA2_ASV	SILVA_138.2	primary	g__Zoogloea	50	0	0	0.141895	0.000103814	0.000411826
PRJNA666746	DADA2_ASV	SILVA_138.2	primary	g__[Clostridium]_innocuum_group	50	0	0	0.152114	0.0016549	0.00295297
PRJNA666746	DADA2_ASV	SILVA_138.2	primary	g__[Eubacterium]_brachy_group	50	0	0	0.0910573	0.211485	0.240552
PRJNA666746	DADA2_ASV	SILVA_138.2	primary	g__[Eubacterium]_eligens_group	50	0	0.000234874	-0.104243	0.291035	0.321142
PRJNA666746	DADA2_ASV	SILVA_138.2	primary	g__[Eubacterium]_saphenum_group	50	0	0	0.0888846	0.105255	0.12694
PRJNA666746	DADA2_ASV	SILVA_138.2	primary	g__[Eubacterium]_sulci_group	50	0	0	0.0823185	0.694746	0.721814
PRJNA666746	DADA2_ASV	SILVA_138.2	primary	g__[Eubacterium]_xylanophilum_group	50	0	0	0.141895	0.000645726	0.00157225
PRJNA666746	DADA2_ASV	SILVA_138.2	primary	g__[Eubacterium]_yurii_group	50	0	0	0.139186	0.0567387	0.0720491
PRJNA666746	DADA2_ASV	SILVA_138.2	primary	g__[Polyangium]_brachysporum_group	50	0	0	0.134993	0.000815605	0.00157225
PRJNA666746	DADA2_ASV	SILVA_138.2	primary	g__[Ruminococcus]_gnavus_group	50	0	0	0.110749	0.299955	0.328717
PRJNA822685	DADA2_ASV	SILVA_138.2	primary	Unclassified	56	0	0	0.101236	0.00408795	0.0388238
PRJNA822685	DADA2_ASV	SILVA_138.2	primary	g__Abiotrophia	56	0	0	0.0649226	0.183649	0.223939
PRJNA822685	DADA2_ASV	SILVA_138.2	primary	g__Acholeplasma	56	0	0	0.0745992	0.0689069	0.0986152
PRJNA822685	DADA2_ASV	SILVA_138.2	primary	g__Achromobacter	56	0	0	0.0552958	0.263772	0.306027
PRJNA822685	DADA2_ASV	SILVA_138.2	primary	g__Acidiferrimicrobium	56	0	0	0.0836352	0.0154076	0.0388238
PRJNA822685	DADA2_ASV	SILVA_138.2	primary	g__Acidocella	56	0	0	0.0836352	0.0192279	0.0425506
PRJNA822685	DADA2_ASV	SILVA_138.2	primary	g__Acidovorax	56	0	0	0.0836352	0.0228564	0.0462939
PRJNA822685	DADA2_ASV	SILVA_138.2	primary	g__Acinetobacter	56	0	0	0.0912239	0.178329	0.218567
PRJNA822685	DADA2_ASV	SILVA_138.2	primary	g__Actinobacillus	56	0	0	0.0580825	0.787788	0.811558
PRJNA822685	DADA2_ASV	SILVA_138.2	primary	g__Actinomyces	56	0	0	-0.110756	0.0104274	0.0388238
PRJNA822685	DADA2_ASV	SILVA_138.2	primary	g__Aeriscardovia	56	0	0	0.0836352	0.0339351	0.0623884
PRJNA822685	DADA2_ASV	SILVA_138.2	primary	g__Aerococcus	56	0	0	0.0836352	0.012272	0.0388238
PRJNA822685	DADA2_ASV	SILVA_138.2	primary	g__Aeromonas	56	0	0	0.0912239	0.00842022	0.0388238
PRJNA822685	DADA2_ASV	SILVA_138.2	primary	g__Aggregatibacter	56	0	0	0.0062087	0.472866	0.523218
PRJNA822685	DADA2_ASV	SILVA_138.2	primary	g__Akkermansia	56	0	0	0.0836352	0.015757	0.0388238
PRJNA822685	DADA2_ASV	SILVA_138.2	primary	g__Alistipes	56	0	0	0.0836352	0.015757	0.0388238
PRJNA822685	DADA2_ASV	SILVA_138.2	primary	g__Alloprevotella	56	0	0.00213146	-0.150058	0.00453026	0.0388238
PRJNA822685	DADA2_ASV	SILVA_138.2	primary	g__Alloscardovia	56	0	0	0.0836352	0.015757	0.0388238
PRJNA822685	DADA2_ASV	SILVA_138.2	primary	g__Alysiella	56	0	0	0.111517	0.00275662	0.0388238
PRJNA822685	DADA2_ASV	SILVA_138.2	primary	g__Aminipila	56	0	0	0.0718125	0.189085	0.228239
PRJNA822685	DADA2_ASV	SILVA_138.2	primary	g__Anaerobutyricum	56	0	0	0.0836352	0.015757	0.0388238
PRJNA822685	DADA2_ASV	SILVA_138.2	primary	g__Anaerococcus	56	0	0	0.0745992	0.0552488	0.0810089
PRJNA822685	DADA2_ASV	SILVA_138.2	primary	g__Anaeroglobus	56	0	0	0.0552958	0.601633	0.653592
PRJNA822685	DADA2_ASV	SILVA_138.2	primary	g__Anaerostipes	56	0	0	0.0836352	0.015757	0.0388238
PRJNA822685	DADA2_ASV	SILVA_138.2	primary	g__Anaerovorax	56	0	0	0.0745992	0.0439256	0.0724015
PRJNA822685	DADA2_ASV	SILVA_138.2	primary	g__Atopobium	56	0	0	0.0912239	0.00612935	0.0388238
PRJNA822685	DADA2_ASV	SILVA_138.2	primary	g__Azospirillum	56	0	0	0.0745992	0.053208	0.0784982
PRJNA822685	DADA2_ASV	SILVA_138.2	primary	g__Bacillus	56	0	0	0.0836352	0.0147293	0.0388238
PRJNA822685	DADA2_ASV	SILVA_138.2	primary	g__Bacteroides	56	0	0	0.0535189	0.781518	0.808584
PRJNA822685	DADA2_ASV	SILVA_138.2	primary	g__Bergeyella	56	0.00015024	0	0.0062087	0.993492	0.993492
PRJNA822685	DADA2_ASV	SILVA_138.2	primary	g__Bifidobacterium	56	0	0	0.0836352	0.0238515	0.0479035
PRJNA822685	DADA2_ASV	SILVA_138.2	primary	g__Bilophila	56	0	0	0.0836352	0.015757	0.0388238
PRJNA822685	DADA2_ASV	SILVA_138.2	primary	g__Blautia	56	0	0	0.0836352	0.015757	0.0388238
PRJNA822685	DADA2_ASV	SILVA_138.2	primary	g__Blvii28_wastewater-sludge_group	56	0	0	0.111517	0.00822004	0.0388238
PRJNA822685	DADA2_ASV	SILVA_138.2	primary	g__Brachymonas	56	0	0	0.0745992	0.0502652	0.0755559
PRJNA822685	DADA2_ASV	SILVA_138.2	primary	g__Bradyrhizobium	56	0	0	0.0745992	0.0398225	0.068968
PRJNA822685	DADA2_ASV	SILVA_138.2	primary	g__Brevibacterium	56	0	0	0.0836352	0.015757	0.0388238
PRJNA822685	DADA2_ASV	SILVA_138.2	primary	g__Brevundimonas	56	0	0	0.0836352	0.0223725	0.0457011
PRJNA822685	DADA2_ASV	SILVA_138.2	primary	g__Brucella	56	0	0	0.0745992	0.0502652	0.0755559
PRJNA822685	DADA2_ASV	SILVA_138.2	primary	g__Bryobacter	56	0	0	0.0836352	0.0154076	0.0388238
PRJNA822685	DADA2_ASV	SILVA_138.2	primary	g__Bulleidia	56	0	0	0.0552958	0.133381	0.17047
PRJNA822685	DADA2_ASV	SILVA_138.2	primary	g__Burkholderia-Caballeronia-Paraburkholderia	56	0	0	0.0836352	0.015757	0.0388238
PRJNA822685	DADA2_ASV	SILVA_138.2	primary	g__Butyrivibrio	56	0	0	0.0836352	0.0332543	0.0623884
PRJNA822685	DADA2_ASV	SILVA_138.2	primary	g__Campylobacter	56	0.0104748	0.00779967	0.342204	0.00883369	0.0388238
PRJNA822685	DADA2_ASV	SILVA_138.2	primary	g__Candidatus_Cardinium	56	0	0	0.0745992	0.0406161	0.0693374
PRJNA822685	DADA2_ASV	SILVA_138.2	primary	g__Candidatus_Saccharimonas	56	0	0	0.0319663	0.695398	0.728948
PRJNA822685	DADA2_ASV	SILVA_138.2	primary	g__Capnocytophaga	56	0.018718	0.0155398	-0.0185043	0.641965	0.681909
PRJNA822685	DADA2_ASV	SILVA_138.2	primary	g__Cardiobacterium	56	0	0	0.0062087	0.203194	0.240412
PRJNA822685	DADA2_ASV	SILVA_138.2	primary	g__Catonella	56	0.00423803	0.00161017	0.579665	0.00107171	0.0182957
PRJNA822685	DADA2_ASV	SILVA_138.2	primary	g__Caulobacter	56	0	0	0.0836352	0.015757	0.0388238
PRJNA822685	DADA2_ASV	SILVA_138.2	primary	g__Christensenellaceae_R-7_group	56	0	0	0.0836352	0.0306469	0.0585969
PRJNA822685	DADA2_ASV	SILVA_138.2	primary	g__Chryseobacterium	56	0	0	0.0912239	0.00453026	0.0388238
PRJNA822685	DADA2_ASV	SILVA_138.2	primary	g__Cloacibacterium	56	0	0	0.0836352	0.0382748	0.0677606
PRJNA822685	DADA2_ASV	SILVA_138.2	primary	g__Comamonas	56	0	0	-0.0380944	0.053208	0.0784982
PRJNA822685	DADA2_ASV	SILVA_138.2	primary	g__Coprococcus	56	0	0	0.0836352	0.015757	0.0388238
PRJNA822685	DADA2_ASV	SILVA_138.2	primary	g__Corynebacterium	56	0	0	-0.0319494	0.123149	0.159095
PRJNA822685	DADA2_ASV	SILVA_138.2	primary	g__Coxiella	56	0	0	0.0912239	0.0099478	0.0388238
PRJNA822685	DADA2_ASV	SILVA_138.2	primary	g__Cryptobacterium	56	0	0	0.0836352	0.0184035	0.0420188
PRJNA822685	DADA2_ASV	SILVA_138.2	primary	g__Cupriavidus	56	0	0	0.0552958	0.365234	0.413701
PRJNA822685	DADA2_ASV	SILVA_138.2	primary	g__Defluviitaleaceae_UCG-011	56	0	0	-0.062391	0.750389	0.779752
PRJNA822685	DADA2_ASV	SILVA_138.2	primary	g__Deinococcus	56	0	0	0.0836352	0.015757	0.0388238
PRJNA822685	DADA2_ASV	SILVA_138.2	primary	g__Desulfobulbus	56	0	0	0.0745992	0.0740343	0.104699
PRJNA822685	DADA2_ASV	SILVA_138.2	primary	g__Desulfomicrobium	56	0	0	0.0552958	0.246739	0.287662
PRJNA822685	DADA2_ASV	SILVA_138.2	primary	g__Desulfovibrio	56	0	0	0.0745992	0.0652559	0.0939527
PRJNA822685	DADA2_ASV	SILVA_138.2	primary	g__Dialister	56	0.00141439	0	0.0893742	0.121178	0.15826
PRJNA822685	DADA2_ASV	SILVA_138.2	primary	g__Dietzia	56	0	0	0.0745992	0.0375203	0.0669206
PRJNA822685	DADA2_ASV	SILVA_138.2	primary	g__Dolosigranulum	56	0	0	0.0836352	0.015757	0.0388238
PRJNA822685	DADA2_ASV	SILVA_138.2	primary	g__Dubosiella	56	0	0	0.0836352	0.0223725	0.0457011
PRJNA822685	DADA2_ASV	SILVA_138.2	primary	g__Dyella	56	0	0	0.0767453	0.0439256	0.0724015
PRJNA822685	DADA2_ASV	SILVA_138.2	primary	g__Eggerthia	56	0	0	0.0912239	0.00904716	0.0388238
PRJNA822685	DADA2_ASV	SILVA_138.2	primary	g__Eikenella	56	0	0	0.0890778	0.108066	0.143488
PRJNA822685	DADA2_ASV	SILVA_138.2	primary	g__Elizabethkingia	56	0	0	0.0649226	0.111693	0.147484
PRJNA822685	DADA2_ASV	SILVA_138.2	primary	g__Enhydrobacter	56	0	0	0.0912239	0.0101851	0.0388238
PRJNA822685	DADA2_ASV	SILVA_138.2	primary	g__Enterobacter	56	0	0	0.0890778	0.0319278	0.0605615
PRJNA822685	DADA2_ASV	SILVA_138.2	primary	g__Enterocloster	56	0	0	0.0836352	0.015757	0.0388238
PRJNA822685	DADA2_ASV	SILVA_138.2	primary	g__Enterococcus	56	0	0	0.0836352	0.015757	0.0388238
PRJNA822685	DADA2_ASV	SILVA_138.2	primary	g__Erysipelotrichaceae_UCG-006	56	0	0	0.0649226	0.170565	0.210129
PRJNA822685	DADA2_ASV	SILVA_138.2	primary	g__Erythrobacter	56	0	0	0.0912239	0.00783242	0.0388238
PRJNA822685	DADA2_ASV	SILVA_138.2	primary	g__Escherichia-Shigella	56	0	0	0.0319663	0.630326	0.672535
PRJNA822685	DADA2_ASV	SILVA_138.2	primary	g__F0058	56	0	0	-0.264529	0.000206056	0.0077474
PRJNA822685	DADA2_ASV	SILVA_138.2	primary	g__F0332	56	0	0	0.0649226	0.115414	0.15156
PRJNA822685	DADA2_ASV	SILVA_138.2	primary	g__Faecalibacterium	56	0	0	0.0836352	0.015757	0.0388238
PRJNA822685	DADA2_ASV	SILVA_138.2	primary	g__Family_XIII_AD3011_group	56	0	0	0.0836352	0.0223725	0.0457011
PRJNA822685	DADA2_ASV	SILVA_138.2	primary	g__Family_XIII_UCG-001	56	0	0	0.131243	0.00693405	0.0388238
PRJNA822685	DADA2_ASV	SILVA_138.2	primary	g__Fannyhessea	56	0	0	0.0836352	0.0125579	0.0388238
PRJNA822685	DADA2_ASV	SILVA_138.2	primary	g__Filifactor	56	0.00102749	0	0.196616	0.00926521	0.0388238
PRJNA822685	DADA2_ASV	SILVA_138.2	primary	g__Finegoldia	56	0	0	0.0912239	0.0131473	0.0388238
PRJNA822685	DADA2_ASV	SILVA_138.2	primary	g__Flavobacterium	56	0	0	0.0745992	0.344035	0.391545
PRJNA822685	DADA2_ASV	SILVA_138.2	primary	g__Flexilinea	56	0	0	0.0836352	0.012272	0.0388238
PRJNA822685	DADA2_ASV	SILVA_138.2	primary	g__Fluviicola	56	0	0	0.0745992	0.041423	0.069719
PRJNA822685	DADA2_ASV	SILVA_138.2	primary	g__Fretibacterium	56	0	0	0.0257107	0.618779	0.666163
PRJNA822685	DADA2_ASV	SILVA_138.2	primary	g__Fuscovulum	56	0	0	0.0745992	0.0390422	0.0686108
PRJNA822685	DADA2_ASV	SILVA_138.2	primary	g__Fusobacterium	56	0.0594198	0.0245553	1.09545	0.00035318	0.0093789
PRJNA822685	DADA2_ASV	SILVA_138.2	primary	g__GOUTA6	56	0	0	0.0836352	0.0188118	0.0420188
PRJNA822685	DADA2_ASV	SILVA_138.2	primary	g__Gardnerella	56	0	0	0.0745992	0.0502652	0.0755559
PRJNA822685	DADA2_ASV	SILVA_138.2	primary	g__Gemella	56	0.0122015	0.00924904	0.27223	0.148794	0.187167
PRJNA822685	DADA2_ASV	SILVA_138.2	primary	g__Gemmiger	56	0	0	0.0836352	0.015757	0.0388238
PRJNA822685	DADA2_ASV	SILVA_138.2	primary	g__Gordonia	56	0	0	0.0836352	0.0188118	0.0420188
PRJNA822685	DADA2_ASV	SILVA_138.2	primary	g__Granulicatella	56	0.00178738	0.0127049	-1.44941	3.84395e-08	9.18705e-06
PRJNA822685	DADA2_ASV	SILVA_138.2	primary	g__Haemophilus	56	0.00881734	0.0316438	-0.195998	0.123149	0.159095
PRJNA822685	DADA2_ASV	SILVA_138.2	primary	g__Halomonas	56	0	0	0.0411789	0.624541	0.669351
PRJNA822685	DADA2_ASV	SILVA_138.2	primary	g__Hornefia	56	0	0	0.0257107	0.83841	0.86
PRJNA822685	DADA2_ASV	SILVA_138.2	primary	g__Howardella	56	0	0	0.0767453	0.0867148	0.119797
PRJNA822685	DADA2_ASV	SILVA_138.2	primary	g__Hoylesella	56	0.00279728	0.00796697	-0.545541	0.00926521	0.0388238
PRJNA822685	DADA2_ASV	SILVA_138.2	primary	g__Hyphomicrobium	56	0	0	0.0836352	0.015757	0.0388238
PRJNA822685	DADA2_ASV	SILVA_138.2	primary	g__Incertae_Sedis	56	0.018484	0.0231885	0.171714	0.137653	0.174069
PRJNA822685	DADA2_ASV	SILVA_138.2	primary	g__Insolitispirillum	56	0	0	0.0745992	0.04746	0.0755559
PRJNA822685	DADA2_ASV	SILVA_138.2	primary	g__Intestinibacter	56	0	0	0.0836352	0.015757	0.0388238
PRJNA822685	DADA2_ASV	SILVA_138.2	primary	g__Janibacter	56	0	0	0.0836352	0.0188118	0.0420188
PRJNA822685	DADA2_ASV	SILVA_138.2	primary	g__Johnsonella	56	0.000594014	0	0.168711	0.028217	0.0552776
PRJNA822685	DADA2_ASV	SILVA_138.2	primary	g__Kingella	56	0	0	0.0552958	0.84479	0.862841
PRJNA822685	DADA2_ASV	SILVA_138.2	primary	g__Klebsiella	56	0	0	0.0745992	0.200312	0.239373
PRJNA822685	DADA2_ASV	SILVA_138.2	primary	g__Lachnoanaerobaculum	56	0.0032659	0.00418376	0.104045	0.677402	0.713212
PRJNA822685	DADA2_ASV	SILVA_138.2	primary	g__Lachnospira	56	0	0	0.0836352	0.015757	0.0388238
PRJNA822685	DADA2_ASV	SILVA_138.2	primary	g__Lachnospiraceae_NK3A20_group	56	0	0	0.0745992	0.0439256	0.0724015
PRJNA822685	DADA2_ASV	SILVA_138.2	primary	g__Lachnospiraceae_UCG-004	56	0	0	0.0836352	0.015757	0.0388238
PRJNA822685	DADA2_ASV	SILVA_138.2	primary	g__Lacticaseibacillus	56	0	0	0.0580825	0.203194	0.240412
PRJNA822685	DADA2_ASV	SILVA_138.2	primary	g__Lactobacillus	56	0	0	0.0912239	0.227336	0.26634
PRJNA822685	DADA2_ASV	SILVA_138.2	primary	g__Lancefieldella	56	0	0	0.0180071	0.488089	0.537572
PRJNA822685	DADA2_ASV	SILVA_138.2	primary	g__Lautropia	56	0	0	-0.110711	0.00904716	0.0388238
PRJNA822685	DADA2_ASV	SILVA_138.2	primary	g__Lawsonella	56	0	0	0.0649226	0.168034	0.208084
PRJNA822685	DADA2_ASV	SILVA_138.2	primary	g__Legionella	56	0	0	0.0912239	0.0406161	0.0693374
PRJNA822685	DADA2_ASV	SILVA_138.2	primary	g__Leifsonia	56	0	0	0.0745992	0.04746	0.0755559
PRJNA822685	DADA2_ASV	SILVA_138.2	primary	g__Lentimicrobium	56	0	0	0.228575	0.00568789	0.0388238
PRJNA822685	DADA2_ASV	SILVA_138.2	primary	g__Leptotrichia	56	0	0	0.0773878	0.224211	0.263973
PRJNA822685	DADA2_ASV	SILVA_138.2	primary	g__Leucobacter	56	0	0	0.0745992	0.0913121	0.124706
PRJNA822685	DADA2_ASV	SILVA_138.2	primary	g__Ligilactobacillus	56	0	0	0.0319663	0.665505	0.703786
PRJNA822685	DADA2_ASV	SILVA_138.2	primary	g__Limnohabitans	56	0	0	0.0745992	0.041423	0.069719
PRJNA822685	DADA2_ASV	SILVA_138.2	primary	g__Limosilactobacillus	56	0	0	0.0745992	0.391725	0.435452
PRJNA822685	DADA2_ASV	SILVA_138.2	primary	g__Listeria	56	0	0	0.0836352	0.015757	0.0388238
PRJNA822685	DADA2_ASV	SILVA_138.2	primary	g__Luteimonas	56	0	0	0.0836352	0.015757	0.0388238
PRJNA822685	DADA2_ASV	SILVA_138.2	primary	g__Lysinibacillus	56	0	0	0.0836352	0.0188118	0.0420188
PRJNA822685	DADA2_ASV	SILVA_138.2	primary	g__Mediterraneibacter	56	0	0	0.0836352	0.015757	0.0388238
PRJNA822685	DADA2_ASV	SILVA_138.2	primary	g__Megamonas	56	0	0	0.0912239	0.00612935	0.0388238
PRJNA822685	DADA2_ASV	SILVA_138.2	primary	g__Megasphaera	56	0	0	-0.0879962	0.0502652	0.0755559
PRJNA822685	DADA2_ASV	SILVA_138.2	primary	g__Mesomycoplasma	56	0	0	0.0912239	0.00842022	0.0388238
PRJNA822685	DADA2_ASV	SILVA_138.2	primary	g__Methylophilus	56	0	0	0.0649226	0.129212	0.16603
PRJNA822685	DADA2_ASV	SILVA_138.2	primary	g__Methylorubrum	56	0	0	0.0912239	0.00862474	0.0388238
PRJNA822685	DADA2_ASV	SILVA_138.2	primary	g__Methyloversatilis	56	0	0	0.0836352	0.015757	0.0388238
PRJNA822685	DADA2_ASV	SILVA_138.2	primary	g__Mobiluncus	56	0	0	0.0649226	0.0823062	0.114367
PRJNA822685	DADA2_ASV	SILVA_138.2	primary	g__Mogibacterium	56	0	0	-0.114186	0.498382	0.546391
PRJNA822685	DADA2_ASV	SILVA_138.2	primary	g__Moraxella	56	0	0	0.0745992	0.0502652	0.0755559
PRJNA822685	DADA2_ASV	SILVA_138.2	primary	g__Morganella	56	0	0	0.0836352	0.0223725	0.0457011
PRJNA822685	DADA2_ASV	SILVA_138.2	primary	g__Mycobacterium	56	0	0	0.0836352	0.0300232	0.0578673
PRJNA822685	DADA2_ASV	SILVA_138.2	primary	g__Mycoplasma	56	0	0	0.116315	0.0977445	0.131983
PRJNA822685	DADA2_ASV	SILVA_138.2	primary	g__Mycoplasmopsis	56	0	0	0.0912239	0.0101851	0.0388238
PRJNA822685	DADA2_ASV	SILVA_138.2	primary	g__Neisseria	56	0.0115366	0.0607508	-1.54903	0.000480798	0.0114911
PRJNA822685	DADA2_ASV	SILVA_138.2	primary	g__Neobacillus	56	0	0	0.0912239	0.00842022	0.0388238
PRJNA822685	DADA2_ASV	SILVA_138.2	primary	g__Niabella	56	0	0	0.0836352	0.0188118	0.0420188
PRJNA822685	DADA2_ASV	SILVA_138.2	primary	g__Nitrosomonas	56	0	0	0.0836352	0.0300232	0.0578673
PRJNA822685	DADA2_ASV	SILVA_138.2	primary	g__Novosphingobium	56	0	0	0.0745992	0.0701606	0.0998117
PRJNA822685	DADA2_ASV	SILVA_138.2	primary	g__Nubsella	56	0	0	0.0836352	0.0360493	0.0647804
PRJNA822685	DADA2_ASV	SILVA_138.2	primary	g__Odoribacter	56	0	0	0.0257107	0.915549	0.923275
PRJNA822685	DADA2_ASV	SILVA_138.2	primary	g__Olsenella	56	0	0	0.0649226	0.151103	0.189076
PRJNA822685	DADA2_ASV	SILVA_138.2	primary	g__Opitutus	56	0	0	0.0836352	0.015757	0.0388238
PRJNA822685	DADA2_ASV	SILVA_138.2	primary	g__Oribacterium	56	0.000378425	0.00287601	-0.427163	0.00822004	0.0388238
PRJNA822685	DADA2_ASV	SILVA_138.2	primary	g__Ottowia	56	0	0	0.0745992	0.0502652	0.0755559
PRJNA822685	DADA2_ASV	SILVA_138.2	primary	g__Parabacteroides	56	0	0	0.0836352	0.0223725	0.0457011
PRJNA822685	DADA2_ASV	SILVA_138.2	primary	g__Paracoccus	56	0	0	0.0912239	0.012272	0.0388238
PRJNA822685	DADA2_ASV	SILVA_138.2	primary	g__Parascardovia	56	0	0	0.0745992	0.0502652	0.0755559
PRJNA822685	DADA2_ASV	SILVA_138.2	primary	g__Parasutterella	56	0	0	0.0836352	0.0223725	0.0457011
PRJNA822685	DADA2_ASV	SILVA_138.2	primary	g__Parvimonas	56	0.0135305	0.00600052	0.574548	0.00464741	0.0388238
PRJNA822685	DADA2_ASV	SILVA_138.2	primary	g__Paucibacter	56	0	0	0.0912239	0.00783242	0.0388238
PRJNA822685	DADA2_ASV	SILVA_138.2	primary	g__Pelosinus	56	0	0	0.0745992	0.04746	0.0755559
PRJNA822685	DADA2_ASV	SILVA_138.2	primary	g__Pelospora	56	0	0	0.0767453	0.0753637	0.105953
PRJNA822685	DADA2_ASV	SILVA_138.2	primary	g__Peptoanaerobacter	56	0	0	0.174238	0.000139328	0.00665987
PRJNA822685	DADA2_ASV	SILVA_138.2	primary	g__Peptococcus	56	0.00193724	0	0.309857	0.000954454	0.0180647
PRJNA822685	DADA2_ASV	SILVA_138.2	primary	g__Peptoniphilus	56	0	0	0.101236	0.0200843	0.0440381
PRJNA822685	DADA2_ASV	SILVA_138.2	primary	g__Peptostreptococcus	56	0.00861532	0.00576398	0.815421	0.0009826	0.0180647
PRJNA822685	DADA2_ASV	SILVA_138.2	primary	g__Phaselicystis	56	0	0	0.0836352	0.015757	0.0388238
PRJNA822685	DADA2_ASV	SILVA_138.2	primary	g__Phocaeicola	56	0	0	-0.0242329	0.200312	0.239373
PRJNA822685	DADA2_ASV	SILVA_138.2	primary	g__Plesiomonas	56	0	0	0.0836352	0.0223725	0.0457011
PRJNA822685	DADA2_ASV	SILVA_138.2	primary	g__Polynucleobacter	56	0	0	0.0912239	0.00842022	0.0388238
PRJNA822685	DADA2_ASV	SILVA_138.2	primary	g__Porphyromonas	56	0.0230838	0.0393807	-0.139703	0.288953	0.333622
PRJNA822685	DADA2_ASV	SILVA_138.2	primary	g__Prevotella	56	0.0232619	0.0425525	-0.325146	0.168034	0.208084
PRJNA822685	DADA2_ASV	SILVA_138.2	primary	g__Prosthecobacter	56	0	0	0.0836352	0.015757	0.0388238
PRJNA822685	DADA2_ASV	SILVA_138.2	primary	g__Proteiniphilum	56	0	0	0.0836352	0.0346277	0.0631758
PRJNA822685	DADA2_ASV	SILVA_138.2	primary	g__Pseudaeromonas	56	0	0	0.0836352	0.0360493	0.0647804
PRJNA822685	DADA2_ASV	SILVA_138.2	primary	g__Pseudoleptotrichia	56	0	0	0.0649226	0.378337	0.424519
PRJNA822685	DADA2_ASV	SILVA_138.2	primary	g__Pseudolysobacter	56	0	0	0.0836352	0.0188118	0.0420188
PRJNA822685	DADA2_ASV	SILVA_138.2	primary	g__Pseudomonas	56	0	0	0.131174	0.000612596	0.01331
PRJNA822685	DADA2_ASV	SILVA_138.2	primary	g__Pseudoprevotella	56	0	0	0.0836352	0.015757	0.0388238
PRJNA822685	DADA2_ASV	SILVA_138.2	primary	g__Pseudoramibacter	56	0	0	0.0912239	0.025955	0.0516938
PRJNA822685	DADA2_ASV	SILVA_138.2	primary	g__Pseudoxanthomonas	56	0	0	0.0912239	0.0117175	0.0388238
PRJNA822685	DADA2_ASV	SILVA_138.2	primary	g__Pyramidobacter	56	0	0	0.0745992	0.137653	0.174069
PRJNA822685	DADA2_ASV	SILVA_138.2	primary	g__Ralstonia	56	0	0	0.0912239	0.0493151	0.0755559
PRJNA822685	DADA2_ASV	SILVA_138.2	primary	g__Rhizorhabdus	56	0	0	0.0836352	0.0339351	0.0623884
PRJNA822685	DADA2_ASV	SILVA_138.2	primary	g__Rhodanobacter	56	0	0	0.0745992	0.04746	0.0755559
PRJNA822685	DADA2_ASV	SILVA_138.2	primary	g__Rhodoluna	56	0	0	0.0836352	0.015757	0.0388238
PRJNA822685	DADA2_ASV	SILVA_138.2	primary	g__Rikenellaceae_RC9_gut_group	56	0	0	0.0649226	0.327654	0.374686
PRJNA822685	DADA2_ASV	SILVA_138.2	primary	g__Romboutsia	56	0	0	0.0745992	0.0562933	0.0820373
PRJNA822685	DADA2_ASV	SILVA_138.2	primary	g__Roseburia	56	0	0	0.101236	0.0067659	0.0388238
PRJNA822685	DADA2_ASV	SILVA_138.2	primary	g__Roseimarinus	56	0	0	0.0836352	0.015757	0.0388238
PRJNA822685	DADA2_ASV	SILVA_138.2	primary	g__Roseomonas	56	0	0	0.0745992	0.0398225	0.068968
PRJNA822685	DADA2_ASV	SILVA_138.2	primary	g__Rothia	56	0	0.00376733	-0.774512	6.8725e-05	0.00410632
PRJNA822685	DADA2_ASV	SILVA_138.2	primary	g__Ruminococcus	56	0	0	0.0836352	0.015757	0.0388238
PRJNA822685	DADA2_ASV	SILVA_138.2	primary	g__Ruthenibacterium	56	0	0	0.0836352	0.015757	0.0388238
PRJNA822685	DADA2_ASV	SILVA_138.2	primary	g__SH3-11	56	0	0	0.0836352	0.015757	0.0388238
PRJNA822685	DADA2_ASV	SILVA_138.2	primary	g__Scardovia	56	0	0	0.0411789	0.61304	0.662971
PRJNA822685	DADA2_ASV	SILVA_138.2	primary	g__Schaalia	56	0	0	-0.0769825	0.189085	0.228239
PRJNA822685	DADA2_ASV	SILVA_138.2	primary	g__Schleiferilactobacillus	56	0	0	0.0745992	0.04746	0.0755559
PRJNA822685	DADA2_ASV	SILVA_138.2	primary	g__Segatella	56	0.0023849	0.00625005	-0.520113	0.0168472	0.0410865
PRJNA822685	DADA2_ASV	SILVA_138.2	primary	g__Selenomonas	56	0.00906824	0.00568872	-0.0768105	0.74421	0.776708
PRJNA822685	DADA2_ASV	SILVA_138.2	primary	g__Serratia	56	0	0	0.0745992	0.0823062	0.114367
PRJNA822685	DADA2_ASV	SILVA_138.2	primary	g__Simonsiella	56	0	0	0.0836352	0.015757	0.0388238
PRJNA822685	DADA2_ASV	SILVA_138.2	primary	g__Skermanella	56	0	0	0.0836352	0.0188118	0.0420188
PRJNA822685	DADA2_ASV	SILVA_138.2	primary	g__Sneathia	56	0	0	0.0745992	0.0928874	0.126137
PRJNA822685	DADA2_ASV	SILVA_138.2	primary	g__Solobacterium	56	0.000361902	0.00139138	-0.0681859	0.38723	0.432468
PRJNA822685	DADA2_ASV	SILVA_138.2	primary	g__Sphaerotilus	56	0	0	0.0836352	0.0339351	0.0623884
PRJNA822685	DADA2_ASV	SILVA_138.2	primary	g__Sphingobium	56	0	0	0.0836352	0.015757	0.0388238
PRJNA822685	DADA2_ASV	SILVA_138.2	primary	g__Sphingomonas	56	0	0	0.0745992	0.0617659	0.089467
PRJNA822685	DADA2_ASV	SILVA_138.2	primary	g__Staphylococcus	56	0	0	0.0552958	0.960965	0.965003
PRJNA822685	DADA2_ASV	SILVA_138.2	primary	g__Stenotrophomonas	56	0	0	0.0912239	0.00802414	0.0388238
PRJNA822685	DADA2_ASV	SILVA_138.2	primary	g__Stomatobaculum	56	0	0.000935321	-0.1622	0.0209738	0.0455705
PRJNA822685	DADA2_ASV	SILVA_138.2	primary	g__Streptobacillus	56	0	0	0.101236	0.00597888	0.0388238
PRJNA822685	DADA2_ASV	SILVA_138.2	primary	g__Streptococcus	56	0.0387203	0.127898	-0.927056	1.37225e-06	0.000109322
PRJNA822685	DADA2_ASV	SILVA_138.2	primary	g__Sutterella	56	0	0	0.0836352	0.015757	0.0388238
PRJNA822685	DADA2_ASV	SILVA_138.2	primary	g__TM7a	56	0	0	0.0836352	0.0913121	0.124706
PRJNA822685	DADA2_ASV	SILVA_138.2	primary	g__TM7x	56	0	0	-0.172407	0.000226911	0.0077474
PRJNA822685	DADA2_ASV	SILVA_138.2	primary	g__Tannerella	56	0.000824763	0.00394177	-0.272568	0.108066	0.143488
PRJNA822685	DADA2_ASV	SILVA_138.2	primary	g__Tepidimonas	56	0	0	0.0745992	0.053208	0.0784982
PRJNA822685	DADA2_ASV	SILVA_138.2	primary	g__Thiomonas	56	0	0	0.0836352	0.0147293	0.0388238
PRJNA822685	DADA2_ASV	SILVA_138.2	primary	g__Treponema	56	0.0105565	0.00342588	0.575866	0.00193722	0.0308664
PRJNA822685	DADA2_ASV	SILVA_138.2	primary	g__Tsuneonella	56	0	0	0.0649226	0.104534	0.140357
PRJNA822685	DADA2_ASV	SILVA_138.2	primary	g__UCG-002	56	0	0	0.0836352	0.015757	0.0388238
PRJNA822685	DADA2_ASV	SILVA_138.2	primary	g__Variovorax	56	0	0	0.0745992	0.0502652	0.0755559
PRJNA822685	DADA2_ASV	SILVA_138.2	primary	g__Veillonella	56	0.00207259	0.0354246	-2.0668	1.70714e-07	2.04004e-05
PRJNA822685	DADA2_ASV	SILVA_138.2	primary	g__Vibrionimonas	56	0	0	0.0552958	0.307901	0.35379
PRJNA822685	DADA2_ASV	SILVA_138.2	primary	g__Vulcaniibacterium	56	0	0	0.0912239	0.00783242	0.0388238
PRJNA822685	DADA2_ASV	SILVA_138.2	primary	g__W5053	56	0	0	0.0392431	0.373937	0.421562
PRJNA822685	DADA2_ASV	SILVA_138.2	primary	g__Wolinella	56	0	0	0.0767453	0.0265053	0.0523535
PRJNA822685	DADA2_ASV	SILVA_138.2	primary	g__Xanthomonas	56	0	0	0.0836352	0.0188118	0.0420188
PRJNA822685	DADA2_ASV	SILVA_138.2	primary	g__Xylanibacter	56	0	0	-0.0319494	0.503571	0.54956
PRJNA822685	DADA2_ASV	SILVA_138.2	primary	g__Yersinia	56	0	0	0.0912239	0.00842022	0.0388238
PRJNA822685	DADA2_ASV	SILVA_138.2	primary	g__[Eubacterium]_brachy_group	56	0	0	0.0223269	0.863989	0.874972
PRJNA822685	DADA2_ASV	SILVA_138.2	primary	g__[Eubacterium]_saphenum_group	56	0	0	0.0411789	0.863989	0.874972
PRJNA822685	DADA2_ASV	SILVA_138.2	primary	g__[Eubacterium]_sulci_group	56	0	0	-0.194104	0.000342334	0.0093789
PRJNA822685	DADA2_ASV	SILVA_138.2	primary	g__[Eubacterium]_ventriosum_group	56	0	0	0.0836352	0.015757	0.0388238
PRJNA822685	DADA2_ASV	SILVA_138.2	primary	g__[Eubacterium]_yurii_group	56	0	0	0.168711	0.00283122	0.0388238
PRJNA813034	OTU_VSEARCH_97	Greengenes_13_8	sensitivity	Unclassified	20	0.0664653	0.0724723	-0.207466	0.294252	0.492742
PRJNA813034	OTU_VSEARCH_97	Greengenes_13_8	sensitivity	g__1-68	20	0	0	0.351221	0.0973072	0.298108
PRJNA813034	OTU_VSEARCH_97	Greengenes_13_8	sensitivity	g__AF12	20	0	0	-0.0493118	0.784126	0.902064
PRJNA813034	OTU_VSEARCH_97	Greengenes_13_8	sensitivity	g__Abiotrophia	20	3.73273e-05	0.000229784	-0.893464	0.123093	0.298108
PRJNA813034	OTU_VSEARCH_97	Greengenes_13_8	sensitivity	g__Achromobacter	20	0	1.37011e-05	-0.495874	0.0399895	0.213529
PRJNA813034	OTU_VSEARCH_97	Greengenes_13_8	sensitivity	g__Acidaminococcus	20	0	0	-0.00720961	0.756166	0.891646
PRJNA813034	OTU_VSEARCH_97	Greengenes_13_8	sensitivity	g__Acidovorax	20	3.53704e-05	0	1.58431	0.0106888	0.151246
PRJNA813034	OTU_VSEARCH_97	Greengenes_13_8	sensitivity	g__Acinetobacter	20	9.92278e-05	0.00014807	-0.329957	0.647655	0.814607
PRJNA813034	OTU_VSEARCH_97	Greengenes_13_8	sensitivity	g__Actinobacillus	20	0	2.14832e-05	-0.264884	0.409098	0.60934
PRJNA813034	OTU_VSEARCH_97	Greengenes_13_8	sensitivity	g__Actinomadura	20	0	0	0.281792	0.08255	0.278942
PRJNA813034	OTU_VSEARCH_97	Greengenes_13_8	sensitivity	g__Actinomyces	20	0.00205792	0.0115843	-0.723413	0.113987	0.298108
PRJNA813034	OTU_VSEARCH_97	Greengenes_13_8	sensitivity	g__Actinomycetospora	20	0	0	0.0746094	0.277355	0.478607
PRJNA813034	OTU_VSEARCH_97	Greengenes_13_8	sensitivity	g__Actinoplanes	20	0	0	0.281792	0.132727	0.298108
PRJNA813034	OTU_VSEARCH_97	Greengenes_13_8	sensitivity	g__Actinopolymorpha	20	0	0	0.22504	0.132727	0.298108
PRJNA813034	OTU_VSEARCH_97	Greengenes_13_8	sensitivity	g__Adlercreutzia	20	0	0	-0.0493118	0.812355	0.919586
PRJNA813034	OTU_VSEARCH_97	Greengenes_13_8	sensitivity	g__Aerococcus	20	0	0	0.281792	0.0695801	0.269742
PRJNA813034	OTU_VSEARCH_97	Greengenes_13_8	sensitivity	g__Aeromicrobium	20	0	0	0.22504	0.261099	0.467664
PRJNA813034	OTU_VSEARCH_97	Greengenes_13_8	sensitivity	g__Aggregatibacter	20	0.00013671	0.000222925	0.396439	0.812355	0.919586
PRJNA813034	OTU_VSEARCH_97	Greengenes_13_8	sensitivity	g__Agrobacterium	20	0	0	0.0857013	0.452375	0.643328
PRJNA813034	OTU_VSEARCH_97	Greengenes_13_8	sensitivity	g__Agromyces	20	0	0	0.208818	0.176853	0.357496
PRJNA813034	OTU_VSEARCH_97	Greengenes_13_8	sensitivity	g__Akkermansia	20	0	0	0.0745424	0.898317	0.94507
PRJNA813034	OTU_VSEARCH_97	Greengenes_13_8	sensitivity	g__Alcanivorax	20	0	0	0.208818	0.132727	0.298108
PRJNA813034	OTU_VSEARCH_97	Greengenes_13_8	sensitivity	g__Alkaliphilus	20	0	0	0.351297	0.0362339	0.205084
PRJNA813034	OTU_VSEARCH_97	Greengenes_13_8	sensitivity	g__Alkanindiges	20	0	0	0.281792	0.0362339	0.205084
PRJNA813034	OTU_VSEARCH_97	Greengenes_13_8	sensitivity	g__Allobaculum	20	0	0	0.351297	0.0214844	0.155899
PRJNA813034	OTU_VSEARCH_97	Greengenes_13_8	sensitivity	g__Alloiococcus	20	0	0	0.351297	0.0055809	0.151246
PRJNA813034	OTU_VSEARCH_97	Greengenes_13_8	sensitivity	g__Amaricoccus	20	0	0	0.0811097	0.545876	0.721882
PRJNA813034	OTU_VSEARCH_97	Greengenes_13_8	sensitivity	g__Ammoniphilus	20	0	0	0.351297	0.0214844	0.155899
PRJNA813034	OTU_VSEARCH_97	Greengenes_13_8	sensitivity	g__Anabaena	20	0	0	0.208818	0.132727	0.298108
PRJNA813034	OTU_VSEARCH_97	Greengenes_13_8	sensitivity	g__Anaerobacillus	20	0	0	-0.0962548	0.595819	0.773472
PRJNA813034	OTU_VSEARCH_97	Greengenes_13_8	sensitivity	g__Anaerococcus	20	0	0	0.351297	0.245487	0.451123
PRJNA813034	OTU_VSEARCH_97	Greengenes_13_8	sensitivity	g__Anaeroplasma	20	0	0	-0.0493118	0.869488	0.942778
PRJNA813034	OTU_VSEARCH_97	Greengenes_13_8	sensitivity	g__Anaerostipes	20	0	0	-0.0493118	0.985435	0.992449
PRJNA813034	OTU_VSEARCH_97	Greengenes_13_8	sensitivity	g__Anaerotruncus	20	0	0	-0.00720961	0.840822	0.933148
PRJNA813034	OTU_VSEARCH_97	Greengenes_13_8	sensitivity	g__Anaerovorax	20	0	0	0.147584	0.784126	0.902064
PRJNA813034	OTU_VSEARCH_97	Greengenes_13_8	sensitivity	g__Anoxybacillus	20	0	0	0.208818	0.089695	0.278942
PRJNA813034	OTU_VSEARCH_97	Greengenes_13_8	sensitivity	g__Aquicella	20	0	0	0.281792	0.08255	0.278942
PRJNA813034	OTU_VSEARCH_97	Greengenes_13_8	sensitivity	g__Arcanobacterium	20	0	1.42451e-05	-0.495874	0.0171814	0.155899
PRJNA813034	OTU_VSEARCH_97	Greengenes_13_8	sensitivity	g__Arsenicicoccus	20	0	0	0.351297	0.0106888	0.151246
PRJNA813034	OTU_VSEARCH_97	Greengenes_13_8	sensitivity	g__Arthrobacter	20	0	0	-0.0493118	0.521673	0.703017
PRJNA813034	OTU_VSEARCH_97	Greengenes_13_8	sensitivity	g__Atopobium	20	4.86944e-05	0.000474405	-1.47395	0.0484409	0.22848
PRJNA813034	OTU_VSEARCH_97	Greengenes_13_8	sensitivity	g__Azospirillum	20	1.30108e-05	0	0.365852	0.132727	0.298108
PRJNA813034	OTU_VSEARCH_97	Greengenes_13_8	sensitivity	g__Bacillus	20	4.57896e-05	0.000203426	-1.23538	0.08255	0.278942
PRJNA813034	OTU_VSEARCH_97	Greengenes_13_8	sensitivity	g__Bacteroides	20	1.5452e-05	3.34079e-05	-0.11492	0.756166	0.891646
PRJNA813034	OTU_VSEARCH_97	Greengenes_13_8	sensitivity	g__Balneimonas	20	0	0	0.0416736	0.521673	0.703017
PRJNA813034	OTU_VSEARCH_97	Greengenes_13_8	sensitivity	g__Bdellovibrio	20	0	0	0.0746094	0.674223	0.836864
PRJNA813034	OTU_VSEARCH_97	Greengenes_13_8	sensitivity	g__Bifidobacterium	20	1.31815e-05	1.43625e-05	0.367443	0.452375	0.643328
PRJNA813034	OTU_VSEARCH_97	Greengenes_13_8	sensitivity	g__Bilophila	20	0	0	0.131362	0.474905	0.668647
PRJNA813034	OTU_VSEARCH_97	Greengenes_13_8	sensitivity	g__Blautia	20	0	0	0.131362	0.245487	0.451123
PRJNA813034	OTU_VSEARCH_97	Greengenes_13_8	sensitivity	g__Brachybacterium	20	0	1.43625e-05	-0.163064	0.261099	0.467664
PRJNA813034	OTU_VSEARCH_97	Greengenes_13_8	sensitivity	g__Bradyrhizobium	20	0	0	0.22504	0.132727	0.298108
PRJNA813034	OTU_VSEARCH_97	Greengenes_13_8	sensitivity	g__Brevibacillus	20	0	0	0.0411811	0.521673	0.703017
PRJNA813034	OTU_VSEARCH_97	Greengenes_13_8	sensitivity	g__Brevibacterium	20	0	0	0.281792	0.430433	0.621493
PRJNA813034	OTU_VSEARCH_97	Greengenes_13_8	sensitivity	g__Brevundimonas	20	0	7.1923e-05	-1.13907	0.0192337	0.155899
PRJNA813034	OTU_VSEARCH_97	Greengenes_13_8	sensitivity	g__Bulleidia	20	0.000547723	0.000432441	-0.184783	0.840822	0.933148
PRJNA813034	OTU_VSEARCH_97	Greengenes_13_8	sensitivity	g__Burkholderia	20	0	0	0.578873	0.0266418	0.163905
PRJNA813034	OTU_VSEARCH_97	Greengenes_13_8	sensitivity	g__Butyricimonas	20	0	0	0.281792	0.132727	0.298108
PRJNA813034	OTU_VSEARCH_97	Greengenes_13_8	sensitivity	g__Butyrivibrio	20	1.9507e-05	3.50275e-05	-0.270457	0.956329	0.980584
PRJNA813034	OTU_VSEARCH_97	Greengenes_13_8	sensitivity	g__C39	20	0	0	-0.00720961	0.898317	0.94507
PRJNA813034	OTU_VSEARCH_97	Greengenes_13_8	sensitivity	g__CM44	20	0	0	0.351297	0.0695801	0.269742
PRJNA813034	OTU_VSEARCH_97	Greengenes_13_8	sensitivity	g__Caldicoprobacter	20	0	0	0.351297	0.0214844	0.155899
PRJNA813034	OTU_VSEARCH_97	Greengenes_13_8	sensitivity	g__Caldilinea	20	0	0	0.208818	0.089695	0.278942
PRJNA813034	OTU_VSEARCH_97	Greengenes_13_8	sensitivity	g__Campylobacter	20	0.00508434	0.00622488	0.0722477	0.898317	0.94507
PRJNA813034	OTU_VSEARCH_97	Greengenes_13_8	sensitivity	g__Candidatus Koribacter	20	0	0	0.351297	0.0266418	0.163905
PRJNA813034	OTU_VSEARCH_97	Greengenes_13_8	sensitivity	g__Candidatus Rhabdochlamydia	20	0	0	0.208818	0.089695	0.278942
PRJNA813034	OTU_VSEARCH_97	Greengenes_13_8	sensitivity	g__Candidatus Rhodoluna	20	0	0	0.351297	0.0106888	0.151246
PRJNA813034	OTU_VSEARCH_97	Greengenes_13_8	sensitivity	g__Candidatus Solibacter	20	0	0	0.351297	0.0695801	0.269742
PRJNA813034	OTU_VSEARCH_97	Greengenes_13_8	sensitivity	g__Capnocytophaga	20	0.0399922	0.0485272	0.157275	0.869488	0.942778
PRJNA813034	OTU_VSEARCH_97	Greengenes_13_8	sensitivity	g__Cardiobacterium	20	0	9.80911e-06	0.0746094	0.869488	0.942778
PRJNA813034	OTU_VSEARCH_97	Greengenes_13_8	sensitivity	g__Catonella	20	0.000659841	0.000665817	0.382087	0.430433	0.621493
PRJNA813034	OTU_VSEARCH_97	Greengenes_13_8	sensitivity	g__Cellulomonas	20	0	0	0.208818	0.123093	0.298108
PRJNA813034	OTU_VSEARCH_97	Greengenes_13_8	sensitivity	g__Cellulosimicrobium	20	0	0	0.208818	0.277355	0.478607
PRJNA813034	OTU_VSEARCH_97	Greengenes_13_8	sensitivity	g__Chitinophaga	20	0	0	0.351297	0.0695801	0.269742
PRJNA813034	OTU_VSEARCH_97	Greengenes_13_8	sensitivity	g__Chryseobacterium	20	0	0	-0.117425	0.311794	0.51301
PRJNA813034	OTU_VSEARCH_97	Greengenes_13_8	sensitivity	g__Chthoniobacter	20	0	0	0.351297	0.0106888	0.151246
PRJNA813034	OTU_VSEARCH_97	Greengenes_13_8	sensitivity	g__Citrobacter	20	6.05283e-06	1.80324e-05	-0.105716	0.521673	0.703017
PRJNA813034	OTU_VSEARCH_97	Greengenes_13_8	sensitivity	g__Cloacibacterium	20	0	1.24841e-05	-0.495874	0.216167	0.41901
PRJNA813034	OTU_VSEARCH_97	Greengenes_13_8	sensitivity	g__Clostridium	20	0	0	-0.09876	0.545876	0.721882
PRJNA813034	OTU_VSEARCH_97	Greengenes_13_8	sensitivity	g__Cohnella	20	0	0	0.22504	0.132727	0.298108
PRJNA813034	OTU_VSEARCH_97	Greengenes_13_8	sensitivity	g__Comamonas	20	0	0	-0.09876	0.621513	0.79229
PRJNA813034	OTU_VSEARCH_97	Greengenes_13_8	sensitivity	g__Coprobacillus	20	0	0	-0.00720961	0.898317	0.94507
PRJNA813034	OTU_VSEARCH_97	Greengenes_13_8	sensitivity	g__Coprococcus	20	0	0	-0.107964	0.34881	0.539417
PRJNA813034	OTU_VSEARCH_97	Greengenes_13_8	sensitivity	g__Coprothermobacter	20	0	0	0.114538	0.294252	0.492742
PRJNA813034	OTU_VSEARCH_97	Greengenes_13_8	sensitivity	g__Corynebacterium	20	0.000315407	0.00108504	-0.432114	0.474905	0.668647
PRJNA813034	OTU_VSEARCH_97	Greengenes_13_8	sensitivity	g__DA101	20	0	0	0.22504	0.132727	0.298108
PRJNA813034	OTU_VSEARCH_97	Greengenes_13_8	sensitivity	g__Dactylosporangium	20	0	0	0.281792	0.0266418	0.163905
PRJNA813034	OTU_VSEARCH_97	Greengenes_13_8	sensitivity	g__Dehalobacterium	20	0	0	-0.0493118	0.869488	0.942778
PRJNA813034	OTU_VSEARCH_97	Greengenes_13_8	sensitivity	g__Deinococcus	20	0	0	0.22504	0.812355	0.919586
PRJNA813034	OTU_VSEARCH_97	Greengenes_13_8	sensitivity	g__Delftia	20	0	0	0.22504	0.123093	0.298108
PRJNA813034	OTU_VSEARCH_97	Greengenes_13_8	sensitivity	g__Dermabacter	20	0	0	0.281792	0.08255	0.278942
PRJNA813034	OTU_VSEARCH_97	Greengenes_13_8	sensitivity	g__Dermacoccus	20	0	0	0.143221	0.927279	0.964779
PRJNA813034	OTU_VSEARCH_97	Greengenes_13_8	sensitivity	g__Desemzia	20	0	0	0.208818	0.132727	0.298108
PRJNA813034	OTU_VSEARCH_97	Greengenes_13_8	sensitivity	g__Desulfobulbus	20	0	0	-0.0449487	1	1
PRJNA813034	OTU_VSEARCH_97	Greengenes_13_8	sensitivity	g__Desulfosporosinus	20	0	0	0.147584	0.409098	0.60934
PRJNA813034	OTU_VSEARCH_97	Greengenes_13_8	sensitivity	g__Desulfotomaculum	20	0	0	0.281792	0.0266418	0.163905
PRJNA813034	OTU_VSEARCH_97	Greengenes_13_8	sensitivity	g__Desulfovibrio	20	0	0	0.0411811	0.728506	0.87359
PRJNA813034	OTU_VSEARCH_97	Greengenes_13_8	sensitivity	g__Devosia	20	0	0	0.281792	0.0637226	0.269742
PRJNA813034	OTU_VSEARCH_97	Greengenes_13_8	sensitivity	g__Dialister	20	0.00020782	0.000260956	-0.00927277	0.985435	0.992449
PRJNA813034	OTU_VSEARCH_97	Greengenes_13_8	sensitivity	g__Dietzia	20	0	0	0.22504	0.294252	0.492742
PRJNA813034	OTU_VSEARCH_97	Greengenes_13_8	sensitivity	g__Dorea	20	0	0	-0.00720961	0.898317	0.94507
PRJNA813034	OTU_VSEARCH_97	Greengenes_13_8	sensitivity	g__Dyadobacter	20	0	0	0.22504	0.132727	0.298108
PRJNA813034	OTU_VSEARCH_97	Greengenes_13_8	sensitivity	g__Dysgonomonas	20	0	0	0.22504	0.164957	0.345799
PRJNA813034	OTU_VSEARCH_97	Greengenes_13_8	sensitivity	g__Eikenella	20	0.000469817	0.000557348	0.0256982	0.985435	0.992449
PRJNA813034	OTU_VSEARCH_97	Greengenes_13_8	sensitivity	g__Enhydrobacter	20	1.40499e-05	3.7978e-05	-0.495874	0.430433	0.621493
PRJNA813034	OTU_VSEARCH_97	Greengenes_13_8	sensitivity	g__Enterobacter	20	0	0	0.351297	0.0582581	0.261699
PRJNA813034	OTU_VSEARCH_97	Greengenes_13_8	sensitivity	g__Enterococcus	20	4.47477e-05	0.000147146	-0.854523	0.113987	0.298108
PRJNA813034	OTU_VSEARCH_97	Greengenes_13_8	sensitivity	g__Epulopiscium	20	0	0	0.208818	0.132727	0.298108
PRJNA813034	OTU_VSEARCH_97	Greengenes_13_8	sensitivity	g__Erwinia	20	0	0	-0.00720961	0.784126	0.902064
PRJNA813034	OTU_VSEARCH_97	Greengenes_13_8	sensitivity	g__Ethanoligenens	20	0	0	0.0746094	0.277355	0.478607
PRJNA813034	OTU_VSEARCH_97	Greengenes_13_8	sensitivity	g__Exiguobacterium	20	6.3414e-06	1.68483e-05	-0.0449487	0.521673	0.703017
PRJNA813034	OTU_VSEARCH_97	Greengenes_13_8	sensitivity	g__Facklamia	20	0	0	0.208818	0.142906	0.311096
PRJNA813034	OTU_VSEARCH_97	Greengenes_13_8	sensitivity	g__Faecalibacterium	20	0	0	0.351297	0.0192337	0.155899
PRJNA813034	OTU_VSEARCH_97	Greengenes_13_8	sensitivity	g__Filifactor	20	0.000201201	8.18091e-05	0.63112	0.0695801	0.269742
PRJNA813034	OTU_VSEARCH_97	Greengenes_13_8	sensitivity	g__Fimbriimonas	20	0	0	0.208818	0.123093	0.298108
PRJNA813034	OTU_VSEARCH_97	Greengenes_13_8	sensitivity	g__Finegoldia	20	0	0	0.281792	0.0192337	0.155899
PRJNA813034	OTU_VSEARCH_97	Greengenes_13_8	sensitivity	g__Flavisolibacter	20	0	0	0.351297	0.164957	0.345799
PRJNA813034	OTU_VSEARCH_97	Greengenes_13_8	sensitivity	g__Flavobacterium	20	0	0	0.0746094	0.409098	0.60934
PRJNA813034	OTU_VSEARCH_97	Greengenes_13_8	sensitivity	g__Flexispira	20	0	0	0.281792	0.0695801	0.269742
PRJNA813034	OTU_VSEARCH_97	Greengenes_13_8	sensitivity	g__Fluviicola	20	0	0	0.208818	0.113987	0.298108
PRJNA813034	OTU_VSEARCH_97	Greengenes_13_8	sensitivity	g__Fusobacterium	20	0.116964	0.0548411	0.4393	0.521673	0.703017
PRJNA813034	OTU_VSEARCH_97	Greengenes_13_8	sensitivity	g__Gemella	20	0.011313	0.0121366	0.220562	0.985435	0.992449
PRJNA813034	OTU_VSEARCH_97	Greengenes_13_8	sensitivity	g__Gemmata	20	0	0	0.208818	0.20245	0.395126
PRJNA813034	OTU_VSEARCH_97	Greengenes_13_8	sensitivity	g__Gemmatimonas	20	0	0	0.208818	0.132727	0.298108
PRJNA813034	OTU_VSEARCH_97	Greengenes_13_8	sensitivity	g__Geobacillus	20	0	0	0.131362	0.230513	0.440778
PRJNA813034	OTU_VSEARCH_97	Greengenes_13_8	sensitivity	g__Geobacter	20	0	0	0.351297	0.0106888	0.151246
PRJNA813034	OTU_VSEARCH_97	Greengenes_13_8	sensitivity	g__Geodermatophilus	20	0	0	0.22504	0.132727	0.298108
PRJNA813034	OTU_VSEARCH_97	Greengenes_13_8	sensitivity	g__Gordonia	20	0	0	0.0746094	0.329983	0.5276
PRJNA813034	OTU_VSEARCH_97	Greengenes_13_8	sensitivity	g__Granulicatella	20	0.000146442	0.000391245	-0.0962548	0.430433	0.621493
PRJNA813034	OTU_VSEARCH_97	Greengenes_13_8	sensitivity	g__Haemophilus	20	0.00301058	0.00610772	-0.682046	0.123093	0.298108
PRJNA813034	OTU_VSEARCH_97	Greengenes_13_8	sensitivity	g__Halomonas	20	0.000295936	0.000203924	-0.111976	0.869488	0.942778
PRJNA813034	OTU_VSEARCH_97	Greengenes_13_8	sensitivity	g__Helcococcus	20	0	0	0.335076	0.0484409	0.22848
PRJNA813034	OTU_VSEARCH_97	Greengenes_13_8	sensitivity	g__Helicobacter	20	0	0	0.131362	0.176853	0.357496
PRJNA813034	OTU_VSEARCH_97	Greengenes_13_8	sensitivity	g__Holdemania	20	0	0	-0.00720961	0.728506	0.87359
PRJNA813034	OTU_VSEARCH_97	Greengenes_13_8	sensitivity	g__Hydrogenophaga	20	0	0	0.22504	0.132727	0.298108
PRJNA813034	OTU_VSEARCH_97	Greengenes_13_8	sensitivity	g__Hylemonella	20	0	0	0.22504	0.132727	0.298108
PRJNA813034	OTU_VSEARCH_97	Greengenes_13_8	sensitivity	g__Jeotgalicoccus	20	0	0	-0.00720961	0.701181	0.859023
PRJNA813034	OTU_VSEARCH_97	Greengenes_13_8	sensitivity	g__Jonquetella	20	0	0	0.367443	0.0192337	0.155899
PRJNA813034	OTU_VSEARCH_97	Greengenes_13_8	sensitivity	g__Kaistobacter	20	0	0	0.0746094	0.521673	0.703017
PRJNA813034	OTU_VSEARCH_97	Greengenes_13_8	sensitivity	g__Kingella	20	0	0	0.0892598	0.869488	0.942778
PRJNA813034	OTU_VSEARCH_97	Greengenes_13_8	sensitivity	g__Klebsiella	20	0	0	0.131362	0.34881	0.539417
PRJNA813034	OTU_VSEARCH_97	Greengenes_13_8	sensitivity	g__Kocuria	20	0	2.82623e-05	-0.514996	0.0637226	0.269742
PRJNA813034	OTU_VSEARCH_97	Greengenes_13_8	sensitivity	g__Lactobacillus	20	6.1653e-06	1.97634e-05	-0.252	0.311794	0.51301
PRJNA813034	OTU_VSEARCH_97	Greengenes_13_8	sensitivity	g__Lactococcus	20	6.3414e-06	7.8402e-05	-0.748118	0.430433	0.621493
PRJNA813034	OTU_VSEARCH_97	Greengenes_13_8	sensitivity	g__Lautropia	20	3.01159e-05	0.000213001	-1.27681	0.0106888	0.151246
PRJNA813034	OTU_VSEARCH_97	Greengenes_13_8	sensitivity	g__Legionella	20	0	0	0.281792	0.0637226	0.269742
PRJNA813034	OTU_VSEARCH_97	Greengenes_13_8	sensitivity	g__Leptotrichia	20	0.0138483	0.0146012	-0.215157	0.388376	0.590917
PRJNA813034	OTU_VSEARCH_97	Greengenes_13_8	sensitivity	g__Leucobacter	20	0	0	-0.0449487	0.756166	0.891646
PRJNA813034	OTU_VSEARCH_97	Greengenes_13_8	sensitivity	g__Limnobacter	20	0	0	0.192104	0.176853	0.357496
PRJNA813034	OTU_VSEARCH_97	Greengenes_13_8	sensitivity	g__Luteibacter	20	0	0	0.281792	0.0214844	0.155899
PRJNA813034	OTU_VSEARCH_97	Greengenes_13_8	sensitivity	g__Luteimonas	20	0	0	-0.00720961	0.927279	0.964779
PRJNA813034	OTU_VSEARCH_97	Greengenes_13_8	sensitivity	g__Lysinibacillus	20	0	0	0.420726	0.0362339	0.205084
PRJNA813034	OTU_VSEARCH_97	Greengenes_13_8	sensitivity	g__Lysobacter	20	0	0	0.22504	0.132727	0.298108
PRJNA813034	OTU_VSEARCH_97	Greengenes_13_8	sensitivity	g__Macrococcus	20	0	0	0.281792	0.0214844	0.155899
PRJNA813034	OTU_VSEARCH_97	Greengenes_13_8	sensitivity	g__Marinibacillus	20	0	0	0.0746094	0.311794	0.51301
PRJNA813034	OTU_VSEARCH_97	Greengenes_13_8	sensitivity	g__Marinobacter	20	0	0	0.147584	0.34881	0.539417
PRJNA813034	OTU_VSEARCH_97	Greengenes_13_8	sensitivity	g__Megasphaera	20	3.80233e-05	0.000227845	-0.51046	0.388376	0.590917
PRJNA813034	OTU_VSEARCH_97	Greengenes_13_8	sensitivity	g__Mesorhizobium	20	0	0	0.281792	0.132727	0.298108
PRJNA813034	OTU_VSEARCH_97	Greengenes_13_8	sensitivity	g__Methylibium	20	0	0	0.22504	0.132727	0.298108
PRJNA813034	OTU_VSEARCH_97	Greengenes_13_8	sensitivity	g__Methylobacterium	20	0	6.73192e-06	-0.105716	0.176853	0.357496
PRJNA813034	OTU_VSEARCH_97	Greengenes_13_8	sensitivity	g__Microbacterium	20	0	2.27103e-05	-0.589767	0.00638962	0.151246
PRJNA813034	OTU_VSEARCH_97	Greengenes_13_8	sensitivity	g__Microbispora	20	0	0	0.208818	0.089695	0.278942
PRJNA813034	OTU_VSEARCH_97	Greengenes_13_8	sensitivity	g__Micrococcus	20	1.9154e-05	7.21409e-05	-0.35798	0.277355	0.478607
PRJNA813034	OTU_VSEARCH_97	Greengenes_13_8	sensitivity	g__Microlunatus	20	0	0	0.351297	0.176853	0.357496
PRJNA813034	OTU_VSEARCH_97	Greengenes_13_8	sensitivity	g__Mobiluncus	20	0	0	0.351297	0.0106888	0.151246
PRJNA813034	OTU_VSEARCH_97	Greengenes_13_8	sensitivity	g__Mogibacterium	20	4.2387e-05	0.000168307	-0.270457	0.647655	0.814607
PRJNA813034	OTU_VSEARCH_97	Greengenes_13_8	sensitivity	g__Morganella	20	0	0	0.313169	0.123093	0.298108
PRJNA813034	OTU_VSEARCH_97	Greengenes_13_8	sensitivity	g__Moryella	20	1.47766e-05	0.000178063	-0.860921	0.0327682	0.197307
PRJNA813034	OTU_VSEARCH_97	Greengenes_13_8	sensitivity	g__Mucispirillum	20	0	0	-0.00720961	0.840822	0.933148
PRJNA813034	OTU_VSEARCH_97	Greengenes_13_8	sensitivity	g__Mycobacterium	20	0	0	0.0746094	0.621513	0.79229
PRJNA813034	OTU_VSEARCH_97	Greengenes_13_8	sensitivity	g__Mycoplana	20	0	0	0.351297	0.0695801	0.269742
PRJNA813034	OTU_VSEARCH_97	Greengenes_13_8	sensitivity	g__Mycoplasma	20	1.57846e-05	0.000159231	-0.245285	0.294252	0.492742
PRJNA813034	OTU_VSEARCH_97	Greengenes_13_8	sensitivity	g__Myroides	20	0	0	0.0746094	0.34881	0.539417
PRJNA813034	OTU_VSEARCH_97	Greengenes_13_8	sensitivity	g__Nannocystis	20	0	0	0.281792	0.08255	0.278942
PRJNA813034	OTU_VSEARCH_97	Greengenes_13_8	sensitivity	g__Neisseria	20	0.00348797	0.0253021	-2.10234	0.00729561	0.151246
PRJNA813034	OTU_VSEARCH_97	Greengenes_13_8	sensitivity	g__Nesterenkonia	20	0	0	0.0411811	0.784126	0.902064
PRJNA813034	OTU_VSEARCH_97	Greengenes_13_8	sensitivity	g__Nitrospira	20	0	0	0.208818	0.089695	0.278942
PRJNA813034	OTU_VSEARCH_97	Greengenes_13_8	sensitivity	g__Nocardioides	20	0	0	0.281792	0.0582581	0.261699
PRJNA813034	OTU_VSEARCH_97	Greengenes_13_8	sensitivity	g__Ochrobactrum	20	0	5.32069e-05	-1.05344	0.00198555	0.151246
PRJNA813034	OTU_VSEARCH_97	Greengenes_13_8	sensitivity	g__Odoribacter	20	0	0	-0.00720961	0.898317	0.94507
PRJNA813034	OTU_VSEARCH_97	Greengenes_13_8	sensitivity	g__Oligella	20	0	0	0.0746094	0.245487	0.451123
PRJNA813034	OTU_VSEARCH_97	Greengenes_13_8	sensitivity	g__Oribacterium	20	0.00123469	0.00102437	-0.119628	0.545876	0.721882
PRJNA813034	OTU_VSEARCH_97	Greengenes_13_8	sensitivity	g__Oscillospira	20	0	0	-0.107964	0.329983	0.5276
PRJNA813034	OTU_VSEARCH_97	Greengenes_13_8	sensitivity	g__Paenibacillus	20	0	0	0.147584	0.34881	0.539417
PRJNA813034	OTU_VSEARCH_97	Greengenes_13_8	sensitivity	g__Paludibacter	20	1.84886e-05	7.4623e-05	-0.443839	0.647655	0.814607
PRJNA813034	OTU_VSEARCH_97	Greengenes_13_8	sensitivity	g__Pandoraea	20	0	0	0.351297	0.08255	0.278942
PRJNA813034	OTU_VSEARCH_97	Greengenes_13_8	sensitivity	g__Parabacteroides	20	0	0	-0.0493118	0.701181	0.859023
PRJNA813034	OTU_VSEARCH_97	Greengenes_13_8	sensitivity	g__Paracoccus	20	0	3.0752e-05	-0.62723	0.0214844	0.155899
PRJNA813034	OTU_VSEARCH_97	Greengenes_13_8	sensitivity	g__Parvimonas	20	0.00445922	0.00113381	2.15607	0.044054	0.226678
PRJNA813034	OTU_VSEARCH_97	Greengenes_13_8	sensitivity	g__Pedobacter	20	0	0	0.351297	0.0399895	0.213529
PRJNA813034	OTU_VSEARCH_97	Greengenes_13_8	sensitivity	g__Pedomicrobium	20	0	0	0.22504	0.132727	0.298108
PRJNA813034	OTU_VSEARCH_97	Greengenes_13_8	sensitivity	g__Peptococcus	20	0.000108	7.53482e-05	0.608548	0.245487	0.451123
PRJNA813034	OTU_VSEARCH_97	Greengenes_13_8	sensitivity	g__Peptoniphilus	20	1.16575e-05	1.5376e-05	0.162739	0.545876	0.721882
PRJNA813034	OTU_VSEARCH_97	Greengenes_13_8	sensitivity	g__Peptostreptococcus	20	0.012723	0.00384043	1.17213	0.189348	0.377363
PRJNA813034	OTU_VSEARCH_97	Greengenes_13_8	sensitivity	g__Phaeospirillum	20	0	0	0.281792	0.0266418	0.163905
PRJNA813034	OTU_VSEARCH_97	Greengenes_13_8	sensitivity	g__Phascolarctobacterium	20	0	0	-0.00720961	0.595819	0.773472
PRJNA813034	OTU_VSEARCH_97	Greengenes_13_8	sensitivity	g__Phenylobacterium	20	0	0	0.131362	0.674223	0.836864
PRJNA813034	OTU_VSEARCH_97	Greengenes_13_8	sensitivity	g__Phormidium	20	0	0	0.351297	0.0214844	0.155899
PRJNA813034	OTU_VSEARCH_97	Greengenes_13_8	sensitivity	g__Pilimelia	20	0	0	0.208818	0.132727	0.298108
PRJNA813034	OTU_VSEARCH_97	Greengenes_13_8	sensitivity	g__Planctomyces	20	0	0	-0.0449487	0.498009	0.697705
PRJNA813034	OTU_VSEARCH_97	Greengenes_13_8	sensitivity	g__Planococcus	20	0	0	0.0746094	0.728506	0.87359
PRJNA813034	OTU_VSEARCH_97	Greengenes_13_8	sensitivity	g__Plesiocystis	20	0	0	0.281792	0.0266418	0.163905
PRJNA813034	OTU_VSEARCH_97	Greengenes_13_8	sensitivity	g__Polaribacter	20	0	0	0.351297	0.0106888	0.151246
PRJNA813034	OTU_VSEARCH_97	Greengenes_13_8	sensitivity	g__Porphyromonas	20	0.0107294	0.00712383	0.256009	0.985435	0.992449
PRJNA813034	OTU_VSEARCH_97	Greengenes_13_8	sensitivity	g__Prevotella	20	0.00666454	0.00771733	-0.863385	0.812355	0.919586
PRJNA813034	OTU_VSEARCH_97	Greengenes_13_8	sensitivity	g__Propionibacterium	20	2.53553e-05	7.55835e-05	-0.982217	0.0484409	0.22848
PRJNA813034	OTU_VSEARCH_97	Greengenes_13_8	sensitivity	g__Propionicimonas	20	0	0	0.22504	0.142906	0.311096
PRJNA813034	OTU_VSEARCH_97	Greengenes_13_8	sensitivity	g__Propionivibrio	20	0	0	-0.0449487	0.570597	0.747587
PRJNA813034	OTU_VSEARCH_97	Greengenes_13_8	sensitivity	g__Proteus	20	0	0	0.281792	0.0192337	0.155899
PRJNA813034	OTU_VSEARCH_97	Greengenes_13_8	sensitivity	g__Providencia	20	0	0	0.22504	0.261099	0.467664
PRJNA813034	OTU_VSEARCH_97	Greengenes_13_8	sensitivity	g__Pseudoalteromonas	20	0	0	0.281792	0.044054	0.226678
PRJNA813034	OTU_VSEARCH_97	Greengenes_13_8	sensitivity	g__Pseudomonas	20	0.000156217	0.000212444	0.245696	0.898317	0.94507
PRJNA813034	OTU_VSEARCH_97	Greengenes_13_8	sensitivity	g__Pseudonocardia	20	0	0	0.22504	0.521673	0.703017
PRJNA813034	OTU_VSEARCH_97	Greengenes_13_8	sensitivity	g__Pseudoramibacter_Eubacterium	20	0	0	-0.0134228	1	1
PRJNA813034	OTU_VSEARCH_97	Greengenes_13_8	sensitivity	g__Pseudoxanthomonas	20	0	0	0.22504	0.261099	0.467664
PRJNA813034	OTU_VSEARCH_97	Greengenes_13_8	sensitivity	g__Pyramidobacter	20	0	0	0.17539	0.452375	0.643328
PRJNA813034	OTU_VSEARCH_97	Greengenes_13_8	sensitivity	g__RFN20	20	0	0	0.351297	0.0106888	0.151246
PRJNA813034	OTU_VSEARCH_97	Greengenes_13_8	sensitivity	g__Ralstonia	20	0	0	0.208818	0.164957	0.345799
PRJNA813034	OTU_VSEARCH_97	Greengenes_13_8	sensitivity	g__Ramlibacter	20	0	0	0.351297	0.0106888	0.151246
PRJNA813034	OTU_VSEARCH_97	Greengenes_13_8	sensitivity	g__Rheinheimera	20	0	0	0.281792	0.0399895	0.213529
PRJNA813034	OTU_VSEARCH_97	Greengenes_13_8	sensitivity	g__Rhodobacter	20	0	0	0.22504	0.20245	0.395126
PRJNA813034	OTU_VSEARCH_97	Greengenes_13_8	sensitivity	g__Rhodobium	20	0	0	0.208818	0.089695	0.278942
PRJNA813034	OTU_VSEARCH_97	Greengenes_13_8	sensitivity	g__Rhodococcus	20	0	1.45602e-05	-0.335893	0.142906	0.311096
PRJNA813034	OTU_VSEARCH_97	Greengenes_13_8	sensitivity	g__Rhodoplanes	20	0	0	0.22504	0.277355	0.478607
PRJNA813034	OTU_VSEARCH_97	Greengenes_13_8	sensitivity	g__Rickettsiella	20	0	0	0.351297	0.0106888	0.151246
PRJNA813034	OTU_VSEARCH_97	Greengenes_13_8	sensitivity	g__Roseateles	20	0	0	0.281792	0.08255	0.278942
PRJNA813034	OTU_VSEARCH_97	Greengenes_13_8	sensitivity	g__Roseomonas	20	0	0	-0.0493118	0.956329	0.980584
PRJNA813034	OTU_VSEARCH_97	Greengenes_13_8	sensitivity	g__Rothia	20	0.00024269	0.0120839	-2.63624	0.000850677	0.151246
PRJNA813034	OTU_VSEARCH_97	Greengenes_13_8	sensitivity	g__Rubellimicrobium	20	0	0	0.351297	0.0171814	0.155899
PRJNA813034	OTU_VSEARCH_97	Greengenes_13_8	sensitivity	g__Rubrobacter	20	0	0	-0.0493118	0.784126	0.902064
PRJNA813034	OTU_VSEARCH_97	Greengenes_13_8	sensitivity	g__Ruminococcus	20	0	0	-0.0223249	0.927279	0.964779
PRJNA813034	OTU_VSEARCH_97	Greengenes_13_8	sensitivity	g__Rummeliibacillus	20	0	0	0.351297	0.0106888	0.151246
PRJNA813034	OTU_VSEARCH_97	Greengenes_13_8	sensitivity	g__SHD-231	20	0	1.57737e-05	0.0428654	0.329983	0.5276
PRJNA813034	OTU_VSEARCH_97	Greengenes_13_8	sensitivity	g__Saccharopolyspora	20	0	0	-0.0449487	0.956329	0.980584
PRJNA813034	OTU_VSEARCH_97	Greengenes_13_8	sensitivity	g__Salinicoccus	20	0	0	0.22504	0.142906	0.311096
PRJNA813034	OTU_VSEARCH_97	Greengenes_13_8	sensitivity	g__Salinisphaera	20	0	0	0.420726	0.00422096	0.151246
PRJNA813034	OTU_VSEARCH_97	Greengenes_13_8	sensitivity	g__Scardovia	20	0	0	0.0573663	0.728506	0.87359
PRJNA813034	OTU_VSEARCH_97	Greengenes_13_8	sensitivity	g__Schwartzia	20	9.61612e-05	8.39946e-05	0.918465	0.245487	0.451123
PRJNA813034	OTU_VSEARCH_97	Greengenes_13_8	sensitivity	g__Sedimentibacter	20	0	0	0.351297	0.0106888	0.151246
PRJNA813034	OTU_VSEARCH_97	Greengenes_13_8	sensitivity	g__Sediminibacterium	20	0	0	0.208818	0.089695	0.278942
PRJNA813034	OTU_VSEARCH_97	Greengenes_13_8	sensitivity	g__Selenomonas	20	0.00418224	0.00426484	0.718716	0.189348	0.377363
PRJNA813034	OTU_VSEARCH_97	Greengenes_13_8	sensitivity	g__Serratia	20	0	0	0.281792	0.0214844	0.155899
PRJNA813034	OTU_VSEARCH_97	Greengenes_13_8	sensitivity	g__Sharpea	20	0	0	-0.0449487	0.784126	0.902064
PRJNA813034	OTU_VSEARCH_97	Greengenes_13_8	sensitivity	g__Shewanella	20	3.75201e-05	7.56929e-05	-0.324374	0.728506	0.87359
PRJNA813034	OTU_VSEARCH_97	Greengenes_13_8	sensitivity	g__Shuttleworthia	20	0	0	0.281792	0.0192337	0.155899
PRJNA813034	OTU_VSEARCH_97	Greengenes_13_8	sensitivity	g__Simplicispira	20	0	0	0.208818	0.089695	0.278942
PRJNA813034	OTU_VSEARCH_97	Greengenes_13_8	sensitivity	g__Skermanella	20	0	0	-0.00720961	0.570597	0.747587
PRJNA813034	OTU_VSEARCH_97	Greengenes_13_8	sensitivity	g__Slackia	20	2.71493e-05	3.34079e-05	0.314691	0.245487	0.451123
PRJNA813034	OTU_VSEARCH_97	Greengenes_13_8	sensitivity	g__Sneathia	20	0	0	0.208818	0.113987	0.298108
PRJNA813034	OTU_VSEARCH_97	Greengenes_13_8	sensitivity	g__Sphaerochaeta	20	0	0	0.281792	0.08255	0.278942
PRJNA813034	OTU_VSEARCH_97	Greengenes_13_8	sensitivity	g__Sphingobacterium	20	0	0	-0.0449487	0.956329	0.980584
PRJNA813034	OTU_VSEARCH_97	Greengenes_13_8	sensitivity	g__Sphingobium	20	0	0	0.22504	0.153646	0.331923
PRJNA813034	OTU_VSEARCH_97	Greengenes_13_8	sensitivity	g__Sphingomonas	20	3.22271e-05	4.15888e-05	-0.270457	0.430433	0.621493
PRJNA813034	OTU_VSEARCH_97	Greengenes_13_8	sensitivity	g__Sphingopyxis	20	0	0	0.22504	0.132727	0.298108
PRJNA813034	OTU_VSEARCH_97	Greengenes_13_8	sensitivity	g__Spirosoma	20	0	0	0.208818	0.123093	0.298108
PRJNA813034	OTU_VSEARCH_97	Greengenes_13_8	sensitivity	g__Staphylococcus	20	8.62383e-05	0.000505835	-0.561473	0.329983	0.5276
PRJNA813034	OTU_VSEARCH_97	Greengenes_13_8	sensitivity	g__Stenotrophomonas	20	0	6.07054e-06	-0.0962548	0.409098	0.60934
PRJNA813034	OTU_VSEARCH_97	Greengenes_13_8	sensitivity	g__Streptococcus	20	0.0145032	0.0651617	-1.46703	0.0531693	0.24667
PRJNA813034	OTU_VSEARCH_97	Greengenes_13_8	sensitivity	g__Streptomyces	20	0	1.51599e-05	-0.820289	0.0153122	0.155899
PRJNA813034	OTU_VSEARCH_97	Greengenes_13_8	sensitivity	g__Sulfuricurvum	20	0	0	0.351297	0.08255	0.278942
PRJNA813034	OTU_VSEARCH_97	Greengenes_13_8	sensitivity	g__Sutterella	20	0	0	-0.00720961	0.898317	0.94507
PRJNA813034	OTU_VSEARCH_97	Greengenes_13_8	sensitivity	g__TG5	20	9.59251e-05	0.000144561	0.136916	0.621513	0.79229
PRJNA813034	OTU_VSEARCH_97	Greengenes_13_8	sensitivity	g__Tannerella	20	6.72094e-05	0.000128617	0.30054	0.756166	0.891646
PRJNA813034	OTU_VSEARCH_97	Greengenes_13_8	sensitivity	g__Tepidimonas	20	0	0	0.22504	0.132727	0.298108
PRJNA813034	OTU_VSEARCH_97	Greengenes_13_8	sensitivity	g__Thermicanus	20	0	0	0.281792	0.0192337	0.155899
PRJNA813034	OTU_VSEARCH_97	Greengenes_13_8	sensitivity	g__Thermus	20	0	0	0.335076	0.164957	0.345799
PRJNA813034	OTU_VSEARCH_97	Greengenes_13_8	sensitivity	g__Treponema	20	0.00216923	0.00520307	0.84543	0.294252	0.492742
PRJNA813034	OTU_VSEARCH_97	Greengenes_13_8	sensitivity	g__Trichococcus	20	0	0	0.367443	0.0266418	0.163905
PRJNA813034	OTU_VSEARCH_97	Greengenes_13_8	sensitivity	g__Trueperella	20	0	0	0.0746094	0.388376	0.590917
PRJNA813034	OTU_VSEARCH_97	Greengenes_13_8	sensitivity	g__Turicibacter	20	0	0	0.351297	0.0484409	0.22848
PRJNA813034	OTU_VSEARCH_97	Greengenes_13_8	sensitivity	g__Vagococcus	20	0	1.26851e-05	-0.0962548	0.329983	0.5276
PRJNA813034	OTU_VSEARCH_97	Greengenes_13_8	sensitivity	g__Varibaculum	20	0	0	0.420726	0.00485992	0.151246
PRJNA813034	OTU_VSEARCH_97	Greengenes_13_8	sensitivity	g__Variovorax	20	0	0	0.0746094	0.230513	0.440778
PRJNA813034	OTU_VSEARCH_97	Greengenes_13_8	sensitivity	g__Veillonella	20	0.000365665	0.00180033	-1.16888	0.0484409	0.22848
PRJNA813034	OTU_VSEARCH_97	Greengenes_13_8	sensitivity	g__Vibrio	20	0	0	0.208818	0.08255	0.278942
PRJNA813034	OTU_VSEARCH_97	Greengenes_13_8	sensitivity	g__Virgisporangium	20	0	0	0.114538	0.20245	0.395126
PRJNA813034	OTU_VSEARCH_97	Greengenes_13_8	sensitivity	g__Vogesella	20	0	0	-0.00720961	0.701181	0.859023
PRJNA813034	OTU_VSEARCH_97	Greengenes_13_8	sensitivity	g__WAL_1855D	20	0	0	0.0370821	0.277355	0.478607
PRJNA813034	OTU_VSEARCH_97	Greengenes_13_8	sensitivity	g__Xylanimicrobium	20	0	0	0.131362	0.621513	0.79229
PRJNA813034	OTU_VSEARCH_97	Greengenes_13_8	sensitivity	g__Zoogloea	20	0	0	0.0746094	0.34881	0.539417
PRJNA813034	OTU_VSEARCH_97	Greengenes_13_8	sensitivity	g__[Eubacterium]	20	0	0	0.120988	0.674223	0.836864
PRJNA813034	OTU_VSEARCH_97	Greengenes_13_8	sensitivity	g__[Prevotella]	20	0.00225703	0.00216261	-0.101625	0.840822	0.933148
PRJNA813034	OTU_VSEARCH_97	Greengenes_13_8	sensitivity	g__[Ruminococcus]	20	0	0	-0.00720961	0.840822	0.933148
PRJNA813034	OTU_VSEARCH_97	Greengenes_13_8	sensitivity	g__ph2	20	0	0	0.351297	0.0214844	0.155899
