	Unclassified	g__1-68	g__AF12	g__Abiotrophia	g__Achromobacter	g__Acidaminococcus	g__Acidovorax	g__Acinetobacter	g__Actinobacillus	g__Actinomadura	g__Actinomyces	g__Actinomycetospora	g__Actinoplanes	g__Actinopolymorpha	g__Adlercreutzia	g__Aerococcus	g__Aeromicrobium	g__Aggregatibacter	g__Agrobacterium	g__Agromyces	g__Akkermansia	g__Alcanivorax	g__Alkaliphilus	g__Alkanindiges	g__Allobaculum	g__Alloiococcus	g__Amaricoccus	g__Ammoniphilus	g__Anabaena	g__Anaerobacillus	g__Anaerococcus	g__Anaeroplasma	g__Anaerostipes	g__Anaerotruncus	g__Anaerovorax	g__Anoxybacillus	g__Aquicella	g__Arcanobacterium	g__Arsenicicoccus	g__Arthrobacter	g__Atopobium	g__Azospirillum	g__Bacillus	g__Bacteroides	g__Balneimonas	g__Bdellovibrio	g__Bifidobacterium	g__Bilophila	g__Blautia	g__Brachybacterium	g__Bradyrhizobium	g__Brevibacillus	g__Brevibacterium	g__Brevundimonas	g__Bulleidia	g__Burkholderia	g__Butyricimonas	g__Butyrivibrio	g__C39	g__CM44	g__Caldicoprobacter	g__Caldilinea	g__Campylobacter	g__Candidatus Koribacter	g__Candidatus Rhabdochlamydia	g__Candidatus Rhodoluna	g__Candidatus Solibacter	g__Capnocytophaga	g__Cardiobacterium	g__Catonella	g__Cellulomonas	g__Cellulosimicrobium	g__Chitinophaga	g__Chryseobacterium	g__Chthoniobacter	g__Citrobacter	g__Cloacibacterium	g__Clostridium	g__Cohnella	g__Comamonas	g__Coprobacillus	g__Coprococcus	g__Coprothermobacter	g__Corynebacterium	g__DA101	g__Dactylosporangium	g__Dehalobacterium	g__Deinococcus	g__Delftia	g__Dermabacter	g__Dermacoccus	g__Desemzia	g__Desulfobulbus	g__Desulfosporosinus	g__Desulfotomaculum	g__Desulfovibrio	g__Devosia	g__Dialister	g__Dietzia	g__Dorea	g__Dyadobacter	g__Dysgonomonas	g__Eikenella	g__Enhydrobacter	g__Enterobacter	g__Enterococcus	g__Epulopiscium	g__Erwinia	g__Ethanoligenens	g__Exiguobacterium	g__Facklamia	g__Faecalibacterium	g__Filifactor	g__Fimbriimonas	g__Finegoldia	g__Flavisolibacter	g__Flavobacterium	g__Flexispira	g__Fluviicola	g__Fusobacterium	g__Gemella	g__Gemmata	g__Gemmatimonas	g__Geobacillus	g__Geobacter	g__Geodermatophilus	g__Gordonia	g__Granulicatella	g__Haemophilus	g__Halomonas	g__Helcococcus	g__Helicobacter	g__Holdemania	g__Hydrogenophaga	g__Hylemonella	g__Jeotgalicoccus	g__Jonquetella	g__Kaistobacter	g__Kingella	g__Klebsiella	g__Kocuria	g__Lactobacillus	g__Lactococcus	g__Lautropia	g__Legionella	g__Leptotrichia	g__Leucobacter	g__Limnobacter	g__Luteibacter	g__Luteimonas	g__Lysinibacillus	g__Lysobacter	g__Macrococcus	g__Marinibacillus	g__Marinobacter	g__Megasphaera	g__Mesorhizobium	g__Methylibium	g__Methylobacterium	g__Microbacterium	g__Microbispora	g__Micrococcus	g__Microlunatus	g__Mobiluncus	g__Mogibacterium	g__Morganella	g__Moryella	g__Mucispirillum	g__Mycobacterium	g__Mycoplana	g__Mycoplasma	g__Myroides	g__Nannocystis	g__Neisseria	g__Nesterenkonia	g__Nitrospira	g__Nocardioides	g__Ochrobactrum	g__Odoribacter	g__Oligella	g__Oribacterium	g__Oscillospira	g__Paenibacillus	g__Paludibacter	g__Pandoraea	g__Parabacteroides	g__Paracoccus	g__Parvimonas	g__Pedobacter	g__Pedomicrobium	g__Peptococcus	g__Peptoniphilus	g__Peptostreptococcus	g__Phaeospirillum	g__Phascolarctobacterium	g__Phenylobacterium	g__Phormidium	g__Pilimelia	g__Planctomyces	g__Planococcus	g__Plesiocystis	g__Polaribacter	g__Porphyromonas	g__Prevotella	g__Propionibacterium	g__Propionicimonas	g__Propionivibrio	g__Proteus	g__Providencia	g__Pseudoalteromonas	g__Pseudomonas	g__Pseudonocardia	g__Pseudoramibacter_Eubacterium	g__Pseudoxanthomonas	g__Pyramidobacter	g__RFN20	g__Ralstonia	g__Ramlibacter	g__Rheinheimera	g__Rhodobacter	g__Rhodobium	g__Rhodococcus	g__Rhodoplanes	g__Rickettsiella	g__Roseateles	g__Roseomonas	g__Rothia	g__Rubellimicrobium	g__Rubrobacter	g__Ruminococcus	g__Rummeliibacillus	g__SHD-231	g__Saccharopolyspora	g__Salinicoccus	g__Salinisphaera	g__Scardovia	g__Schwartzia	g__Sedimentibacter	g__Sediminibacterium	g__Selenomonas	g__Serratia	g__Sharpea	g__Shewanella	g__Shuttleworthia	g__Simplicispira	g__Skermanella	g__Slackia	g__Sneathia	g__Sphaerochaeta	g__Sphingobacterium	g__Sphingobium	g__Sphingomonas	g__Sphingopyxis	g__Spirosoma	g__Staphylococcus	g__Stenotrophomonas	g__Streptococcus	g__Streptomyces	g__Sulfuricurvum	g__Sutterella	g__TG5	g__Tannerella	g__Tepidimonas	g__Thermicanus	g__Thermus	g__Treponema	g__Trichococcus	g__Trueperella	g__Turicibacter	g__Vagococcus	g__Varibaculum	g__Variovorax	g__Veillonella	g__Vibrio	g__Virgisporangium	g__Vogesella	g__WAL_1855D	g__Xylanimicrobium	g__Zoogloea	g__[Eubacterium]	g__[Prevotella]	g__[Ruminococcus]	g__ph2
SRR18236708	8.10124	0.0285642	-1.07005	0.0285642	2.14883	-1.07005	-1.07005	-1.07005	-1.07005	-1.07005	6.98796	-1.07005	-1.07005	-1.07005	-1.07005	-1.07005	-1.07005	2.4853	0.0285642	-1.07005	-1.07005	-1.07005	-1.07005	-1.07005	-1.07005	-1.07005	-1.07005	-1.07005	-1.07005	-1.07005	-1.07005	-1.07005	-1.07005	-1.07005	-1.07005	-1.07005	-1.07005	0.0285642	-1.07005	-1.07005	3.92038	0.0285642	0.875862	-1.07005	-1.07005	-1.07005	-1.07005	-1.07005	-1.07005	-1.07005	-1.07005	-1.07005	-1.07005	0.53939	2.64352	-1.07005	-1.07005	4.9534	-1.07005	-1.07005	-1.07005	-1.07005	7.3209	-1.07005	-1.07005	-1.07005	-1.07005	6.56863	2.4853	4.94855	-1.07005	-1.07005	-1.07005	0.0285642	-1.07005	-1.07005	0.53939	-1.07005	-1.07005	-1.07005	-1.07005	-1.07005	0.0285642	3.74214	-1.07005	-1.07005	-1.07005	-1.07005	-1.07005	-1.07005	-1.07005	-1.07005	2.7801	-1.07005	-1.07005	0.0285642	-1.07005	6.02585	-1.07005	-1.07005	-1.07005	-1.07005	3.07309	0.0285642	-1.07005	0.53939	-1.07005	-1.07005	-1.07005	-1.07005	-1.07005	-1.07005	7.24699	-1.07005	-1.07005	-1.07005	-1.07005	-1.07005	-1.07005	10.2551	5.70418	-1.07005	-1.07005	-1.07005	-1.07005	-1.07005	-1.07005	-1.07005	0.875862	1.4949	0.0285642	-1.07005	-1.07005	-1.07005	-1.07005	-1.07005	-1.07005	-1.07005	-1.07005	-1.07005	-1.07005	-1.07005	-1.07005	1.97447	-1.07005	8.56967	0.0285642	-1.07005	-1.07005	-1.07005	-1.07005	-1.07005	-1.07005	-1.07005	-1.07005	3.34879	-1.07005	-1.07005	-1.07005	-1.07005	-1.07005	-1.07005	-1.07005	-1.07005	3.70908	-1.07005	2.22579	-1.07005	-1.07005	-1.07005	-1.07005	-1.07005	-1.07005	3.94723	-1.07005	-1.07005	-1.07005	4.39801	-1.07005	-1.07005	5.11822	-1.07005	-1.07005	5.86629	-1.07005	-1.07005	0.0285642	5.41764	-1.07005	-1.07005	5.45057	1.12718	6.2597	-1.07005	-1.07005	-1.07005	-1.07005	-1.07005	-1.07005	-1.07005	-1.07005	-1.07005	6.95841	6.16917	0.53939	-1.07005	-1.07005	-1.07005	-1.07005	-1.07005	3.99886	-1.07005	-1.07005	-1.07005	-1.07005	-1.07005	-1.07005	-1.07005	-1.07005	-1.07005	-1.07005	0.0285642	-1.07005	-1.07005	-1.07005	-1.07005	2.7801	-1.07005	-1.07005	-1.07005	-1.07005	4.26267	-1.07005	-1.07005	-1.07005	-1.07005	3.27376	-1.07005	-1.07005	7.28298	-1.07005	-1.07005	0.875862	-1.07005	-1.07005	-1.07005	2.14883	-1.07005	-1.07005	-1.07005	-1.07005	-1.07005	-1.07005	-1.07005	0.875862	-1.07005	7.76502	1.32785	-1.07005	-1.07005	4.40642	6.13112	-1.07005	-1.07005	-1.07005	7.04935	-1.07005	-1.07005	-1.07005	-1.07005	-1.07005	-1.07005	3.87871	-1.07005	-1.07005	-1.07005	1.76317	-1.07005	-1.07005	-1.07005	3.46255	-1.07005	-1.07005
SRR18236719	6.77822	-1.28358	-1.28358	-0.184966	3.96869	-1.28358	-1.28358	0.325859	-0.184966	0.325859	5.3667	-1.28358	-1.28358	-1.28358	-1.28358	-1.28358	-1.28358	3.67927	-1.28358	-1.28358	-1.28358	-1.28358	-1.28358	-1.28358	-1.28358	-1.28358	-0.184966	-1.28358	-1.28358	-1.28358	-1.28358	-1.28358	-1.28358	-1.28358	0.913646	-1.28358	0.662332	1.28137	-1.28358	-0.184966	2.64825	2.27177	3.31154	-1.28358	-1.28358	0.325859	2.56657	-1.28358	-1.28358	0.325859	-1.28358	-1.28358	2.01226	2.72375	1.66086	-1.28358	-1.28358	1.66086	0.662332	-1.28358	-1.28358	-1.28358	4.47532	0.662332	-1.28358	-1.28358	-1.28358	4.5483	0.662332	3.08587	-1.28358	-1.28358	-1.28358	-1.28358	-1.28358	-1.28358	-0.184966	-1.28358	-1.28358	-1.28358	-1.28358	-1.28358	-1.28358	3.46135	-1.28358	-1.28358	-1.28358	-1.28358	-1.28358	1.11432	0.662332	-1.28358	2.01226	0.325859	-1.28358	-1.28358	-1.28358	3.40777	-1.28358	-1.28358	-1.28358	-1.28358	1.54963	0.325859	-1.28358	1.42447	-1.28358	-0.184966	-1.28358	0.662332	-1.28358	-1.28358	1.11432	-1.28358	-1.28358	-0.184966	-1.28358	-1.28358	-1.28358	5.86241	4.85415	0.662332	-1.28358	-1.28358	-1.28358	-1.28358	-1.28358	1.66086	3.7337	5.62916	-1.28358	-1.28358	-1.28358	-1.28358	-1.28358	-1.28358	-0.184966	0.325859	-0.184966	-1.28358	0.325859	-1.28358	-1.28358	5.16373	-1.28358	5.2887	-1.28358	-1.28358	-1.28358	-1.28358	-1.28358	-1.28358	-1.28358	-1.28358	-1.28358	2.92111	-1.28358	-1.28358	1.42447	0.913646	-1.28358	2.01226	-0.184966	-1.28358	1.11432	1.28137	2.15041	-1.28358	0.662332	-1.28358	-0.184966	-0.184966	0.913646	6.28532	-0.184966	-1.28358	-1.28358	5.78374	-1.28358	-1.28358	2.01226	-1.28358	-1.28358	2.27177	0.662332	-1.28358	2.68671	1.28137	-1.28358	-1.28358	2.56657	-1.28358	4.84982	-1.28358	-1.28358	1.42447	-1.28358	-1.28358	-0.184966	-1.28358	-1.28358	-1.28358	3.6364	4.48161	2.89081	-1.28358	-1.28358	-0.184966	-0.184966	-1.28358	2.60824	-1.28358	-1.28358	-1.28358	2.89081	-1.28358	-1.28358	-1.28358	-1.28358	-1.28358	-1.28358	-0.184966	1.54963	-1.28358	0.325859	0.662332	6.61854	-1.28358	-1.28358	-1.28358	-1.28358	1.28137	-1.28358	-1.28358	-1.28358	0.662332	3.29113	-1.28358	-1.28358	4.82789	-1.28358	0.325859	4.39659	-1.28358	-1.28358	-1.28358	1.42447	-1.28358	-1.28358	-0.184966	-1.28358	1.42447	-1.28358	-1.28358	3.24902	2.21293	7.02708	2.79396	-1.28358	-1.28358	3.15907	0.325859	-1.28358	-1.28358	-1.28358	3.7337	-1.28358	-1.28358	-1.28358	-0.184966	-1.28358	-1.28358	4.71038	-1.28358	-1.28358	-1.28358	-1.28358	0.662332	-1.28358	-0.184966	2.32734	-1.28358	-1.28358
SRR18236725	8.42147	-0.742517	-0.742517	5.2663	-0.742517	-0.742517	0.356095	-0.742517	1.82243	-0.742517	8.944	-0.742517	-0.742517	-0.742517	-0.742517	-0.742517	-0.742517	1.20339	-0.742517	-0.742517	-0.742517	-0.742517	-0.742517	-0.742517	-0.742517	-0.742517	-0.742517	-0.742517	-0.742517	-0.742517	-0.742517	-0.742517	-0.742517	-0.742517	-0.742517	-0.742517	-0.742517	-0.742517	-0.742517	0.866921	-0.742517	-0.742517	-0.742517	-0.742517	-0.742517	-0.742517	0.866921	-0.742517	-0.742517	-0.742517	-0.742517	-0.742517	-0.742517	-0.742517	5.75124	-0.742517	-0.742517	-0.742517	-0.742517	-0.742517	-0.742517	-0.742517	4.22033	-0.742517	-0.742517	-0.742517	-0.742517	8.85614	-0.742517	5.56193	-0.742517	-0.742517	-0.742517	-0.742517	-0.742517	-0.742517	-0.742517	-0.742517	-0.742517	-0.742517	-0.742517	1.45471	-0.742517	2.75399	-0.742517	-0.742517	-0.742517	-0.742517	-0.742517	-0.742517	-0.742517	-0.742517	-0.742517	-0.742517	-0.742517	-0.742517	-0.742517	0.356095	-0.742517	-0.742517	-0.742517	-0.742517	6.19964	-0.742517	-0.742517	2.0907	-0.742517	-0.742517	-0.742517	-0.742517	-0.742517	-0.742517	-0.742517	-0.742517	-0.742517	-0.742517	-0.742517	-0.742517	-0.742517	5.83256	8.94076	-0.742517	-0.742517	-0.742517	-0.742517	-0.742517	-0.742517	6.34673	7.79742	-0.742517	-0.742517	-0.742517	-0.742517	-0.742517	-0.742517	-0.742517	-0.742517	-0.742517	-0.742517	-0.742517	-0.742517	-0.742517	-0.742517	0.356095	-0.742517	6.73452	-0.742517	-0.742517	-0.742517	-0.742517	-0.742517	-0.742517	-0.742517	-0.742517	-0.742517	-0.742517	-0.742517	-0.742517	-0.742517	-0.742517	-0.742517	-0.742517	-0.742517	-0.742517	-0.742517	-0.742517	0.356095	-0.742517	-0.742517	-0.742517	0.356095	-0.742517	-0.742517	7.3739	-0.742517	-0.742517	-0.742517	-0.742517	-0.742517	-0.742517	7.14619	-0.742517	-0.742517	-0.742517	-0.742517	-0.742517	-0.742517	2.55332	-0.742517	-0.742517	1.65538	0.866921	4.97779	-0.742517	-0.742517	-0.742517	-0.742517	-0.742517	-0.742517	-0.742517	-0.742517	-0.742517	8.43973	6.69292	-0.742517	-0.742517	-0.742517	-0.742517	-0.742517	-0.742517	-0.742517	-0.742517	-0.742517	-0.742517	-0.742517	-0.742517	-0.742517	-0.742517	-0.742517	-0.742517	-0.742517	-0.742517	-0.742517	-0.742517	-0.742517	-0.742517	4.52017	-0.742517	-0.742517	-0.742517	-0.742517	-0.742517	-0.742517	-0.742517	-0.742517	-0.742517	-0.742517	-0.742517	-0.742517	4.56079	-0.742517	-0.742517	-0.742517	-0.742517	-0.742517	-0.742517	-0.742517	-0.742517	-0.742517	-0.742517	-0.742517	-0.742517	-0.742517	-0.742517	1.82243	-0.742517	9.78131	-0.742517	-0.742517	-0.742517	-0.742517	-0.742517	-0.742517	-0.742517	-0.742517	0.356095	0.866921	-0.742517	0.356095	1.65538	1.20339	-0.742517	2.8684	-0.742517	-0.742517	-0.742517	-0.742517	0.356095	-0.742517	-0.742517	6.95324	-0.742517	-0.742517
SRR18236726	8.86818	-0.850725	-0.850725	0.247888	-0.850725	-0.850725	0.758713	2.64578	-0.850725	-0.850725	5.93033	-0.850725	-0.850725	-0.850725	-0.850725	-0.850725	-0.850725	2.70462	-0.850725	-0.850725	-0.850725	-0.850725	-0.850725	-0.850725	-0.850725	-0.850725	-0.850725	-0.850725	-0.850725	-0.850725	0.247888	-0.850725	-0.850725	-0.850725	-0.850725	-0.850725	-0.850725	-0.850725	-0.850725	-0.850725	1.3465	-0.850725	0.758713	-0.850725	-0.850725	-0.850725	-0.850725	-0.850725	-0.850725	-0.850725	-0.850725	-0.850725	-0.850725	-0.850725	3.0811	-0.850725	-0.850725	0.758713	-0.850725	-0.850725	-0.850725	-0.850725	6.22846	-0.850725	-0.850725	-0.850725	-0.850725	8.24027	-0.850725	7.27992	-0.850725	-0.850725	-0.850725	-0.850725	-0.850725	-0.850725	-0.850725	-0.850725	-0.850725	-0.850725	-0.850725	-0.850725	-0.850725	6.94616	-0.850725	-0.850725	-0.850725	-0.850725	-0.850725	-0.850725	-0.850725	-0.850725	-0.850725	-0.850725	-0.850725	-0.850725	-0.850725	2.09371	-0.850725	-0.850725	-0.850725	-0.850725	5.08681	-0.850725	-0.850725	-0.850725	-0.850725	-0.850725	-0.850725	0.247888	-0.850725	-0.850725	-0.850725	-0.850725	0.247888	-0.850725	-0.850725	-0.850725	-0.850725	10.4784	6.61264	-0.850725	-0.850725	-0.850725	-0.850725	-0.850725	-0.850725	0.247888	4.59169	2.28477	-0.850725	-0.850725	-0.850725	-0.850725	-0.850725	-0.850725	-0.850725	-0.850725	-0.850725	-0.850725	-0.850725	-0.850725	0.247888	-0.850725	-0.850725	7.39072	-0.850725	-0.850725	-0.850725	-0.850725	-0.850725	-0.850725	-0.850725	-0.850725	-0.850725	1.09519	-0.850725	-0.850725	-0.850725	-0.850725	-0.850725	0.247888	-0.850725	-0.850725	0.758713	0.247888	1.09519	-0.850725	-0.850725	-0.850725	2.51657	-0.850725	-0.850725	5.38955	-0.850725	-0.850725	-0.850725	-0.850725	-0.850725	-0.850725	2.86285	-0.850725	-0.850725	1.54717	-0.850725	-0.850725	-0.850725	7.43655	-0.850725	-0.850725	6.59528	-0.850725	7.9047	-0.850725	-0.850725	-0.850725	-0.850725	-0.850725	-0.850725	-0.850725	-0.850725	-0.850725	6.8023	8.63201	0.247888	-0.850725	-0.850725	-0.850725	-0.850725	-0.850725	0.758713	-0.850725	0.247888	-0.850725	-0.850725	-0.850725	-0.850725	-0.850725	-0.850725	-0.850725	-0.850725	0.247888	-0.850725	-0.850725	-0.850725	-0.850725	1.09519	-0.850725	-0.850725	-0.850725	-0.850725	-0.850725	-0.850725	-0.850725	-0.850725	-0.850725	1.85733	-0.850725	-0.850725	7.38913	-0.850725	-0.850725	1.09519	-0.850725	-0.850725	-0.850725	2.64578	-0.850725	-0.850725	-0.850725	-0.850725	0.247888	-0.850725	-0.850725	4.08375	-0.850725	5.42026	0.247888	-0.850725	-0.850725	0.247888	1.71422	-0.850725	-0.850725	-0.850725	3.7444	-0.850725	-0.850725	-0.850725	-0.850725	-0.850725	-0.850725	4.66673	-0.850725	-0.850725	-0.850725	-0.850725	-0.850725	-0.850725	-0.850725	6.74968	-0.850725	-0.850725
SRR18236727	6.86815	-1.01981	-1.01981	0.589631	0.0788057	-1.01981	2.27603	6.0794	-1.01981	-1.01981	3.05773	-1.01981	-1.01981	-1.01981	-1.01981	-1.01981	-1.01981	1.17742	-1.01981	-1.01981	-1.01981	-1.01981	0.0788057	-1.01981	-1.01981	-1.01981	-1.01981	-1.01981	-1.01981	-1.01981	0.0788057	-1.01981	-1.01981	-1.01981	1.68824	-1.01981	-1.01981	-1.01981	-1.01981	-1.01981	0.926104	1.54514	2.02472	-1.01981	-1.01981	-1.01981	-1.01981	-1.01981	-1.01981	0.0788057	-1.01981	-1.01981	0.0788057	0.589631	4.43978	0.589631	-1.01981	2.53554	-1.01981	-1.01981	-1.01981	-1.01981	1.92463	-1.01981	-1.01981	-1.01981	-1.01981	6.67504	-1.01981	3.324	-1.01981	-1.01981	-1.01981	-1.01981	-1.01981	0.589631	-1.01981	0.0788057	-1.01981	0.0788057	-1.01981	-1.01981	-1.01981	10.472	-1.01981	-1.01981	-1.01981	0.926104	0.0788057	-1.01981	0.0788057	-1.01981	-1.01981	-1.01981	-1.01981	-1.01981	-1.01981	2.11569	-1.01981	-1.01981	-1.01981	0.0788057	3.09107	0.926104	-1.01981	1.92463	-1.01981	-1.01981	-1.01981	1.17742	-1.01981	-1.01981	4.17869	-1.01981	-1.01981	-1.01981	-1.01981	-1.01981	-1.01981	5.5327	6.47629	-1.01981	-1.01981	-1.01981	-1.01981	-1.01981	-1.01981	0.0788057	8.45036	4.55235	-1.01981	-1.01981	-1.01981	-1.01981	-1.01981	-1.01981	-1.01981	-1.01981	-1.01981	-1.01981	0.926104	-1.01981	2.64376	0.926104	-1.01981	1.92463	-1.01981	-1.01981	-1.01981	-1.01981	-1.01981	-1.01981	-1.01981	-1.01981	-1.01981	0.926104	-1.01981	-1.01981	0.0788057	-1.01981	-1.01981	0.589631	-1.01981	-1.01981	2.74139	6.08598	-1.01981	-1.01981	0.589631	0.0788057	-1.01981	-1.01981	-1.01981	1.54514	-1.01981	-1.01981	-1.01981	0.0788057	-1.01981	-1.01981	0.0788057	-1.01981	-1.01981	-1.01981	-1.01981	-1.01981	0.0788057	7.71008	-1.01981	-1.01981	2.41418	2.98753	7.6752	-1.01981	-1.01981	-1.01981	-1.01981	-1.01981	-1.01981	-1.01981	-1.01981	-1.01981	6.69754	4.77625	1.54514	-1.01981	-1.01981	-1.01981	-1.01981	-1.01981	3.5549	0.0788057	2.02472	-1.01981	-1.01981	-1.01981	-1.01981	-1.01981	-1.01981	-1.01981	-1.01981	-1.01981	0.589631	-1.01981	-1.01981	0.0788057	-1.01981	-1.01981	-1.01981	-1.01981	-1.01981	-1.01981	-1.01981	-1.01981	-1.01981	0.589631	2.98753	-1.01981	-1.01981	6.51762	-1.01981	0.926104	3.37464	-1.01981	-1.01981	-1.01981	1.37809	-1.01981	-1.01981	-1.01981	-1.01981	1.37809	-1.01981	-1.01981	8.63784	-1.01981	5.844	0.0788057	0.0788057	-1.01981	2.11569	-1.01981	-1.01981	-1.01981	-1.01981	6.1246	-1.01981	-1.01981	-1.01981	-1.01981	-1.01981	-1.01981	0.926104	-1.01981	-1.01981	-1.01981	-1.01981	-1.01981	-1.01981	-1.01981	5.98779	-1.01981	-1.01981
SRR18236728	7.98507	-1.2889	-1.2889	3.63108	-1.2889	-1.2889	3.42063	3.10555	-1.2889	-1.2889	4.98586	1.10899	-1.2889	-1.2889	-1.2889	-1.2889	-1.2889	3.0549	-1.2889	-1.2889	-1.2889	-1.2889	-1.2889	-1.2889	-1.2889	-1.2889	-1.2889	-1.2889	-1.2889	-1.2889	-0.190292	-1.2889	-1.2889	-1.2889	3.50689	-1.2889	-1.2889	0.657006	-1.2889	-1.2889	4.35654	2.07839	2.51776	3.52328	-1.2889	0.657006	-0.190292	-1.2889	-1.2889	-1.2889	-1.2889	-1.2889	-1.2889	-1.2889	4.32787	0.320534	-1.2889	-0.190292	-1.2889	-1.2889	0.320534	-1.2889	4.67468	-1.2889	-1.2889	-1.2889	-1.2889	8.08924	-1.2889	3.10555	-1.2889	-1.2889	-1.2889	-1.2889	-1.2889	0.657006	0.90832	-1.2889	-1.2889	-1.2889	-1.2889	-1.2889	-0.190292	3.70153	-1.2889	-1.2889	-1.2889	-1.2889	0.320534	-1.2889	-1.2889	-1.2889	-1.2889	-1.2889	-1.2889	-1.2889	-1.2889	3.89848	-0.190292	-1.2889	-1.2889	-0.190292	6.57935	2.07839	-0.190292	1.65553	-1.2889	-1.2889	-1.2889	0.657006	-1.2889	-1.2889	5.81524	-1.2889	-1.2889	-1.2889	-1.2889	-1.2889	-1.2889	8.94119	6.50468	-1.2889	-1.2889	-1.2889	-1.2889	-1.2889	-1.2889	2.9452	4.37752	4.62189	-1.2889	-1.2889	-1.2889	-1.2889	-1.2889	-1.2889	-1.2889	-1.2889	-1.2889	-1.2889	0.657006	1.65553	2.88548	-0.190292	-1.2889	4.51924	-1.2889	-0.190292	-1.2889	-1.2889	-1.2889	-1.2889	-1.2889	-1.2889	-1.2889	1.92997	-1.2889	-1.2889	0.320534	-0.190292	-1.2889	1.41915	-1.2889	-1.2889	3.38392	0.90832	-1.2889	-1.2889	-1.2889	-1.2889	-1.2889	-0.190292	-1.2889	5.17413	-0.190292	-1.2889	-1.2889	0.320534	-1.2889	-1.2889	3.57091	-1.2889	-1.2889	-0.190292	0.320534	-1.2889	0.90832	8.49281	-1.2889	-1.2889	1.10899	0.320534	7.41111	-1.2889	-1.2889	-1.2889	0.657006	-1.2889	-1.2889	-1.2889	-1.2889	-1.2889	5.65711	6.45046	0.657006	-1.2889	-1.2889	-1.2889	-0.190292	-1.2889	7.79621	-1.2889	3.57091	-1.2889	-1.2889	-1.2889	-1.2889	-1.2889	-1.2889	-1.2889	-1.2889	0.90832	-1.2889	-1.2889	-1.2889	-1.2889	0.657006	-1.2889	-1.2889	-1.2889	-1.2889	-1.2889	-1.2889	-0.190292	-1.2889	-0.190292	4.5371	-1.2889	-1.2889	6.55062	-1.2889	2.00693	3.63108	-1.2889	-1.2889	-1.2889	1.54431	-1.2889	-1.2889	-1.2889	-1.2889	1.27605	-1.2889	-1.2889	9.25309	0.320534	7.33678	-1.2889	-1.2889	-1.2889	4.67468	3.45603	-1.2889	-1.2889	-1.2889	6.17446	-1.2889	-1.2889	-1.2889	-1.2889	-0.190292	-1.2889	1.10899	-1.2889	-1.2889	-1.2889	0.657006	-1.2889	-1.2889	-1.2889	4.84882	-1.2889	-1.2889
SRR18236729	8.44717	-0.618952	-0.618952	0.479661	-0.618952	-0.618952	-0.618952	-0.618952	-0.618952	-0.618952	4.32981	-0.618952	-0.618952	-0.618952	-0.618952	-0.618952	-0.618952	-0.618952	-0.618952	-0.618952	-0.618952	-0.618952	-0.618952	-0.618952	-0.618952	-0.618952	-0.618952	-0.618952	-0.618952	-0.618952	-0.618952	-0.618952	-0.618952	-0.618952	3.35134	-0.618952	-0.618952	-0.618952	-0.618952	-0.618952	2.59992	0.990486	0.479661	4.39833	-0.618952	-0.618952	0.479661	-0.618952	-0.618952	-0.618952	-0.618952	-0.618952	-0.618952	-0.618952	2.9364	-0.618952	-0.618952	-0.618952	-0.618952	-0.618952	-0.618952	-0.618952	2.59992	-0.618952	-0.618952	-0.618952	-0.618952	2.51654	-0.618952	3.86968	-0.618952	-0.618952	-0.618952	-0.618952	-0.618952	-0.618952	-0.618952	-0.618952	-0.618952	-0.618952	-0.618952	-0.618952	-0.618952	0.990486	-0.618952	-0.618952	-0.618952	-0.618952	-0.618952	-0.618952	-0.618952	-0.618952	-0.618952	-0.618952	-0.618952	-0.618952	-0.618952	4.76095	-0.618952	-0.618952	-0.618952	-0.618952	-0.618952	-0.618952	-0.618952	-0.618952	-0.618952	-0.618952	-0.618952	-0.618952	-0.618952	-0.618952	6.24694	-0.618952	-0.618952	-0.618952	-0.618952	-0.618952	-0.618952	10.3605	7.79886	-0.618952	-0.618952	-0.618952	-0.618952	-0.618952	-0.618952	-0.618952	-0.618952	0.990486	-0.618952	-0.618952	-0.618952	-0.618952	-0.618952	-0.618952	-0.618952	-0.618952	-0.618952	-0.618952	-0.618952	-0.618952	-0.618952	-0.618952	-0.618952	0.990486	-0.618952	-0.618952	-0.618952	-0.618952	-0.618952	-0.618952	-0.618952	-0.618952	-0.618952	-0.618952	-0.618952	-0.618952	-0.618952	-0.618952	-0.618952	-0.618952	-0.618952	-0.618952	0.479661	-0.618952	-0.618952	-0.618952	-0.618952	-0.618952	-0.618952	-0.618952	-0.618952	0.479661	-0.618952	-0.618952	-0.618952	-0.618952	-0.618952	-0.618952	0.479661	-0.618952	-0.618952	-0.618952	-0.618952	-0.618952	-0.618952	8.81461	-0.618952	-0.618952	-0.618952	-0.618952	9.06045	-0.618952	-0.618952	-0.618952	-0.618952	-0.618952	-0.618952	-0.618952	-0.618952	-0.618952	6.52703	8.93774	-0.618952	-0.618952	-0.618952	-0.618952	-0.618952	-0.618952	0.479661	-0.618952	2.0891	-0.618952	-0.618952	-0.618952	-0.618952	-0.618952	-0.618952	-0.618952	-0.618952	-0.618952	-0.618952	-0.618952	-0.618952	-0.618952	-0.618952	-0.618952	-0.618952	-0.618952	-0.618952	-0.618952	-0.618952	-0.618952	-0.618952	-0.618952	4.37148	-0.618952	-0.618952	8.95081	-0.618952	2.9364	0.479661	-0.618952	-0.618952	-0.618952	0.479661	-0.618952	-0.618952	-0.618952	-0.618952	-0.618952	-0.618952	-0.618952	1.946	-0.618952	4.03501	-0.618952	-0.618952	-0.618952	4.16017	0.990486	-0.618952	-0.618952	-0.618952	8.7295	-0.618952	-0.618952	-0.618952	-0.618952	-0.618952	-0.618952	0.990486	-0.618952	-0.618952	-0.618952	0.990486	-0.618952	-0.618952	-0.618952	3.14225	-0.618952	-0.618952
SRR18236730	8.54336	-1.27397	-1.27397	5.38916	2.53269	-1.27397	-1.27397	0.335464	-1.27397	-1.27397	8.12955	-1.27397	-1.27397	-1.27397	-1.27397	-1.27397	-1.27397	1.67047	-0.175361	-1.27397	-1.27397	-1.27397	-0.175361	-1.27397	-1.27397	-1.27397	-1.27397	-1.27397	-1.27397	-1.27397	-1.27397	-1.27397	-1.27397	-1.27397	5.00455	-1.27397	-1.27397	-1.27397	-1.27397	-1.27397	2.90041	0.923251	2.33694	0.335464	-1.27397	-1.27397	4.74947	2.53269	-1.27397	-1.27397	-1.27397	-1.27397	-1.27397	1.9449	1.9449	-1.27397	-1.27397	-1.27397	-1.27397	-1.27397	-1.27397	-1.27397	7.13764	-1.27397	-1.27397	-1.27397	-1.27397	8.24906	4.15975	3.41737	-1.27397	-1.27397	-0.175361	-1.27397	-1.27397	0.671936	-1.27397	-1.27397	-1.27397	-1.27397	-1.27397	-0.175361	0.671936	4.97793	-1.27397	-1.27397	-1.27397	-0.175361	-1.27397	-1.27397	-0.175361	-1.27397	2.02186	-1.27397	-1.27397	-1.27397	-1.27397	5.00079	-0.175361	-1.27397	-1.27397	-0.175361	6.03858	-1.27397	-1.27397	1.12392	-1.27397	-1.27397	-1.27397	0.335464	-1.27397	0.335464	0.923251	-1.27397	-1.27397	-1.27397	-1.27397	-1.27397	-1.27397	7.71135	5.89229	-1.27397	-1.27397	-1.27397	-1.27397	-1.27397	-1.27397	5.06285	3.87932	4.39935	-1.27397	-1.27397	-1.27397	-1.27397	-1.27397	-1.27397	-1.27397	-1.27397	-1.27397	-1.27397	-0.175361	0.923251	-1.27397	-1.27397	-1.27397	8.82767	-1.27397	-1.27397	-1.27397	-1.27397	0.335464	-1.27397	-1.27397	-1.27397	-1.27397	4.35004	-1.27397	-1.27397	-0.175361	0.671936	-1.27397	1.43408	-1.27397	-1.27397	1.9449	-0.175361	3.14487	-1.27397	-1.27397	-1.27397	1.43408	-1.27397	-1.27397	7.34306	-0.175361	-1.27397	-1.27397	4.3355	-1.27397	-1.27397	3.50515	-0.175361	-1.27397	0.671936	-1.27397	-1.27397	0.923251	4.03923	-1.27397	-1.27397	0.671936	1.9449	2.02186	-1.27397	-1.27397	-1.27397	-1.27397	-1.27397	0.671936	-0.175361	-1.27397	-1.27397	5.03412	6.22101	1.12392	-1.27397	-1.27397	-1.27397	-1.27397	-1.27397	-1.27397	0.335464	-1.27397	-1.27397	0.335464	-1.27397	-1.27397	-1.27397	-1.27397	-1.27397	-1.27397	-1.27397	-1.27397	-1.27397	-1.27397	-1.27397	7.70254	-1.27397	-1.27397	-1.27397	-1.27397	0.671936	-0.175361	-1.27397	-1.27397	-1.27397	4.28285	-1.27397	-1.27397	6.90157	-1.27397	0.335464	2.80356	-1.27397	-1.27397	-1.27397	0.335464	-0.175361	-1.27397	-1.27397	-1.27397	1.43408	-1.27397	-1.27397	2.22253	-0.175361	8.51214	0.335464	-1.27397	-1.27397	5.51612	3.04351	-1.27397	-1.27397	-1.27397	7.11288	-1.27397	-1.27397	-1.27397	0.923251	-1.27397	-1.27397	3.78227	-1.27397	-1.27397	-1.27397	-1.27397	-0.175361	-1.27397	-1.27397	5.76744	-1.27397	-1.27397
SRR18236731	8.56384	-0.599723	-0.599723	1.00971	-0.599723	-0.599723	1.00971	1.00971	-0.599723	-0.599723	2.4448	-0.599723	-0.599723	-0.599723	-0.599723	0.498889	-0.599723	0.498889	-0.599723	-0.599723	-0.599723	-0.599723	-0.599723	-0.599723	-0.599723	-0.599723	-0.599723	-0.599723	-0.599723	-0.599723	-0.599723	-0.599723	-0.599723	-0.599723	-0.599723	-0.599723	-0.599723	-0.599723	-0.599723	-0.599723	1.34619	-0.599723	1.00971	3.01119	-0.599723	-0.599723	-0.599723	-0.599723	-0.599723	-0.599723	-0.599723	-0.599723	-0.599723	-0.599723	4.10981	-0.599723	-0.599723	-0.599723	-0.599723	-0.599723	-0.599723	-0.599723	2.4448	-0.599723	-0.599723	-0.599723	-0.599723	6.90961	-0.599723	5.3587	-0.599723	-0.599723	-0.599723	-0.599723	-0.599723	0.498889	-0.599723	-0.599723	-0.599723	-0.599723	-0.599723	-0.599723	-0.599723	1.34619	-0.599723	-0.599723	-0.599723	-0.599723	-0.599723	-0.599723	-0.599723	-0.599723	-0.599723	-0.599723	-0.599723	-0.599723	-0.599723	-0.599723	-0.599723	-0.599723	-0.599723	-0.599723	3.81912	-0.599723	-0.599723	1.5975	-0.599723	-0.599723	-0.599723	-0.599723	-0.599723	-0.599723	0.498889	-0.599723	-0.599723	-0.599723	-0.599723	-0.599723	-0.599723	9.26237	1.79817	-0.599723	-0.599723	-0.599723	-0.599723	-0.599723	-0.599723	0.498889	0.498889	3.51115	-0.599723	-0.599723	-0.599723	-0.599723	-0.599723	-0.599723	-0.599723	-0.599723	-0.599723	-0.599723	-0.599723	-0.599723	1.79817	0.498889	-0.599723	5.97814	-0.599723	-0.599723	-0.599723	-0.599723	-0.599723	-0.599723	-0.599723	-0.599723	-0.599723	1.96523	-0.599723	-0.599723	-0.599723	-0.599723	-0.599723	1.34619	-0.599723	-0.599723	-0.599723	-0.599723	-0.599723	-0.599723	-0.599723	-0.599723	1.34619	-0.599723	-0.599723	3.76972	-0.599723	-0.599723	-0.599723	-0.599723	-0.599723	-0.599723	2.34472	-0.599723	-0.599723	-0.599723	-0.599723	-0.599723	-0.599723	1.5975	-0.599723	-0.599723	1.5975	-0.599723	8.55458	-0.599723	-0.599723	-0.599723	-0.599723	-0.599723	-0.599723	-0.599723	-0.599723	-0.599723	2.34472	5.10072	-0.599723	-0.599723	-0.599723	-0.599723	-0.599723	-0.599723	-0.599723	-0.599723	-0.599723	-0.599723	-0.599723	-0.599723	-0.599723	-0.599723	-0.599723	-0.599723	-0.599723	-0.599723	-0.599723	-0.599723	-0.599723	-0.599723	3.20694	-0.599723	-0.599723	-0.599723	-0.599723	-0.599723	-0.599723	-0.599723	-0.599723	-0.599723	1.79817	-0.599723	-0.599723	10.1362	-0.599723	-0.599723	1.34619	-0.599723	-0.599723	-0.599723	1.96523	-0.599723	-0.599723	0.498889	-0.599723	-0.599723	-0.599723	-0.599723	1.34619	-0.599723	6.97637	-0.599723	-0.599723	-0.599723	-0.599723	-0.599723	-0.599723	-0.599723	-0.599723	10.6284	-0.599723	-0.599723	-0.599723	-0.599723	-0.599723	-0.599723	-0.599723	-0.599723	-0.599723	-0.599723	-0.599723	-0.599723	-0.599723	-0.599723	2.83426	-0.599723	-0.599723
SRR18236734	5.48747	-0.63721	-0.63721	-0.63721	0.461402	-0.63721	1.3087	1.76069	-0.63721	-0.63721	3.91667	-0.63721	-0.63721	-0.63721	-0.63721	-0.63721	-0.63721	-0.63721	0.972228	-0.63721	-0.63721	-0.63721	0.461402	-0.63721	-0.63721	-0.63721	-0.63721	-0.63721	-0.63721	-0.63721	-0.63721	-0.63721	-0.63721	-0.63721	-0.63721	-0.63721	-0.63721	0.972228	-0.63721	-0.63721	1.92774	2.65863	2.73009	-0.63721	-0.63721	-0.63721	1.76069	-0.63721	-0.63721	1.3087	-0.63721	-0.63721	0.461402	-0.63721	1.3087	-0.63721	-0.63721	-0.63721	-0.63721	-0.63721	-0.63721	-0.63721	3.80544	-0.63721	-0.63721	-0.63721	-0.63721	10.618	-0.63721	-0.63721	-0.63721	-0.63721	-0.63721	-0.63721	-0.63721	0.461402	-0.63721	-0.63721	-0.63721	-0.63721	-0.63721	-0.63721	-0.63721	2.49828	-0.63721	1.3087	-0.63721	-0.63721	-0.63721	-0.63721	1.56001	-0.63721	-0.63721	0.461402	-0.63721	-0.63721	-0.63721	0.461402	-0.63721	-0.63721	-0.63721	-0.63721	2.07084	-0.63721	-0.63721	7.56774	-0.63721	-0.63721	-0.63721	1.3087	-0.63721	-0.63721	-0.63721	-0.63721	-0.63721	-0.63721	-0.63721	-0.63721	-0.63721	1.92774	6.03102	-0.63721	-0.63721	0.461402	-0.63721	-0.63721	0.461402	1.3087	5.38138	5.19467	-0.63721	-0.63721	-0.63721	-0.63721	-0.63721	-0.63721	-0.63721	-0.63721	-0.63721	-0.63721	0.972228	-0.63721	-0.63721	-0.63721	-0.63721	4.89618	-0.63721	-0.63721	-0.63721	-0.63721	-0.63721	-0.63721	-0.63721	-0.63721	-0.63721	-0.63721	-0.63721	-0.63721	-0.63721	-0.63721	-0.63721	1.56001	-0.63721	-0.63721	0.972228	0.461402	-0.63721	-0.63721	-0.63721	-0.63721	-0.63721	-0.63721	-0.63721	3.25461	1.56001	-0.63721	-0.63721	0.461402	-0.63721	-0.63721	1.3087	-0.63721	-0.63721	-0.63721	-0.63721	-0.63721	0.461402	3.47366	-0.63721	-0.63721	-0.63721	0.461402	6.75359	-0.63721	-0.63721	-0.63721	-0.63721	-0.63721	-0.63721	-0.63721	1.3087	-0.63721	4.10772	2.49828	1.92774	-0.63721	-0.63721	-0.63721	-0.63721	-0.63721	3.33308	1.3087	-0.63721	-0.63721	-0.63721	-0.63721	-0.63721	-0.63721	-0.63721	-0.63721	-0.63721	1.56001	-0.63721	-0.63721	-0.63721	0.972228	2.07084	-0.63721	-0.63721	-0.63721	-0.63721	-0.63721	-0.63721	-0.63721	-0.63721	-0.63721	-0.63721	-0.63721	-0.63721	2.49828	-0.63721	-0.63721	3.75724	-0.63721	-0.63721	-0.63721	-0.63721	-0.63721	-0.63721	-0.63721	-0.63721	1.3087	-0.63721	-0.63721	1.92774	-0.63721	3.8287	-0.63721	-0.63721	-0.63721	-0.63721	-0.63721	-0.63721	-0.63721	-0.63721	-0.63721	-0.63721	-0.63721	-0.63721	-0.63721	-0.63721	-0.63721	0.972228	-0.63721	-0.63721	-0.63721	-0.63721	-0.63721	-0.63721	-0.63721	0.461402	-0.63721	-0.63721
SRR18236735	4.07493	-0.457672	-0.457672	-0.457672	-0.457672	-0.457672	-0.457672	10.5274	-0.457672	-0.457672	1.15177	-0.457672	-0.457672	-0.457672	-0.457672	-0.457672	-0.457672	1.15177	-0.457672	-0.457672	2.58685	-0.457672	-0.457672	-0.457672	-0.457672	-0.457672	-0.457672	-0.457672	-0.457672	-0.457672	-0.457672	-0.457672	-0.457672	-0.457672	-0.457672	-0.457672	-0.457672	-0.457672	-0.457672	-0.457672	1.73955	-0.457672	-0.457672	8.70295	-0.457672	-0.457672	-0.457672	-0.457672	-0.457672	-0.457672	-0.457672	-0.457672	0.64094	11.0259	-0.457672	-0.457672	-0.457672	-0.457672	-0.457672	-0.457672	-0.457672	-0.457672	1.15177	-0.457672	-0.457672	-0.457672	-0.457672	3.74702	-0.457672	0.64094	-0.457672	-0.457672	-0.457672	-0.457672	-0.457672	-0.457672	-0.457672	-0.457672	-0.457672	-0.457672	-0.457672	-0.457672	-0.457672	1.15177	-0.457672	-0.457672	-0.457672	-0.457672	-0.457672	-0.457672	-0.457672	-0.457672	-0.457672	0.64094	-0.457672	1.73955	-0.457672	-0.457672	-0.457672	-0.457672	-0.457672	-0.457672	1.15177	1.15177	-0.457672	-0.457672	-0.457672	-0.457672	-0.457672	-0.457672	-0.457672	-0.457672	-0.457672	-0.457672	-0.457672	-0.457672	-0.457672	-0.457672	-0.457672	5.16635	5.33229	-0.457672	-0.457672	-0.457672	-0.457672	-0.457672	-0.457672	-0.457672	0.64094	-0.457672	-0.457672	-0.457672	-0.457672	-0.457672	-0.457672	-0.457672	-0.457672	-0.457672	-0.457672	-0.457672	-0.457672	-0.457672	-0.457672	1.15177	-0.457672	1.48824	-0.457672	-0.457672	-0.457672	0.64094	-0.457672	-0.457672	-0.457672	-0.457672	-0.457672	-0.457672	-0.457672	-0.457672	-0.457672	3.68546	-0.457672	-0.457672	0.64094	-0.457672	-0.457672	-0.457672	-0.457672	-0.457672	-0.457672	-0.457672	2.58685	-0.457672	-0.457672	2.48677	-0.457672	-0.457672	-0.457672	-0.457672	-0.457672	-0.457672	-0.457672	0.64094	-0.457672	1.15177	-0.457672	-0.457672	-0.457672	1.48824	7.99658	-0.457672	-0.457672	-0.457672	-0.457672	-0.457672	-0.457672	-0.457672	-0.457672	-0.457672	-0.457672	-0.457672	-0.457672	-0.457672	2.10728	2.10728	1.15177	-0.457672	-0.457672	-0.457672	-0.457672	-0.457672	-0.457672	-0.457672	-0.457672	-0.457672	-0.457672	-0.457672	-0.457672	-0.457672	-0.457672	-0.457672	-0.457672	-0.457672	-0.457672	-0.457672	-0.457672	-0.457672	2.48677	-0.457672	-0.457672	-0.457672	-0.457672	1.15177	-0.457672	-0.457672	-0.457672	-0.457672	0.64094	-0.457672	-0.457672	-0.457672	-0.457672	-0.457672	-0.457672	-0.457672	-0.457672	-0.457672	-0.457672	-0.457672	0.64094	-0.457672	-0.457672	-0.457672	-0.457672	-0.457672	0.64094	-0.457672	4.37064	-0.457672	-0.457672	-0.457672	-0.457672	1.94022	-0.457672	-0.457672	-0.457672	1.48824	-0.457672	-0.457672	-0.457672	-0.457672	-0.457672	-0.457672	1.94022	-0.457672	-0.457672	0.64094	-0.457672	-0.457672	-0.457672	-0.457672	-0.457672	-0.457672	-0.457672
SRR18236736	6.05873	-0.288655	-0.288655	1.32078	-0.288655	-0.288655	-0.288655	-0.288655	-0.288655	-0.288655	3.68164	-0.288655	-0.288655	-0.288655	-0.288655	-0.288655	-0.288655	-0.288655	-0.288655	-0.288655	-0.288655	-0.288655	-0.288655	-0.288655	-0.288655	-0.288655	-0.288655	-0.288655	-0.288655	-0.288655	-0.288655	-0.288655	-0.288655	-0.288655	-0.288655	-0.288655	-0.288655	-0.288655	-0.288655	-0.288655	-0.288655	-0.288655	1.32078	-0.288655	-0.288655	-0.288655	-0.288655	-0.288655	-0.288655	-0.288655	-0.288655	-0.288655	-0.288655	-0.288655	-0.288655	-0.288655	-0.288655	-0.288655	-0.288655	-0.288655	-0.288655	-0.288655	-0.288655	-0.288655	-0.288655	-0.288655	-0.288655	3.56149	-0.288655	-0.288655	-0.288655	-0.288655	-0.288655	-0.288655	-0.288655	-0.288655	-0.288655	-0.288655	-0.288655	-0.288655	-0.288655	-0.288655	-0.288655	1.32078	-0.288655	-0.288655	-0.288655	-0.288655	-0.288655	-0.288655	-0.288655	-0.288655	-0.288655	-0.288655	-0.288655	-0.288655	-0.288655	-0.288655	-0.288655	-0.288655	-0.288655	-0.288655	0.809958	-0.288655	-0.288655	10.97	-0.288655	-0.288655	-0.288655	-0.288655	-0.288655	-0.288655	-0.288655	-0.288655	-0.288655	-0.288655	-0.288655	-0.288655	-0.288655	1.65726	2.27629	-0.288655	-0.288655	-0.288655	-0.288655	-0.288655	-0.288655	1.65726	0.809958	0.809958	-0.288655	-0.288655	-0.288655	-0.288655	-0.288655	-0.288655	-0.288655	-0.288655	-0.288655	-0.288655	-0.288655	-0.288655	0.809958	-0.288655	-0.288655	2.4194	-0.288655	-0.288655	-0.288655	-0.288655	-0.288655	-0.288655	-0.288655	-0.288655	-0.288655	-0.288655	-0.288655	-0.288655	-0.288655	-0.288655	-0.288655	-0.288655	-0.288655	-0.288655	-0.288655	-0.288655	-0.288655	-0.288655	-0.288655	-0.288655	-0.288655	-0.288655	-0.288655	0.809958	-0.288655	-0.288655	-0.288655	-0.288655	-0.288655	-0.288655	1.32078	-0.288655	-0.288655	-0.288655	-0.288655	-0.288655	-0.288655	-0.288655	-0.288655	-0.288655	-0.288655	-0.288655	10.5729	-0.288655	-0.288655	-0.288655	-0.288655	-0.288655	-0.288655	-0.288655	-0.288655	-0.288655	9.23174	1.32078	-0.288655	-0.288655	-0.288655	-0.288655	-0.288655	-0.288655	8.23313	-0.288655	-0.288655	-0.288655	-0.288655	-0.288655	-0.288655	-0.288655	-0.288655	-0.288655	-0.288655	-0.288655	-0.288655	-0.288655	-0.288655	-0.288655	1.32078	-0.288655	-0.288655	-0.288655	-0.288655	-0.288655	-0.288655	-0.288655	-0.288655	-0.288655	-0.288655	-0.288655	-0.288655	-0.288655	-0.288655	-0.288655	-0.288655	-0.288655	-0.288655	-0.288655	-0.288655	-0.288655	-0.288655	-0.288655	-0.288655	-0.288655	-0.288655	-0.288655	-0.288655	-0.288655	2.75587	-0.288655	-0.288655	-0.288655	-0.288655	-0.288655	-0.288655	-0.288655	-0.288655	-0.288655	-0.288655	-0.288655	-0.288655	-0.288655	-0.288655	-0.288655	-0.288655	-0.288655	-0.288655	-0.288655	-0.288655	-0.288655	-0.288655	-0.288655	-0.288655	-0.288655	-0.288655
SRR18236737	8.76003	-1.2876	-1.2876	5.69248	1.65684	-1.2876	0.321842	1.42045	-1.2876	-1.2876	6.1792	-1.2876	-1.2876	-1.2876	-1.2876	-1.2876	-1.2876	-0.188984	-1.2876	2.26775	-1.2876	3.32752	-1.2876	-1.2876	-1.2876	-1.2876	-1.2876	-1.2876	-1.2876	-1.2876	-1.2876	-1.2876	-1.2876	-1.2876	-1.2876	-1.2876	-1.2876	-1.2876	-1.2876	-0.188984	2.37597	0.658314	2.88679	2.60422	-1.2876	-1.2876	-1.2876	-1.2876	-1.2876	0.658314	-1.2876	-1.2876	-1.2876	5.01685	1.75693	-0.188984	-1.2876	3.40375	-1.2876	-1.2876	-1.2876	-1.2876	5.79327	-1.2876	-1.2876	-1.2876	-1.2876	8.91411	1.1103	4.75978	-1.2876	-1.2876	-1.2876	-0.188984	-1.2876	0.658314	-0.188984	-1.2876	-1.2876	-1.2876	-1.2876	0.321842	-1.2876	4.59014	-1.2876	-1.2876	-1.2876	-1.2876	-0.188984	-1.2876	-0.188984	1.8479	0.658314	-1.2876	-1.2876	-1.2876	-1.2876	4.1972	-0.188984	-1.2876	-1.2876	-1.2876	3.38523	-0.188984	-0.188984	3.40375	-1.2876	-0.188984	-1.2876	1.42045	-1.2876	-1.2876	-1.2876	-1.2876	-1.2876	-1.2876	-1.2876	-1.2876	0.321842	7.63253	8.44528	-1.2876	-1.2876	-1.2876	-1.2876	-1.2876	-1.2876	2.75545	5.50923	4.35785	-1.2876	-1.2876	-1.2876	-1.2876	-1.2876	-1.2876	-1.2876	-1.2876	-1.2876	-1.2876	2.51907	1.1103	4.92501	1.1103	-1.2876	9.64913	0.321842	-1.2876	-1.2876	-1.2876	-1.2876	-1.2876	-1.2876	0.658314	-1.2876	-1.2876	-1.2876	-1.2876	-1.2876	0.321842	-1.2876	1.27735	-1.2876	-1.2876	2.4736	-0.188984	1.27735	-1.2876	-1.2876	-1.2876	3.85407	-0.188984	-1.2876	6.273	2.4736	-1.2876	-1.2876	0.658314	-1.2876	-1.2876	1.54562	-1.2876	-1.2876	5.61313	-1.2876	-1.2876	0.909628	4.31452	-1.2876	-1.2876	0.321842	-0.188984	4.37883	-1.2876	-1.2876	1.1103	-1.2876	-1.2876	-1.2876	-1.2876	-1.2876	-1.2876	2.78994	4.51452	-0.188984	-1.2876	3.70284	-1.2876	-1.2876	-1.2876	0.658314	-1.2876	0.321842	-1.2876	-1.2876	-1.2876	-1.2876	-1.2876	-1.2876	-1.2876	-1.2876	0.909628	-1.2876	-1.2876	-1.2876	-1.2876	6.62994	-1.2876	-1.2876	-1.2876	-1.2876	0.321842	-1.2876	1.75693	-1.2876	-1.2876	4.06426	-1.2876	-1.2876	6.80831	-1.2876	0.909628	3.34713	-1.2876	-1.2876	-1.2876	2.14639	-1.2876	-1.2876	1.42045	-1.2876	1.1103	-1.2876	-1.2876	3.55659	-0.188984	7.29257	-1.2876	-1.2876	-1.2876	4.8458	1.1103	-1.2876	-1.2876	-1.2876	4.71629	-1.2876	-1.2876	-1.2876	-1.2876	-1.2876	-1.2876	1.8479	-1.2876	-1.2876	-1.2876	-1.2876	-1.2876	-1.2876	-1.2876	2.85554	-1.2876	-1.2876
SRR18236738	10.2167	-0.914348	-0.914348	3.83058	-0.914348	-0.914348	1.28288	1.03156	0.69509	-0.914348	5.36041	-0.914348	-0.914348	-0.914348	-0.914348	-0.914348	-0.914348	3.55156	-0.914348	-0.914348	-0.914348	-0.914348	-0.914348	-0.914348	-0.914348	-0.914348	-0.914348	-0.914348	-0.914348	-0.914348	-0.914348	-0.914348	-0.914348	-0.914348	-0.914348	-0.914348	-0.914348	-0.914348	-0.914348	0.184264	3.89784	-0.914348	1.48355	-0.914348	-0.914348	-0.914348	-0.914348	-0.914348	-0.914348	-0.914348	-0.914348	-0.914348	-0.914348	-0.914348	2.30453	-0.914348	-0.914348	3.86478	-0.914348	-0.914348	-0.914348	-0.914348	7.77965	-0.914348	-0.914348	-0.914348	-0.914348	9.33962	-0.914348	3.29034	-0.914348	-0.914348	-0.914348	-0.914348	-0.914348	-0.914348	-0.914348	-0.914348	-0.914348	-0.914348	-0.914348	-0.914348	-0.914348	5.43304	-0.914348	-0.914348	-0.914348	-0.914348	-0.914348	-0.914348	-0.914348	-0.914348	-0.914348	-0.914348	-0.914348	-0.914348	-0.914348	6.08416	-0.914348	-0.914348	-0.914348	-0.914348	6.17989	-0.914348	-0.914348	0.69509	-0.914348	-0.914348	-0.914348	-0.914348	-0.914348	-0.914348	1.03156	-0.914348	-0.914348	-0.914348	-0.914348	-0.914348	-0.914348	8.27834	6.71951	-0.914348	-0.914348	-0.914348	-0.914348	-0.914348	-0.914348	0.184264	6.30603	2.22115	-0.914348	-0.914348	-0.914348	-0.914348	-0.914348	-0.914348	-0.914348	-0.914348	-0.914348	-0.914348	-0.914348	-0.914348	2.22115	3.26004	-0.914348	7.81165	-0.914348	-0.914348	-0.914348	-0.914348	-0.914348	-0.914348	-0.914348	-0.914348	-0.914348	-0.914348	-0.914348	-0.914348	-0.914348	-0.914348	-0.914348	-0.914348	-0.914348	-0.914348	0.69509	1.28288	-0.914348	-0.914348	-0.914348	-0.914348	-0.914348	-0.914348	-0.914348	4.96339	-0.914348	-0.914348	-0.914348	-0.914348	-0.914348	-0.914348	-0.914348	-0.914348	-0.914348	7.70197	-0.914348	-0.914348	-0.914348	4.07608	-0.914348	-0.914348	2.03009	2.03009	6.38071	-0.914348	-0.914348	-0.914348	-0.914348	-0.914348	-0.914348	-0.914348	-0.914348	-0.914348	6.54095	6.34054	-0.914348	-0.914348	-0.914348	-0.914348	-0.914348	-0.914348	2.22115	-0.914348	4.3274	-0.914348	-0.914348	-0.914348	-0.914348	-0.914348	-0.914348	-0.914348	-0.914348	-0.914348	-0.914348	-0.914348	-0.914348	-0.914348	3.50449	-0.914348	-0.914348	-0.914348	-0.914348	-0.914348	-0.914348	-0.914348	-0.914348	-0.914348	3.19653	-0.914348	-0.914348	8.53399	-0.914348	1.7937	0.69509	-0.914348	-0.914348	-0.914348	1.48355	-0.914348	-0.914348	-0.914348	-0.914348	-0.914348	-0.914348	-0.914348	4.0896	-0.914348	8.17845	-0.914348	-0.914348	-0.914348	1.91887	2.22115	-0.914348	-0.914348	-0.914348	6.64208	-0.914348	-0.914348	-0.914348	-0.914348	-0.914348	-0.914348	-0.914348	-0.914348	-0.914348	-0.914348	-0.914348	-0.914348	-0.914348	-0.914348	5.82735	-0.914348	-0.914348
SRR18236739	9.11711	-1.55447	-1.55447	-1.55447	-1.55447	-1.55447	-1.55447	4.41934	-1.55447	-1.55447	2.93416	3.43596	-1.55447	0.391436	-1.55447	-1.55447	1.15358	-1.55447	-1.55447	-1.55447	4.93928	-1.55447	-1.55447	-1.55447	-1.55447	-1.55447	-1.55447	-1.55447	-1.55447	-1.55447	-1.55447	-1.55447	-1.55447	-1.55447	-1.55447	-1.55447	-1.55447	2.37735	-1.55447	-1.55447	-1.55447	2.81497	4.61723	2.67963	1.74136	2.00087	-1.55447	-1.55447	-1.55447	1.74136	1.27874	-1.55447	-1.55447	4.65813	-1.55447	-1.55447	-1.55447	-1.55447	-1.55447	1.6644	-1.55447	-1.55447	-1.55447	-1.55447	-1.55447	-1.55447	3.62168	3.30534	-1.55447	-1.55447	-1.55447	-1.55447	2.67963	1.27874	-1.55447	-0.455862	1.87951	2.25219	2.10909	-1.55447	-1.55447	-1.55447	-1.55447	5.63771	2.52306	-1.55447	-1.55447	2.73598	-1.55447	-1.55447	5.13388	-1.55447	-1.55447	0.0549634	-1.55447	-1.55447	-1.55447	-1.55447	-1.55447	-1.55447	1.81282	-1.55447	-1.55447	3.65501	-1.55447	2.58866	-1.55447	0.0549634	-1.55447	3.86163	-1.55447	-1.55447	-1.55447	-1.55447	-1.55447	3.04065	1.38996	-1.55447	-1.55447	4.53457	2.91143	-1.55447	-1.55447	-1.55447	-1.55447	2.20673	8.03492	-1.55447	3.36551	-1.55447	-1.55447	-1.55447	-1.55447	0.64275	3.46281	-1.55447	-1.55447	2.78933	-1.55447	-1.55447	2.81497	2.29567	-1.55447	0.391436	-1.55447	3.22465	-1.55447	-1.55447	-1.55447	1.01047	-1.55447	2.61991	-1.55447	-1.55447	2.25219	-1.55447	-1.55447	3.58719	4.3344	7.53877	-1.55447	5.09321	4.04024	-1.55447	-1.55447	-1.55447	-1.55447	-1.55447	6.27317	5.36026	2.00087	-1.55447	-1.55447	3.22465	-1.55447	-1.55447	-1.55447	0.0549634	-1.55447	-1.55447	2.45286	2.20673	2.61991	-1.55447	-1.55447	3.65501	8.10305	2.33735	-1.55447	1.49005	-1.55447	1.01047	3.2077	-1.55447	-1.55447	-1.55447	-1.55447	-1.55447	1.15358	-1.55447	-1.55447	-1.55447	2.76301	-1.55447	6.85669	5.27532	-1.55447	-1.55447	-1.55447	-1.55447	3.77824	2.25219	-1.55447	5.36224	-1.55447	-1.55447	-1.55447	-1.55447	-1.55447	0.0549634	-1.55447	7.35436	2.29567	-1.55447	-1.55447	4.6858	3.47596	-1.55447	-1.55447	-1.55447	-1.55447	-1.55447	-1.55447	-1.55447	-1.55447	-1.55447	-1.55447	-1.55447	-1.55447	2.48858	-1.55447	-1.55447	-1.55447	-1.55447	-1.55447	-1.55447	-1.55447	-1.55447	-1.55447	0.391436	3.55147	5.09321	0.391436	-1.55447	5.31972	-1.55447	4.71651	4.95727	-1.55447	-1.55447	1.94203	-1.55447	1.01047	-1.55447	-1.55447	1.01047	-1.55447	-1.55447	-1.55447	-1.55447	-1.55447	-1.55447	1.38996	-1.55447	-1.55447	-1.55447	-1.55447	-1.55447	-1.55447	-1.55447	0.843421	-1.55447	-1.55447
SRR18236740	7.56433	-1.17968	-1.17968	2.82766	-0.081065	-1.17968	1.86485	2.25431	0.766233	-1.17968	4.24527	-1.17968	-1.17968	-1.17968	-1.17968	-1.17968	-1.17968	4.55366	-1.17968	-1.17968	-1.17968	-1.17968	-1.17968	-1.17968	-1.17968	-1.17968	-1.17968	-1.17968	0.429761	-0.081065	-1.17968	-1.17968	-1.17968	-1.17968	3.88923	-1.17968	-1.17968	-0.081065	-1.17968	-1.17968	4.7092	-1.17968	1.76476	2.96346	-1.17968	-1.17968	-0.081065	-1.17968	-1.17968	-0.081065	-1.17968	-1.17968	-1.17968	-0.081065	4.01882	-1.17968	-1.17968	0.429761	-1.17968	-1.17968	-1.17968	-1.17968	5.02891	-1.17968	-1.17968	-1.17968	-1.17968	8.00627	-1.17968	5.387	-1.17968	-1.17968	-1.17968	-1.17968	-1.17968	1.21822	-0.081065	-1.17968	-1.17968	1.01755	-1.17968	-1.17968	-1.17968	1.76476	-1.17968	-1.17968	-1.17968	-1.17968	-1.17968	-1.17968	-1.17968	-1.17968	-0.081065	-1.17968	-1.17968	-1.17968	-1.17968	4.69244	-1.17968	-1.17968	-1.17968	-0.081065	2.37567	-0.081065	-1.17968	1.01755	-1.17968	-1.17968	-1.17968	-0.081065	-1.17968	-1.17968	4.42979	-1.17968	-1.17968	-1.17968	-1.17968	-1.17968	-1.17968	8.88239	6.43463	-1.17968	-1.17968	-1.17968	-1.17968	-1.17968	-1.17968	2.48388	8.43112	4.04068	-1.17968	-1.17968	-1.17968	-1.17968	-1.17968	-1.17968	-1.17968	-1.17968	-1.17968	-1.17968	-0.081065	-1.17968	3.5825	1.76476	-1.17968	4.17218	-1.17968	-1.17968	-1.17968	-1.17968	-1.17968	-1.17968	-1.17968	-1.17968	-1.17968	2.18762	-1.17968	-1.17968	-1.17968	-1.17968	-1.17968	-0.081065	-1.17968	-1.17968	4.24527	-1.17968	1.86485	-1.17968	-0.081065	-1.17968	2.18762	0.429761	-1.17968	7.34131	-1.17968	-1.17968	-1.17968	-0.081065	-1.17968	-1.17968	3.21477	-1.17968	-1.17968	0.429761	-1.17968	-1.17968	-1.17968	7.48058	-1.17968	-1.17968	-0.081065	-1.17968	6.32085	-1.17968	-1.17968	-1.17968	-1.17968	-1.17968	-1.17968	-1.17968	-1.17968	-1.17968	5.92611	6.66378	1.21822	-1.17968	-1.17968	-1.17968	-1.17968	-1.17968	2.79061	-1.17968	3.49315	-1.17968	-1.17968	-1.17968	-1.17968	-1.17968	-1.17968	-1.17968	-1.17968	-1.17968	-1.17968	-1.17968	-1.17968	-0.081065	3.52985	-1.17968	-1.17968	-1.17968	-1.17968	0.429761	-1.17968	-1.17968	-1.17968	-1.17968	5.38418	-1.17968	-1.17968	6.44054	-1.17968	3.30896	2.75215	-1.17968	-1.17968	-1.17968	1.52837	0.429761	-1.17968	-1.17968	-1.17968	-0.081065	-1.17968	-1.17968	2.0392	-0.081065	9.58676	-1.17968	-1.17968	-1.17968	5.12477	1.76476	-1.17968	-1.17968	-1.17968	5.84408	-1.17968	-1.17968	-1.17968	1.38527	-1.17968	-1.17968	5.44969	-1.17968	-1.17968	-1.17968	1.38527	0.429761	-0.081065	-1.17968	5.57842	-1.17968	-1.17968
SRR18236741	7.52479	-0.812555	-0.812555	1.38467	-0.812555	-0.812555	-0.812555	-0.812555	0.286058	-0.812555	8.13082	-0.812555	-0.812555	-0.812555	-0.812555	-0.812555	-0.812555	1.75239	-0.812555	-0.812555	-0.812555	-0.812555	-0.812555	-0.812555	-0.812555	-0.812555	-0.812555	-0.812555	-0.812555	0.796883	-0.812555	-0.812555	-0.812555	-0.812555	-0.812555	-0.812555	-0.812555	0.286058	-0.812555	0.286058	5.94786	-0.812555	-0.812555	-0.812555	-0.812555	-0.812555	1.13336	-0.812555	-0.812555	-0.812555	-0.812555	-0.812555	-0.812555	-0.812555	3.42155	-0.812555	-0.812555	0.286058	-0.812555	-0.812555	-0.812555	-0.812555	2.55474	-0.812555	-0.812555	-0.812555	-0.812555	8.70593	-0.812555	3.82217	-0.812555	-0.812555	-0.812555	-0.812555	-0.812555	-0.812555	-0.812555	-0.812555	-0.812555	-0.812555	-0.812555	0.286058	-0.812555	0.286058	-0.812555	-0.812555	-0.812555	-0.812555	-0.812555	-0.812555	-0.812555	-0.812555	-0.812555	-0.812555	-0.812555	-0.812555	-0.812555	1.75239	-0.812555	-0.812555	-0.812555	-0.812555	2.62143	-0.812555	-0.812555	0.286058	-0.812555	-0.812555	-0.812555	-0.812555	-0.812555	-0.812555	0.286058	-0.812555	-0.812555	-0.812555	-0.812555	-0.812555	-0.812555	9.80219	6.64851	-0.812555	-0.812555	-0.812555	-0.812555	-0.812555	-0.812555	3.36183	5.19626	2.68395	-0.812555	-0.812555	-0.812555	-0.812555	-0.812555	-0.812555	-0.812555	-0.812555	2.62143	-0.812555	-0.812555	-0.812555	-0.812555	2.79836	-0.812555	7.6956	-0.812555	-0.812555	-0.812555	-0.812555	-0.812555	-0.812555	-0.812555	-0.812555	-0.812555	5.37159	-0.812555	-0.812555	-0.812555	-0.812555	-0.812555	-0.812555	-0.812555	-0.812555	2.02066	-0.812555	7.07465	-0.812555	-0.812555	-0.812555	-0.812555	-0.812555	-0.812555	8.47539	-0.812555	-0.812555	-0.812555	-0.812555	-0.812555	-0.812555	6.53796	-0.812555	-0.812555	-0.812555	-0.812555	-0.812555	-0.812555	3.74132	-0.812555	-0.812555	0.286058	-0.812555	6.83284	-0.812555	-0.812555	-0.812555	-0.812555	-0.812555	-0.812555	-0.812555	-0.812555	-0.812555	5.25818	7.2803	-0.812555	-0.812555	-0.812555	-0.812555	-0.812555	-0.812555	0.286058	-0.812555	-0.812555	-0.812555	-0.812555	-0.812555	-0.812555	-0.812555	-0.812555	-0.812555	-0.812555	-0.812555	-0.812555	-0.812555	-0.812555	-0.812555	7.01189	-0.812555	-0.812555	-0.812555	-0.812555	-0.812555	-0.812555	-0.812555	-0.812555	-0.812555	-0.812555	-0.812555	-0.812555	4.73652	-0.812555	-0.812555	0.286058	-0.812555	-0.812555	-0.812555	2.62143	-0.812555	-0.812555	-0.812555	-0.812555	-0.812555	-0.812555	-0.812555	1.13336	-0.812555	9.43895	-0.812555	-0.812555	-0.812555	-0.812555	-0.812555	-0.812555	-0.812555	-0.812555	1.38467	-0.812555	-0.812555	0.286058	0.286058	-0.812555	-0.812555	9.22385	-0.812555	-0.812555	-0.812555	-0.812555	-0.812555	-0.812555	-0.812555	6.29323	-0.812555	-0.812555
SRR18236742	7.69624	-1.29979	-1.29979	1.99604	-1.29979	-1.29979	2.99067	1.64465	0.309644	-1.29979	6.18514	-1.29979	-1.29979	-1.29979	-1.29979	-1.29979	-1.29979	4.52621	-0.201181	-1.29979	-1.29979	-1.29979	-1.29979	-0.201181	-1.29979	-1.29979	-1.29979	-1.29979	-1.29979	0.309644	-1.29979	-1.29979	-1.29979	-1.29979	-1.29979	-1.29979	-1.29979	0.309644	-1.29979	-1.29979	3.23281	-0.201181	3.8535	3.27492	-1.29979	-1.29979	-0.201181	-0.201181	-1.29979	-0.201181	-1.29979	-1.29979	-1.29979	-1.29979	5.19999	-1.29979	-1.29979	0.309644	-1.29979	-1.29979	-1.29979	-1.29979	5.75552	-1.29979	-1.29979	-1.29979	-1.29979	8.62109	-1.29979	6.21936	-1.29979	0.309644	-1.29979	-0.201181	-1.29979	1.40826	-0.201181	-1.29979	-1.29979	0.646117	-1.29979	-1.29979	-1.29979	3.76911	-1.29979	-1.29979	-1.29979	-1.29979	-1.29979	-1.29979	1.0981	-1.29979	-1.29979	-1.29979	-1.29979	-1.29979	-1.29979	0.897431	-1.29979	-1.29979	-1.29979	-0.201181	4.97119	0.646117	-1.29979	-1.29979	-1.29979	-1.29979	-0.201181	-1.29979	-1.29979	-1.29979	0.309644	-1.29979	-0.201181	-1.29979	-1.29979	-1.29979	-1.29979	9.08256	6.2804	-1.29979	-1.29979	-0.201181	-1.29979	-1.29979	-0.201181	2.31112	7.81459	4.15124	-1.29979	-1.29979	-1.29979	-1.29979	-1.29979	-1.29979	-1.29979	-0.201181	0.309644	-0.201181	1.53342	-0.201181	5.80763	2.6705	-1.29979	6.3214	-1.29979	-1.29979	-1.29979	-1.29979	-0.201181	-1.29979	-1.29979	-1.29979	-1.29979	4.62713	-1.29979	-1.29979	-0.201181	-0.201181	-1.29979	1.0981	-1.29979	-1.29979	1.8357	0.309644	4.57232	-1.29979	-1.29979	-1.29979	4.02322	-1.29979	-1.29979	7.5212	-1.29979	-1.29979	-1.29979	1.0981	-1.29979	-1.29979	5.4583	-1.29979	-1.29979	2.41378	-1.29979	-1.29979	0.309644	3.94195	-1.29979	-1.29979	2.70754	-0.201181	8.19188	-1.29979	-1.29979	-1.29979	-1.29979	-1.29979	-1.29979	-1.29979	-1.29979	-1.29979	6.0873	7.10154	0.897431	-1.29979	-0.201181	-1.29979	-1.29979	-1.29979	2.55035	-1.29979	-1.29979	-1.29979	0.309644	-1.29979	-0.201181	-1.29979	-1.29979	-1.29979	-1.29979	-0.201181	-1.29979	-1.29979	-1.29979	-1.29979	6.98698	-1.29979	-1.29979	-1.29979	-1.29979	-0.201181	-0.201181	-1.29979	-1.29979	0.646117	1.40826	-1.29979	-1.29979	6.35133	-0.201181	-0.201181	3.37304	-1.29979	-1.29979	-1.29979	2.9049	-1.29979	-1.29979	-0.201181	-0.201181	0.309644	-1.29979	-1.29979	2.36377	-1.29979	8.37849	-1.29979	-1.29979	-1.29979	0.309644	1.64465	-1.29979	-1.29979	-1.29979	6.86614	-1.29979	0.646117	-1.29979	-1.29979	-1.29979	-1.29979	7.97811	-1.29979	-1.29979	-1.29979	-1.29979	-0.201181	-1.29979	-1.29979	5.90287	-1.29979	-1.29979
SRR18236743	7.47132	-0.927761	-0.927761	1.47013	0.681677	0.170852	-0.927761	1.63719	1.47013	-0.927761	6.29554	-0.927761	-0.927761	-0.927761	-0.927761	0.170852	0.170852	4.10268	-0.927761	-0.927761	-0.927761	-0.927761	-0.927761	-0.927761	-0.927761	-0.927761	-0.927761	-0.927761	-0.927761	1.78029	-0.927761	-0.927761	-0.927761	-0.927761	-0.927761	-0.927761	-0.927761	0.170852	-0.927761	1.78029	3.18311	-0.927761	0.170852	-0.927761	-0.927761	-0.927761	-0.927761	-0.927761	-0.927761	-0.927761	-0.927761	-0.927761	-0.927761	-0.927761	3.93205	-0.927761	-0.927761	-0.927761	-0.927761	-0.927761	-0.927761	-0.927761	6.73565	-0.927761	-0.927761	-0.927761	-0.927761	7.9556	-0.927761	4.07619	-0.927761	-0.927761	-0.927761	-0.927761	-0.927761	-0.927761	-0.927761	-0.927761	-0.927761	-0.927761	-0.927761	1.26946	-0.927761	3.04253	-0.927761	-0.927761	-0.927761	-0.927761	-0.927761	-0.927761	-0.927761	-0.927761	-0.927761	-0.927761	-0.927761	-0.927761	-0.927761	0.681677	-0.927761	-0.927761	-0.927761	-0.927761	2.11676	1.01815	-0.927761	0.170852	-0.927761	-0.927761	-0.927761	-0.927761	-0.927761	-0.927761	-0.927761	-0.927761	-0.927761	-0.927761	-0.927761	-0.927761	-0.927761	8.42936	7.14658	-0.927761	-0.927761	-0.927761	-0.927761	-0.927761	-0.927761	3.27693	8.89349	2.29112	-0.927761	-0.927761	-0.927761	-0.927761	-0.927761	-0.927761	-0.927761	-0.927761	-0.927761	-0.927761	-0.927761	-0.927761	0.170852	2.29112	-0.927761	6.58157	0.170852	-0.927761	-0.927761	-0.927761	-0.927761	-0.927761	-0.927761	-0.927761	-0.927761	3.07957	-0.927761	-0.927761	-0.927761	-0.927761	-0.927761	0.170852	-0.927761	-0.927761	3.07957	-0.927761	5.59286	-0.927761	-0.927761	-0.927761	-0.927761	-0.927761	-0.927761	8.04622	-0.927761	-0.927761	-0.927761	-0.927761	-0.927761	-0.927761	7.99396	-0.927761	-0.927761	1.63719	-0.927761	-0.927761	0.170852	3.93205	-0.927761	-0.927761	-0.927761	-0.927761	5.22284	-0.927761	-0.927761	-0.927761	-0.927761	-0.927761	-0.927761	-0.927761	-0.927761	-0.927761	7.92347	7.25564	1.01815	-0.927761	-0.927761	0.170852	-0.927761	-0.927761	0.681677	-0.927761	-0.927761	-0.927761	-0.927761	-0.927761	-0.927761	-0.927761	-0.927761	-0.927761	-0.927761	0.170852	-0.927761	-0.927761	-0.927761	0.170852	8.51678	-0.927761	-0.927761	-0.927761	-0.927761	0.681677	-0.927761	-0.927761	-0.927761	-0.927761	-0.927761	-0.927761	-0.927761	2.96406	-0.927761	-0.927761	0.681677	-0.927761	-0.927761	-0.927761	-0.927761	-0.927761	-0.927761	-0.927761	-0.927761	0.681677	-0.927761	-0.927761	1.63719	-0.927761	9.12703	-0.927761	-0.927761	-0.927761	-0.927761	1.78029	-0.927761	-0.927761	-0.927761	2.62759	-0.927761	0.170852	-0.927761	1.63719	-0.927761	-0.927761	8.3288	-0.927761	-0.927761	-0.927761	-0.927761	-0.927761	-0.927761	-0.927761	7.04986	-0.927761	-0.927761
SRR18236744	7.60633	2.23231	-1.2642	5.02922	4.46914	-1.2642	-1.2642	3.20171	0.933028	-1.2642	5.92648	-1.2642	-1.2642	-1.2642	-1.2642	-1.2642	-1.2642	1.95468	-0.165584	-1.2642	-1.2642	-1.2642	-1.2642	-1.2642	-1.2642	-1.2642	-0.165584	-1.2642	-1.2642	-1.2642	-1.2642	-1.2642	-1.2642	-1.2642	-1.2642	-1.2642	-1.2642	1.95468	-1.2642	1.1337	1.44385	1.44385	3.07961	0.345241	-1.2642	-1.2642	2.39937	-1.2642	-1.2642	0.681714	-1.2642	-0.165584	0.933028	3.37053	1.30075	-1.2642	-1.2642	1.44385	0.345241	-1.2642	-1.2642	-1.2642	3.10525	-1.2642	-1.2642	-1.2642	-1.2642	8.20612	0.345241	2.66763	-1.2642	-1.2642	-1.2642	0.345241	-1.2642	-0.165584	0.681714	-1.2642	-1.2642	0.345241	-1.2642	-1.2642	-1.2642	3.24666	-1.2642	-1.2642	-1.2642	0.345241	-1.2642	-1.2642	-1.2642	-1.2642	-1.2642	-1.2642	-1.2642	-0.165584	-1.2642	0.933028	-1.2642	-1.2642	-1.2642	-1.2642	4.0088	1.78033	-1.2642	2.62762	-1.2642	-1.2642	-1.2642	-0.165584	-1.2642	-1.2642	1.78033	-1.2642	-1.2642	-1.2642	-1.2642	-1.2642	-1.2642	4.75925	5.6952	0.345241	-1.2642	-1.2642	-1.2642	-1.2642	-1.2642	4.6786	8.34914	3.82955	-1.2642	-1.2642	-1.2642	-1.2642	-1.2642	-1.2642	-1.2642	-1.2642	-1.2642	-1.2642	1.44385	0.933028	4.55589	2.44938	-1.2642	5.53486	-1.2642	-1.2642	-1.2642	-1.2642	-1.2642	-1.2642	-1.2642	-1.2642	-1.2642	-1.2642	-1.2642	-1.2642	-0.165584	0.933028	-1.2642	2.29115	-1.2642	-1.2642	1.44385	-0.165584	1.78033	-1.2642	-1.2642	-1.2642	4.32305	-1.2642	-1.2642	8.58636	-0.165584	-1.2642	-1.2642	6.37159	-1.2642	-1.2642	3.31051	0.345241	-1.2642	0.681714	-1.2642	-1.2642	0.933028	4.18684	-1.2642	-1.2642	2.497	1.8713	5.31088	-1.2642	-1.2642	-1.2642	-1.2642	-1.2642	-0.165584	0.933028	-1.2642	-1.2642	4.33792	3.77923	1.44385	-1.2642	-1.2642	-1.2642	-1.2642	-1.2642	1.8713	-1.2642	-0.165584	-1.2642	-0.165584	-1.2642	-1.2642	-1.2642	-1.2642	-1.2642	-1.2642	0.933028	-0.165584	-1.2642	-1.2642	0.681714	8.48328	-1.2642	-1.2642	-1.2642	-1.2642	-1.2642	-1.2642	-1.2642	-1.2642	1.1337	0.933028	-1.2642	-1.2642	3.65578	-1.2642	-1.2642	2.66763	-1.2642	-1.2642	-1.2642	0.345241	-1.2642	-1.2642	-1.2642	-1.2642	2.03164	-1.2642	-1.2642	3.15464	2.58595	8.90039	2.84668	-1.2642	-1.2642	0.345241	0.345241	-1.2642	-0.165584	-1.2642	3.40863	-1.2642	-1.2642	-1.2642	1.56902	-1.2642	-1.2642	3.611	-1.2642	-1.2642	-1.2642	-1.2642	0.681714	-1.2642	-1.2642	3.90059	-1.2642	-1.2642
SRR18236745	7.26683	-1.81283	-1.81283	1.55446	6.00278	-1.81283	-1.81283	5.30275	0.895217	-1.81283	5.48629	-1.81283	-1.81283	-1.81283	-1.81283	-1.81283	0.752116	0.585062	1.32266	-1.81283	-1.81283	-1.81283	-1.81283	-1.81283	-1.81283	-1.81283	-0.714221	-1.81283	-1.81283	-1.81283	-1.81283	-1.81283	-1.81283	-1.81283	-1.81283	-0.203395	-1.81283	-1.81283	-1.81283	0.384392	2.42127	2.07899	4.0249	-1.81283	-1.81283	0.895217	1.99383	-1.81283	-1.81283	1.23169	-1.81283	-1.81283	0.133077	4.39172	0.895217	0.133077	-1.81283	1.483	0.384392	-1.81283	-1.81283	-0.203395	5.01912	-1.81283	-0.203395	-1.81283	-1.81283	7.79339	0.384392	0.895217	-1.81283	0.585062	-1.81283	1.02038	-1.81283	2.50466	1.74251	1.02038	-1.81283	1.68367	-1.81283	-1.81283	-0.714221	5.35343	-1.81283	-1.81283	-1.81283	1.13161	0.133077	-1.81283	2.03731	-1.81283	-1.81283	-1.81283	-1.81283	-1.81283	-1.81283	0.895217	1.55446	-1.81283	-1.81283	-0.203395	3.64675	1.68367	-1.81283	1.23169	-1.81283	-1.81283	0.133077	2.78229	0.384392	-1.81283	2.1945	-1.81283	-1.81283	-1.81283	0.384392	-1.81283	-1.81283	5.74045	7.51786	-1.81283	-1.81283	-1.81283	-1.81283	-1.81283	0.133077	4.19598	8.12481	5.33157	-1.81283	-1.81283	-1.81283	-1.81283	-1.81283	-0.203395	-1.81283	-1.81283	0.384392	-1.81283	2.8967	3.01548	6.07438	1.62115	-1.81283	5.33315	0.585062	-0.714221	-0.714221	1.23169	0.585062	-1.81283	-1.81283	-1.81283	-1.81283	0.133077	-1.81283	-1.81283	1.94837	2.44985	-0.203395	2.94934	-1.81283	-1.81283	-1.81283	0.133077	1.90074	-1.81283	1.02038	-1.81283	2.3303	0.384392	-1.81283	6.63157	1.74251	-0.203395	0.133077	7.89762	-1.81283	-1.81283	2.11899	-0.714221	-1.81283	-0.203395	-1.81283	-1.81283	2.71977	1.02038	-1.81283	-1.81283	1.79808	0.133077	1.02038	-1.81283	-1.81283	0.384392	-1.81283	-1.81283	0.752116	2.29804	-1.81283	-1.81283	2.3303	4.47688	2.60601	-1.81283	-1.81283	-1.81283	1.13161	-1.81283	3.1639	0.133077	-1.81283	0.752116	-1.81283	-1.81283	-1.81283	-1.81283	-0.203395	-1.81283	-0.203395	2.03731	1.32266	-1.81283	-1.81283	1.79808	6.44481	-0.203395	0.133077	-1.81283	-1.81283	-0.714221	1.13161	-0.203395	-1.81283	1.483	2.36155	-1.81283	-0.203395	5.59266	-1.81283	-1.81283	4.09253	-0.714221	-0.203395	-0.203395	-1.81283	-0.714221	-1.81283	-1.81283	-1.81283	2.60601	-1.81283	-1.81283	4.67485	3.65523	6.69046	4.20088	0.133077	-1.81283	-0.714221	2.3303	-1.81283	-1.81283	-1.81283	5.61431	-1.81283	-1.81283	-1.81283	-0.714221	-1.81283	-1.81283	4.87801	-0.714221	-0.714221	0.133077	-0.714221	1.13161	0.384392	-1.81283	1.85073	-1.81283	-1.81283
SRR18236746	6.47206	-0.370621	-0.370621	-0.370621	-0.370621	-0.370621	-0.370621	10.7334	-0.370621	-0.370621	0.727991	-0.370621	-0.370621	-0.370621	-0.370621	-0.370621	-0.370621	0.727991	-0.370621	-0.370621	-0.370621	-0.370621	-0.370621	-0.370621	-0.370621	-0.370621	-0.370621	-0.370621	-0.370621	-0.370621	-0.370621	-0.370621	-0.370621	-0.370621	-0.370621	-0.370621	-0.370621	-0.370621	-0.370621	-0.370621	0.727991	-0.370621	0.727991	8.8647	-0.370621	-0.370621	-0.370621	-0.370621	-0.370621	-0.370621	-0.370621	-0.370621	-0.370621	10.6849	-0.370621	-0.370621	-0.370621	-0.370621	-0.370621	-0.370621	-0.370621	-0.370621	0.727991	-0.370621	-0.370621	-0.370621	-0.370621	1.23882	-0.370621	-0.370621	-0.370621	-0.370621	-0.370621	-0.370621	-0.370621	-0.370621	0.727991	-0.370621	-0.370621	-0.370621	-0.370621	-0.370621	-0.370621	-0.370621	-0.370621	-0.370621	-0.370621	0.727991	-0.370621	-0.370621	-0.370621	-0.370621	-0.370621	-0.370621	-0.370621	-0.370621	-0.370621	-0.370621	-0.370621	-0.370621	-0.370621	-0.370621	-0.370621	-0.370621	-0.370621	-0.370621	-0.370621	-0.370621	-0.370621	-0.370621	-0.370621	-0.370621	4.32073	-0.370621	-0.370621	-0.370621	-0.370621	-0.370621	-0.370621	1.57529	2.99667	-0.370621	-0.370621	-0.370621	-0.370621	-0.370621	-0.370621	-0.370621	0.727991	-0.370621	-0.370621	-0.370621	-0.370621	-0.370621	-0.370621	-0.370621	-0.370621	-0.370621	-0.370621	-0.370621	-0.370621	0.727991	-0.370621	-0.370621	-0.370621	1.57529	-0.370621	-0.370621	-0.370621	0.727991	-0.370621	-0.370621	-0.370621	-0.370621	-0.370621	-0.370621	-0.370621	-0.370621	-0.370621	6.63335	-0.370621	-0.370621	-0.370621	-0.370621	-0.370621	-0.370621	-0.370621	-0.370621	-0.370621	-0.370621	0.727991	-0.370621	-0.370621	1.23882	-0.370621	-0.370621	-0.370621	-0.370621	-0.370621	-0.370621	0.727991	-0.370621	-0.370621	-0.370621	-0.370621	-0.370621	-0.370621	-0.370621	9.78817	-0.370621	-0.370621	-0.370621	-0.370621	-0.370621	-0.370621	-0.370621	-0.370621	-0.370621	-0.370621	-0.370621	-0.370621	-0.370621	6.64419	3.29294	-0.370621	-0.370621	-0.370621	-0.370621	-0.370621	-0.370621	-0.370621	-0.370621	-0.370621	-0.370621	-0.370621	-0.370621	-0.370621	-0.370621	-0.370621	-0.370621	-0.370621	-0.370621	-0.370621	-0.370621	-0.370621	-0.370621	1.23882	-0.370621	-0.370621	-0.370621	-0.370621	-0.370621	-0.370621	-0.370621	-0.370621	-0.370621	-0.370621	-0.370621	-0.370621	0.727991	-0.370621	-0.370621	-0.370621	-0.370621	-0.370621	-0.370621	-0.370621	-0.370621	-0.370621	-0.370621	-0.370621	-0.370621	-0.370621	-0.370621	-0.370621	-0.370621	5.17846	-0.370621	-0.370621	-0.370621	-0.370621	0.727991	-0.370621	-0.370621	-0.370621	-0.370621	-0.370621	-0.370621	-0.370621	-0.370621	-0.370621	-0.370621	0.727991	-0.370621	-0.370621	-0.370621	-0.370621	-0.370621	-0.370621	-0.370621	-0.370621	-0.370621	-0.370621
SRR18236752	8.67844	-1.71654	1.77997	2.13361	-1.71654	1.2279	0.991509	2.25375	0.681354	-1.71654	4.9891	-1.71654	0.229369	-1.71654	1.99703	-0.107103	-1.71654	2.42659	0.229369	-1.71654	8.58877	-1.71654	-1.71654	-1.71654	-1.71654	-1.71654	3.12765	-1.71654	-1.71654	-1.71654	-0.617929	1.71745	1.11667	1.94702	-0.107103	-1.71654	-1.71654	4.28735	-1.71654	-1.71654	2.13361	-1.71654	1.83881	6.74493	-1.71654	-1.71654	0.480683	2.87858	-0.107103	0.848408	-1.71654	-0.617929	-1.71654	-1.71654	2.04466	-0.617929	0.229369	-0.107103	-1.71654	-1.71654	-1.71654	-1.71654	3.20344	-1.71654	-1.71654	-1.71654	-1.71654	5.23905	0.229369	2.32651	-1.71654	-1.71654	-1.71654	0.480683	-1.71654	0.229369	-1.71654	2.81606	-1.71654	1.11667	0.681354	3.44824	-1.71654	3.79285	-1.71654	-1.71654	2.25375	-0.617929	-1.71654	-1.71654	-0.107103	-1.71654	-0.107103	-1.71654	-1.71654	4.78023	-1.71654	1.99703	-1.71654	2.13361	-1.71654	-1.71654	2.09012	-0.107103	-0.617929	2.04466	-1.71654	-1.71654	-1.71654	-0.617929	-1.71654	-1.71654	0.991509	-1.71654	-1.71654	-1.71654	-1.71654	-1.71654	-1.71654	6.68659	5.0758	-1.71654	-1.71654	-1.71654	-1.71654	-1.71654	-1.71654	2.7023	4.4799	1.83881	-1.71654	-1.71654	0.480683	-1.71654	-1.71654	-0.617929	-1.71654	-1.71654	-0.617929	0.681354	-0.107103	1.50233	3.51457	3.58676	-1.71654	5.60399	-0.107103	-0.617929	-1.71654	0.229369	-1.71654	-1.71654	-1.71654	-1.71654	-0.617929	1.94702	-0.107103	-1.71654	1.77997	-0.617929	-1.71654	1.11667	-1.71654	-1.71654	1.32798	-1.71654	1.99703	2.48815	-1.71654	-1.71654	2.21528	-1.71654	-1.71654	4.87513	-1.71654	-1.71654	-1.71654	1.11667	3.71718	-1.71654	3.54615	6.35092	-0.617929	1.89438	-1.71654	6.89869	2.48815	4.53536	-1.71654	-1.71654	0.681354	-0.107103	4.10354	-0.617929	0.229369	-1.71654	-1.71654	-1.71654	-1.71654	-1.71654	-1.71654	-1.71654	4.66189	4.17234	2.99299	-1.71654	-0.617929	-1.71654	-1.71654	-1.71654	1.41895	-1.71654	0.848408	-1.71654	0.480683	-1.71654	-1.71654	-1.71654	-1.71654	-1.71654	-1.71654	3.18873	-1.71654	-1.71654	-1.71654	-1.71654	4.36339	-1.71654	-0.107103	3.64475	-1.71654	0.229369	-1.71654	-1.71654	-1.71654	2.361	-0.617929	-1.71654	-1.71654	4.2674	-1.71654	0.229369	0.848408	-1.71654	-1.71654	-0.617929	-0.617929	-1.71654	-1.71654	-1.71654	-1.71654	1.2279	-1.71654	-1.71654	3.14327	0.229369	6.90627	-0.617929	-1.71654	3.80891	2.21528	1.2279	-1.71654	-1.71654	-0.617929	4.93632	-0.617929	-1.71654	-1.71654	-0.617929	-1.71654	-1.71654	3.2463	-1.71654	-1.71654	0.991509	-1.71654	-0.617929	-1.71654	4.56573	3.68162	2.17528	-1.71654
SRR18236763	8.64045	-1.85118	1.44465	2.85835	1.99896	1.09326	-1.85118	2.4115	-0.752571	-1.85118	5.32889	-1.85118	-1.85118	-1.85118	1.28431	-1.85118	-1.85118	3.20506	-0.241745	-0.752571	8.25887	-1.85118	-1.85118	-1.85118	-1.85118	-1.85118	-0.752571	-1.85118	-1.85118	-0.752571	-1.85118	1.70417	-0.241745	2.08064	1.09326	-1.85118	-1.85118	4.23332	-1.85118	-1.85118	3.90139	-1.85118	0.856867	6.72673	-0.241745	-1.85118	-0.241745	3.25476	-1.85118	1.91002	-1.85118	-1.85118	-0.241745	0.856867	3.56492	-1.85118	-1.85118	-0.752571	-1.85118	-1.85118	-1.85118	-1.85118	4.42358	-1.85118	-1.85118	-1.85118	-1.85118	6.55105	2.04064	2.72353	-1.85118	-1.85118	-1.85118	-0.752571	-1.85118	0.713766	0.546712	2.49262	-1.85118	-0.752571	1.09326	3.03917	-1.85118	3.58254	-1.85118	-1.85118	2.11911	-1.85118	-0.241745	-1.85118	-1.85118	-1.85118	-1.85118	-0.752571	-1.85118	4.70417	-1.85118	4.41602	-1.85118	1.86239	-1.85118	-1.85118	3.05409	0.346042	-1.85118	2.29195	-1.85118	-1.85118	-1.85118	-0.241745	-1.85118	-1.85118	2.3232	-1.85118	-1.85118	-1.85118	-1.85118	-1.85118	-1.85118	6.42648	5.11578	-1.85118	-0.241745	1.09326	-1.85118	-1.85118	-1.85118	2.63745	4.02655	1.5828	-1.85118	-1.85118	0.713766	-1.85118	-1.85118	0.0947272	-1.85118	-1.85118	-0.752571	0.546712	0.346042	1.51611	1.09326	3.68221	-1.85118	5.45064	-0.752571	-0.241745	-1.85118	-1.85118	-1.85118	-1.85118	-1.85118	-0.752571	-1.85118	1.86239	-1.85118	-1.85118	0.546712	0.856867	-1.85118	1.19334	-1.85118	-1.85118	1.64532	-1.85118	2.56766	2.72353	-1.85118	-1.85118	1.86239	-1.85118	-1.85118	4.62116	0.98203	-1.85118	-1.85118	3.3136	3.95696	-0.752571	3.84255	6.29117	-1.85118	2.54327	-1.85118	6.82045	0.0947272	4.70985	-1.85118	-1.85118	1.81238	0.856867	4.54073	-1.85118	-0.241745	-1.85118	-1.85118	-0.241745	-1.85118	-1.85118	-1.85118	-1.85118	4.7622	4.74869	2.35351	0.98203	-0.752571	-1.85118	-1.85118	-0.752571	3.79426	-0.752571	1.28431	-1.85118	-1.85118	-1.85118	-1.85118	-1.85118	-1.85118	-1.85118	-1.85118	2.89375	-1.85118	-1.85118	-1.85118	-1.85118	3.9689	-1.85118	-0.241745	3.61688	-1.85118	-1.85118	-1.85118	-1.85118	-1.85118	2.78355	1.28431	-1.85118	-1.85118	5.18144	-1.85118	-1.85118	0.346042	-1.85118	-1.85118	-0.752571	1.51611	-1.85118	0.346042	-0.752571	-1.85118	0.546712	-1.85118	-1.85118	3.0688	1.51611	6.9447	0.713766	-1.85118	3.87566	1.70417	2.4115	-1.85118	-1.85118	0.0947272	5.20067	-1.85118	-0.752571	-1.85118	-1.85118	-1.85118	-0.752571	4.41602	-1.85118	-0.752571	-0.241745	-1.85118	-1.85118	-1.85118	4.43853	3.61688	2.961	0.0947272
SRR18236774	7.25535	-0.663642	-0.663642	1.28227	-0.663642	-0.663642	-0.663642	-0.663642	-0.663642	-0.663642	4.707	-0.663642	-0.663642	-0.663642	-0.663642	-0.663642	-0.663642	0.43497	-0.663642	-0.663642	-0.663642	-0.663642	-0.663642	-0.663642	-0.663642	-0.663642	-0.663642	-0.663642	-0.663642	-0.663642	-0.663642	-0.663642	-0.663642	-0.663642	-0.663642	-0.663642	-0.663642	-0.663642	-0.663642	0.945796	4.43011	-0.663642	0.43497	-0.663642	-0.663642	-0.663642	-0.663642	0.43497	-0.663642	-0.663642	-0.663642	-0.663642	-0.663642	-0.663642	6.46003	-0.663642	-0.663642	-0.663642	-0.663642	-0.663642	-0.663642	-0.663642	7.24732	-0.663642	-0.663642	-0.663642	-0.663642	5.9335	-0.663642	2.47185	-0.663642	-0.663642	-0.663642	-0.663642	-0.663642	-0.663642	-0.663642	-0.663642	-0.663642	-0.663642	-0.663642	-0.663642	-0.663642	-0.663642	-0.663642	-0.663642	-0.663642	-0.663642	-0.663642	-0.663642	-0.663642	-0.663642	-0.663642	-0.663642	-0.663642	-0.663642	-0.663642	0.43497	-0.663642	-0.663642	-0.663642	-0.663642	0.945796	-0.663642	-0.663642	-0.663642	-0.663642	-0.663642	-0.663642	-0.663642	-0.663642	-0.663642	-0.663642	-0.663642	-0.663642	-0.663642	-0.663642	-0.663642	-0.663642	9.42836	7.11079	-0.663642	-0.663642	-0.663642	-0.663642	-0.663642	-0.663642	2.38088	7.08439	0.43497	-0.663642	-0.663642	-0.663642	-0.663642	-0.663642	-0.663642	-0.663642	-0.663642	-0.663642	-0.663642	-0.663642	0.945796	1.28227	2.38088	-0.663642	8.82198	-0.663642	-0.663642	-0.663642	-0.663642	-0.663642	-0.663642	-0.663642	-0.663642	-0.663642	0.43497	-0.663642	-0.663642	-0.663642	-0.663642	-0.663642	0.945796	-0.663642	-0.663642	0.945796	-0.663642	1.28227	-0.663642	-0.663642	-0.663642	-0.663642	-0.663642	-0.663642	9.85964	-0.663642	-0.663642	-0.663642	1.28227	-0.663642	-0.663642	4.2992	-0.663642	-0.663642	1.28227	-0.663642	-0.663642	-0.663642	0.945796	-0.663642	-0.663642	-0.663642	-0.663642	-0.663642	-0.663642	-0.663642	-0.663642	-0.663642	-0.663642	-0.663642	-0.663642	-0.663642	-0.663642	7.27266	7.95158	-0.663642	-0.663642	-0.663642	-0.663642	-0.663642	-0.663642	1.53358	-0.663642	-0.663642	-0.663642	1.28227	-0.663642	-0.663642	-0.663642	-0.663642	-0.663642	-0.663642	-0.663642	-0.663642	-0.663642	-0.663642	-0.663642	9.41207	-0.663642	-0.663642	-0.663642	-0.663642	-0.663642	-0.663642	-0.663642	-0.663642	-0.663642	-0.663642	-0.663642	-0.663642	0.43497	-0.663642	-0.663642	-0.663642	-0.663642	-0.663642	-0.663642	-0.663642	-0.663642	-0.663642	-0.663642	-0.663642	-0.663642	-0.663642	-0.663642	1.90131	-0.663642	9.6818	0.43497	-0.663642	-0.663642	-0.663642	-0.663642	-0.663642	-0.663642	-0.663642	-0.663642	-0.663642	-0.663642	0.43497	-0.663642	-0.663642	-0.663642	7.17903	0.43497	-0.663642	-0.663642	-0.663642	-0.663642	-0.663642	-0.663642	5.4254	-0.663642	-0.663642
SRR18236785	9.12146	-1.63378	-0.0243401	5.54018	-1.63378	-1.63378	0.764117	1.19944	0.312132	-1.63378	5.61686	-0.535166	-1.63378	-1.63378	0.931171	-1.63378	-1.63378	2.87708	-0.0243401	-1.63378	7.99033	-1.63378	-1.63378	-1.63378	-1.63378	-1.63378	-1.63378	-1.63378	-1.63378	-1.63378	-1.63378	1.66206	-0.0243401	1.41074	-0.0243401	-1.63378	-1.63378	3.63922	-1.63378	-0.535166	1.97714	-1.63378	2.02978	6.19863	-0.0243401	-1.63378	0.764117	3.85928	-0.535166	-0.535166	-1.63378	-1.63378	-0.535166	-0.0243401	3.75529	-1.63378	-1.63378	2.85486	-1.63378	-1.63378	-1.63378	-1.63378	6.50566	-1.63378	-1.63378	-1.63378	-1.63378	7.28233	-1.63378	2.71003	-1.63378	-1.63378	-1.63378	-1.63378	-1.63378	0.764117	-1.63378	2.29805	-1.63378	-1.63378	1.19944	2.89882	-1.63378	3.22603	-1.63378	-1.63378	1.07427	-0.535166	-1.63378	-1.63378	-1.63378	-1.63378	-1.63378	-0.535166	-1.63378	3.97569	-1.63378	3.37017	-1.63378	1.19944	-1.63378	-1.63378	4.1981	0.764117	-1.63378	1.41074	-0.0243401	-1.63378	-1.63378	0.312132	-1.63378	-1.63378	0.931171	-1.63378	-1.63378	-1.63378	-1.63378	-0.535166	-1.63378	7.12259	6.31531	-1.63378	-1.63378	-1.63378	-1.63378	-1.63378	-1.63378	3.63922	4.14387	-0.0243401	-1.63378	-0.535166	-0.535166	-1.63378	-1.63378	-1.63378	-1.63378	-0.535166	-1.63378	-1.63378	-0.535166	0.931171	2.68371	6.10122	-1.63378	6.97014	-1.63378	-1.63378	-1.63378	-1.63378	-1.63378	-1.63378	-1.63378	-1.63378	-1.63378	1.73352	-1.63378	-1.63378	1.19944	-1.63378	-1.63378	0.312132	-1.63378	-1.63378	2.25804	-1.63378	1.07427	2.25804	-1.63378	-1.63378	2.21637	-1.63378	-1.63378	5.61969	-1.63378	-1.63378	-1.63378	-0.0243401	3.42247	-1.63378	3.69894	5.72058	-1.63378	4.96064	-1.63378	6.34453	-0.0243401	5.0268	-1.63378	-1.63378	0.312132	-0.535166	4.16834	-1.63378	0.312132	-1.63378	-1.63378	-1.63378	-1.63378	-1.63378	-1.63378	-1.63378	5.69859	5.01131	2.37356	-1.63378	1.66206	-1.63378	-1.63378	-1.63378	1.5851	-1.63378	3.02018	-1.63378	3.59733	-1.63378	0.563447	-1.63378	-1.63378	-1.63378	-1.63378	2.40927	-1.63378	-1.63378	-1.63378	-1.63378	3.22603	-1.63378	0.563447	3.16201	-1.63378	3.55361	-0.0243401	-1.63378	-1.63378	1.97714	3.14535	-1.63378	-1.63378	4.64849	-1.63378	-1.63378	0.931171	-1.63378	-1.63378	-1.63378	-1.63378	-1.63378	-1.63378	-0.535166	-1.63378	0.312132	-1.63378	-1.63378	3.02018	-1.63378	6.72536	-0.535166	-1.63378	3.03905	1.50172	2.87708	-1.63378	-1.63378	-1.63378	4.48652	-0.0243401	-1.63378	-1.63378	-0.535166	-0.535166	-0.535166	2.96134	-1.63378	-1.63378	-1.63378	-1.63378	-1.63378	-1.63378	3.95347	3.00095	2.07979	-0.0243401
SRR18236786	7.61937	-0.772034	-0.772034	-0.772034	0.326578	-0.772034	1.17388	0.837404	-0.772034	-0.772034	3.7166	-0.772034	-0.772034	-0.772034	-0.772034	-0.772034	-0.772034	1.42519	-0.772034	-0.772034	-0.772034	-0.772034	-0.772034	-0.772034	-0.772034	-0.772034	-0.772034	-0.772034	-0.772034	-0.772034	-0.772034	-0.772034	-0.772034	-0.772034	-0.772034	-0.772034	-0.772034	-0.772034	-0.772034	-0.772034	0.837404	-0.772034	-0.772034	-0.772034	-0.772034	-0.772034	-0.772034	-0.772034	-0.772034	-0.772034	-0.772034	-0.772034	-0.772034	-0.772034	1.42519	-0.772034	-0.772034	5.97438	-0.772034	-0.772034	-0.772034	-0.772034	8.487	-0.772034	-0.772034	-0.772034	-0.772034	5.84403	3.57177	4.55098	-0.772034	-0.772034	-0.772034	-0.772034	-0.772034	-0.772034	-0.772034	-0.772034	-0.772034	-0.772034	-0.772034	-0.772034	-0.772034	1.79292	-0.772034	-0.772034	-0.772034	-0.772034	-0.772034	-0.772034	-0.772034	-0.772034	1.93602	-0.772034	-0.772034	-0.772034	-0.772034	3.90079	-0.772034	-0.772034	-0.772034	-0.772034	2.06118	0.326578	-0.772034	-0.772034	-0.772034	-0.772034	-0.772034	-0.772034	-0.772034	-0.772034	6.85794	-0.772034	-0.772034	-0.772034	-0.772034	-0.772034	-0.772034	9.98895	3.78184	-0.772034	-0.772034	1.17388	-0.772034	-0.772034	-0.772034	-0.772034	0.326578	1.17388	-0.772034	-0.772034	-0.772034	-0.772034	-0.772034	-0.772034	-0.772034	-0.772034	-0.772034	-0.772034	-0.772034	-0.772034	-0.772034	0.837404	-0.772034	8.06855	-0.772034	-0.772034	-0.772034	-0.772034	-0.772034	-0.772034	-0.772034	-0.772034	-0.772034	1.62586	-0.772034	-0.772034	-0.772034	-0.772034	-0.772034	-0.772034	-0.772034	-0.772034	0.837404	-0.772034	-0.772034	-0.772034	-0.772034	-0.772034	0.326578	-0.772034	-0.772034	1.62586	-0.772034	-0.772034	-0.772034	-0.772034	-0.772034	-0.772034	4.76923	-0.772034	-0.772034	4.79249	-0.772034	-0.772034	-0.772034	3.2353	-0.772034	-0.772034	6.07065	-0.772034	4.72103	-0.772034	-0.772034	-0.772034	-0.772034	-0.772034	-0.772034	-0.772034	-0.772034	-0.772034	6.20431	5.24168	-0.772034	-0.772034	-0.772034	-0.772034	-0.772034	-0.772034	1.42519	-0.772034	-0.772034	-0.772034	-0.772034	-0.772034	-0.772034	-0.772034	-0.772034	-0.772034	-0.772034	-0.772034	-0.772034	-0.772034	-0.772034	-0.772034	0.326578	-0.772034	-0.772034	-0.772034	-0.772034	4.27139	-0.772034	-0.772034	-0.772034	-0.772034	4.40412	-0.772034	-0.772034	9.41945	-0.772034	-0.772034	0.326578	-0.772034	-0.772034	-0.772034	0.326578	-0.772034	-0.772034	-0.772034	-0.772034	-0.772034	-0.772034	-0.772034	-0.772034	-0.772034	4.91494	-0.772034	-0.772034	-0.772034	4.71276	6.74928	-0.772034	-0.772034	0.837404	9.61428	-0.772034	-0.772034	-0.772034	-0.772034	-0.772034	-0.772034	0.326578	-0.772034	-0.772034	-0.772034	0.326578	-0.772034	-0.772034	-0.772034	2.89153	-0.772034	-0.772034
SRR18236787	8.20502	-1.39405	-1.39405	-1.39405	-0.295435	-1.39405	1.82483	2.84006	0.21539	-1.39405	5.75351	-1.39405	-1.39405	-1.39405	-1.39405	-1.39405	-0.295435	4.04837	0.21539	-1.39405	-0.295435	-1.39405	-1.39405	-1.39405	-1.39405	-1.39405	-1.39405	-1.39405	-1.39405	-1.39405	-1.39405	-1.39405	-1.39405	-1.39405	2.26951	-1.39405	-1.39405	-1.39405	-1.39405	-1.39405	4.61967	2.03994	1.74145	3.64938	-1.39405	-1.39405	4.36485	-1.39405	-1.39405	0.21539	-1.39405	-1.39405	0.21539	1.65047	3.02479	-1.39405	-1.39405	4.29968	-1.39405	-1.39405	-1.39405	-1.39405	6.58905	-1.39405	-1.39405	0.21539	-1.39405	6.91464	-1.39405	3.77074	-1.39405	-0.295435	-1.39405	-1.39405	-1.39405	0.21539	-1.39405	-1.39405	-1.39405	-1.39405	-1.39405	-1.39405	-1.39405	3.64938	-1.39405	-1.39405	-1.39405	0.21539	-1.39405	-1.39405	-1.39405	-1.39405	2.4561	-1.39405	-1.39405	-1.39405	-1.39405	5.00121	-1.39405	-1.39405	-1.39405	-1.39405	3.15983	0.551862	-1.39405	1.1709	-1.39405	-0.295435	-1.39405	0.551862	-1.39405	-0.295435	1.314	-1.39405	-1.39405	-1.39405	-1.39405	-1.39405	-1.39405	7.85176	7.2769	-1.39405	-1.39405	-1.39405	0.21539	-1.39405	-1.39405	1.43917	2.36715	4.26543	-1.39405	-1.39405	-1.39405	-1.39405	-1.39405	-1.39405	-1.39405	-1.39405	2.10246	-1.39405	-1.39405	1.1709	2.21687	2.53778	-1.39405	8.16716	-1.39405	-1.39405	-1.39405	-1.39405	-0.295435	-1.39405	-1.39405	-1.39405	-1.39405	3.6622	-1.39405	-1.39405	-1.39405	0.21539	-1.39405	-1.39405	-1.39405	-1.39405	3.4963	-0.295435	3.22107	-1.39405	0.21539	-1.39405	1.97325	-0.295435	-1.39405	4.40201	-1.39405	-1.39405	-1.39405	-1.39405	-1.39405	-1.39405	3.6099	-1.39405	-1.39405	5.69353	-1.39405	-1.39405	0.803177	4.97756	0.803177	-1.39405	3.31548	-1.39405	6.99144	-1.39405	-1.39405	-1.39405	-1.39405	-1.39405	-1.39405	-1.39405	-1.39405	-1.39405	6.10759	6.1963	0.803177	-1.39405	-1.39405	-0.295435	-1.39405	-0.295435	2.26951	-1.39405	-1.39405	-1.39405	4.82654	1.314	-1.39405	0.21539	-1.39405	0.21539	-1.39405	0.551862	1.00385	-1.39405	-1.39405	-1.39405	4.51675	-0.295435	-1.39405	-1.39405	-1.39405	4.21542	-0.295435	-1.39405	-0.295435	1.82483	5.55772	0.803177	-1.39405	7.58044	-1.39405	1.43917	2.86863	-0.295435	-1.39405	-1.39405	1.90179	-1.39405	-1.39405	-1.39405	-1.39405	0.803177	-1.39405	-1.39405	1.43917	-1.39405	7.21572	-1.39405	-1.39405	-1.39405	5.40724	3.24068	-1.39405	-1.39405	-1.39405	6.64026	-1.39405	0.21539	-1.39405	-1.39405	-1.39405	-1.39405	3.2973	-1.39405	-1.39405	-1.39405	-1.39405	-1.39405	-1.39405	1.74145	3.97659	-1.39405	-1.39405
SRR18236788	6.94743	-1.28555	-1.28555	1.75898	1.2794	-1.28555	4.02766	3.63443	-0.186934	-1.28555	3.30957	-1.28555	-1.28555	-1.28555	-1.28555	-1.28555	1.65889	2.21096	0.911678	-1.28555	-1.28555	-1.28555	-1.28555	0.660364	-1.28555	-1.28555	-1.28555	-1.28555	-1.28555	-1.28555	-1.28555	-1.28555	-1.28555	-1.28555	-1.28555	-1.28555	-1.28555	-1.28555	1.75898	-1.28555	0.323892	3.20309	5.3928	-0.186934	-1.28555	-1.28555	1.65889	-1.28555	-1.28555	1.54767	-1.28555	-1.28555	-0.186934	-1.28555	1.4225	0.323892	-1.28555	0.323892	-1.28555	0.911678	-1.28555	-1.28555	5.555	-1.28555	-1.28555	-1.28555	1.54767	6.22925	-1.28555	3.42398	-1.28555	-1.28555	1.2794	-0.186934	0.323892	1.4225	0.911678	0.323892	-1.28555	1.54767	-1.28555	-1.28555	-1.28555	3.4058	-1.28555	-1.28555	-1.28555	1.2794	-0.186934	-1.28555	-0.186934	-1.28555	-1.28555	-1.28555	-1.28555	-1.28555	0.323892	1.11235	-1.28555	-1.28555	-1.28555	-1.28555	1.11235	2.2698	-0.186934	-0.186934	-1.28555	-1.28555	-1.28555	1.2794	-1.28555	-0.186934	2.08175	-1.28555	-1.28555	0.911678	-1.28555	-1.28555	-1.28555	7.03295	4.50441	-1.28555	-1.28555	-1.28555	-1.28555	-1.28555	-1.28555	2.14844	3.44184	6.45642	0.911678	-1.28555	-1.28555	-1.28555	-1.28555	-1.28555	-1.28555	1.11235	-0.186934	-1.28555	-0.186934	1.4225	3.96673	0.660364	-1.28555	5.78007	0.660364	-0.186934	-0.186934	-1.28555	1.54767	-1.28555	-1.28555	-1.28555	-1.28555	-1.28555	-1.28555	-1.28555	-0.186934	1.11235	-1.28555	2.2698	-1.28555	-1.28555	-1.28555	1.2794	1.65889	-1.28555	1.75898	-1.28555	1.11235	1.2794	-1.28555	3.8204	1.4225	-1.28555	0.323892	2.08175	-1.28555	-1.28555	2.32537	-1.28555	-1.28555	-1.28555	-0.186934	-1.28555	1.4225	3.18036	-1.28555	-1.28555	0.660364	-0.186934	3.7184	-1.28555	-1.28555	-1.28555	-1.28555	-1.28555	-1.28555	-1.28555	-1.28555	1.11235	2.91915	3.8906	1.93333	-1.28555	-0.186934	-1.28555	0.660364	-1.28555	2.01029	-1.28555	-1.28555	1.65889	-1.28555	-1.28555	-0.186934	-1.28555	-0.186934	-1.28555	-1.28555	2.5646	0.660364	0.911678	-1.28555	-1.28555	3.8906	0.911678	-1.28555	-1.28555	1.11235	-0.186934	-1.28555	0.323892	0.323892	-0.186934	-1.28555	-1.28555	-1.28555	4.83914	-1.28555	-1.28555	5.31975	-1.28555	-1.28555	-1.28555	-1.28555	1.54767	-1.28555	1.2794	0.323892	3.13329	-1.28555	-1.28555	3.26833	0.911678	6.66496	-1.28555	1.75898	-1.28555	0.660364	0.323892	-1.28555	-1.28555	-1.28555	2.7575	-1.28555	-1.28555	-1.28555	-1.28555	-1.28555	-1.28555	2.85759	-1.28555	-1.28555	-1.28555	-1.28555	0.323892	-1.28555	-1.28555	3.93481	-1.28555	-1.28555
SRR18236789	8.20172	-0.815401	-0.815401	1.38182	-0.815401	-0.815401	0.794037	-0.815401	-0.815401	-0.815401	4.57367	-0.815401	-0.815401	-0.815401	-0.815401	-0.815401	-0.815401	1.38182	-0.815401	-0.815401	-0.815401	-0.815401	-0.815401	-0.815401	-0.815401	-0.815401	-0.815401	-0.815401	-0.815401	-0.815401	-0.815401	-0.815401	-0.815401	-0.815401	-0.815401	-0.815401	-0.815401	0.283211	-0.815401	0.283211	3.07642	0.283211	1.13051	-0.815401	-0.815401	-0.815401	-0.815401	-0.815401	-0.815401	-0.815401	-0.815401	-0.815401	-0.815401	0.283211	2.55189	-0.815401	-0.815401	-0.815401	-0.815401	-0.815401	-0.815401	-0.815401	7.8896	-0.815401	-0.815401	-0.815401	-0.815401	9.23508	-0.815401	6.87488	-0.815401	-0.815401	-0.815401	-0.815401	-0.815401	-0.815401	-0.815401	-0.815401	-0.815401	0.283211	-0.815401	-0.815401	-0.815401	1.38182	-0.815401	-0.815401	-0.815401	-0.815401	-0.815401	-0.815401	0.283211	-0.815401	-0.815401	-0.815401	-0.815401	-0.815401	-0.815401	2.68111	0.283211	-0.815401	-0.815401	-0.815401	2.32009	-0.815401	-0.815401	0.283211	-0.815401	-0.815401	-0.815401	-0.815401	-0.815401	-0.815401	5.82186	-0.815401	-0.815401	-0.815401	-0.815401	-0.815401	-0.815401	10.3277	7.34597	-0.815401	-0.815401	-0.815401	-0.815401	-0.815401	-0.815401	2.12904	3.67324	2.40347	-0.815401	-0.815401	-0.815401	-0.815401	-0.815401	-0.815401	-0.815401	-0.815401	1.13051	-0.815401	-0.815401	0.283211	1.58249	1.38182	-0.815401	9.58695	-0.815401	-0.815401	-0.815401	-0.815401	-0.815401	-0.815401	-0.815401	-0.815401	-0.815401	1.13051	-0.815401	-0.815401	-0.815401	-0.815401	-0.815401	0.794037	-0.815401	-0.815401	2.79552	-0.815401	5.1008	-0.815401	-0.815401	-0.815401	3.94677	-0.815401	-0.815401	6.59616	-0.815401	-0.815401	-0.815401	-0.815401	-0.815401	-0.815401	5.50357	-0.815401	-0.815401	-0.815401	-0.815401	-0.815401	-0.815401	7.09556	-0.815401	-0.815401	-0.815401	-0.815401	7.43809	-0.815401	-0.815401	-0.815401	-0.815401	-0.815401	-0.815401	-0.815401	-0.815401	-0.815401	4.80862	6.48101	-0.815401	-0.815401	-0.815401	-0.815401	-0.815401	-0.815401	0.794037	-0.815401	-0.815401	-0.815401	-0.815401	-0.815401	-0.815401	-0.815401	-0.815401	-0.815401	-0.815401	-0.815401	-0.815401	-0.815401	-0.815401	0.283211	2.12904	-0.815401	-0.815401	-0.815401	-0.815401	-0.815401	-0.815401	-0.815401	-0.815401	-0.815401	-0.815401	-0.815401	-0.815401	5.59313	-0.815401	-0.815401	1.13051	-0.815401	-0.815401	-0.815401	2.68111	-0.815401	-0.815401	-0.815401	-0.815401	-0.815401	-0.815401	-0.815401	0.794037	-0.815401	5.41311	-0.815401	-0.815401	-0.815401	-0.815401	-0.815401	-0.815401	-0.815401	-0.815401	2.40347	-0.815401	-0.815401	-0.815401	-0.815401	-0.815401	-0.815401	4.30259	-0.815401	-0.815401	-0.815401	-0.815401	-0.815401	-0.815401	-0.815401	7.29021	-0.815401	-0.815401
SRR18236790	8.87624	0.044962	1.00047	2.28567	0.044962	1.37996	-1.56448	1.73136	1.37996	-1.56448	4.99372	-1.56448	-1.56448	-1.56448	1.37996	-0.465864	-1.56448	1.86951	0.381434	-1.56448	8.7407	-1.56448	-1.56448	-1.56448	0.044962	-1.56448	-1.56448	0.044962	-1.56448	-1.56448	-1.56448	1.37996	0.632749	2.44286	-1.56448	-1.56448	-1.56448	4.64813	-1.56448	-0.465864	2.09909	-1.56448	2.09909	7.07688	-1.56448	-1.56448	0.044962	3.29534	0.632749	0.632749	-1.56448	-1.56448	-1.56448	0.044962	2.32734	-0.465864	-1.56448	-1.56448	-1.56448	-1.56448	-1.56448	-1.56448	2.92416	-1.56448	-1.56448	-1.56448	-1.56448	5.02445	0.381434	2.40582	-1.56448	-1.56448	-1.56448	0.632749	-1.56448	0.044962	-1.56448	2.60991	-1.56448	-0.465864	1.00047	3.46596	-1.56448	3.57719	-1.56448	-1.56448	1.86951	-0.465864	-1.56448	-1.56448	-1.56448	-1.56448	-1.56448	0.044962	-1.56448	4.96494	-1.56448	2.24219	-1.56448	2.57866	-1.56448	-1.56448	2.44286	-0.465864	0.044962	1.26874	-1.56448	-1.56448	-1.56448	-0.465864	-1.56448	-1.56448	1.37996	-1.56448	-1.56448	-1.56448	-1.56448	-0.465864	-1.56448	6.54174	5.34428	-1.56448	-1.56448	0.381434	-1.56448	-1.56448	-1.56448	2.92416	4.45412	1.80282	-1.56448	-0.465864	1.14357	-1.56448	-1.56448	-1.56448	-1.56448	-1.56448	-1.56448	0.632749	0.044962	1.73136	1.37996	1.57102	-0.465864	5.66609	-1.56448	-1.56448	-1.56448	-1.56448	0.381434	-1.56448	-1.56448	-1.56448	-1.56448	1.37996	-1.56448	-1.56448	1.26874	-1.56448	-1.56448	1.37996	-1.56448	-1.56448	0.632749	-1.56448	1.48005	3.05064	-1.56448	-1.56448	2.04644	-1.56448	-1.56448	4.37306	-1.56448	-1.56448	-1.56448	1.14357	4.16887	-1.56448	3.65588	6.50236	-1.56448	0.381434	-1.56448	7.12313	-1.56448	4.65611	-1.56448	-1.56448	1.57102	-1.56448	4.36245	-0.465864	1.00047	0.044962	-1.56448	-1.56448	-1.56448	-1.56448	-1.56448	-1.56448	4.72894	4.1225	2.1491	-1.56448	-1.56448	-1.56448	-1.56448	-1.56448	3.90358	-1.56448	1.14357	-1.56448	-1.56448	-1.56448	-1.56448	-1.56448	-1.56448	-1.56448	-1.56448	3.14505	-1.56448	-1.56448	-1.56448	-0.465864	4.20697	-1.56448	0.044962	3.61167	-1.56448	-1.56448	-1.56448	-1.56448	-1.56448	2.47858	1.00047	-1.56448	-1.56448	4.53808	-1.56448	-1.56448	-0.465864	-1.56448	-1.56448	0.044962	-0.465864	-1.56448	-1.56448	-1.56448	-1.56448	1.14357	-1.56448	-1.56448	3.03064	-1.56448	7.00891	-1.56448	-1.56448	4.1881	1.80282	1.86951	-1.56448	-1.56448	0.044962	5.16535	-1.56448	-1.56448	-1.56448	-1.56448	-1.56448	-1.56448	3.57719	-1.56448	-1.56448	-0.465864	-1.56448	0.381434	-1.56448	4.81055	3.56542	2.94638	-0.465864
SRR18236791	8.79572	-1.25416	-1.25416	5.40897	-1.25416	-1.25416	0.355274	0.355274	-1.25416	-1.25416	6.24304	-1.25416	-1.25416	-1.25416	-1.25416	-1.25416	-1.25416	3.6946	-0.155551	-1.25416	-1.25416	-1.25416	-1.25416	-1.25416	-1.25416	-1.25416	-1.25416	-1.25416	-1.25416	-1.25416	-1.25416	-1.25416	-1.25416	-1.25416	3.34096	-1.25416	-1.25416	-0.155551	-1.25416	-1.25416	7.15165	-0.155551	0.943061	1.14373	-0.155551	-1.25416	-1.25416	2.92022	-1.25416	-1.25416	-1.25416	-1.25416	-1.25416	-1.25416	5.31812	-1.25416	-1.25416	1.96471	-1.25416	-1.25416	-1.25416	-1.25416	7.26682	-1.25416	-1.25416	-1.25416	-1.25416	9.16349	2.45941	4.60662	-1.25416	-1.25416	-1.25416	-1.25416	-1.25416	-1.25416	-0.155551	0.691747	-1.25416	-1.25416	-1.25416	-1.25416	-1.25416	3.50801	-1.25416	-1.25416	-1.25416	-1.25416	-1.25416	-1.25416	-1.25416	-1.25416	0.355274	-1.25416	-1.25416	1.31079	-1.25416	6.47205	-1.25416	-1.25416	-1.25416	-1.25416	3.72257	-1.25416	-1.25416	0.691747	-1.25416	-1.25416	-1.25416	-1.25416	-1.25416	-1.25416	4.81194	-1.25416	-1.25416	-1.25416	-1.25416	-1.25416	-1.25416	8.87722	6.1489	-1.25416	-1.25416	-1.25416	-1.25416	-1.25416	-1.25416	2.85671	3.21174	2.59598	-1.25416	-1.25416	-1.25416	-1.25416	-1.25416	-1.25416	-1.25416	-1.25416	-1.25416	-1.25416	-1.25416	-0.155551	2.92022	3.59002	-1.25416	8.14191	-1.25416	-0.155551	-1.25416	-1.25416	-1.25416	-1.25416	-1.25416	-1.25416	-1.25416	3.92199	-1.25416	-1.25416	-1.25416	-1.25416	-1.25416	-1.25416	-1.25416	-1.25416	4.39833	-1.25416	6.44613	-1.25416	-1.25416	-1.25416	0.355274	-1.25416	-1.25416	5.11059	-1.25416	-1.25416	-1.25416	-1.25416	-1.25416	-1.25416	6.39696	-1.25416	-1.25416	4.66204	-1.25416	-1.25416	-1.25416	7.6866	-1.25416	-1.25416	2.4094	2.88897	7.00814	-1.25416	-1.25416	-1.25416	-1.25416	-1.25416	-1.25416	-1.25416	-1.25416	-1.25416	6.4017	6.3382	0.355274	1.45389	0.691747	-1.25416	-1.25416	-1.25416	4.11647	-1.25416	4.18825	-1.25416	3.92199	-1.25416	-1.25416	-1.25416	-1.25416	-1.25416	-1.25416	-1.25416	-1.25416	-1.25416	-1.25416	-1.25416	2.24234	-1.25416	-1.25416	-1.25416	-1.25416	0.943061	-1.25416	-1.25416	-1.25416	-0.155551	2.92022	-1.25416	-1.25416	6.5509	-1.25416	-1.25416	1.88133	-1.25416	-1.25416	-1.25416	2.4094	-1.25416	-1.25416	-1.25416	-1.25416	-1.25416	-1.25416	-1.25416	0.691747	-1.25416	7.44084	-1.25416	-1.25416	-1.25416	2.63766	5.32648	-1.25416	-1.25416	-1.25416	5.87273	-0.155551	-1.25416	-1.25416	-1.25416	-1.25416	-1.25416	5.17071	-1.25416	-1.25416	-1.25416	-1.25416	-1.25416	-1.25416	-1.25416	4.46615	-1.25416	3.92199
SRR18236792	9.44683	1.68829	-1.14492	1.8996	-0.0463088	-1.14492	2.22237	3.85903	-0.0463088	-1.14492	3.50904	-1.14492	-1.14492	-1.14492	-1.14492	-1.14492	-1.14492	2.7869	1.25297	-1.14492	-1.14492	-1.14492	-1.14492	-1.14492	-1.14492	0.464517	-1.14492	-1.14492	-1.14492	-1.14492	-1.14492	-1.14492	-1.14492	-1.14492	-1.14492	-1.14492	-1.14492	0.464517	-1.14492	0.464517	0.464517	1.99057	2.7869	-0.0463088	-1.14492	-1.14492	-0.0463088	0.800989	-1.14492	2.15092	-1.14492	-1.14492	-1.14492	-1.14492	3.38768	1.25297	-1.14492	0.800989	-1.14492	-1.14492	-1.14492	-1.14492	6.57776	0.464517	-1.14492	-1.14492	-1.14492	7.62303	-1.14492	3.27392	-1.14492	-1.14492	-1.14492	-1.14492	-1.14492	1.0523	0.800989	-1.14492	-1.14492	-1.14492	-1.14492	-1.14492	-1.14492	2.82537	-1.14492	-1.14492	-1.14492	-0.0463088	-1.14492	-1.14492	-1.14492	-1.14492	-1.14492	-0.0463088	-1.14492	0.464517	-1.14492	1.25297	-1.14492	-1.14492	-1.14492	-0.0463088	2.35159	1.0523	-1.14492	3.61725	-1.14492	-1.14492	-1.14492	0.464517	-1.14492	-1.14492	2.15092	-1.14492	-0.0463088	-1.14492	-1.14492	-1.14492	-1.14492	7.87414	7.28344	-1.14492	-1.14492	-1.14492	-1.14492	-1.14492	-1.14492	4.41191	8.52278	4.40416	-1.14492	-1.14492	-1.14492	-1.14492	-1.14492	-1.14492	-0.0463088	-1.14492	-1.14492	1.68829	2.96595	-0.0463088	4.05358	2.41043	-1.14492	5.84072	0.800989	-0.0463088	-1.14492	-1.14492	-1.14492	-1.14492	-1.14492	-1.14492	-1.14492	-1.14492	-1.14492	-1.14492	0.800989	-1.14492	-1.14492	1.99057	-1.14492	-1.14492	1.25297	-1.14492	0.800989	-1.14492	-1.14492	-1.14492	-1.14492	-1.14492	-1.14492	6.6723	-1.14492	-1.14492	-1.14492	-0.0463088	-1.14492	-1.14492	4.52151	-1.14492	-1.14492	1.42003	-1.14492	-1.14492	1.99057	3.99674	-1.14492	-1.14492	1.0523	0.464517	5.42456	-1.14492	-1.14492	0.464517	-1.14492	-1.14492	-1.14492	-1.14492	-1.14492	-1.14492	7.88641	4.83902	1.25297	-1.14492	-1.14492	-0.0463088	-1.14492	-1.14492	1.8996	-1.14492	-1.14492	-1.14492	0.464517	-1.14492	-1.14492	-1.14492	-1.14492	-1.14492	-1.14492	0.464517	-0.0463088	-1.14492	-1.14492	-1.14492	8.21047	-1.14492	-1.14492	-1.14492	-1.14492	0.464517	-1.14492	-1.14492	-1.14492	0.464517	1.42003	-1.14492	-1.14492	4.39634	0.464517	-1.14492	3.66726	-1.14492	-1.14492	-1.14492	0.464517	-1.14492	-1.14492	-1.14492	-1.14492	0.800989	-1.14492	-1.14492	2.35159	4.68108	8.14985	-1.14492	-1.14492	-1.14492	1.0523	-0.0463088	-1.14492	-1.14492	-1.14492	2.51864	-1.14492	-1.14492	-1.14492	-1.14492	-1.14492	-1.14492	1.0523	-1.14492	-1.14492	-1.14492	-1.14492	-1.14492	-1.14492	-1.14492	3.34372	-1.14492	-1.14492
SRR18236793	9.1884	2.43436	-1.2292	5.13555	-1.2292	-1.2292	2.32615	1.33575	-0.130585	-1.2292	6.52486	-0.130585	-1.2292	-1.2292	-1.2292	-1.2292	-1.2292	4.95082	-1.2292	-1.2292	-1.2292	-1.2292	-1.2292	-1.2292	-1.2292	-1.2292	-1.2292	-1.2292	-1.2292	-1.2292	-1.2292	-1.2292	-1.2292	-1.2292	-1.2292	-1.2292	-1.2292	-1.2292	-1.2292	-1.2292	-0.130585	0.968027	0.968027	-0.130585	-1.2292	-1.2292	1.33575	4.84154	-1.2292	-0.130585	-1.2292	-1.2292	-0.130585	-1.2292	2.9755	-0.130585	-1.2292	3.25944	-1.2292	-1.2292	-1.2292	-1.2292	7.87878	-1.2292	-1.2292	-1.2292	-1.2292	8.99764	-0.130585	3.83971	-1.2292	-1.2292	-1.2292	-1.2292	-1.2292	0.380241	0.380241	-1.2292	-1.2292	-1.2292	-1.2292	-0.130585	-1.2292	2.57747	-1.2292	-1.2292	-1.2292	-1.2292	0.716713	-1.2292	-1.2292	-1.2292	-1.2292	-1.2292	-1.2292	0.968027	-1.2292	2.26731	-1.2292	-1.2292	-1.2292	-1.2292	4.63159	-0.130585	-1.2292	1.33575	-1.2292	-1.2292	-1.2292	-1.2292	-1.2292	-1.2292	0.968027	-1.2292	-1.2292	-1.2292	-1.2292	-1.2292	-1.2292	8.20164	8.89258	-1.2292	-1.2292	-1.2292	-1.2292	-1.2292	-1.2292	4.32763	4.03349	3.18964	-1.2292	-1.2292	-1.2292	-1.2292	-1.2292	-1.2292	-0.130585	-1.2292	-0.130585	-1.2292	-1.2292	1.1687	-1.2292	7.69333	-1.2292	8.09385	-1.2292	-1.2292	-1.2292	-1.2292	-1.2292	-1.2292	0.380241	-1.2292	-1.2292	0.716713	-1.2292	-1.2292	-0.130585	-1.2292	-1.2292	-0.130585	-1.2292	-1.2292	2.94519	-1.2292	-0.130585	-1.2292	-0.130585	-1.2292	2.9755	-1.2292	-1.2292	6.45559	-1.2292	-1.2292	-1.2292	-0.130585	-1.2292	-1.2292	4.77962	-0.130585	-1.2292	6.11358	-1.2292	-1.2292	-0.130585	6.31249	-1.2292	-1.2292	1.81533	1.71524	5.21811	-1.2292	-1.2292	-0.130585	-1.2292	-1.2292	-1.2292	-1.2292	-1.2292	-1.2292	6.99738	5.46907	0.716713	-1.2292	0.968027	-1.2292	-1.2292	-1.2292	2.32615	-1.2292	3.00491	-1.2292	4.5968	-1.2292	-1.2292	-1.2292	-1.2292	-1.2292	-1.2292	-0.130585	-1.2292	-1.2292	-1.2292	-1.2292	2.57747	-1.2292	-1.2292	-1.2292	-1.2292	4.17797	-0.130585	-1.2292	-1.2292	-1.2292	4.20452	-1.2292	-1.2292	4.43029	-1.2292	-1.2292	2.26731	-1.2292	-1.2292	-1.2292	1.1687	-1.2292	-1.2292	-1.2292	-1.2292	1.33575	-1.2292	-1.2292	1.33575	-1.2292	6.30396	-1.2292	-1.2292	-1.2292	1.71524	2.57747	-1.2292	-1.2292	-1.2292	4.38027	1.33575	-1.2292	-1.2292	-0.130585	-0.130585	-1.2292	3.06126	-1.2292	-1.2292	-0.130585	-0.130585	0.380241	-1.2292	-1.2292	3.78808	-1.2292	0.380241
SRR18236794	7.06231	5.79843	-1.11829	2.92476	-1.11829	-1.11829	-1.11829	-0.0196744	3.30055	-1.11829	5.83921	-1.11829	-1.11829	-1.11829	-1.11829	-1.11829	-1.11829	5.69626	-1.11829	-1.11829	-1.11829	-1.11829	-1.11829	-1.11829	-1.11829	-1.11829	-1.11829	-1.11829	-1.11829	-1.11829	-1.11829	-1.11829	-1.11829	-1.11829	-1.11829	-1.11829	-1.11829	-1.11829	-1.11829	-1.11829	1.07894	-1.11829	-1.11829	2.49263	-1.11829	-1.11829	4.70771	1.07894	-1.11829	-1.11829	-1.11829	-1.11829	-1.11829	-1.11829	3.84456	-0.0196744	-1.11829	3.64389	-1.11829	-1.11829	-1.11829	-1.11829	7.72056	-1.11829	-1.11829	-1.11829	-1.11829	7.25342	0.491151	3.02485	-1.11829	-1.11829	-1.11829	-1.11829	-1.11829	-1.11829	-1.11829	-1.11829	-1.11829	-1.11829	-1.11829	-1.11829	-1.11829	3.43559	-1.11829	-1.11829	-1.11829	-1.11829	-1.11829	-1.11829	-1.11829	-1.11829	-0.0196744	-1.11829	-1.11829	3.41431	-1.11829	4.4151	-1.11829	-1.11829	-1.11829	-1.11829	1.44666	-0.0196744	-1.11829	0.491151	-1.11829	-1.11829	-1.11829	-0.0196744	-1.11829	-1.11829	4.92909	-1.11829	-1.11829	-1.11829	-1.11829	-1.11829	-1.11829	9.02449	7.49658	-1.11829	-1.11829	-1.11829	-1.11829	-1.11829	-1.11829	2.92476	7.00349	1.44666	-1.11829	-1.11829	-1.11829	-1.11829	-1.11829	-1.11829	2.59529	-1.11829	-1.11829	-1.11829	-1.11829	0.491151	-1.11829	0.491151	-1.11829	7.87651	-1.11829	-1.11829	-1.11829	-1.11829	-1.11829	-1.11829	-1.11829	-1.11829	-1.11829	2.43706	-1.11829	-1.11829	-1.11829	-1.11829	-1.11829	-1.11829	-1.11829	-1.11829	3.11582	-1.11829	3.32436	-1.11829	-1.11829	-1.11829	-0.0196744	-1.11829	-1.11829	2.95925	-1.11829	-1.11829	-1.11829	-0.0196744	-1.11829	-1.11829	3.47683	2.54527	-1.11829	3.08641	-1.11829	-1.11829	-1.11829	7.76091	-1.11829	-1.11829	5.65365	4.97076	8.14037	-1.11829	-1.11829	-1.11829	-1.11829	-1.11829	-1.11829	-1.11829	-1.11829	-1.11829	8.11879	7.22098	-0.0196744	-1.11829	-1.11829	-1.11829	-1.11829	-1.11829	-0.0196744	-1.11829	-1.11829	-1.11829	-1.11829	-1.11829	-1.11829	-1.11829	-1.11829	-1.11829	-1.11829	-1.11829	-1.11829	-1.11829	-1.11829	-1.11829	5.29024	-1.11829	-1.11829	-1.11829	-1.11829	1.44666	-1.11829	-1.11829	-1.11829	-0.0196744	2.10059	-1.11829	-1.11829	4.01161	-1.11829	1.44666	-0.0196744	-1.11829	-1.11829	-1.11829	3.22552	-1.11829	-1.11829	-1.11829	-1.11829	-1.11829	-1.11829	-1.11829	0.491151	-1.11829	8.88645	-1.11829	-1.11829	-1.11829	3.45642	1.82615	-1.11829	-1.11829	-1.11829	6.59906	-1.11829	-1.11829	-1.11829	-0.0196744	0.827623	-1.11829	3.84456	-1.11829	-1.11829	-1.11829	-1.11829	-0.0196744	-1.11829	-1.11829	7.62922	-1.11829	-1.11829
SRR18236795	6.83583	-1.11256	-1.11256	1.45239	-0.0139437	-1.11256	3.46216	2.18328	2.64864	-1.11256	4.96738	-1.11256	-1.11256	-1.11256	-1.11256	-0.0139437	-1.11256	9.51177	0.833354	-0.0139437	-1.11256	-1.11256	-1.11256	-1.11256	-1.11256	-1.11256	0.496882	-1.11256	-1.11256	-1.11256	-1.11256	-1.11256	-1.11256	-1.11256	-1.11256	-1.11256	-1.11256	-1.11256	-1.11256	-1.11256	-0.0139437	1.08467	2.38395	-1.11256	-1.11256	-1.11256	-0.0139437	-1.11256	-1.11256	-1.11256	-1.11256	-1.11256	0.833354	-0.0139437	2.10632	-1.11256	-1.11256	2.18328	-1.11256	-1.11256	-1.11256	-1.11256	4.28561	-1.11256	-1.11256	-1.11256	-1.11256	6.22112	2.96498	1.83188	-1.11256	-1.11256	-1.11256	-1.11256	-1.11256	-0.0139437	0.496882	-1.11256	-1.11256	0.496882	-1.11256	-1.11256	-1.11256	2.85774	-1.11256	-1.11256	-1.11256	-0.0139437	-1.11256	-1.11256	1.59549	-1.11256	0.496882	-1.11256	-1.11256	-1.11256	-1.11256	3.09214	-1.11256	-1.11256	-1.11256	-1.11256	4.25808	2.49836	-1.11256	0.496882	-1.11256	-1.11256	-1.11256	1.08467	-1.11256	-1.11256	3.57879	-1.11256	-1.11256	-1.11256	-1.11256	-1.11256	-1.11256	9.62915	4.01734	-1.11256	-1.11256	-1.11256	-1.11256	-1.11256	-1.11256	3.30628	6.79546	4.31239	-1.11256	-1.11256	-1.11256	-1.11256	-1.11256	-1.11256	-1.11256	-1.11256	-1.11256	-0.0139437	1.08467	0.496882	-1.11256	2.32143	-1.11256	7.56113	-0.0139437	-1.11256	-1.11256	-1.11256	0.496882	-1.11256	-1.11256	-1.11256	-1.11256	0.833354	-1.11256	-1.11256	-1.11256	-1.11256	-1.11256	3.35335	-1.11256	0.496882	0.833354	-1.11256	0.496882	-1.11256	-1.11256	-1.11256	-1.11256	-1.11256	-1.11256	6.46967	1.08467	-1.11256	-1.11256	1.45239	-1.11256	-1.11256	2.55101	-1.11256	-1.11256	1.45239	-1.11256	-1.11256	0.496882	2.38395	-1.11256	-1.11256	3.23125	0.496882	3.20493	-1.11256	-1.11256	-1.11256	-1.11256	-1.11256	-1.11256	-1.11256	-1.11256	-1.11256	6.48283	5.2278	1.93197	-1.11256	-1.11256	-1.11256	-1.11256	-1.11256	2.02294	0.496882	-1.11256	-1.11256	-1.11256	-1.11256	-1.11256	-1.11256	-1.11256	-1.11256	-1.11256	-0.0139437	-1.11256	-1.11256	-1.11256	2.10632	8.55793	-1.11256	-1.11256	-1.11256	-1.11256	1.08467	-1.11256	-1.11256	-1.11256	-1.11256	0.833354	-1.11256	-1.11256	4.20065	-1.11256	-1.11256	2.81927	-1.11256	-1.11256	-1.11256	-0.0139437	-1.11256	-1.11256	-1.11256	-1.11256	2.32143	-1.11256	-1.11256	1.59549	0.496882	9.28998	-1.11256	-1.11256	-1.11256	0.833354	3.3983	-1.11256	-0.0139437	-0.0139437	4.00544	-1.11256	-1.11256	-1.11256	-0.0139437	-1.11256	-1.11256	3.15012	-1.11256	-0.0139437	-1.11256	-1.11256	1.72066	-1.11256	-1.11256	5.15843	-1.11256	-1.11256
SRR18236796	8.36985	0.494455	0.80461	2.60742	3.55615	0.80461	-1.90344	2.20743	4.60831	-1.90344	4.74165	-0.804828	-1.90344	-1.90344	1.14108	-1.90344	-1.90344	2.33067	0.0424703	-1.90344	8.18516	-1.90344	-1.90344	-1.90344	-1.90344	-1.90344	-1.90344	-1.90344	-1.90344	-1.90344	0.0424703	1.14108	-0.294002	2.06685	0.0424703	-1.90344	-1.90344	4.24289	-1.90344	-1.90344	1.76012	0.293785	3.21455	6.52841	-1.90344	-1.90344	1.31544	2.62916	-0.294002	1.76012	-1.90344	0.0424703	-0.804828	2.5154	2.56247	-1.90344	-1.90344	1.14108	-0.804828	-1.90344	-1.90344	-1.90344	3.31692	-1.90344	-1.90344	-1.90344	-1.90344	5.14668	-0.804828	2.1741	-0.294002	-1.90344	-1.90344	-1.90344	-1.90344	-0.294002	0.494455	2.56247	-1.90344	0.0424703	0.80461	2.98691	-1.90344	4.43339	-1.90344	-1.90344	1.76012	-0.294002	-1.90344	-1.90344	-1.90344	-1.90344	0.293785	-0.804828	-1.90344	4.46131	0.0424703	2.27095	-1.90344	2.1741	-1.90344	-1.90344	2.56247	0.66151	-0.804828	1.46386	-1.90344	-0.804828	-1.90344	6.24066	-1.90344	-1.90344	1.76012	-0.294002	-1.90344	-1.90344	-1.90344	-1.90344	-1.90344	6.33589	5.3848	-1.90344	-1.90344	-1.90344	-1.90344	-1.90344	-1.90344	3.00183	5.63186	1.14108	-1.90344	-0.804828	0.293785	-1.90344	-1.90344	-1.90344	-0.294002	-1.90344	-1.90344	0.494455	-0.294002	1.14108	0.66151	0.494455	-0.804828	4.98309	-1.90344	0.0424703	-1.90344	-1.90344	-1.90344	-1.90344	-1.90344	-1.90344	-1.90344	1.76012	-1.90344	-1.90344	1.94671	1.14108	-1.90344	1.53055	-1.90344	-1.90344	0.929774	-1.90344	1.59307	2.20743	-0.294002	-1.90344	2.27095	-1.90344	-1.90344	4.60831	-0.804828	-1.90344	-1.90344	5.15015	3.71333	-0.804828	2.95637	5.97016	-1.90344	1.23205	-0.804828	6.5802	0.494455	4.19912	-1.90344	-1.90344	1.70748	0.80461	4.11028	-1.90344	-0.804828	0.929774	-1.90344	-1.90344	0.0424703	-1.90344	-1.90344	-1.90344	4.81678	4.37132	2.90874	-1.90344	-1.90344	-1.90344	-0.804828	-1.90344	5.84804	0.0424703	0.494455	-1.90344	-1.90344	-1.90344	-1.90344	-1.90344	-1.90344	-0.294002	-1.90344	3.17796	-0.804828	-1.90344	-1.90344	-0.294002	4.75457	-1.90344	-0.294002	3.42928	-1.90344	0.0424703	0.494455	-1.90344	-1.90344	1.98838	-1.90344	-1.90344	-1.90344	3.9743	-1.90344	-0.804828	0.293785	-1.90344	-1.90344	0.0424703	-0.294002	-1.90344	-1.90344	-1.90344	-1.90344	1.53055	-1.90344	-0.294002	3.73491	1.65191	6.97129	2.23969	-1.90344	3.41957	1.3924	1.14108	-1.90344	-1.90344	-0.294002	4.9993	-1.90344	-1.90344	-1.90344	-0.804828	-1.90344	-1.90344	3.51266	-1.90344	-0.804828	-0.804828	-1.90344	0.0424703	-1.90344	4.17649	4.06527	2.5852	-1.90344
SRR18236797	7.65671	-0.988174	-0.988174	2.56717	0.110438	-0.988174	-0.988174	2.30766	-0.988174	-0.988174	7.41898	-0.988174	-0.988174	-0.988174	-0.988174	-0.988174	-0.988174	2.14732	-0.988174	-0.988174	0.621263	-0.988174	-0.988174	-0.988174	-0.988174	-0.988174	-0.988174	-0.988174	-0.988174	-0.988174	0.621263	-0.988174	-0.988174	-0.988174	3.64655	-0.988174	-0.988174	0.110438	-0.988174	-0.988174	1.40972	-0.988174	1.84504	-0.988174	-0.988174	-0.988174	-0.988174	-0.988174	-0.988174	0.110438	-0.988174	-0.988174	0.621263	1.95626	4.83191	0.110438	-0.988174	3.01916	-0.988174	-0.988174	-0.988174	-0.988174	5.27141	-0.988174	-0.988174	-0.988174	-0.988174	7.54588	1.84504	4.02911	-0.988174	-0.988174	-0.988174	-0.988174	-0.988174	0.110438	0.110438	-0.988174	-0.988174	-0.988174	-0.988174	-0.988174	-0.988174	2.77303	-0.988174	-0.988174	-0.988174	0.621263	-0.988174	-0.988174	-0.988174	-0.988174	-0.988174	0.110438	-0.988174	-0.988174	-0.988174	-0.988174	-0.988174	-0.988174	-0.988174	-0.988174	2.50833	0.957736	-0.988174	2.05635	-0.988174	0.110438	-0.988174	0.110438	-0.988174	-0.988174	1.20905	-0.988174	-0.988174	-0.988174	-0.988174	-0.988174	-0.988174	9.27602	6.46132	-0.988174	-0.988174	-0.988174	-0.988174	-0.988174	-0.988174	2.44581	7.76535	-0.988174	-0.988174	-0.988174	-0.988174	-0.988174	-0.988174	-0.988174	-0.988174	-0.988174	3.1227	-0.988174	1.57677	0.110438	0.110438	2.90365	-0.988174	7.41226	-0.988174	-0.988174	-0.988174	0.110438	-0.988174	-0.988174	-0.988174	-0.988174	-0.988174	0.110438	-0.988174	-0.988174	-0.988174	1.40972	-0.988174	1.71988	-0.988174	-0.988174	3.15496	-0.988174	2.2307	-0.988174	-0.988174	-0.988174	-0.988174	-0.988174	-0.988174	9.83238	-0.988174	-0.988174	-0.988174	2.2307	-0.988174	-0.988174	6.7812	-0.988174	-0.988174	-0.988174	-0.988174	-0.988174	0.621263	1.84504	-0.988174	-0.988174	4.50489	-0.988174	5.42035	-0.988174	-0.988174	-0.988174	-0.988174	-0.988174	-0.988174	-0.988174	-0.988174	-0.988174	6.12741	7.14424	2.67539	-0.988174	-0.988174	-0.988174	-0.988174	-0.988174	0.957736	-0.988174	-0.988174	-0.988174	-0.988174	-0.988174	-0.988174	-0.988174	-0.988174	-0.988174	-0.988174	-0.988174	-0.988174	-0.988174	-0.988174	-0.988174	8.416	-0.988174	-0.988174	-0.988174	-0.988174	-0.988174	-0.988174	-0.988174	-0.988174	-0.988174	-0.988174	-0.988174	-0.988174	1.84504	-0.988174	-0.988174	-0.988174	-0.988174	-0.988174	-0.988174	-0.988174	-0.988174	-0.988174	0.110438	-0.988174	-0.988174	-0.988174	-0.988174	2.37912	0.110438	8.96158	-0.988174	0.110438	-0.988174	-0.988174	0.621263	-0.988174	-0.988174	-0.988174	1.57677	-0.988174	-0.988174	-0.988174	0.110438	-0.988174	-0.988174	8.32626	-0.988174	-0.988174	-0.988174	-0.988174	-0.988174	-0.988174	-0.988174	7.39411	-0.988174	-0.988174
SRR18236732	3.0331	-0.102391	-0.102391	-0.102391	-0.102391	-0.102391	0.996221	-0.102391	-0.102391	-0.102391	-0.102391	-0.102391	-0.102391	-0.102391	-0.102391	-0.102391	-0.102391	-0.102391	-0.102391	-0.102391	0.996221	-0.102391	-0.102391	-0.102391	-0.102391	-0.102391	-0.102391	-0.102391	-0.102391	-0.102391	-0.102391	-0.102391	-0.102391	-0.102391	-0.102391	-0.102391	-0.102391	-0.102391	-0.102391	-0.102391	-0.102391	-0.102391	-0.102391	-0.102391	-0.102391	-0.102391	-0.102391	-0.102391	-0.102391	-0.102391	-0.102391	-0.102391	-0.102391	-0.102391	-0.102391	-0.102391	-0.102391	-0.102391	-0.102391	-0.102391	-0.102391	-0.102391	0.996221	-0.102391	-0.102391	-0.102391	-0.102391	-0.102391	-0.102391	-0.102391	-0.102391	-0.102391	-0.102391	-0.102391	-0.102391	-0.102391	-0.102391	-0.102391	-0.102391	-0.102391	-0.102391	-0.102391	-0.102391	-0.102391	-0.102391	-0.102391	-0.102391	-0.102391	-0.102391	-0.102391	-0.102391	-0.102391	-0.102391	5.09611	1.50705	-0.102391	-0.102391	-0.102391	-0.102391	-0.102391	-0.102391	-0.102391	0.996221	-0.102391	-0.102391	-0.102391	-0.102391	-0.102391	-0.102391	-0.102391	-0.102391	-0.102391	-0.102391	-0.102391	-0.102391	-0.102391	-0.102391	-0.102391	-0.102391	1.50705	0.996221	-0.102391	-0.102391	-0.102391	-0.102391	-0.102391	-0.102391	-0.102391	1.50705	-0.102391	-0.102391	-0.102391	-0.102391	-0.102391	-0.102391	-0.102391	-0.102391	-0.102391	-0.102391	-0.102391	-0.102391	-0.102391	-0.102391	-0.102391	-0.102391	-0.102391	-0.102391	-0.102391	-0.102391	-0.102391	-0.102391	-0.102391	-0.102391	-0.102391	-0.102391	-0.102391	-0.102391	-0.102391	-0.102391	-0.102391	-0.102391	-0.102391	-0.102391	-0.102391	-0.102391	-0.102391	-0.102391	-0.102391	-0.102391	-0.102391	-0.102391	-0.102391	-0.102391	-0.102391	-0.102391	-0.102391	-0.102391	-0.102391	-0.102391	-0.102391	0.996221	-0.102391	-0.102391	-0.102391	-0.102391	-0.102391	-0.102391	-0.102391	-0.102391	-0.102391	-0.102391	-0.102391	-0.102391	-0.102391	-0.102391	-0.102391	-0.102391	-0.102391	-0.102391	-0.102391	-0.102391	-0.102391	1.50705	0.996221	-0.102391	-0.102391	-0.102391	-0.102391	-0.102391	-0.102391	1.50705	-0.102391	-0.102391	-0.102391	-0.102391	-0.102391	-0.102391	-0.102391	-0.102391	-0.102391	-0.102391	-0.102391	-0.102391	-0.102391	-0.102391	-0.102391	0.996221	-0.102391	-0.102391	-0.102391	-0.102391	-0.102391	-0.102391	-0.102391	-0.102391	-0.102391	-0.102391	-0.102391	-0.102391	-0.102391	-0.102391	-0.102391	-0.102391	-0.102391	-0.102391	-0.102391	-0.102391	-0.102391	-0.102391	-0.102391	-0.102391	0.996221	-0.102391	-0.102391	-0.102391	-0.102391	1.50705	-0.102391	-0.102391	-0.102391	-0.102391	-0.102391	-0.102391	-0.102391	-0.102391	-0.102391	-0.102391	-0.102391	-0.102391	-0.102391	-0.102391	-0.102391	-0.102391	-0.102391	-0.102391	-0.102391	-0.102391	-0.102391	-0.102391	-0.102391	0.996221	-0.102391	-0.102391
SRR18236733	2.96415	-0.0803754	-0.0803754	-0.0803754	-0.0803754	-0.0803754	-0.0803754	-0.0803754	-0.0803754	-0.0803754	-0.0803754	-0.0803754	-0.0803754	-0.0803754	-0.0803754	-0.0803754	-0.0803754	-0.0803754	-0.0803754	-0.0803754	-0.0803754	-0.0803754	-0.0803754	-0.0803754	-0.0803754	-0.0803754	-0.0803754	-0.0803754	-0.0803754	-0.0803754	-0.0803754	-0.0803754	-0.0803754	-0.0803754	-0.0803754	-0.0803754	-0.0803754	-0.0803754	-0.0803754	-0.0803754	-0.0803754	-0.0803754	-0.0803754	-0.0803754	-0.0803754	-0.0803754	-0.0803754	-0.0803754	-0.0803754	-0.0803754	-0.0803754	-0.0803754	-0.0803754	-0.0803754	1.01824	-0.0803754	-0.0803754	-0.0803754	-0.0803754	-0.0803754	-0.0803754	-0.0803754	-0.0803754	-0.0803754	-0.0803754	-0.0803754	-0.0803754	1.52906	-0.0803754	-0.0803754	-0.0803754	-0.0803754	-0.0803754	-0.0803754	-0.0803754	-0.0803754	-0.0803754	-0.0803754	-0.0803754	-0.0803754	-0.0803754	-0.0803754	-0.0803754	-0.0803754	-0.0803754	-0.0803754	-0.0803754	-0.0803754	-0.0803754	-0.0803754	-0.0803754	-0.0803754	-0.0803754	6.00412	2.11685	-0.0803754	-0.0803754	-0.0803754	-0.0803754	-0.0803754	-0.0803754	-0.0803754	-0.0803754	-0.0803754	-0.0803754	-0.0803754	-0.0803754	-0.0803754	-0.0803754	-0.0803754	-0.0803754	-0.0803754	-0.0803754	-0.0803754	-0.0803754	-0.0803754	-0.0803754	-0.0803754	-0.0803754	-0.0803754	-0.0803754	-0.0803754	-0.0803754	-0.0803754	-0.0803754	-0.0803754	-0.0803754	-0.0803754	3.1385	-0.0803754	-0.0803754	-0.0803754	-0.0803754	-0.0803754	-0.0803754	-0.0803754	-0.0803754	-0.0803754	-0.0803754	-0.0803754	-0.0803754	-0.0803754	-0.0803754	-0.0803754	-0.0803754	1.01824	-0.0803754	-0.0803754	-0.0803754	-0.0803754	-0.0803754	-0.0803754	-0.0803754	-0.0803754	-0.0803754	-0.0803754	-0.0803754	-0.0803754	-0.0803754	-0.0803754	-0.0803754	1.01824	-0.0803754	-0.0803754	-0.0803754	-0.0803754	-0.0803754	-0.0803754	-0.0803754	-0.0803754	-0.0803754	-0.0803754	-0.0803754	-0.0803754	-0.0803754	-0.0803754	-0.0803754	-0.0803754	-0.0803754	-0.0803754	-0.0803754	-0.0803754	-0.0803754	-0.0803754	-0.0803754	-0.0803754	-0.0803754	1.01824	-0.0803754	-0.0803754	-0.0803754	-0.0803754	-0.0803754	-0.0803754	-0.0803754	-0.0803754	-0.0803754	-0.0803754	-0.0803754	-0.0803754	-0.0803754	-0.0803754	-0.0803754	-0.0803754	-0.0803754	-0.0803754	-0.0803754	-0.0803754	-0.0803754	-0.0803754	-0.0803754	-0.0803754	-0.0803754	-0.0803754	-0.0803754	-0.0803754	-0.0803754	-0.0803754	-0.0803754	-0.0803754	-0.0803754	-0.0803754	-0.0803754	-0.0803754	-0.0803754	-0.0803754	-0.0803754	-0.0803754	-0.0803754	-0.0803754	-0.0803754	-0.0803754	-0.0803754	-0.0803754	-0.0803754	-0.0803754	-0.0803754	-0.0803754	-0.0803754	1.01824	-0.0803754	-0.0803754	-0.0803754	-0.0803754	-0.0803754	-0.0803754	-0.0803754	-0.0803754	-0.0803754	-0.0803754	-0.0803754	-0.0803754	-0.0803754	-0.0803754	-0.0803754	-0.0803754	-0.0803754	-0.0803754	-0.0803754	-0.0803754	-0.0803754	-0.0803754	-0.0803754	-0.0803754	-0.0803754	-0.0803754	-0.0803754	-0.0803754	-0.0803754	-0.0803754	-0.0803754	-0.0803754	1.01824	-0.0803754	-0.0803754	-0.0803754	-0.0803754	-0.0803754	-0.0803754	-0.0803754	-0.0803754	-0.0803754	-0.0803754
