genus	SRR12750669	SRR12750670	SRR12750671	SRR12750672	SRR12750673	SRR12750674	SRR12750675	SRR12750676	SRR12750677	SRR12750678	SRR12750679	SRR12750680	SRR12750681	SRR12750682	SRR12750683	SRR12750684	SRR12750685	SRR12750686	SRR12750687	SRR12750688	SRR12750689	SRR12750690	SRR12750691	SRR12750692	SRR12750693	SRR12750694	SRR12750695	SRR12750696	SRR12750697	SRR12750698	SRR12750699	SRR12750700	SRR12750701	SRR12750702	SRR12750703	SRR12750704	SRR12750705	SRR12750706	SRR12750707	SRR12750708	SRR12750709	SRR12750710	SRR12750711	SRR12750712	SRR12750713	SRR12750714	SRR12750715	SRR12750716	SRR12750717	SRR12750718	SRR12750719	SRR12750720	SRR12750721	SRR12750722	SRR12750723	SRR12750724	SRR12750725	SRR12750726	SRR12750727	SRR12750728	SRR12750729	SRR12750730	SRR12750731	SRR12750732	SRR12750733	SRR12750734	SRR12750735	SRR12750736	SRR12750737	SRR12750738	SRR12750739	SRR12750740	SRR12750741	SRR12750742	SRR12750743	SRR12750744	SRR12750745	SRR12750746	SRR12750747	SRR12750748	SRR12750749	SRR12750750	SRR12750751	SRR12750752	SRR12750753	SRR12750754	SRR12750755	SRR12750756	SRR12750757	SRR12750758	SRR12750759	SRR12750760	SRR12750761	SRR12750762	SRR12750763	SRR12750764	SRR12750765	SRR12750766	SRR12750767	SRR12750768
Unclassified	0.00019273857	0.0056244288	0.0006277245	0.0044205266	0	0	0.00039699663	0	0.00076793119	0.00071591817	0	0.0019104068	0	0.011149635	0.00057600922	0.0016893596	0.030392157	0	0.0024226717	0	0.00023291323	0.00043014453	0.002731851	0.0015007861	0.00020410544	0.00045068391	0.0069689905	0.00034270831	0.0026063437	0.00021965953	0	0.00016479351	0.052875328	0	0	0.0021489401	0	0.0054371705	0.0017772512	0.00095785441	0.0069251689	0.0082577814	0.0030391366	0.065167892	0.0050943686	0.0042698266	0	0.0047946847	0	0	0.0081730904	0.00069827526	0.00042593066	0	0.001176961	0.0034670333	0.00047524951	2.3889725e-05	0	0.00030908489	0.0070846617	0.0017177394	0	0	0	0.0001279497	0.0015687734	0	0.093701548	0	0.0024074074	0.0016161284	0.0055071379	0.00028542572	0	0	0.0015699799	0	0.0067959901	0	0.0020059149	5.1972351e-05	0.00052076196	0.00013176619	0.0003968989	0	0.0014367357	0.02223993	0.0022124513	0.00046399675	0	0.0040104167	0.0015853925	0.0042852041	0.0020448155	0.0019569472	0.00012869599	0.00090592143	0.0010617636	0.00061442359
g__Abiotrophia	0.00098778519	0	0	0.0052442272	0	0	0.00034521446	0	0.00092151743	0	0.0024874319	0.0011021578	0.00019051766	0	0	0	0.00062388592	0	0	0	0.00038818871	0	0.0034445078	0	0	0	0	0.00036555553	0.0049913941	0	0	0	0	0	0	0.020030244	0	0	0.0031990521	0.0019157088	0.015448454	0	0.0032562178	0.0024863252	0	0	0.00033156499	0	0	0.0053710638	0	0.0068430975	0.0006246983	0.0031485855	0.00026972023	0	0.0020760899	0.0018872883	0	0.0011038746	0	0	0.00023605319	0.00033392022	0.00060526026	0.0020106381	0	0.0031576813	0.008366732	0.0014918776	0	0	0	0	0	0	0.0021619396	0	0.0075250618	0.00034590107	0	0.0051192765	0	0.0040056923	0	0	0.0019475751	0	0	0.0011599919	0.012676887	0	0	0	0	0	0	0.00266286	0	0
g__Acholeplasma	0	0	0	0	0	0	0	0	0	0	0	0	0	0	0	0	0	0	0	0	0	0	0	0	0	0	0	0	0	0	0	0	0	0	0	0	0	0	0	0	0	0	0	0	0	0	0	0	0	0	0	0	0	0	0	0	0	0	0	0	0	0	0	0	0	0	0	0	0	0	0	0	0	0	0	0	0	0	0	0	0	0	0	0	0	0	0	0	0	0.0072499493	0	0	0	0	0	0	0	0	0	0
g__Achromobacter	0	0	0	0	0	0	0	0	0	0	0	0	0	0	0	0	0	0	0	0	0	0	0	0	0	0	0	0	0	0	0	0	0	0	0	0	0	0	0.00032582938	0	0	0	0	0	0	0	0	0	0	0	0	0	0	0	0	0	0	0	0	0	0	0	0	0	0	0	0	0	0	0	0	0	0	0	0	0	0	0	0	0	0	0	0	0	7.9379779e-05	0	0.00060662176	0	0	0	0	0.00010416667	0	0	0	0	0	0	0	0
g__Acidibacter	0	0	0	0	0	0	0	0	0	0	0	0	0	0	0	0	0	0	0	0	0	0	0	0	0	0	0	0	0	0	0	0	0	0	0	0	0	0	0	0	0	0	0	0	0	0	0	0	0	0	0	0	0	0	0	0	0	0	0	0	0	0	0	0	0	0	0	0	0	0	0	0	0	0	0	0	0	0	0	0	0.000360036	0	0	0	0	0	0	0	0	0	0	0	0	0	0	0	0	0	0.00080279684	0
g__Acidovorax	0	0	0	0	0	0	0.0002243894	0	0	0	0	0	0	0	0	0	0	0	0	0	0	0	0	0	0	0	0	0	0	0	0	0	0.0018574471	0	0.00043090447	0	0	0	0	0	0	0	0	0.00020937475	0	0	0	0	0	0	0	0	0	0	0	0	0	0	0	0	0	0	0	0	0	0	0	0	0	0	0	0	0	0	0	0	0	0	0	8.6475268e-05	0.00072007201	0	0	0	0.00021167941	0	0.0055234507	0	0	0	0	0	0	0	0	0	0	0	0	0
g__Acinetobacter	0	0.00021091608	0	0.0070289119	0.00011322977	0	8.6303616e-05	0	0.067885117	0	0	0	0.00097980513	0.0021201766	0.00033600538	0.0005799294	0	0	0	0	0.00046582645	0	0.007245344	0	5.8315839e-05	0.00013520517	0	0	0	0	0	0	0.021521621	0	0.0021976128	0	0	0	0	0	0.00025233409	0.002396489	0.00086832475	0.0007066398	0.023078103	0.046239905	0	0.0017123874	0.00084257447	0.017494322	0	0	0.00022716302	0.0017595036	0.015717333	0.00071731723	0.00015007879	0.24415299	0	0.00037531736	0.057415279	0	0	0	0	0	0	0	0	2.7627362e-05	0.0028306878	0.0085463062	0	0.00048302815	0.0036275695	0	0.0017244042	0	0.0013800286	0.0010665283	0	0	0.00060298753	0.041058346	0.00021167941	0	0	0	0.0016523371	0	0	0.0003125	0.0013393833	0.00092250923	0.0024424186	0.0050999229	0	0	0.00054383012	0.0013056501
g__Actinobacillus	7.2276965e-05	0	0.0014995641	0	0	0	0	0	0	0.007627282	0	0.010164344	0	0	0	0.0083711548	0.0010249554	0	0.016338949	0	0	0	0	0.0030730383	0	0	0	0.0010966666	0.0071551512	0	0	0	0	0	0.14698151	0	0	0	0	0.0010536398	0	0.0016457816	0.00024809279	0.016017169	0	0	0.0017482517	0	0.042916938	0	0	0	0.0013345827	0.24292726	0	0.0086675832	0	0.0010033685	0	0	0	0	0.00039342198	0	0	0.0012977755	0	0	0.0050902495	0	0	0.00777933	0	0.28626004	0	0	0	0	0	0.00083592759	0.00061720458	0.0043656775	0	0.0019237864	0.005027386	0.0075655683	0.001596373	0	0	0	0.0031200865	0.0022135417	0	0	0	0	0	0.002333434	0	0
g__Actinomyces	0	0.0056244288	0.013844813	0	0.00013587572	7.7051496e-05	0.0042461379	0.0026466981	0.0013208417	0.0017897954	0.037337662	0.00017144677	0.0039736541	0	0.00038400614	0	0.0008912656	0	0.009887881	0	0	0.00086028906	0.013231661	0.0041688504	0.0017494752	0	0	0.00022847221	0.002483403	0	0.0037615643	0.00052733924	0	0.00034602076	0	0.0058100974	0.014682378	0.012851494	0.00068127962	0	0	0	0.032841283	0	0.0024858064	0	0	0.012397685	0.0023646445	0.011969799	0.011951745	0.0015827573	0.011443337	0.01477057	0.00073560062	0	0.0053778234	0.012685444	0.0024291498	0.0071972624	0	0	0.00045243528	0	0	0	0	0.00017381732	0.006845508	0	0.0051587302	0	0	0.00037324902	0	0	0	0	0	0	0	0.021776415	0.0098670687	0.019395984	0.0020374143	0.00094569603	0.015389036	0	0.014450948	0.003711974	0.0017688679	0.00015625	0	0.016932508	0.016756127	0.0048923679	0.022232232	0.00019216515	0	0.0026369013
g__Actinomycetospora	0	0	0	0	0	0	0	0	0	0	0	0	0	0	0	0	0	0	0	0	0	0	0	0	0	0	0	0	0	0	0	0	0	0	0	0	0	0	0	0	0	0	0	0	0.00015344484	0	0	0	0	0	0	0	0	0	0	0	0	0	0	0	0	0	0	0	0	0	0	0	0	0	0	0	0	0	0	0	0	0	0	0	0	0	0	0	0	0	0	0	0	0	0	0	0	0	0	0	0	0	0	0
g__Actinotalea	0	0	0	0	0	0	0	0	0	0	0	0	0	0	0	0	0	0	0	0	0	0	0	0	0	0	0	0	0	0	0	0	0.011218981	0	0	0	0	0	0	0	0	0	0	0	0	0	0	0	0	0	0	0	0	0	0	0	0	0	0	0	0	0	0	0	0	0	0	0	0	0	0	0	0	0	0	0	0	0	0	0	0	0	0	0	0	0	0	0	0	0	0	0	0	0	0	0	0	0	0	0
g__Aeribacillus	0	0	0	0	0	0	0	0	0	0	0	0	0	0	0	0	0	0	0	0	0	0	0	0	0	0	0	0	0	0	0	0	0	0	0	0	0	0	0	0	0	0	0	0	0	0	0	0	0	0	0	0	0	0	0	0	0	0	0	0	0	0	0	0	0	0	0	0	0	0	0	0	0	0	0	0	0	0	0	0	0	0	0	0	0	0	0	0	0	0	0	0	0	0	0	0	0	0	0.0022012171	0.0012288472
g__Aerococcus	0	0	0	0	0	0	0	0	0	0	0	0	0	0	0	0	0	0	0	0	0	0	0	0	0	0	0	0	0	0	0	0	0	0	0.00019390701	0	0	0	0	0	0	0	0	0	0.00030688967	0	0	0	0	0	0	0	0	0	0	0	0	0	0	0	0	0	0	0	0	0	0	0	0	0	0	0	0	0	0	0	0	0	0	0	0	0.0012733226	0	0	0	0	0	0	0.00033606856	0	0	0	0	0	0	0	0	0	0	0
g__Aeromonas	0	0	0	0.0060404712	0	0	0	0	0	0	0	0	0	0	0	0	0	0	0	0	0	0	0	0	0	0	0	0	0	0	0	0	0.0017336173	0	0	0	0	0	0	0	0	0	0	0	0	0	0	0	0	0	0	0	0	0	0	0	0	0	0	0	0.012427677	0	0	0	0	0	0	0	0	0	0	0	0	0	0	0	0	0	0	0	0	0	0	0	0	0	0	0	0	0	0	0	0	0	0	0	0	0	0	0
g__Aestuariimicrobium	0	0	0	0	0	0	0	0	0	0	0	0	0	0	0	0	0	0	0	0	0	0	0	0	0	0	0	0	0	0	0	0	0	0	0	0	0	0	0	0	0	0	0	0	0	0	0	0	0.0025277234	0	0	0	0	0	0	0	0	0	0	0	0	0	0	0	0	0	0	0	0	0	0	0	0	0	0	0	0	0	0	0	0	0	0	0	0	0	0	0	0	0	0	0	0	0	0	0	0	0	0	0
g__Afipia	0	0	0	0	0	0	0	0	0	0	0	0	0	0	0	0	0	0	0	0	0	0	0	0	0	0	0	0	0	0	0	0	0	0	0	0	0	0	0	0	0	0	0	0	0	0	0	0.0016781397	0	0	0	0	0	0	0	0.00077709367	0	0	0	0	0	0	0	0	0	0	0	0	0	0	0	0	0	0	0	0	0	0	0	0	0	0	0	0	0	0	0	0	0	0	0	0	0	0	0	0	0	0	0	0
g__Agathobacter	0	0	0	0	0	0	0	0	0	0	0	0	0	0	0	0	0	0	0	0	0	0	7.1265678e-05	0	0	0	0	0	0	0	0	0	0	0	0	0	0	0	0	0	0	0	0	0	0	0	0	0	0	0	0	0	0	0	0	0	0	0	0	0	8.8558271e-05	0	0	0	0	0	0	0	5.8508615e-05	0	0	0	0	0	0.0013143368	0	0	0	0	0	0	0	0	0	0	0	0	0	0	0	0	0	0	0	0	0	0	0	0	0
g__Agathobaculum	0	0	0	0	0	0	0.00020712868	0	0.00021502073	0.00035795908	0	0.0025472091	0	0.0092788905	0	0	0	0	0	0	0.00033643022	0	0	0	0	0	0	0.00013708332	0.0014998771	0	0	0	0	0	0	0	0.0026005689	0	0	0.00019157088	0	0	0	0	0	0.00066198861	0	0	0	0.00055245227	0	0	0	0	0	0	0	0	0	0	0	0.00065740643	3.9342198e-05	0	0	0	0.0017814885	0	0.0054413012	0	0	0.0011778563	0	0	0.0022080858	0	0	0	0	0	0	0	0.00024667672	0.00044800506	0	4.2030935e-05	0.00025541969	0.043658843	0	0	0.0025304638	0	0	0	0	0	0	0	0	0
g__Aggregatibacter	0.024429614	0	0	0	0	0	0	0	0.085854707	0.0021752898	0	0.0079845208	0.0040280877	0	0	0	0.0034313725	0.0023682964	0.063524706	0	0.0017339096	0	0.0018291524	0.0034065463	0	0.005994096	0	0.01002993	0.010351611	0	0	0	0	0	0	0.037540127	0	0	0	0.0017241379	0	0	0	0.011882017	0	0	0.0053050398	0	0	0.00070591124	0	0.18522915	0.00053951217	0.0011575682	0	0	0.00040021011	0.0053751881	0.16506223	0.0025168341	0	0.0012511929	0.0021638209	0	0.0010729614	0.0015171178	0	0.00028969553	0.0024281075	0	0	0	0.0015772871	0	0	0	0.0059195964	0.0043933203	0.0029423252	0	0	0.0056649862	0.00090448129	0.042349655	0.00044981875	0.0021856086	0.0022349223	0	0.0019884056	0.00046399675	0	0.0011979167	0.0037721408	0.020414236	0.00065320496	0	0.0012226119	0.0022510775	0	0
g__Agrobacterium	0	0	0	0	0	0	0	0	0	0	0	0	0	0	0	0	0	0	0	0	0	0	0	0	0	0	0	0	0	0	0	0	0	0	0	0	0	0	0	0	0	0	0	0	0	0	0	0	0	0	0	0	0	0	0	0	0.00017509192	0.00031056643	0	0	0	0	9.8355496e-05	0	0	0	0	0	0	0.00011050945	0	0	0	0	0	0	0	0	0	0	0	0	0	0	0	0	0.0001596373	0	0	0	0	0.0011979167	0	0	0	0.00097847358	0	0	0	0
g__Ahniella	0	0	0	0	0	0	0	0	0	0	0	0	0	0	0	0	0	0	0	0	0	0	0	0	0	0	0	0	0	0	0	0	0.0010154044	0	0	0	0	0	0	0	0	0	0	0	0	0	0	0	0	0	0	0	0	0	0	0	0	0	0	0	0	0	0	0	0	0	0	0	0	0	0	0	0	0	0	0	0	0	0	0	0	0	0	0	0	0	0	0	0	0	0	0	0	0	0	0	0	0	0	0
g__Alcaligenes	0	0	0	0	0	0	0	0	0	0	0	0	0	0	0	0	0	0	0	0	0	0	0	0	0	0	0	0	0	0	0	0	0	0	0	0	0	0	0	0	0	0	0	0	0	0	0	0	0	0	0	0	0	0	0	0	0	0	0	0	0	0	0	0	0	0	0	0	0	0	0	0	0	0	0.00042058777	0	0	0	0	0	0	0	0	0	0	0	0	0	0	0	0	0	0	0	0	0	0	0	0	0
g__Algoriphagus	0	0	0	0	0	0	0	0	0	0	0	0	0	0	0	0	0	0	0	0	0	0	0	0	0	0	0	0	0	0	0	0	0.00012382981	0	0	0	0	0	0	0	0	0	0	0	0	0	0	0	0	0	0	0	0	0	0	0	0	0	0	0	0	0	0	0	0	0	0	0	0	0	0	0	0	0	0	0	0	0	0	0	0	0	0	0	0	0	0	0	0	0	0	0	0	0	0	0	0	0	0	0
g__Alishewanella	0	0	0	0	0	0	0	0	0	0	7.8550482e-05	0	0	0	0	0	0	0	0	0	0	0	0	0	0	0	0	0	0	0	0	0	0.00054485116	0	0	0	0	0	0	0	0	0	0	0	0	0	0	0.00089044145	0	0	0	0	0	0	0	0	0	0	0	0	0	0	0	0	0	0	0	0	0	0	0	0	0	0.00019760242	0	0	0	0	0	0	0	0	0	0	0	0	0	0	0.00016803428	0	0	0	0	0	0	0	0	0	0	0
g__Alistipes	0	0.00053900776	0.0002092415	0.0037341094	0.00011322977	0.00017978682	0.00032795374	0	0	0	0.00015710096	0	0.00016330085	0	0.00012000192	0.00068078669	0	0	0	0	0	0	0	0	0	6.7602587e-05	0.0033090171	6.8541662e-05	0	0	0	0	0.00086680866	0	0.00010772612	0	0	0	0.00023696682	0.00022349936	0.0036167886	0	0	0	0.00064446831	0.0018535681	0	0.0023630946	0	0	0	0	0	0	0.00019616016	0	0	0	0	0	0.0030109812	0.00067861308	0	0	0	0.0001279497	0	0	0	0	0	0	0	0	0	0	0.0019303032	0.00023620001	0	0	0	0	0	0.00042165182	0	0	0.00012770984	0	0	0	0.0014249214	0	0.00073802755	0.0030948697	0.0014768112	0	0	0	0.00062152013	0
g__Alkanindiges	0	0	0	0	0	0	0	0	0	0	0	0	0	0	0.00024000384	0	0	0	0	0	0	0	0	0	0	0	0	0	0	0	0	0	0.0061667245	0	0	0	0	0	0	0	0	0	0	0.0011515612	0	0	0	0	0	0	0	0	0	0	0	0	0	0	0	0	0	0	0	0	0	0	0	0	0	0	0	0	0	0	0	0	0	0	0	0	0	0	0	0	0	0	0	0	0	0	0	0	0	0	0	0	0	0	0	0
g__Allisonella	0	0	0	0	0	0	0	0	0	0	0	0	0	0	0	0	0	0	0	0	0	0	0	0	0	0	0	0	0	0	0	0	0	0	0.00030163313	0	0	0	0	0	0	0	0	0	0	0	0	0	0	0	0	0	0	0	0	0	0	0	0	0	0	0	0	0	0	0	0	0	0	0	0	0	0	0	0	0	0	0	0	0	0	0	0	0	0	0	0	0	0	0	0	0	0	0	0	0	0	0	0	0
g__Alloiococcus	0	0	0	0	0	0	0	0	0	0	0	0	0	0	0	0	0	0	0	0	0	0	0	0	0	0	0	0	0	0	0	0	0	0	0	0	0	0	0	0	0	0	0	0	0	0	0	0	0	0	0	0	0	0	0	0	0	0	0	0	0	0	0	0	0	0	0	0	0	0	0	0	0	0	0	0	0	0	0	0	0	0	0	0	0	0	0	0	0.00095219425	0	0	0	0	0	0	0	0	0	0	0
g__Alloprevotella	0	0.00072648872	0	0	0.001449341	0.00038525748	0.00039699663	0.0019688852	0.002856704	0	0.0004451194	0.013568787	0	0	0	0	0.00013368984	0.069522657	0.0022254775	0.0018442967	0	0.00040146823	0.023565184	0.0017866502	0.00017494752	0.011943124	0	0.00057118052	0	0.060223321	0	0	0.0026747239	0.00042587171	0	0.00015918075	0.0010564811	0	0.00020734597	0	0	0	0.00043416238	0.0017796854	0	0	0.0004219918	0	0	0	0	0.0033982729	0.00076667519	0	0	0	0.00092548588	0.0014094938	0.014874794	0	0.0074093754	0.0049623582	0	0	0	0	0	0.040441496	0	8.2882086e-05	0.0022222222	0.00010956803	0.0025129658	0	0	0	0.0010809698	0	0	0.0078692494	0.0024688183	0.00083155761	0.0066602713	0.002977916	0.0011906967	0.0093098521	0.014431212	0	0	0.0017979874	0	7.8125e-05	0.02009075	0.013182954	0.00073840561	0.0052778272	0.0039895756	8.2356494e-05	0.010073806	0
g__Alloscardovia	0	0	0	0	0	0	0	0	0	0	0	0	0	0	0	0	0	0	0	0	0	0	0	0	0	0.0029294454	0	0	0	0	0	0	0	0	0	0	0	0	0	0	0	0	0	0	0	0	0	0	0	0	0	0	0	0	0	0	0	0	0.00029989504	0	0	0.00069981974	0	0	0	0	0	0	0	0	0	0	0	0.0015149519	0	0	0	0	0	0	0	0	0	0	0	0	0	0	0	0	0	0	0	0	0	0	0	0	0	0
g__Alteraurantiacibacter	0	0	0	0	0	0	0	0	0	0	0	0	0	0	0	0	0	0	0	0	0	0	0	0	0	0	0	0	0	0	0	0	0.0010154044	0	0	0	0	0	0	0	0	0	0	0	0	0	0	0	0	0	0	0	0	0	0	0	0	0	0	0	0	0	0	0	0	0	0	0	0	0	0	0	0	0	0	0	0	0	0	0	0	0	0	0	0	0	0	0	0	0	0	0	0	0	0	0	0	0	0	0
g__Altererythrobacter	0	0	0	0	0	0	0	0	0	0	0	0	0	0	0	0	0	0	0	0	0	0	0	0	0	0	0	0	0	0	0	0	0.0042845114	0	0	0	0	0	0	0	0	0	0	0	0	0	0	0	0	0	0	0	0	0	0	0	0	0	0	0	0	0	0	0	0	0	0	0	0	0	0	0.0014243844	0	0	0	0	0	0	0	0	0	0	0	0	0	0	0	0	0	0	0	0	0	0	0	0	0	0	0	0
g__Alysiella	0	0	0	0	0.16445491	0	0	0	0.00076793119	0.00033042377	0	0	0	0	0.13881822	0	0	0	0	0	0	0	0	0	0	0	0	0	0	0	0	0	0	0	0	0	0	0	0	0	0	0	0	0	0	0	0	0	0	0.0020870419	0	0	0	6.9454091e-05	0	0	0	0	0	0	0	0	0	0	0	0	0	0	0	0	0	0	0	0.00046107232	0.08503759	0	0	0	0	0.011414735	0	0	0	0	0	0	0.0037993678	0	0	0.0078299452	0	0.000546875	0	0	0	0	0	0	0	0
g__Aminipila	0	0	0	0	0	0	0	0	0	0	0	0	0	0	0	0	0.0052139037	0	0	0	0	0	0	0	0	0	0	0	0	0	0	0	0	0	0	0	0	0	0	0	0	0	0	0	0	0	0	0	0	0	0	0	0	0	0	0	0	0	0	0	0	0	0	0	0	0	0	0	0	0	0	0	0	0	0	0	0	0	0	0	0	0	0	0	0	0	0	0	0	0	0	0.0062760417	0	0	0	0	0	0	0	0
g__Ammoniphilus	0	0.0069836657	0	0.0029927789	0.00022645953	7.7051496e-05	0.0021403297	0	0.00079864844	0	0.014558023	0.0018369296	0.00057155299	0	0.0001440023	0	0	0	0	0	0.0040889211	0	0.0014965792	0	0	0	0	0.00018277777	0.0052126875	0	0.00071164729	6.5917405e-05	0	0.00031940378	0	0.00037142175	0.037816606	0.02704855	0.00079976303	0	0	0	0.00024809279	0.0014394514	0.00030688967	0.0054614061	0	0.0059933559	0	0.0004603769	0	0.0014431022	0.00031234915	0.0035884614	0.0015447613	0.013210592	0.00092548588	0.02436752	0	0.0011921846	0	0	0	0	0	0	0	0	0	0	0	0.004026625	0.0083141742	0.00039520485	0	0.00010619093	0	0	0.038510611	0.0018159806	0.00095152372	0.010758277	0.0037549678	0.0017129605	0.0008996375	0.00073554136	0.0030969637	0	0.00095219425	0.0041179712	0	0.00140625	0.0041821561	0.0016962266	0.012013291	0.020814802	0.0013191339	0.0027177643	0.059355173	0.0037889455
g__Amphiplicatus	0	0	0	0	0	0	0	0	0	0	0	0	0	0	0	0	0	0	0	0	0	0	0	0	0	0	0	0	0	0	0	0	0	0	0	0	0	0	0	0	0	0	0	0	0	0	0	0	0	0	0	0	0	0	0	0	0	0	0	0	0	0	0	0	0	0	0	0	0	0	0.00037037037	0	0	0	0	0	0	0	0	0	0	0	0	0	0	0	0	0	0	0	0	0	0	0	0	0	0	0	0	0
g__Anaerobacterium	0	0	0	0	0	0	0	0	0	0	0	0	0.00087093789	0	0	0	0	0	0	0	0	0	0	0	0	0	0	0	0	0	0	0	0	0	0	0	0	0	0	0	0	0	0	0	0	0	0	0	0	0	0	0	0	0	0	0	0	0	0	0	0	0	0	0	0	0	0	0	0	0	0	0	0	0	0	0	0	0	0	0	0	0	0	0	0	0	0	0	0	0	0	0	0	0	0	0	0	0	0	0
g__Anaerobutyricum	0.00038547715	0.0013358018	0.00031386225	0.0031026056	0	0	0.00043151808	0	0.00052219321	0	0.00018328446	0.0049719562	0.00043546895	0.011523783	0.00033600538	0.0024962179	0	0	0	0.000251495	0.00082813592	0	0.0022805017	0.0016913621	0	0	0.0043618861	0.00041124997	0.004475043	0	0	0	0.0020803408	0.00013308491	0	0	0.0035757822	0.0024165202	0	0	0	0.015620489	0.0022328351	0.0029574184	0	0.0033430425	9.0426815e-05	0	0.002745162	0	0.0040865452	0.000442241	0	0	0.00036780031	0.0033175922	0.00070036769	0.0010989274	0	0.00017661994	0	0.00074223306	0.00019671099	0	0	0.00023762087	0.0011965221	0	0	0	0.0031746032	0.0045196812	0.0048120622	0	0.0066768309	0	0.0038606064	0.00023620001	0	0	0.00090009001	0.0021048802	0.00060298753	0.00031623887	0.00031751912	0	0.00022349223	0.015406162	0	0.00031899777	0.001449489	0.000703125	0.0010387054	0.00017855017	0	0.00065231572	0	0.00054904329	0.0026673572	0.00069122654
g__Anaerococcus	0	0	0	0	0	0	0	0	0	0	0	0	0.00068042023	0	0	0	0	0	0.0017184067	0	0	0	0	0	0	0	0	0	0	0	0	0	0	0	0	0	0	0	0	0	0	0	0.00015505799	0	0	0.0012908778	0	0	0	0	0	0	0	0	0	0	0	0	0.00032988454	0	0	0.00055137313	0	0	0	0	0	0	0	0	0	0	0	0	0	0	0	0	0	0	0	0	0	0	0	0	0	0	0	0	0	0	0.0022960857	0.00032734198	0	0.00050406215	0	0	0	0
g__Anaeroglobus	0	0	0	0	0	0	0	0	0	0	0.0015186426	0	0	0	0	0	0	0	0	0	0	0	0	0	0	0	0	0	0	0.0019769357	0	0	0	0	0	0	0	0	0	0	0	0	0	0	0	0	0	0	0	0	0	0.0031189628	0	0	0	0	0	0	0	0	0	0	0	0	0	0	0	0	0	0.0016300144	0	0	0	0	0	0	0.012971637	0	0	0	0	0	0.0069891736	0	0	0.00063046402	0	0	0	0.0016819882	0	0	0	0	0	0	0	0	0	0
g__Anaerolinea	0	0	0	0	0	0	0	0	0	0	0	0	0	0	0	0	0	0	0	0	0	0	0	0	0	0	0	0	0	0	0	0	0.0021051067	0	0	0	0	0	0	0	0	0	0	0	0	0	0	0	0	0	0	0	0	0	0	0	0	0	0	0	0	0	0	0	0	0	0	0	0	0	0	0	0	0	0	0	0	0	0	0	0	0	0	0	0	0	0	0	0	0	0	0	0	0.00095226759	0	0	0	0	0	0
g__Anaerostipes	0.0002168309	0.00084366432	0	0.0021416216	0	0	0.00013808579	0.00019366084	0.00052219321	0.0010738772	0.00031420193	0.0028656102	0	0.016761867	0	0.0030761473	0	0	0.0041410784	0	0.0010869284	8.6028906e-05	0.0021379704	0.0045500024	0	0	0.0071946053	9.1388883e-05	0.0055569216	0	0	0	0.0026251919	0.00013308491	0.00096953505	0.0017244581	0.0068264933	0	0.00041469194	0.00044699872	0.017971795	0.0085176416	0.0013645103	0.0022769505	0	0.0021183636	0	0.0047946847	0.0070939335	0.00079798662	0	0.00020948258	0.00022716302	0.00018521091	0.0009562808	0.0038256919	0.00010005253	0.0026278698	0	0.00037531736	0.009682371	0.0012936062	0.00025572429	0	0	0	0.006993007	8.6908659e-05	0.0052365211	0	0.00047619048	0.0052592653	0.0027803026	0	0.00047316124	0	0.0019560406	0	0.0022913683	0	0	0.001922977	0.00060298753	0.00039529858	0	0.0001260928	0	0.0053124698	0.00047609712	0	0.0007370283	0.00065104167	0.00079269626	0.0038983454	0.0013916106	0	0	0.00024706948	0.00051793345	0.0024064924
g__Anaerovorax	0.00081913894	0	0	0	0	0	0	0	0	0	0	0	0	0	0	0	0	0	0	0	0	0	0	0	0	0	0	0	0	0	0	0	0	0	0	0	0	0	0	0	0	0	0	0	0	0	0	0	0	0	0	0	0	0	0	0	0	0	0	0	0	0	0	0	0	0	0	0	0	0	0	0	0	0	0	0	0	0	0	0	0	0	0	0	0	0	0	0	0	0	0	0	0	0	0	0	0	0	0	0
g__Anoxybacillus	0	0.0059525204	0	0	0.0025137008	0	0.0015879865	0	0.0026109661	0	0.051398199	0.0033064733	0.0020140439	0	0.0017040273	0	0	0.00021051524	0	0.0057564411	0.0041665588	0.00045882083	0.019645572	0	0.00081642174	0	0	0	0.045438898	0	0.00064387136	0	0.00386349	0.00098482832	0.008682725	0.0031570849	0.19325477	0.1155536	0	0	0	0	0.018265831	0.022036693	0.12287863	0.0095657355	0	0	0.0063057186	0.0062918176	0.0045623758	0.009426716	0.026578073	0.059475853	0.10033592	0.081535059	0.014007354	0.096036695	0.00023991603	0.038061596	0.037666785	0	0.00072783067	0	0	0	0	0.00026072598	0.024690636	0.00019339153	0	0.0069301778	0	0.00074649805	0	0.00039821599	0.0068718793	0.0023383801	0.033745606	0.045745417	0.00097724058	0.0051192765	0	0.0037158067	0.0060857831	0.0012188971	0.047731554	0	0.0063012855	0.019458864	0.0030955189	0.0011458333	0.028072381	0.0012498512	0.16676607	0.021674672	0.0045365336	0.028934581	0.04467176	0.0096259696
g__Aquabacterium	0	0	0	0	0	0	0	0	0	0	0	0	0	0	0	0	0	0	0	0	0	0	0	0	0.00020410544	0	0	0	0	0	0	0	0.00091634058	0	0	0	0	0	0	0	0	0	0	0.0004710932	0	0	0	0.0028083154	0	0	0	0	0	0	0	0	0	0	0	0	0.0026862676	0	0.00015736879	0	0	0	0	0	0	0	0	0	0	0	0	0	0	0	0	0	0	0	0	0	0	0	0.00022349223	0	0	0	0	0	0	0	0	0	0	0.0010706344	0	0
g__Aquimonas	0	0	0	0	0	0	0	0	0	0	0	0	0	0	0	0	0	0	0	0	0	0	0	0	0	0	0	0	0	0	0	0	0.0010401704	0	0	0	0	0	0	0	0	0	0	0	0	0	0	0	0	0	0	0	0	0	0	0	0	0	0	0	0	0	0	0	0	0	0	0	0	0	0	0	0	0	0	0	0	0	0	0	0	0	0	0	0	0	0	0	0	0	0	0	0	0	0	0	0	0	0	0
g__Arachnia	0	0	0.0059285092	0	0	0	0	0	0	0	0.00068077084	0	0	0	0	0	0	0.00023682964	0	0	0	0	0.00040383884	0	0.0001457896	0	0	0	0.0030981067	0	0	0	0.00059438308	0	0.00010772612	0.00079590375	0	0.0033227153	0	0	0	0	0.00024809279	0	0	0	0	0	0.0043759513	0	0.0042824754	0.00030258595	0	0	7.3560062e-05	0	0.00065034143	0	0	0.00077271222	0	0	0	0	0	0	0	0	0	0	0.00095238095	0	0	0	0	0	0	0	0	0	0	0.0032482719	0.0047142661	0.0033732146	0	0.00010507734	0	0	0	0.00023199838	0	0	0.00057402143	0.0008629925	0.0024708188	0	0	0.00016471299	0	0.00020480786
g__Arcobacter	0	0	0	0	0	0	0	0	0	0	0	0	0	0	0	0	0	0	0	0	0	0	0	0	0	0	0	0	0	0	0	0	0	0	0	0	0	0	0	0	0	0	0	0	0	0	0	0	0	0	0	0.0029094803	0	0	0	0	0	0	0	0	0	0	0	0	0	0	0	0	0	0	0	0	0	0	0	0	0.00054048489	0	0	0	0	0	0	0	0	0	0	0	0	0	0	0	0	0	0	0	0	0	0	0
g__Arcticibacter	0	0	0	0	0	0	0	0	0	0	0	0.00066129467	0	0	0	0	0	0	0	0	0	0	0	0	0	0	0	0	0	0	0	0	0.000643915	0	0	0	0	0	0	0	0	0	0	0	0	0	0	0	0	0	0	0	0	0	0	0	0	0	0	0	0	0	0	0	0	0	0	0	0	0	0	0	0	0	0	0	0	0	0	0	0	0	0	0	0	0	0.00044698445	0	0	0	0.00093356918	0	0.00060135578	0	0	0	0	0	0	0
g__Arenimonas	0	0	0	0	0	0	0	0	0	0	0	0	0	0	0	0	0	0	0	0	0	0	0	0	0	0	0	0	0	0	0	0	0	0	0	0	0	0	0	0	0	0	0	0	0	0	0	0	0	0	0	0	0	0	0	0	0	0	0	0	0	0	1.9671099e-05	0	0	0	0	0	0	0	0	0	0	0	0	0	0	0	0	0	0	0	0	0	0	0	0	0	0	0	0	0	0	0	0	0	0	0	0	0
g__Arthrobacter	0	0	0	0	0	0	0	0	0	0	0	0	0	0	0	0	0	0	0	0	0	0	0	0	0	0	0	0	0	0	0	0	0	0	0	0	0	0	0	0	0	0	0	0	0	0	0	0	0	0	0	0	0	0	0	0	0	0	0	0	0	0	0	0	0	0	0	0	0	0	0	0	0	0	0	0	0.0031656972	0	0	0	0	0	0	0	0	0	0	0	0	0	0	0	0	0	0	0	0	0	0	0
g__Asteroleplasma	0	0	0	0	0	0	0	0	0	0	0	0	0	0.013319698	0	0	0	0	0	0	0	0	0	0	0	0	0	0	0	0	0	0	0	0	0	0	0	0	0	0	0	0	0	0	0	0	0	0	0	0	0	0	0	0	0	0	0	0	0	0	0	0	0	0	0	0	0	0	0	0	0.0014021164	0	0	0	0	0	0	0	0	0	0	0	0.0014800603	0	0	0	0.00035120207	0	0	0	0	0	0	0	0	0	0	0	0	0
g__Asticcacaulis	0	0	0	0	0	0	0	0	0	0	0	0.0015430209	0	0	0	0	0	0	0	0	0	0	0	0	0	0	0	0	0	0	0	0	0	0	0	0	0	0	0	0	0	0	0	0	0	0	0	0	0	0	0	0	0	0	0	0	0	0	0	0	0.0019778014	0	0	0	0	0	0	0	0	0	0	0	0	0	0	0	0	0	0	0	0	0	0	0	0	0	0	0	0	0	0	0	0	0	0	0	0	0	0	0
g__Aurantisolimonas	0	0	0	0	0	0	0	0	0	0	0	0	0	0	0	0	0	0	0	0	0	0	0	0	0	0	0	0	0	0	0	0	0.00024765962	0	0	0	0	0	0	0	0	0	0	0	0	0	0	0	0	0	0	0	0	0	0	0	0	0	0	0	0	0	0	0	0	0	0	0	0	0	0	0	0	0	0	0	0	0	0	0	0	0	0	0	0	0	0	0	0	0	0	0	0	0	0	0	0	0	0	0
g__Aureimonas	0	0	0	0	0	0	0	0	0	0	0	0	0	0	0	0	0	0	0	0	0	0	0	0	0	0	0	0	0	0	0	0	0	0	0	0	0	0	0	0	0	0	0	0	0.00024551174	0	0	0	0	0	0	0	0	0	0	0	0	0	0	0	0	0	0	0	0	0	0	0	0	0	0	0	0	0	0	0	0	0	0	0	0	0	0	0	0	0	0	0	0	0	0	0	0	0	0	0	0	0	0	0
g__Auricoccus-Abyssicoccus	0	0	0	0	0	0	0	0	0	0	0	0	0	0	0	0	0	0	0	0	0	0	0	0	0	0	0	0	0	0	0	0	0	0	0	0	0	0	0	0	0	0	0	0	0	0	0	0	0	0	0	0	0	0	0	0	0	0	0	0	0	0	5.9013298e-05	0	0	0	0	0	0	0	0	0	0	0	0	0	0	0	0	0	0	0	0	0	0	0.00010507734	0	0	0	0	0	0	0	0	0	0	0	0	0	0
g__Azohydromonas	0	0	0	0	0	0	0	0	0	0	0	0	0	0	0	0	0	0	0	0	0	0	0	0	0	0	0	0	0	0	0	0	0	0	0	0	0	0	0	0	0	0	0	0	0	0	0	0	0	0	0	0	0	0	0	0	0	0	0	0	0	0	0	0	0	0	0	0	0	0	0	0.00027392007	0	0	0	0	0	0	0	0	0	0	0	0	0	0	0.00022349223	0	0	0	0	0	0	0	0	0	0	0	0	0
g__Azospirillum	0	0	0	0	0	0	0	0	0	0	0	0	0	0	0	0	0	0	0	0	0	0	0	0	0	0	0	0	0	0	0	0	0	0	0	0	0	0	0	0	0	0	0	0	0	0	0	0	0	0	0	0	0	0	0	0	0	0	0	0	0	0	0.00013769769	0	0	0	0	0	0	0	0	0	0	0	0	0	0	0	0	0	0	0	0	0	0	0	0	0	0	0	0	0	0	0	0	0	0	0.00041178247	0	0
g__Bacillus	0	0	0	0	9.0583813e-05	0	0.0062483818	0	0.00018430349	0	0.0027492669	0	0.0025855969	0	0.00081601306	0	0	0	0	0.00013971944	0.0020444605	0	0.0094070696	0	0	0.00018027357	0	0	0.0042045734	0	0.00047443153	0	0.00061914904	0.00037263774	0.0036842332	0	0	0	0.00017772512	0	0	0	0.003318241	0	0.0032530305	0.0029458493	0	0.0023630946	0.0027995216	0.006813578	0.0029949338	0.00037241347	0.00088025669	0.00071769227	0.0042910036	0.011895511	0.0017259061	0.0034640101	0.00020992653	0.043051109	0	0.00084826636	0.00013769769	0	0	0	0.010103964	0	0	0	0	0	0	0	0	7.9643198e-05	0.0033201215	0	0.020179664	0.0017871555	0.0079207921	0.038277636	0.010634507	0.0017129605	0.00023813934	0.00014710827	0.0098655854	0	0.0058811998	0.085955398	0	0	0.0031161163	0.0015474348	0.099627957	0.001452885	0.0055982755	0.0028824773	0.0069403082	0.00038401475
g__Bacteriovorax	0	0	0	0	0	0	0	0	0	0	0	0	0	0	0	0	0	0	0	0	0	0	0	0	0	0	0	0	0	0	0	0	0.00076774481	0	0	0	0	0	0	0	0	0	0	0	0	0	0	0	0	0	0	0	0	0	0	0	0	0	0	0	0	0	0	0	0	0	0	0	0	0	0	0.00057523215	0	0	0	0	0	0	0	0	0	0	0	0	0	0	0	0	0	0	0	0	0	0	0	0	0	0	0	0
g__Bacteroides	0.008239574	0.011553514	0.0030688753	0.054666264	0.0013814031	0.00069346346	0.0025200656	0.00022593764	0.0020887728	0.014070545	0.00057603687	0.013029954	0.0066681182	0.11865506	0.0033360534	0.011169945	0	0	0.030255226	0.0058402727	0.0039854041	0.0014051388	0.016723679	0.024179332	0.00052484255	0.0013069833	0.10152666	0.0016449999	0.051733464	0.0061138569	0	0.00023071092	0.019639408	0.0020495076	0.0026931529	0.012203857	0.052905323	0.035396529	0.010011848	0.0027458493	0.11242886	0.045966391	0.0072877256	0.011123034	0.011017339	0.01800609	0.00090426815	0.056817014	0.026908023	0.0067828863	0.03185266	0.0023974117	0.0024420024	0.00043987591	0.002402962	0.022177058	0.0016508667	0.0058768724	0.00011995801	0.0019207418	0.03329791	0.0058530379	0.00053111968	0	0	0.0011149902	0.026376665	0.0079666271	0.05344762	0.00013813681	0.0083862434	0.019283973	0.025022724	0.00039520485	0.02810052	0.027264522	0.024965255	0.0015116801	0.044317146	0.0008071025	0.013372766	0.029780157	0.011785665	0.0046908765	0.001428836	0.0025218561	0.0015644456	0.097773592	0.011678382	0.0062349564	0.017983491	0.0029947917	0.0096490269	0.0091060588	0.025077391	0.013164917	0.00022521798	0.0038707552	0.017324874	0.017895087
g__Barrientosiimonas	0	0	0	0	0	0	0	0	0	0	0	0	0	0	0	0	0	0.00010525762	0	0	0	0	0	0	0	0	0	0	0	0	0	0	0.00086680866	0	0	0	0	0	0	0	0	0	0	0	0	0	0	0	0	0	0	0	0	0	0	0	0	0	0	0	0	0	0	0	0	0	0	0	0	0	0	0	0	0	0	0	0	0	0	0	0	0	0	0	0	0	0	0	0	0	0	0	0	0	0	0	0	0	0	0
g__Bergeriella	0	0	0	0	0	0	0	0	0	0	0	0	0	0	0	0	0	0	0	0	0	0	0	0	0	0	0	0	0	0	0	0	0	0	0	0	0	0	0	0	0	0	0	0	0	0	0	0	0	0	0	0	0	0	0	0.0037659155	0	0	0	0	0	0	0	0	0	0	0	0	0	0	0	0	0	0	0	0	0	0	0	0	0	0	0	0	0	0	0	0	0	0	0	0	0	0	0	0	0	0	0	0
g__Bergeyella	0	0.0024841227	0.0014995641	0	0.00036233525	0.0010530371	0	0.00029049125	0.0017508831	0.0021752898	2.6183494e-05	0.0012736045	0.010043003	0	0.00093601498	0	0.0002228164	0	0.0010141416	0.00081037277	0.0063921741	0.028418215	0	0	0.00011663168	0.00096897041	0	0.00031986109	0.0041799852	0	0.001050527	9.8876108e-05	0.002600426	7.9850945e-05	0	0.0011142652	0	0	0.00082938389	0	0	0.0073338338	0	0	0	0	0.003888353	0	0.002446184	9.2075379e-05	0	2.3275842e-05	0.00019876764	0	9.8080082e-05	0	0.0013507091	0	0	0.00013246495	0	4.2413318e-05	0.0011212527	9.1069152e-05	0.00011004732	0.0012246614	0.0038554601	0.0021147774	0	0.00063542933	0	0	0.0016307544	0.00065867475	0	0	0.00072064652	0	0	8.6475268e-05	0.00023145172	0.0022607973	0	0.00039529858	0	0	0.00041505699	0	0.0017643599	0.00023199838	0	0	0	0	0.00025560194	0.00038545929	0.00016086998	0.00032942598	0.0053606112	0.00074242851
g__Berryella	0	0	0	0	0	0	0	0	0	0	0	0	0	0	0	0	0	0	0	0	0	0	0	0	0.00081642174	0.00074362846	0	0	0	0.00047592898	0	0	0	0	0	0	0	0	0	0	0	0	0	0	0	0	0	0	0	0	0	0.00020948258	0	0	0	0	0	0	0	0	0	0	0	0	0	0	0	0	0	0	0	0	0	0	0	0	0	0	0	0	0	0	0	0.00050071154	0	0.00035726295	0	0	0	0	0	0	0	0	0	0	0	0	0	0
g__Bifidobacterium	0.0080709278	0.014881301	0.0022319093	0.082315148	0.0010417138	0.0011300886	0.003555709	0.001161965	0.0030410075	0.012335821	0.0072004608	0.0089397242	0.0063687333	0.09136714	0.0038880622	0.018507312	0	0.00036840166	0.022987211	0.0069021405	0.0043994721	0.00086028906	0.015417142	0.019295822	0.00023326335	0.0025238299	0.086636083	0.0010281249	0.043348906	0	0.00016943983	0.20029004	0.020654812	0.0017567208	0.0050200371	0.016634388	0.049085738	0.027844903	0.016587678	0.0011813538	0.16300782	0.046601605	0.0060472617	0.0089507708	0.0049102348	0.010260824	0.00072341452	0.024932361	0.03500761	0.0061690504	0.049346433	0.0052370645	0.0020444672	0.0018289577	0.0062771253	0.072568593	0.0026263788	0.0086958599	0.019283251	0.0029363064	0.051924666	0.0051532181	0.0010425683	0.0027927873	0.00030263013	0.0039847192	0.036533808	0.00037660419	0.067489688	0.0019615427	0.0049470899	0.015339524	0.0082072395	0.0010758354	0.03285842	0.0001592864	0.019405981	0.0062120604	0.024788439	0.0011818287	0.01440144	0.028091056	0.010004111	0.003425921	0.00071441801	0.0010507734	0.0016921554	0.063991114	0.0041448455	0.0034799756	0.022798742	0.0069791667	0.006177564	0.042673491	0.021214961	0.010733559	0.0011904379	0.0036236857	0.01486469	0.012979698
g__Bilophila	0.0023128629	0	0	0	0	0	0	0	0	0	0	0	0	0	0	0	0	0	0	0	0	0	0	0	0	0	0	0	0	0.00047592898	0	0	0	0	0	0.0029183137	0	0	0	0	0	0	0	0	0	0	0	0	0	0	0	0	0	0	0	0	0	0	0	0	0	0	0	0	0	0	0	0	0	0	0	0	0	0	0	0	0	0	0	0	0	0	0	0	0	0.0001260928	0	0	0	0	0	0	0	0	0	0	0	0	0	0
g__Blautia	0.002770617	0.0069367955	0.0022319093	0.047966832	0.00052085692	0.00028252215	0.0012255113	0.00022593764	0.0026109661	0.014015475	0.00070695434	0.011290994	0.0061782157	0.058167669	0.00093601498	0.01301059	0	0.00018420083	0.017691138	0.00201196	0.00072461893	0.00063087864	0.013968073	0.010291105	0.00034989503	0.00099150461	0.03785315	0.0010509721	0.014703713	0	0.00037276763	0	0.0053494477	0.0018099548	0.003468781	0.010134508	0.052173913	0.041245606	0.0086196682	0.0018199234	0.034794067	0.025755038	0.0043416238	0.0023816378	0.012060764	0.015027142	0.00060284543	0.029932532	0.012611437	0.0030384875	0.034931564	0.003095687	0.00093704745	0.000763995	0.0033592428	0.023402475	0.0023512344	0.0031056643	0	0.00079478971	0.022405243	0.0060438978	0.00088519946	0	0	0.001279497	0.022973224	0	0.053330603	0	0.0034920635	0.011203331	0.019569053	0.0001756466	0.031044635	0.0002389296	0.0071549905	0.00059050004	0.023460487	0.00046120143	0.0031631735	0.019177797	0.0087433192	0.0033205081	0.00092609743	0.00035726295	0.00092589636	0.055153096	0.0077855883	0.0032189775	0.012676887	0.001640625	0.0033074568	0.0094929175	0.011928091	0.0034098322	0.00016086998	0.0034040684	0.006241098	0.0044289701
g__Blvii28_wastewater-sludge_group	0	0	0	0	0	0	0	0	0	0	0	0	0	0	0.00052800845	0	0	0	0	0	0	0	0.0078629799	0	0.0044028458	0.00099150461	0	0	0	0	0	0	0	0	0	0	0	0	0	0	0	0	0	0	0	0	0	0	0	0	0	0	0	0	0	0	0	0	0	0	0	0.002672039	0	0	0	0	0	0	0	0	0	0	0	0	0	0	0	0	0	0	0	0	0	0	0	0	0	0	0	0	0	0	0	0	0	0	0	0	0	0
g__Bosea	0	0	0	0	0	0	0	0	0	0	0	0	0	0	0	0	0	0	0	0	0	0	0	0	0	0	0	0	0	0	0	0	0	0	0	0	0	0	0	0	0	0.0062077727	0	0	0	0	0	0	0	0	0	0	0	0	0	0	0	0.00043001505	0	0	0	0	0	0	0	0	0	0	0	0	0	0	0	0	0	0	0	0	0	0	0	0	0	0	0	0	0	0	0	0	0	0	0	0	0	0	0	0	0	0
g__Brachybacterium	0	0	0	0.0066445183	0	0	0	0	0	0	0	0	0	0	0	0	0	0	0	0	0.00036230946	0	0	0	0	0	0.0029580607	0	0	0	0	0	0.0018326812	0	0.00060326626	0	0	0	0	0	0	0	0	0	0	0	0	0	0.0036692759	0	0	0	0.00051111679	0	0	0	0	0.0013856041	0	0.00011038746	0.0046345495	0	0	0	0	0.00056663437	0	0	0	0	0	0.00035609609	0	0	0	0	0	0	0.0049472725	0	0	0	0	0.00063247773	0	0	0.00038312953	0	0.00086817711	0	0	0	0	0	0	0.00074126786	0	0	0	0
g__Bradyrhizobium	0	0	0	0	0	0	0	0	0	0	0	0	0	0	0	0	0	0	0	0	0	0	0	0	0	0	0	0	0	0	0	0	0	0	0	0	0	0	0	0	0	0	0	0	0	0	0	0	0	0	0	0	0	0	0	0	0	0	0	0	0	0	0	0	0	0	0	0	0.0028961765	0	0	0	0	0	0	0	0	0	0	0	0	0	0	0	0	0	0	0	0	0	0	0	0	0	0	0	0	0	0	0
g__Brevibacillus	0	0	0	0	0.00036233525	0.00017978682	0.00055234314	0	0	0	0.00010473398	0	0	0	0	0	0	0	0	0	0	0	0	0	0	0	0	0.00025131943	0.0044258667	0	0	0	0	5.3233963e-05	0.0010988064	0	0	0	0	0	5.6074242e-05	0	0.0024189047	0.0062812426	0.037409851	0.022706209	0	0	0	0	0	0	0	0	0	0	0	0	0	0.0096257865	0	0	0	0	0	0	0	0.00014484776	0.02431033	0	0	0	0	0	0	0	0	0	0.0030725166	0.0078115992	0.0012344092	0.022556	0.030999041	0.00021082591	0	0.00031523201	0	0	0	0.0009279935	0	0	0	0	0.037374684	0.0035877365	0	0.0075767974	0.0018386637	0
g__Brevibacterium	0	0	0	0	0	0	0	0	0	0.00057824159	0	0	0	0	0	0	0	0	0	0	0	0	0	0	0	0	0	0	0	0	0	0	0	0	0	0.0018836389	0	0	0	0	0	0	0	0	0	0	0	0	0	0	0	0	0.0011926058	0	0	0	0	0	0	0	0	0	7.8684397e-05	0	0	0	0	0	0	0	0.00018518519	0	0	0	0	0	0	0	0	0	0	0	0	0	0	0	0.00012770984	0	0.00095219425	0	0	0	0	0	0	0	0	0	0.0039103975	0
g__Brevundimonas	9.6369287e-05	0.0016170233	0	0.0062875813	0	0	0	0	0.00033788973	0.0017897954	0	0.022924882	0	0	0	0.00060514372	0	0	0	0	0.0005434642	0	0	0.0015722521	0	0.00020280776	0.0062670778	0	0	0	0	0	0.0008420427	0	0.00090489938	0	0	0	0	0	0	0.0031471964	0.00037213918	0.005548431	0.0041123216	0.00089368463	0	0	0	0.00070591124	0.0091247516	0	0.00019876764	0	0	0	0	0.00026278698	0	4.4154984e-05	0	0	0	0	0	7.3114113e-05	0	0	0.0038323143	0	0.0010846561	0	0	0	0	0	0.0046842024	0	0.0028902487	0	0	0.00067564056	0.0010415239	0.0017129605	0.0064562221	0.00018913921	0.063759139	0	0	0	0	0	0.0049748524	0.0017557434	0.0011076084	0.00080056929	0	0.010431823	0.0017091804	0.00084483244
g__Breznakibacter	0	0	0	0	0	0	0	0	0	0	0	0	0	0	0	0	0	0	0	0	0	0	0	0	0	0	0	0	0	0	0	0	0.0009658725	0	0	0	0	0	0	0	0	0	0	0	0	0	0	0	0	0	0	0	0	0	0	0	0	0	0	0	0	0	0	0	0	0	0	0	0	0	0	0	0	0	0	0	0	0	0	0	0	0	0	0	0	0	0	0	0	0	0	0	0	0	0	0	0	0	0	0
g__Brooklawnia	0	0	0	0	0	0	0	0	0	0	0	0	0	0	0	0	0	0	0	0	0	0	0	0	0	0	0	0	0	0	0	0	0	0	0	0	0	0	0	0	0	0	0	0	0	0	0	0	0	0	0	0.00018620674	0	0	0	0	0	0	0	0	0	0	0	0	0	0	0	0	0	0	0	0	0	0	0	0	0	0	0	0	0	0	0	0	0	0	0	0	0	0	0	0	0	0	0	0	0	0	0	0
g__Brucella	0	0	0	0	0	0	0	0	0	0	0	0	0	0	0	0	0	0	0	0	0	0	0	0	0	0	0	0	0	0	0	0	0	0	0	0	0	0	0	0	0	0	0	0	0	0	0	0	0	0	0	0	0	0	0	0	0.00032517071	0	0	0	0	0	0	0	0	0	0	0	0	0	0	0	0	0	0	0	0	0	0	0	0	0	0	0	0	0	0	0	0	0	0	0	0	0	0	0	0	0	0	0
g__Bulleidia	0.0012768931	0	0	0	0	0	0	0	0	0	0	0	0	0	0	0	0	0	0	0	0	0	0	0	0.0013121064	0	0	0.00038840275	0	0	0	0	0	0.0080649454	0	0.001273446	0	0	0	0	0	0	0	0	0	0	0	0	0	0	0	0	0	0	0	0	0	0	0	0	0	0.00067861308	0	0	0	0	0	0	0	0	0	0	0	0	0	0	0	0	0	0	0	0	0	0.00018447267	0	0	0	0	0	0	0	0	0	0	0	0	0	0	0	0.0070146694
g__Burkholderia-Caballeronia-Paraburkholderia	0	0.00044526728	0.0002092415	0.0026083853	0	7.7051496e-05	0	0	0	0	0.00031420193	0.0011021578	0	0	0	0	0	0	0.0043664432	0.00013971944	0	0	0.00049885975	0.00095288008	0	0	0.0068436489	0.00041124997	0	0	0	0	0.00069344693	0.00026616982	0	0.0015652774	0	0	0.00041469194	9.5785441e-05	0.0059999439	0.0056014321	0	0.00081132717	0.00098204695	0.00023169601	0	0	0.0010056534	0	0.0022392028	0.00013965505	0.00048272141	0	0.00058848049	0.0066351844	0	0.00035834588	0	0	0.0012398158	0.00027568657	0.00017703989	0	0	0.00010967117	0.0012497009	0	0	0	0	0.00084915222	0	0	0	0	0.0013898183	0.00016534001	0.0036974352	0	0.0013887103	0	0.00024667672	0.00015811943	0.00031751912	0	0.00028734715	0.0036945813	0.0006441314	0.00084099411	0.00054048742	0.00010416667	0	0	0	0.0013935836	0	0	0	0
g__Butyribacter	0	0	0	0	0	0	0	0	0	0	0	0	0	0	0	0	0	0	0	0	0	0	0	0	0	0	0	0	0	0	0	0	0	0	0	0	0	0	0	0	0	0	0	0.0013347641	0	0	0	0	0	0	0	0	0	0	0	0	0	0	0	0	0	0	0	0	0	0	0	0	0	0	0	0	0	0	0	0	0	0	0	0	0	0	0	0	0	0	0	0	0	0	0	0	0	0	0	0	0	0	0	0
g__Butyricimonas	0	0	0	0	0	0	0	0	0	0	0	0	0	0	0	0	0	0	0	0	0	0	0	0	0	0	0	0	0	0	0	0	0	0	0	0	0	0	0	0	0	0	0	0	0	0	0	0	0	0	0	0	0	0	0	0	0	0	0	0	0	0	0	0	0	0	0	0	0	0	0	0	0	0	0	0	0	0	0	0	0	0	0	0	0	8.406187e-05	0	0	0	0	0	0	0	0	0	0	0	0	0	0
g__Butyrivibrio	0	0	0	0	0.01164002	0	0.00027617157	0	0.0030102903	0	0	0.0011266502	0	0	0.0020160323	0	0	0	0	0	0	0	0	0	0	0	0	0.00025131943	0	0.0048325096	0	0	0.00066868096	0.00069204152	0	0	0	0	0	0	0	0	0	0	0	0	0	0	0	0	0	0	0.057841383	0	0	0	0	0	0	0	0	0	0	0	0	0	0	0.0015064168	0	0	0	0	0	0	0	0	0	0.0061648204	0	0.0069468465	0	0	0	0.00097506984	0	0.0010717888	0.00012770984	0	0	0.00052199635	0	0.00072916667	0	0	0	0	0	0	0.017842807	0
g__Caldimonas	0	0	0	0	0	0	0	0	0	0	0	0	0	0	0	0	0	0	0	0	0	0	0	0	0	0	0	0	0	0	0	0	0	0	0	0.000636723	0	0	0	0	0	0	0	0	0	0	0	0	0	0	0	0	0	0	0	0	0	0	0	0	0	0	0	0	0	0	0	0	0	0	0	0	0	0	0	0	0	0	0	0	0	0	0	0	0	0	0	0	0.00028005713	0	0	0	0	0	0.0032376246	0.00041511	0	0	0	0
g__Calidithermus	0	0	0	0	0	0	0	0	0	0	0	0	0	0	0	0	0	0	0	0	0	0	0	0	0	0	0	0	0	0	0	0	0	0	0	0	0	0	0	0	0	0	0	0	0	0	0	0	0	0	0	0	0	0	0	0	0	0	0	0	0	0	0	0	0	0	0	0	0	0	0	0	0	0	0	0	0	0	0	0	0	0	0	0	0	0	0	0	0	0	0	0	0	0	0	0	0	0	0.0026414606	0
g__Campylobacter	0.0037824945	0.18204401	0.0010462075	0.00027456687	0.033289551	0.062617182	0.58841805	0.0038732167	0.13733681	0.015915412	0.0017019271	0.0051189106	0.097599477	0	0.32916527	0.0045385779	0.067379679	0.0042366191	0.0028452307	0.051053485	0.12352165	0.10994494	0.051430065	0	0.012858642	0.25558285	0	0.0020105554	0.011999016	0.2177192	0.0035921244	0.045944432	0.0029471494	0.0020761246	0.00019390701	0.010426339	0.024326155	0.0020046134	0.0016291469	9.5785441e-05	0	0	0.00086832475	0.0017273417	0	0.0012246789	0.063479624	0	0	0.0011049045	0.012763456	0.0033284454	0.023000256	0.00069454091	0.0016918814	0.017873154	0.00032517071	0.0010511479	0.0096266307	0.00090517717	0.0054906128	0.12507687	0.0011212527	0.0073158885	0	0	0.0015421841	0.024537211	0	0.031218919	0.017751323	0	0.19397958	0.0039300927	0.0093317912	0.0018583413	0.0041951923	0.038429742	5.2076553e-05	0.0023348322	0.037135142	0.028143028	0.03659038	0.14185948	0.00055565846	0.050794385	0.0017879378	0.00021732831	0.01215448	0.04999565	0.0028498428	0.045364583	0.0063689044	0.017735984	0.0011076084	0.0020162486	0.0039895756	0.029538529	0.032111874	0.043316863
g__Candidatus_Accumulibacter	0	0	0	0	0	0	0	0	0	0	0	0	0	0	0	0	0	0	0	0	0	0	0	0	0	0	0	0	0	0	0	0	0.00039625539	0	0	0	0	0	0	0	0	0	0	0	0	0	0	0	0	0	0	0	0	0	0	0	0	0	0	0	0	0	0	0	0	0	0	0	0	0	0	0	0	0	0	0	0	0	0	0	0	0	0	0	0	0	0	0	0	0	0	0	0	0	0	0	0	0	0	0
g__Candidatus_Berkiella	0	0	0	0	0	0	0	0	0	0	0	0	0	0	0	0	0	0	0	0	0	0	0	0	0	0	0	0	0	0	0	0	0.0015850215	0	0	0	0	0	0	0	0	0	0	0	0	0	0	0	0	0	0	0	0	0	0	0	0	0	0	0	0	0	0	0	0	0	0	0	0	0	0	0	0	0	0	0	0	0	0	0	0	0	0	0	0	0	0	0	0	0	0	0	0	0	0	0	0	0	0	0
g__Candidatus_Saccharimonas	0.006890404	0	0	0	0.00086054622	0.00015410299	0.00031069302	0	0	0	0	0	0	0	0	0	0	0.00013157202	0	0	0	0	0	0	0	0.00018027357	0	0	0	0.0005125389	0.00013555187	0	0	0	0	0	0	0.0033501757	0.00088862559	0	0	0	0	0	0	0	0	0	0	0	0	0	0	0	0	0	0	0	0.0012895487	0	0	0	0	0.00015178192	0	0	0	0	0	5.5254724e-05	0	0	0	0	0	0	0	0	0	0.00046120143	0	0	0	0.0018447267	0.00031751912	6.3046402e-05	0	0	0	0.00034799756	0	0	0.0012027116	0.0070527318	0	0	0	0	0.0011653503	0
g__Candidatus_Udaeobacter	0	0	0	0	0	0	0	0	0	0	0	0	0	0	0	0	0	0	0	0	0	0	0	0	0	0	0	0	0	0	0	0	0	0	0	0	0	0	0	0	0	0	0	0	0	0	0	0	0	0	0	0	0	0	0	0	0	0.00026278698	0	0	0	0	0	0	0	0	0	0	0	0	0	0	0	0	0	0	0	0	0	0	0	0	0	0	0	0	0	0	0	0	0	0	0	0	0	0	0	0	0	0
g__Capnocytophaga	0.00089141591	0.0037964894	0.18008718	0	0.0085601703	0.010556055	0.0049020454	0.091472468	0.040546767	0.03813641	0.0012044407	0.0095520341	0.0030210658	0	0.0013200211	0.059203227	0.0043672014	0.069548971	0.0095216632	0.10610295	0.074894542	0.053854095	0.015797225	0	0.061756473	0.0025688983	0	0.024355137	0.086796164	0.0005125389	0.1622217	0	0.00056961712	0.0057226511	0.00060326626	0.026875017	0	0.018343585	0.023341232	0.0023627075	0	0.0052838251	0.007721888	0.0016488262	0.0015958263	0	0.22636846	0	0.0089149815	0.021760481	0	0.031352559	0.046909163	0.0097235727	0.0013486011	0.022416164	0.059781385	0.0045868272	0.0069875544	0.015498399	0.0016826072	0	0.049236761	0.040161496	0.00011004732	0.00087736935	0.0010369858	0.12355514	0	0.24522047	0.012777778	0.00060262415	0	0.013107627	0.005572788	0.10342997	0.13916199	0.030233602	0	0.0012683039	0	0.048152383	0.0090448129	0.066673694	0.0024607732	0.00071452589	0.032023243	0	0.0083457025	0.024156831	0.013045401	0.04140625	0.04633173	0.00065468397	0.029791826	0.013520726	0.0018339178	0.08065446	0.043221546	0.10038145
g__Caproiciproducens	0	0	0	0	0	0	0	0	0	0	0	0	0	0	0	0	0	0	0	0	0	8.6028906e-05	0	0	0	0	0	0	0	0	0	0	0	0	0	0	0	0	0	0	0	0	0	0	0	0	0	0	0	0	0	0	0	0	0	0	0	0	0	0	0	0	0	0	0	0	0	0	0	0	0	0	0	0	0	0	0	0	0	0	0	0	0	0	0	0	0	0	0	0	0	0	0	0	0	0	0	0	0	0
g__Cardiobacterium	0	0	0	0	0	0	0	0	0.0021194901	0.00085359474	0	0.0016654829	0	0	0	0	0	0	0	0	0.00023291323	0	0	0	0	0	0	0	0	0	0	0	0	0	0	0.0010346749	0	0	0	0	0	0	0	0.0012039048	0	0	0	0	0	0.00058314407	0	0	0	0	0	0.0010759759	0	0	0	0	0	0	0	0	0	0.00010967117	0	0	0	0	0	0	0	0	0	0	0	0	0	0	0	0.0026505899	0.0033164314	0.0044800506	2.6459926e-05	0.00094569603	0	0	0	0	0	0.00041666667	0	0	0	0	0	0	0	0
g__Carnobacterium	0	0	0	0	0	0	0	0	0	0	0	0	0	0	0	0	0	0	0	0	0	0	0	0	0	0	0	0	0	0	0	0	0	0	0	0	0	0	0	0	0	0	0.0038144266	0	0	0	0	0	0	0	0	0	0	0	0	0	0	0	0	0	0	0	0	0	0	0	0	0	0	0	0	0	0	0	0	0	0	0	0	0	0	0	0	0	0	0	0	0	0	0	0	0	0	0	0	0	0	0	0	0
g__Castellaniella	0	0	0	0	0	0	0	0	0	0	0	0	0	0	0	0	0	0	0	0	0	0	0	0	0	0	0	0	0	0	0	0	0	0	0	0	0	0	0	0	0	0	0	0	0	0	0	0	0	0	0	0	0	0	0	0	0	0	0	0	0	0	0	0	0	0	0	0	0	0	0	0	0	0	0	0	0	0	0	0	0	0	0	0	0	0	0	0	0	0	0	0	0	0	0	0	0	0	0	0.00043521671
g__Catenibacillus	0	0	0	0	0	0	0	0	0	0	0	0	0	0	0	0	0	0	0	0	0	0	0	0	0	0	0	0	0	0	0	0	0	0	0.00032317835	0	0	0	0	0	0	0	0	0.0012824204	0	0	0	0	0	0	0	0	0	0	0	0	0	0.00021500753	0	0	0	0	0	0	0	0	0	0	0	0	0	0	0	0	0	0	0	0	0	0	0	0	0	0	0	0	0	0	0	0	0	0	0	0	0	0	0	0	0	0
g__Catenibacterium	0	0	0	0	0	0	0	0	0	0	0	0	0	0	0	0	0	0	0	0	0	0	0	0	0	0	0	0	0.0019424637	0	0	0	0	0	0	0	0	0	0	0	0	0	0	0	0	0	0	0	0	0	0	0	0	0	0	0	0	0	0	0	0.0053430157	0	0	0	0	0.00010967117	0	0	0	0	0	0	0	0	0	0	0	0	0	0	0	0	0	0	0	0	0	0	0	0	0	0	0	0	0	0	0	0	0	0
g__Catenisphaera	0	0	0	0	0	0	0	0	0	0	0	0	0	0	0	0	0	0	0	0	0	0	0	0	0	0	0	0	0	0.00080541827	0	0	0	0	0	0	0	0	0	0	0	0	0	0	0	0	0	0	0	0	0	0	0	0	0	0	0	0	0	0	0	0	0	0	0	0	0	0	0	0	0	0	0	0	0	0	0	0	0	0	0	0	0	0	0	0.00056741762	0	0	0	0	0	0	0	0	0	0	0	0	0	0
g__Catonella	0.020743489	0.0010311453	0.0013251962	0	0.034353911	0.018440991	0.00025891085	0.0012587954	0.0016280141	0.003331773	0	0.0083274143	0.00073485385	0	0.00069601114	0	0.019474153	0.0023156676	0.010197758	0.011456994	0.0011386869	0.00086028906	0.01104618	0	0.021518544	0.00063095748	0.0030834023	0.0011195138	0.0033194	0.0036976021	0.00057609543	0	0	0.005749268	0	0.011858966	0.0056345659	0.0077438489	0	0	0	0	0	0	0	0	0.0024113817	0	0	0	0	0.0051206852	0.0026123747	0.00069454091	0	0	0.00047524951	0.0027950978	0.014125056	0.0008168672	0	0.00025447991	0.00074750177	0	0.00013755915	0	0	0.004084707	0	0.0096972041	0	0	0	0	0	0.001884889	0.0043238791	0.00030706002	0.0035151673	0.013173066	0.0047061849	0.0020269217	0.016856242	0.0026353239	0.00018521949	0.0014500672	0.0030650362	0	0	0.0045239683	0	0.00671875	0.0014760551	0.006159981	0	0	0.00038608796	0.00052159113	0.010488152	0.032334042
g__Caulobacter	0	0	0	0	0	0	0	0	0	0	0	0	0	0	0	0	0	0	0	0	0	0	0	0	0	0	0	0	0	0	0	0	0	0	0	0	0	0	0	0	0	0	0	0	0	0	0	0	0	0	0	0	0	0	0	0	0	0	0	0	0	0	0	0	0	0	0	0	0	0	0	0	0	0	0	0	0	0	0	0	0	0	0	0	0	0.00025218561	0.0007343316	0	0	0	0	0	0	0	0	0	0	0	0	0
g__Cellulomonas	0	0	0	0	0	0	0	0	0	0	0	0	0	0	0	0	0	0	0	0	0	0	0	0	0	0	0	0	0	0	0	0	0	0.00034602076	0	0	0	0	0	0	0	0	0	0	0	0	0	0	0	0	0	0	0	0	0	0	0	0	0	0	0	0	0	0	0	0	0	0	0	0	0	0	0	0	0	0	0	0	0	0	0	0	0	0	0	0	0	0	0	0	0	0	0	0	0	0	0	0	0	0
g__Cellvibrio	0	0	0	0	0	0	0	0	0	0	0	0	0	0	0	0	0	0	0	0	0	0	0	0	0	0	0	0	0	0	0	0	0.00074297885	0	0	0	0	0	0	0	0	0	0	0	0	0	0	0	0	0	0	0	0	0	0	0	0	0	0	0	0	0	0	0	0	0	0	0	0	0	0	0	0	0	0	0	0	0	0.00080718656	0	0	0	0	0	0	0	0	0	0	0.00037699736	0	0	0	0	0	0	0	0	0	0
g__Cereibacter	0	0	0	0	0	0	0	0	0	0	0	0	0	0	0	0	0	0	0	0	0	0	0	0	0	0	0	0	0	0	0	0	0.0030709792	0	0	0	0	0	0	0	0	0	0	0	0	0	0	0	0	0	0	0	0	0	0	0	0	0	0	0	0	0	0	0	0	0	0	0	0	0	0	0	0	0	0	0	0	0	0	0	0	0	0	0	0	0	0	0	0	0	0	0	0	0	0	0	0	0	0	0
g__Christensenellaceae_R-7_group	0	0	0	0	0	0	0	0	0	0	0	0	0	0	0	0	0	0	0	0	0	0	0	0	0	0	0	0	0	0.0020135457	0	0	0.010228342	0	0	0.00047754225	0	0	0	0	0	0	0	0	0	0	0	0	0	0	0	0	0	0	0	0.0037659155	0	0	0	0	0	0	0	0	0	0	0	0	0	0	0	0	0	0	0	0	0	0	0	0.00077827741	0	0	0	0	0	0.00027320108	0	0	0	0	0	0	0	0	0	0	0	0	0	0
g__Chroococcidiopsis_PCC_7203	0	0	0	0	0	0	0	0	0	0	0	0	0	0	0	0	0	0	0	0	0	0	0	0	0	0	0	0	0	0	0	0	0	0	0	0	0	0	0	0	0	0	0	0	0.00088998005	0	0	0	0	0	0	0	0	0	0	0	0	0	0	0	0	0	0	0	0	0	0	0	0	0	0	0	0	0	0	0	0	0	0	0	0	0	0	0.00028988563	0	0	0	0	0	0	0	0	0	0	0	0	0	0	0	0
g__Chroococcidiopsis_SAG_2023	0	0	0	0	0	0	0	0	0	0	0	0	0	0	0	0	0	0	0	0	0	0	0	0	0	0	0	0	0	0	0	0	0	0	0	0	0	0	0	0	0	0	0	0	0	0	0	0	0	0	0	0	0	0	0	0	0	0	0	0	0	0	0	0	0	0	0.0020473823	0	0	0	0	0	0	0	0	0	0	0	0	0	0	0	0	0	0	0	0	0	0	0	0	0	0	0	0	0	0	0	0	0
g__Chryseobacterium	0	0	0	0	0	0	0	0	0	0.0016245835	0	0.0064904847	0	0	0	0	0	0	0	0	0	0	0	0	0	0	0	0	0	0	0	0	0.019936599	0	0	0	0	0	0.00014810427	0	0	0	0	0.0012562485	0	0	0	0	0	0	0	0	0	0.00013890818	0.00056396047	0	0	0	0	0	0	0	0	0	0	7.3114113e-05	0	0	0.0020478015	0	0	0	0	0	0	0	0	0	0	0	0	0	0	0	0.00042335882	0	0.0075668082	0	0	0	0	0	0.0023507544	0	0	0	0	0	0	0
g__Chryseomicrobium	0	0	0	0	0	0	0	0	0	0	0	0	0	0	0	0	0	0	0	0	0	0	0	0	0	0	0	0	0	0	0	0	0	0	0	0	0	0	0	0	0	0	0	0	0	0	0	0	0	0.00070591124	0	0	0	0	0	0.0025404985	0	0	0	0	0	0	0	0	0	0	0	0	0	0	0	0	0	0	0	0	0	0	0	0	0	0	0	0	0	0	0.00054276683	0	0	0	0	0	0	0	0	0.00050406215	0	0	0	0
g__Chthonobacter	0	0	0	0	0	0	0	0	0	0	0	0	0	0	0	0	0	0	0	0	0	0	0	0	0	0	0	0	0	0	0	0	0	0	0	0	0	0	0	0	0	0	0	0	0	0	0	0	0	0	0	0	0	0	0	0	0	0	0	0	0.005431574	0	0	0	0	0	0	0	0	0	0	0	0	0	0	0	0	0	0	0	0	0	0	0	0	0	0	0	0	0	0	0	0	0	0	0	0	0	0	0
g__Cloacibacterium	0	0	0	0	0	0	0	0	0	0.001486907	0	0.0054373117	0.00019051766	0	0.0084721356	0	0	0	0	0	0	0	0	0	0	0	0	0	0	0	0	0	0.067883501	0	0	0	0.00029798185	0	0	0	0	0	0	0.04300034	0.078502378	0.14768966	0	0.00095893695	0	0	0	0	0	0	0	0	0	0	0	0	0.013401818	0	0	0	0	0	0	0	0.0052657754	0	0.00029100529	0.0032048648	0	0	0	0	0	0	0	0	0	0	0	0	0.0013494562	0	0.0078541554	0	0	0	0	0	0	0	0	0	0	0	0	0
g__Clostridium	0	0	0	0	0	0	0	0	0.00018430349	0	0	0	0	0	0	0	0	0	0	0	0	0	0	0	0	0	0	0	0	0	0	0	0	0	0	0	0	0	0	0	0	0	0	0	0	0	0	0	0	0	0	0	0	0	0.00026972023	0	0	0	0	0	0	0	0	0	0	0	0	0	0	0	0	0	0	0	0	0	0	0	0	0	0	0	0	0	0	0	0	0	0	0	0	0	0	0	0	0	0	0	0	0
g__Cnuella	0	0	0	0	0	0	0	0	0	0	0	0.0015675133	0	0	0	0	0	0	0	0	0	0	0	0	0	0	0	0	0	0	0.00016943983	0	0.00128783	0	0	0	0	0	0	0	0	0	0	0.013033578	0.0092066902	0.013206673	0	0	0	0	0	0	0	0	0	0	0	0	0	0	0	0	0	0	0	0	0	0	0.0021940731	0	0	0.0012326403	0	0	0	0	0	0	0.0059106887	0	0	0	0	0	0	0	0.0032246735	0	0	0	0	0	0	0	0	0	0	0	0	0
g__Cohnella	0	0	0	0	0	0	0	0	0	0	0	0	0	0	0	0	0	0	0	0	0	0	0	0	0	0	0	0	0	0	0	0	0	0	0	0	0	0	0	0	0	0	0	0	0	0	0	0	0	0	0	0	0	0	0	0	0	0	0	0	0	0.00061499311	0	0	0	0	0	0	0	0	0	0	0	0	0	0	0	0	0	0	0	0	0	0	0	0	0	0	0	0	0	0	0	0	0	0	0	0	0	0
g__Colidextribacter	0.00086732358	0	0	0	0	5.1367664e-05	0	0	0	0	0	0	0	0	0	0	0	0	0.0020564539	0	0	0.00011470521	0	0	0	0.00024787615	0	0	0	0	0	0	0	0	0	0.0012469159	0	0	0	0	0	0.0074204539	0	0	0	0	0	0.0064385767	0.0017395086	0	0	0	0	0	0	0.0070536195	0	0	0	0	0.0043098359	0.00059378645	0	0	0	0	0	0	0	0	0	0	0	0	0.0046264655	7.9643198e-05	0	0	0	0	0	0	0	0	0	0	0	0	0	0	0	0	0	0	0	0.0014825357	0	0	0	0
g__Collinsella	0.0042884333	0.0073117574	0.00045335658	0.040169133	0.00047556502	7.7051496e-05	0.0011737292	0.00048415209	0.00086008294	0.0042679737	0.0021994135	0.0044331235	0.0029394154	0.0565713	0.00069601114	0.014220877	0	0.00015788643	0.01405713	0.0036327055	0.0022773738	0.00086028906	0.0033969973	0.011101053	0.00072894798	0.0016224621	0.010804442	0.00068541662	0.036759282	0	0	0.00069213276	0.013423151	0.0015970189	0.0042013186	0.0061815191	0.031829879	0.01985391	0.0055687204	0.0014048531	0.069027392	0.017670497	0.0022018235	0.0071449135	0.0042350775	0.0095988349	0.00027128044	0.017397856	0.012665797	0.0029157203	0.013659137	0.0043060308	0.0052815402	0.0012501736	0.00093176078	0.020144659	0.001525801	0.017702286	0.00071974809	0.0020752842	0.0072617783	0.0055985579	0.00062947518	0	0	0.0011149902	0.017416044	0.00046351285	0.018313197	0.00027627362	0.0038888889	0.0024652806	0.013259905	0.00039520485	0.015114873	0.0002389296	0.012559839	0.0060467204	0.035333941	0.0008071025	0.0067120998	0.0059768203	0.0023845416	0.0021082591	0.00082025772	0.00086163416	0.0026499792	0.052327828	0.006245274	0.0028419801	0.012996266	0.0016145833	0.0037994752	0.0012200928	0.0094856721	0.0054260808	0.00057913195	0.0013177039	0.0067331348	0.0037377435
g__Comamonas	0	0	0	0	0	0	0	0	0	0	0	0	0	0	0	0	0	0	0	0	0	0	0	0	0.0011080009	0	0	0	0	0	0	0	0.0018574471	0.00015970189	0	0	0	0	0	0	0	0	0	0	0	0	0	0	0	0	0	0	0	0	0	0	0	0	0	0	0	0	0	0	0	0	0	0	0	0	0	0	0.0013901513	0	0	0	0	0	0	0	0	0	0	0	0.0003968989	0	0.00041505699	0	0	0	0	0	0	0	0	0	0	0	0.0013984203	0.0130309
g__Conexibacter	0	0	0.00013949433	0	0	0	0	0	0	0	0	0	0	0	0	0	0	0	0	0	0	0	0	0	0	0	0	0	0	0	0	0	0	0	0	0	0	0	0	0	0	0	0	0	0	0	0	0	0	0	0	0	0	0	0	0	0	0	0	0	0	0	0	0	0	0	0	0	0	0	0	0	0	0	0	0	0	0	0	0	0	0	0	0	0	0	0	0	0	0	0	0	0	0	0	0	0	0	0	0
g__Coprobacillus	0	0	0	0	0	0	0	0	0	0	0	0	0	0	0	0	0	0	0	0	0	0	0	0	0	0	0	0	0.0013523482	0	0	0	0	0	0	0	0	0	0	0	0	0	0	0	0	0	0	0	0	0	0	0	0	0	0	0	0	0	0	0	0	0	0	0	0	0	0	0	0	0	0	0	0	0	0	0	0	0	0	0	0	0	0	0	0	0	0	0	0	0	0	0	0	0	0	0	0	0	0	0
g__Coprococcus	0	0	0	0	0	0	0	0	0	0	0	0	0	0.0035668853	0	0	0	0	0	0	0	0	0	0	0	0	0.0039858615	0	0	0	0	0	0	0	0	0	0	0	0	0	0	0	0	0	0	0	0	0	0	0	0	0	0	0	0	0	0	0	0	0	0	0	0	0	0	0	0	0	0	0	0	0	0	0	0	0	0	0	0	0	0	0	0	0	0	0	0	0	0	0	0	0	0	0	0	0	0	0	0	0
g__Corynebacterium	0	0.00074992384	0.00073234525	0.010653195	0.00018116763	0	0.00050056097	0.00012910722	0	0.0022303604	0.0011258902	0.010923608	0.0051711937	0.0046643885	0.00079201267	0.0042107917	0.0006684492	0.00018420083	0.0030142543	0	0.0020444605	0	0	0.0015722521	0	0.00027041035	0.0097265047	0.00029701387	0.010646668	0	0.0002033278	9.8876108e-05	0.0032938729	0.00055895661	0.0029947861	0.0051468442	0	0.0017849297	0.0013921801	0.00012771392	0	0.010076803	0.00068225516	0.0054699155	0.0059536597	0	0	0.024281653	0.0043487715	0.00067521945	0.024043441	0.00055862021	0.0024703978	0.0010881141	0	0.0010161994	0	0.0027234287	0.0010196431	0.001390882	0.0072027394	0.0030537589	0.00013769769	0	0	0.00018278528	0.012204526	0	0	0	0.0054497354	0.024187142	0.001416885	0.00065867475	0.011250723	5.3095466e-05	0.00092654553	0.00054326003	0.024970707	0	0.00066863829	0.0092770646	0.0058380156	0.0028988563	0.0013494562	0.0018493611	0.0064812745	0.0056263885	0.0057411712	0.0026679813	0	0.0043229167	0.010414389	0.0073503154	0.0037488285	0.0070272194	0.00099739391	0.0014824169	0.0047649877	0.00094723637
g__Croceibacterium	0	0	0	0	0	0	0	0	0	0	0	0	0	0	0	0	0	0	0	0	0	0	0	0	0	0	0	0	0	0	0	0	0	0	0	0	0	0	0	0	0	0	0	0	0	0	0	0	0	0	0	0	0	0	0	0	0	0	0	0	0	0	0	0	0	0	0	0	0	0	0	0	0	0	0	0	0	0	0	0	0	0	0	0	0	0	0.00022349223	0	0	0	0	0	0	0	0	0	0	0	0	0
g__Cryptobacterium	0	0	0	0	0	0	0	0	0	0	0.00047130289	0	0	0	0	0	0	0	0	0	0	0	0	0	0	0	0	0	0	0	0	0	0	0	0	0	0	0	0	0	0	0	0	0	0	0	0	0	0	0	0	0	0	0.00043987591	0	0	0	0	0.0032388664	0	0	0	0	0	0	0	0	0	0	0	0	0	0	0	0	0	0	0	0	0	0	0	0	0	0	0	0	0	0	0	0	0	0	0	0	0	0	0	0	0
g__Cupriavidus	0	0	0	0	0	0	0	0	0	0	0	0	0	0	0	0	0	0	0	0	0	0	0	0	0	0	0	0	0	0	0	0	0	0	0	0	0	0	0	0	0	0	0	0	0.00082860212	0	0	0	0	0	0	0	0	0	0	0	0	0	0	0	0	0	0	0	0	0	0	0	0	0	0	0	0	0	0	0	0	0	0	0	0	0	0	0	0	0	0	0	0	0	0	0	0	0	0	0	0	0	0	0
g__Curtobacterium	0	0	0	0	0	0	0	0	0	0	0	0	0	0	0	0	0	0	0	0	0	0	0	0	0	0	0	0	0	0	0	0	0	0	0	0	0	0	0	0	0	0	0	0	0	0	0	0	0.0019569472	0	0	0	0	0	0	0	0	0	0	0	0	0	0	0	0	0	0	0	0	0	0	0	0	0	0	0	0	0	0	0	0	0	0	0	0	0	0	0	0	0	0	0	0	0	0	0	0	0	0	0
g__Curvibacter	0.0010841545	0	0	0	0	0	0	0	0	0	0	0	0	0	0	0	0	0	0	0	0	0	0	0	0	0	0	0	0	0	0	0	0	0	0	0	0	0	0	0	0	0	0	0	0	0	0	0	0	0	0	0	0	0	0	0	0	0	0	0	0	0	0	0	0	0	0	0	0	0	0	0	0	0	0	0	0	0	0	0	0	0	0	0	0	0	0	0	0	0	0	0	0	0	0	0	0	0	0	0
g__Cutibacterium	0.0018551088	0	0.00090671316	0.024518822	9.0583813e-05	0	0.0017605938	0	0.00052219321	0.0013492304	0	0.0012491122	0.0021501279	0.022698361	0	0.00090771558	0	0	0.0023663305	0.00067065333	0.0026655625	0.00028676302	0.0057487647	0.0042879604	0	0.00069856006	0.0091499336	0.00015993054	0.007450209	0	6.7775933e-05	0	0.0034424687	0	0.00019390701	0.0020162895	0.0076662603	0.0067827329	0.0021919431	0.0004789272	0.0058317212	0.016371196	0.00074427836	0.0033761679	0.0082860212	0.002614855	0	0.037330046	0.0028810611	0.0057393653	0	0.00067499942	0.0013913735	0.00027781636	0.00019616016	0.0032279276	0.00067535456	0.00045390478	8.9968511e-05	0.00015454244	0.0099185264	0.0010603329	0.00053111968	0	0	0.00010967117	0.0044936053	0	0.019512623	0.00019339153	0.027222222	0.01555866	0.00072180934	0.00028542572	0.0089900636	0	0.0015699799	0.00037792002	0.019294363	8.6475268e-05	0.00077150572	0	0.0030971632	0.024851104	0.00013229963	0.00023117014	0.0018198653	0.013619241	0.003024617	0	0.0033903302	0.00140625	0.0083096436	0.0066063564	0.0023288177	0.0060487458	0	0.00065885195	0.0019163537	0.0011008423
g__DEV114	0	0	0	0	0	0	0	0	0	0	0	0	0	0	0	0	0	0	0	0	0	0	0	0	0	0	0	0	0	0	0	0	0	0	0	0	0	0	0	0	0	0	0	0	0	0	0	0.0022945991	0	0	0	0	0	0	0	0	0	0	0	0	0	0	0	0	0	0	0	0	0	0	0	0	0	0	0	0	0	0	0	0	0	0	0	0	0	0	0	0	0	0	0	0	0	0	0	0	0	0	0	0
g__Daejeonella	0	0	0	0	0	0	0	0	0	0	0	0	0	0	0	0	0	0	0	0	0	0	0	0	0	0	0	0	0	0	0	0	0.0010649364	0	0	0	0	0	0	0	0	0	0	0	0	0	0	0	0	0	0	0	0	0	0	0	0	0	0	0	0	0	0	0	0	0	0	0	0	0	0	0	0	0	0	0	0	0	0	0	0	0	0	0	0	0	0	0	0	0	0	0	0	0	0	0	0	0	0	0
g__Dechlorobacter	0	0	0	0	0	0	0	0	0	0	0	0	0	0	0	0	0	0	0	0	0	0	0	0	0.00043736879	0	0	0	0	0	0	0	0	0	0	0	0	0	0	0	0	0	0	0	0	0	0	0	0	0	0	0	0	0	0	0	0	0	0	0	0	0	0	0	0	0	0	0	0	0	0	0	0	0	0	0	0	0	0	0	0	0	0	0	0	0	0	0	0	0	0	0	0	0	0	0	0	0	0	0
g__Defluviitaleaceae_UCG-011	0.00093960055	0	0	0	0.0039856878	0	0	0	0	0	0	0	0	0	0	0	0	0	0	0	0	0	0	0	0	0	0	0	0	0.00032948929	0	0	0	0	0	0.00079590375	0	0	0	0	0	0	0	0	0	0	0	0	0	0	0	0	0.00019876764	0	0	0	0	0	0	0	0	0	0	0	0	0	0	0	0	0	0	0	0	0	0	0	0	0	0	0.0024213075	0	0	0	0.00031623887	0	0.00014710827	0	0	0	0.0062349564	0	0.0037760417	0	0	0	0	0	0.00041178247	0	0
g__Deinococcus	0	0	0	0	0	0	0	0	0	0	0	0	0.0083827772	0	0	0	0	0	0.0020846245	0	0.00062110194	0	0	0	0	0	0	0	0	0	0	0	0.0040863837	0	0	0.00013265062	0	0	0	0	0	0	0	0	0	0	0	0	0	0	0	0.00032586179	0	0.00011575682	0	0	0	0	0	0	0	0	0	0	0	0	0	0	0	0	0	0	0	0	0	0	0	0	0	0	0	0	0	0	0.00018521949	0	0.00083011398	0	0	0	0	0	0	0	0.0007100054	0.0018086936	0	0	0	0
g__Delftia	0	0	0	0	0	0	0	0	0	0	0	0	0	0	0	0	0	0	0	0	0	0	0	0	0	0	0	0	0	0	0	0	0	0	0	0	0	0	0	0	0	0	0	0	0	0	0	0	0	0	0	0	0	0	0	0	0	0	0	0	0	0	0	0	0	0	0	0	0	0	0.00034391534	0	0	0	0	0	0	0	0	0	0	0	0	0	0	0	0	0.0017386265	0	0	0	0	0.0022687514	0	0	0	0	0	0	0
g__Demequina	0	0	0	0	0	0	0	0	0	0	0	0	0	0	0	0	0	0	0	0	0	0	0	0	0	0	0	0	0	0	0	0	0.0257566	0	0	0	0	0	0	0	0	0	0	0	0	0	0	0	0	0	0	0	0	0	0	0	0	0	0	0	0.0020073208	0	0	0	0	0	0	0	0	0	0	0	0	0	0	0	0	0	0	0	0	0	0	0	0	0	0	0	0	0	0	0	0	0	0	0	0	0	0	0
g__Dermabacter	0	0	0	0	0	0	0	0	0	0	0	0	0	0	0	0	0	0	0	0	0	0	0	0	0	0	0	0	0	0	0	0	0	0	0	0.0018040485	0	0	0.00047393365	0	0	0	0.00055820877	0	0	0	0	0	0	0	0	0	0	0	0	0	0	0	0	0	0	0	0	0	0	0	0	0	0	0	0	0	0	0	0	0	0	0	0	0	0	0	0	0	0	0	0	0	0	0	0	0	0	0	0	0	0	0	0	0
g__Dermatophilus	0	0	0	0	0	0	0	0	0	0	0	0	0	0	0	0	0	0	0	0	0	0	0	0	0	0	0	0	0	0	0	0	0	0	0	0	0	0	0	0	0	0	0	0	0	0	0	0	0	0	0	0	0	0	0	0.002331281	0	0	0	0	0	0	0	0	0	0	0	0	0	0	0	0	0	0	0	0	0	0	0	0	0	0	0	0	0	0	0	0	0	0	0	0	0	0	0	0	0	0	0	0
g__Desulfobulbus	0	0	0	0	0	0	0	0	0	0	0	0	0	0	0	0	0	0	0	0	0	0	0	0	0.0033240028	0	0	0	0	0	0	0	0	0	0	0	0	0	0	0	0	0	0	0	0	0	0	0	0	0	0	0	0	0	0	0	0	0	0	8.8309968e-05	0	0	0	0	0	0	0	0	0	0	0	0	0	0	0	0	0	0	0	0	0	0	0.0060846923	0	0	8.406187e-05	0	0	0	0.0030449787	0	0	0	0	0.0017608134	0	0	0	0	0
g__Desulfomicrobium	0	0	0	0	0	0	0	0	0	0	0	0	0	0	0	0	0	0	0	0	0	0	0	0	0	0	0	0	0	0	0	0	0	0	0	0	0	0	0	0	0	0	0	0	0	0	0	0	0	0	0	0	0	0	0	0	0	0	0	0	0	0	0	0	0	0	0	0	0	0	0	0	0	0	0	0	0	0	0	0	0	0	0	0	0	0.00094569603	0	0	0	0	0	0	0	0	0	0	0	0	0	0
g__Desulfovibrio	0.0013973547	0	0	0	0	0	3.4521446e-05	0	0	0	0	0	0	0	0	0	0	0	0	0	0	0	0	0	0	0	0	0	0	0.0023796449	0	0	0	0	0	0	0	0	0	0	0	0	0	0	0	0	0	0	0	0	0	0	0	0	0	0	0	0	0	0	0	0	0	0	0	0	0	0	0	0	0	0	0	0	0	0	0	0	0	0	0	0.0017930461	0	0	0	0.0013239744	0	0	0	0	0	0	0	0	0	0	0	0	0	0
g__Devosia	0	0	0	0	0	0	0	0	0	0	0	0	0	0	0	0	0	0	0	0	0	0	0	0	0	0	0	0	0	0	0	0	0	0	0	0	0	0	0.0010367299	0	0	0	0	0	0	0	0	0	0	0	0	0	0	0	0	0	0	0	0	0	0	0	0	0	0	0	0	0	0	0	0	0	0	0	0	0	0	0	0	0	0	0	0	0	0	0	0	0	0	0.00028999797	0	0	0	0	0	0	0	0	0	0
g__Dialister	0.0068663117	0.00051557264	0	0	0.0035101227	0.00010273533	0.00060412531	0.0011296882	0.00021502073	0.0021752898	0.0026707164	0.0044576159	0.00048990256	0.0064603028	0.0036960591	0	0.0004456328	0.03226146	0.0063383853	0.0071536355	0	0.00031543932	0.013160395	0	0.020352228	0.0030421164	0	0.0005483333	0	0.030715724	0.00027110373	0	0.0020060429	0.0036731435	0	0.0009550845	0	0.0014554042	0.023904028	0.00067049808	0.007878431	0	0	0.0012824204	0.0027620071	0	0.00018085363	0	0	0	0	0.0017224123	0.0017889088	0.00067138954	0	0	0	0.0051124012	0.0043784675	0.00015454244	0.0041917582	0.0078252571	0.00029506649	0.0015178192	0	7.3114113e-05	0	0.00014484776	0	0.0094485579	0.0042063492	0.0014243844	0.014783725	0.00046107232	0	0	0.0103979	0.00092118006	0	0.020062262	0	0.0041577881	0.021680143	0.0064565435	0.0019315746	0.0065778413	0.0024584145	0	0	0.0025519821	0.00066332547	0.0023958333	0.019079379	0.0088977503	0	0.00038545929	0.00099739391	0	0	0.006041832
g__Diaphorobacter	0	0	0	0	0	0	0	0	0	0	0	0	0	0	0	0	0	0	0	0	0	0	0	0	0	0	0	0	0	0	0	0	0	0	0	0	0	0	0	0	0	0	0	0	0	0	0	0	0	0	0	0	0	0	0	0	0	0	0	0	0	0	0	0	0	0	0	0	0	0	0	0	0	0	0	0	0	0	0	0	0	0	0	0	0	0	0	0	0	0	0	0	0	0	0	0	0	0	0	0.0004608177
g__Dietzia	0	0	0.0002092415	0	0	0	0	0	0	0	0	0	0	0	0.00021600346	0	0	0	0	0	0	0	0	0	0	0	0	0	0	0	0	0.00019775222	0.00042102135	0	0	0	0	0	0	0	0	0	0	0	0	0	0	0	0	0	0	0.00018620674	0	0	0	0	0	0	0	0	0	0	0	0	0	0.00027417792	0	0	0	0	0	0	0	0	0	0	0	0	0	0	0	0	0	0	0	0	0	0	0	0	0	0	0	0	0.001448411	0	0	0	0	0
g__Dolosigranulum	0	0	0	0	0	0	0	0	0	0	0	0	0	0	0	0	0	0	0	0	0	0	0	0	0	0	0	0	0	0	0	0	0	0	0	0	0	0	0	0	0	0	0	0	0	0	0	0	0	0	0	0	0	0	0	0	0	0	0	0	0	0	0	0	0	0	0	0	0	0	0	0	0	0	0	0	0	0	0	0	0	0	0	0	0	0	0.00035120207	0	0	0	0	0	0	0	0	0	0	0	0	0
g__Dorea	0	0	0	0	0	0	0	0	0	0	0	0	0	0	0	0	0	0	0	0	0	0	0	0	0	0	0	0	0	0	0	0	0	0	0	0	0	0	0	0	0	0	0	0	0	0	0	0	0	0	0.0025470932	0	0	0	0	0	0	0	0	0	0.00082654387	0	0	0	0	0	0	0	0	0	0	0	0	0	0	0	0	0	0	0	0	0	0	0	0	0	0	0	0	0	0	0	0	0	0	0	0	0	0	0
g__Dyadobacter	0	0	0	0	0	0	0	0	0	0	0	0	0	0	0	0	0	0	0	0	0	0	0	0	0	0	0	0	0	0	0	0	0.0060428946	0	0	0	0	0	0.00097748815	0	0	0	0	0	0	0	0	0	0	0	0	0	0	0	0	0	0	0	0	0	0	0	0	0	0	0	0	0	0	0	0	0	0	0	0	0	0	0	0.0029162869	0	0	0	0	0	0	0	0	0	0	0	0	0	0	0	0	0	0	0.00043923463	0	0
g__Effusibacillus	0	0	0	0	0	0	0	0	0	0	0	0	0	0	0	0	0	0	0	0	0	0	0	0	0	0	0	0	0	0	0	0	0	0	0	0	0	0	0	0	0	0	0	0	0	0	0	0	0	0	0	0	0	0	0	0	0	0	0	0	0	0	0	0	0	0	0	0	0	0	0	0	0	0	0	0	0	0	0	0	0	0	0	0	0	0	0	0	0	0	0	0	0.0010387054	0	0	0	0	0	0	0
g__Eggerthella	0	0	0	0.0019494248	0	0	0	0	0	0	0	0	0	0	0	0	0	0	0	0	0	0	0	0	0	0	0	0	0	0	0	0	0.0014611917	0.00034602076	0	0	0	0	0	0	0	0	0	0	0	0	0	0.0080482208	0	0	0	0	0	0	0	0	0	0	0	0	0	0	0	0	0	0.0001279497	0	0	0	0	0	0	0.0035555793	0	0	0	0.0011581819	0.00051964003	0	0	0	0	0	0	0	0.00016812374	0	0.0056263885	0	0	0	0	0	0	0.0015052114	0	0	0	0.0011394536	0
g__Eggerthia	0.00086732358	0	0	0	0	0	0	0	0	0	0	0	0	0	0	0	0	0	0.010535805	0	0	0	0	0	0	0	0	0	0	0.00091524803	0	0	0	0	0	0.008277399	0	0	0	0	0	0	0	0	0	0	0	0	0	0	0	0	5.6790754e-05	0	0	0	0	0	0	0	0	0	0.00025572429	0	0	0	0	0	0	0.0005801746	0	0	0	0	0	0	0	0	0	0.00028825089	0	0	0	0.0017129605	0	0.00029421654	0	0	0	0	0	0	0	0	0	0	0	0	0	0
g__Eikenella	0.0067458501	0	0.0028945074	0	0	0	0.00020712868	0	0.003225311	0	0.00031420193	0.00085723383	0.0033204507	0	0	0.00027735754	0.00053475936	0.00089468975	0	0	0.03162444	0	0.00030881794	0.00095288008	0	0	0	0	0.0080895009	0	0	0	0	0.0007186585	0.00019390701	0.00068978325	0	0.0014004833	0.0014218009	0	0	0	0.0027290207	0	0.00046033451	0	0.0006329877	0	0	0	0.0025750833	0.014291367	0.00056790754	0	0.00026972023	0.019487118	0.005302784	0.00043001505	0.00020992653	0.0089193068	0.0018892431	0	0	0.00015178192	0.00057774843	9.1392641e-05	0.0043074796	0.023870912	0	0.0025693447	0.0056878307	0	0	0	0	0.00063714559	0	0.00023620001	0	0.00020177563	0	0	0	0.0031360354	0	0.0001260928	0.00012770984	0	0.0019323942	0.00049299655	0	0.0011458333	0.00062869014	0.00050589216	0.0051404391	0.0020458993	0	0.00090592143	0	0.0044033691
g__Empedobacter	0	0	0	0	0	0	0	0	0	0	0	0	0	0	0	0	0	0	0	0	0	0	0	0	0	0	0.0024065579	0	0	0	0	0	0	0	0	0	0	0	0	0	0	0	0	0	0	0	0	0	0	0	0	0	0	0	0	0	0	7.1669175e-05	0	0	0	0	0	0	0	0	0	0	0	0	0	0	0	0	0	0	0	0	0	0	0	0	0	0	0	0	0	0	0	0	0	0	0	0	0	0	0	0	0	0
g__Endomicrobium	0	0	0	0	0	0	0	0	0	0	0	0	0	0	0	0	0	0	0	0	0	0	0	0	0	0	0	0	0	0.0005125389	0	0	0	0	0	0	0	0	0	0	0	0	0	0	0	0	0	0	0	0	0	0	0	0	0	0	0	0	0	0	0	0	0	0	0	0	0	0	0	0	0	0	0	0	0	0	0	0	0	0	0	0	0	0	0	0	0	0	0	0	0	0	0	0	0	0	0	0	0	0
g__Enhydrobacter	0.00036138483	0.0012889316	6.9747167e-05	0	0	0	0.00025891085	0	0.00018430349	0	0	0.00085723383	0.00021773447	0	0	0.00068078669	0	0	0.0028452307	0.000251495	0.00038818871	0.00011470521	0.0024467883	0.00052408404	0	6.7602587e-05	0	9.1388883e-05	0	0	0	0.00052733924	0.0078260439	0	0	0.00015918075	0	0	0.0022511848	0	0.0054392015	0	0	0.00044492135	0.0013810035	0.048523765	6.0284543e-05	0	0	0.00039899331	0	0.00011637921	8.5186132e-05	4.6302727e-05	0	0	0	0.00014333835	0	0	0.0070256229	0.00021206659	0	0	0	0	0.0057167167	0	0.008747038	0	0	0	0	8.78233e-05	0.00063088166	0	0.00059195964	0	0	0	0	0	0	7.9059716e-05	7.9379779e-05	0	0.00044698445	0	0.00025205142	0	0.00083529874	0.00013020833	0	0.0021128437	0.0012780097	0.000207555	0	0	0	0.00038401475
g__Ensifer	0	0	0	0	0	0	0	0	0.00030717248	0	0	0.00078375664	0	0	0	0	0	0	0	0	0	0	0	0	0	0	0	0.00018277777	0	0	0	0	0	0	0	0	0	0	0	0	0	0	0	0	0	0	0	0	0	0	0	0	0	0	0	0	0	0	0	0	0.012457197	0	0	0	0	0	0	0	0	0	0	0	0	0	0	0	0	0	0	0	0	0	0	0	0	0	0	0	0	0	0	0	0	0	0	0	0	0	0	0
g__Enterobacter	0	0	0	0	0	0	0	0	0	0	0	0.00068578706	0	0	0	0	0	0	0	0	0	0	0	0.00047644004	0	0	0	0	0	0	0	0	0.00044578731	0	0	0	0	0	0	0	0	0	0.00049618557	0	0	0	0	0	0	0	0	0	0	0	0.00066204056	0	0	0.0005733534	0	0.22900982	0	0	0	0	0	0	0	0	0	0	0	0	0	0	0	0	0	0	0.00033849759	0.00069180214	0	0	0	0	0	0	0	0	0	0.00049299655	0	0.030286458	0	0	0.0053392406	0	0	0	0	0
g__Enterocloster	0.00072276965	0.0015467179	0	0.01309684	0	0	0	0	0.00039932422	0.0010188066	0	0.003037057	0.00084372108	0	0.00021600346	0.0017397882	0	0	0	0	0.00020703398	0	0	0	0	0.00042814972	0.0053896869	0.00022847221	0.0041799852	0	0	0	0.0018079152	0	0.00030163313	0.00092855437	0	0.0032403339	0	0	0.0072616144	0.0051972051	0.0011474291	0.0010730456	0	0.0013239772	0	0	0.00152207	0.000890062	0.0027430235	0.00069827526	0	0	0.00046588039	0	0.00020010506	0.0015050527	0	0.00044154984	0.0064942732	0.0010391263	0.00017703989	0	0	0.00016450675	0	0	0	0	0.00044973545	0	0.0012297492	8.78233e-05	0.0019715052	0	0	0	0.0040359328	0	0	0	0.00076743867	0.0014757814	0	0.00027320108	0	0.019293924	0.0019043885	0.00011599919	0.0034886006	0.00091145833	0.00082003061	0	0.0013348101	0	0	0.00043923463	0.0034183607	0
g__Enterococcus	0	0	0	0.0044479833	0	0	0	0	0	0	0	0	0	0	0.00028800461	0	0	0	0	0	0	0	0	0	0	0	0	0	0.0016965822	0	0	0	0	0	0	0	0	0	0.001007109	0	0	0.0028873361	0	0	0	0	0	0	0	0	0	0	0	0	0	0	0	0	0	0	0	0	0	0	0	0	0	0	0	0	0	0.0026296327	0	0	0	0	0	0	0	0	0	0.0023387558	0	0	0	0	0	0	0	0	0.00054048742	0	0	0	0	0	0	0	0.00049203677	0
g__Ercella	0	0	0	0	0	0	8.6303616e-05	0	0	0	0	0	0	0	0	0	0	0	0	0	0	0	0	0	0	0	0	0	0	0	0	0	0	0	0	0	0	0	0	0	0	0	0	0	0	0	0	0	0	0	0	0	0	0	0	0	0	0	0	0	0	0	0	0	0	0	0	0	0	0	0	0	0	0	0	0	0	0	0	0	0	0	0	0	0	0	0	0	0	0	0	0	0	0	0	0	0	0	0	0
g__Erysipelothrix	0	0	0	0	0	0	0	0	0	0	0	0	0	0	0	0	0	0	0	0	0	0	0	0	0	0	0	0	0	0	0	0	0.0049531923	0	0	0	0	0	0	0	0	0	0	0	0	0	0	0	0	0	0	0	0	0	0	0	0	0	0	0	0	0	0	0	0	0	0	0	0	0	0	0	0	0	0	0	0	0	0	0	0	0	0	0	0	0	0	0	0	0	0	0	0	0	0	0	0	0	0	0
g__Erysipelotrichaceae_UCG-006	0	0	0	0	6.793786e-05	0	0	0	0	0	0	0	0	0	0	0	0	0	0.00053524142	0	0	0	0	0	0.00017494752	0	0	0	0	0.00032948929	0	0	0	0	0	0	0	0	0	0	0	0	0	0	0	0	0	0	0	0	0	0	0	0	0	0	0.00010005253	0	0.0012895487	0	0	0	0	0	0	0	0	0	0	8.2882086e-05	0	0	0	0	0	0	0	0	0	0.00014412545	0	0	0.00098670687	0	0	0	0	0	0	0.00043499696	0	0	0	0.003124628	0.001704013	0	0	0	0	0
g__Erysipelotrichaceae_UCG-008	0.0003372925	0	0	0	0.00024910548	0	0	0	0	0	0	0	0	0	0	0	0	0	0	0	0	0	0	0	0	0	0	0	0	0.00018304961	0	0	0	0	0	0	0	0	0	0	0	0	0	0	0	0	0	0	0	0	0	0	0	9.2605454e-05	0	0	0	0	0	0	0	0	0	0	0	0	0	0	0	0	0	0	0	0	0	0	0	0	0	0.00037472616	0	0	0	0	0	0.00016812374	0	0	0	0	0	0	0	0	0	0	0	0	0	0
g__Erythrobacter	0	0	0	0	0	0	0	0	0	0	0	0.0009796958	0	0	0	0	0	0	0	0	0	0	0	0	0	0	0	0	0	0	0	0	0.0056714052	0	0	0	0	0	0	0	0	0	0	0	0	0	0	0	0	0	0	0	0	0	0	0	0	0	0	0	0.0032176172	0	0	0	0	0	0	0	0	0	0	0	0	0	0	0	0.0013640809	0	0	0	0	0	0	0	0	0	0.00057469429	0.0047570752	0	0	0	0	0	0	0	0.00059301429	0	0	0	0
g__Escherichia-Shigella	0.0089382514	0.00042183216	0	0	0	0	0	0	0	0	0	0	0	0	0	0	0	0	0	0	0	0	0.00033257317	0	0	0	0	0	0	0	0	0	0	0	0	0.021091449	0	0.0023066784	0.046741706	0	0	0	0	0	0	0	0	0.0011301757	0	0.0025474188	0.0035827246	0	0	0	0	0	0	0.00026278698	0	0	0	0	0	0.20833586	0	0	0	0	0	0	0	0	0	0	0.031018348	0	0	0	0	0	0.0011058249	0	0	0	0	0	3.1927461e-05	0	0	0.00020299858	0	0	0	0	0	0	0	0	0	0
g__Exiguobacterium	0	0	0	0	0	0	0	0	0	0	0	0	0	0	0	0	0	0	0	0	0	0	0	0	0	0	0	0	0	0	0	0	0	0	0	0	0.00083976703	0	0	0	0	0	0	0	0	0	0	0	0	0	0	0	0	0	0	0.0027796043	0	0	0	0	0	0	0	0	0	0	0	0	0	0	0	0	0	0	0	0	0	0	0	0	0	0	0	0	0.00015875956	0	0	0	0	0	0	0.0003125	0	0	0	0	0.00022521798	0	0	0
g__Extibacter	0	0	0	0	0	0	0	0	0	0	0	0	0	0.0033174528	0	0	0	0	0.0014930419	0	0	0	0	0	0	0	0	0	0	0	0	0	0	0	0	0	0	0	0.0004443128	0	0	0	0	0	0	0	0	0	0	0	0	0	0	0	0	0	0	0	0	0	0	0	0	0	0	0	0	0	0	0	0	0	0	0	0	0	0	0	0	0	0	0.0017930461	0	0	0	0	0	0	0	0	0	0	0	0.00095226759	0	0	0	0	0	0
g__Ezakiella	0	0	0	0	0	0	0	0	0	0	0	0	0	0	0.0034320549	0	8.912656e-05	0	0	0	0	0	0	0	0	0	0	0	0	0.0024162548	0	0	0	0	0	0	0	0	0	0	0	0	0	0	0	0	0	0	0	0	0	0	0	0	0	0	0	0	0	0	0	0.002862899	0	0	0	0	0	0	0	0	0	0	0.0048387959	0	0	0	0	0	0	0	0	0	0	0	0	0.0010297579	0	0	0.00072814854	0	0	0	0	0	0	0	0	0	0	0
g__F0058	0	0	0	0	0	0	0.00037973591	0	0	0	0.00020946795	0	0	0	0	0	0	0.0014736067	0	0	0	0	0.0046797796	0	0.0094471659	0	0	0	0	0	0	0	0	0	0	0	0	0	0	0	0	0	0	0	0	0	0	0	0	0	0	0.00011637921	0	0	0	0	0	0	0	0	0	0	0	0	0	0	0	0.0057939106	0	0.0002210189	0.0005026455	0	0	0	0	0	0	0	0	0	0	0.0025466452	0.0076195697	0	0	0.00023117014	0	0	0	0.0015369892	0	0	0.0022960857	0	0	0	3.2173997e-05	0	0	0
g__F0332	0	0	0	0	0	0	0	0	0	0	0.00094260578	0	0	0	0	0	0.0008912656	0	0	0	0	0	0	0	0	0	0	0	0	0	0.0002033278	0	0	0	0	0	0	0	0	0	0	0	0	0	0	0	0	0	0	0	0	0	0.00093704745	0	0	0	0.00040021011	0	0	0	0	0	0	0	0	0	0	0	0	0	0.0013756614	0	0	0	0	0	0	0	0	0	0	0	0	0	0	6.3046402e-05	0	0	0.00044809141	0	0	0.00026041667	0	0	0	0	0.00080434992	0	0	0
g__Faecalibacterium	0	0	0	0.0041185031	0	0	0.00012082506	0	0	0	0	0	0.00013608405	0	0	0	0	0	0	0	0	0	0	0	0	0	0	0.00018277777	0	0.002306425	0	0	0	0	0	0	0	0.0015927065	0	0.0003192848	5.6074242e-05	0	0.00043416238	0	0	0	0	0	0	0	0	0	0	0	0	0	0	0	0	0.00011038746	0	0	0	0	0	0	0	0	0	0	0	0	0	0	0	0	0	0	0	0	0	0	0.00087707277	0.00065883097	0	4.2030935e-05	0	0	0	0.00043499696	0	0	0	0	0	0	0	0	0	0
g__Faecalimonas	0	0	0	0	0	0	0	0	0	0	0	0	0	0.0092788905	0	0.00095814423	0	0	0	0.00064270944	0	0	0	0	0	0	0.003384222	0	0.0016719941	0	0	0	0.00081727673	0	0	0	0	0	0	0.00019157088	0.012083999	0.0030894497	0	0.00068046795	0	0	0	0	0	0.00033760972	0	0	0	0	0	0	0	0	0	0	0	0.00053016647	0.00021638209	0	0	0	0	0	0	0	0	0	0.0012030156	0	0.0021029389	0	0.001029495	0	0	0	0	0	0.00060298753	0	0	0	0	0	0.00095219425	0	0	0	0	0	0	0.001452885	0	0.00032942598	0	0.0019200737
g__Family_XIII_AD3011_group	0	0	0	0	9.0583813e-05	0	0	0	0	0	0	0	0	0	0	0	0	0	0	0	0	0	0	0	0.00043736879	0	0	0	0	0	0	0	0	0	0	0	0	0	0	0	0	0	0	0	0	0	0	0	0	0	0	0	0	0	0	0	0	0	0	0	0	0	0	0	0	0	0	0	0	0	0	0	0	0	0	0	0	0	0	0	0	0	0	0.00013176619	0	6.3046402e-05	0	0	0	0	0	0	0	0	0	0	0	0	0	0
g__Family_XIII_UCG-001	0.0034933867	0	0	0	0.00097377599	0	0	0	0	0	0	0	0	0	0	0	0.00017825312	0.0029208989	0	0	0.00023291323	0	0	0	0.00067063214	0.0005408207	0	0.0008910416	0	0.00091524803	0	0	0	0	0	0	0	0	0	0	0	0	0	0	0	0	6.0284543e-05	0	0	0	0	0	0.0029531192	0	0	0	0	0.0010272582	0	0.0008168672	0	0.0014208461	0	0	0	0	0	0.00072423882	0	0	0	0	0	0	0	0	0	0.00054326003	0	0.0022195319	0	0	0	0	0	0.00014710827	0	0	0	0.0011889917	0	0	0.0030067789	0	0	0	0	0	0	0
g__Fannyhessea	0	0	0	0	0	0	0	0	0	0	0	0	0	0	0.019152306	0	0	0	0	0	0	0	0	0	0	0	0	0	0	0	0	0	0	0	0	0	0	0	0	0	0	0	0	0	0	0	0	0	0	0	0	0	0	0	0	0	0	0	0	0	0	0	0	0	0	0	0	0	0	0	0	0	0	0	0	0	0	0	0	0	0	0	0	0	0.0051067658	0	0	0	0	0	0	0	0	0	0	0	0	0	0	0
g__Fastidiosipila	0	0	0	0	0	0	0	0	0	0	0	0	0	0	0	0	0	0	0	0	0	0	0	0	0.0007581059	0	0	0	0	0.0013545671	0	0	0	0	0	0	0	0	0	0	0	0	0	0	0	0	0	0	0	0	0	0	0	0	0	0	0	0	0	0	0	0	0	0	0	0	0	0	0	0	0	0	0	0	0	0	0	0	0	0.00011530036	0	0	0	0	0	0.00014710827	0	0	0	0	0	0	0	0	0	0	0	0	0	0
g__Fenollaria	0	0	0	0	0	0	0	0	0	0	0	0	0	0	0	0	0	0	0	0	0	0	0	0	0	0	0	0	0	0.00054914882	0	0	0	0	0	0	0	0	0	0	0	0	0	0	0	0	0	0	0	0	0	0	0	0	0	0	0	0	0	0	0	0.0057682112	0	0	0	0	0.00090403893	0.00017381732	0	0	0	0	0	0	0	0	0	0	0	0	0	0	0	0	0	0.0001260928	0	0	0	0	0	0	0	0	0	0	0	0	0	0
g__Fermentibacillus	0	0	0	0	0	0	0	0	0	0	0	0	0	0	0	0	0	0	0	0	0	0	0	0	0	0	0	0	0	0	0	0	0	0	0	0	0	0	0	0	0	0	0	0	0	0	0	0	0	0	0	0	0	0	0	0	0	0	0	0	0	0	0	0	0	0	0	0	0	0	0	0	0	0	0	0	0	0	0	0	0	0	0	0	0	0	0	0	0	0	0	0	0	0	0	0	0	0	0.0021494238	0
g__Ferruginibacter	0	0	0	0	0	0	0	0	0	0	0	0	0	0	0.00016800269	0	0	0	0	0	0	0	0	0	0	0	0	0	0	0	0	0	0	0	0	0	0	0	0	0	0	0	0	0	0	0	0	0	0	0	0	0	0	0	0	0	0	0	0	0	0	0	0	0	0	0	0	0	0	0	0	0	0	0	0	0	0	0	0	0	0	0	0	0	0	0	0	0	0	0	0	0	0	0	0	0	0	0	0	0
g__Fibrella	0	0	0	0	0	0	0	0	0	0	0	0	0	0	0	0	0	0	0	0	0	0	0	0	0	0	0	0	0	0	0	0	0	0	0	0	0	0	0	0	0	0	0	0.016645293	0	0	0	0	0	0	0	0	0	0	0	0	0	0	0	0	0	0	0	0	0	0	0	0	0.0079571717	0	0	0	0	0	0	0	0	0	0	0	0	0	0	0	0	0	0	0	0	0	0	0	0	0	0	0	0	0	0	0
g__Filifactor	0.016623702	0	0	0	0.0019928439	0	0	0	0.0018737521	0	0	0	0	0	0.00012000192	0	0	0	0.0027325483	0	0	0	0.010381034	0	0.0036738978	0.00018027357	0	0.0090018049	0	0.012374153	0	0	0	0.0017833378	0	0.0083569894	0	0	0	0	0	0	0.00015505799	0	0	0	0	0	0	0	0	0	0.0028963285	0.000254665	0	0	0	0.00050168423	0	0.0087206093	0	0	0.00019671099	0	0	0	0	0.016396767	0	0	0.00076719577	0	0	0	0	0	0	0.0095188606	0	0.0037760867	0	0	0	0.001212249	0	0.0055060525	0	0	0	0.0093089348	0	0	0	0	0.0010792082	0	0	0	0	0.0051457976
g__Finegoldia	0	0	0	0	0	0	0	0	0	0	0	0	0	0	0.0016560265	0	0.00075757576	0.0019472659	0	0	0	0	0	0	0	0	0	0	0	0	0	0	0	0.00010646793	0	0	0	0	0.0053021327	0	0	0	0	0	0	0	0	0	0	0	0	0	0	0	0	0	0	0	0	0	0	0.00021206659	3.9342198e-05	0.00048570214	0	0	0	0	0	0	0	0	0	0	0	0	0	0	0	0	0	0	0	0	0	0	0	0	0.0019603999	0.00046399675	0	0.0090104167	0.0020227422	0	0	0	0	0	0	0
g__Flaviaestuariibacter	0	0	0	0	0	0	0	0	0	0	0	0	0	0	0	0	0	0	0	0	0	0	0	0	0	0	0	0	0	0	0	0	0	0	0	0	0	0	0	0	0	0	0	0.00039257766	0	0	0	0	0	0	0	0	0	0	0	0	0	0	0	0	0	0	0	0	0	0	0	0	0	0	0	0	0	0	0	0	0	0	0	0	0	0	0	0	0	0	0	0	0	0	0	0	0.00054668708	0	0	0	0	0	0	0
g__Flavihumibacter	0	0	0	0	0	0	0	0	0	0	0	0	0	0	0	0	0	0	0	0	0	0	0	0	0	0	0	0	0	0	0	0	0.00091634058	0	0	0	0	0	0	0	0	0	0	0	0	0	0	0	0	0	0	0	0	0	0	0	0	0	0	0	0	0	0	0	0	0	0	0	0	0	0	0	0	0	0	0	0	0	0	0	0	0	0	0	0	0	0	0	0	0	0	0	0	0	0	0	0	0	0	0
g__Flavimobilis	0	0	0	0	0	0	0	0	0	0	0	0	0	0	0	0	0	0	0	0	0	0	0	0	0	0	0	0	0	0	0	0	0.0015602556	0	0	0	0	0	0	0	0	0	0	0	0	0	0	0	0	0	0	0	0	0	0	0	0	0	0	0	0	0	0	0	0	0	0	0	0	0	0	0	0	0	0	0	0	0	0	0	0	0	0	0	0	0	0	0	0	0	0	0	0	0	0	0	0	0	0	0
g__Flavisolibacter	0	0	0	0	0	0	0	0	0	0	0	0	0	0	0	0	0	0	0	0	0	0	0	0	0	0	0	0	0	0	0	0	0	0	0	0	0	0	0	0	0	0	0	0.0002355466	0	0	0	0	0	0	0	0	0	0	0	0	0	0	0	0	0	0	0	0	0	0	0	0	0	0	0.00055555556	0	0	0	0	0	0	0	0.0088009374	0	0	0	0	0	0	0	0	0	0	0	0	0	0	0	0	0	0	0	0	0
g__Flavobacterium	0	0	0	0	0	0	0	0	0	0	0	0	0	0	0.00033600538	0	0	0	0	0	0	0	0	0	0	0	0	0	0	0	0	0	0.024394472	0	0	0	0	0	0	0	0	0	0	0	0	0	0	0	0	0	0	0	0	0	0	0	0	0.00021500753	0	0	0.017652615	0	0.0001180266	0	0	0	0	0	0	0	0	0	0	0	0	0	0	0	0	0	0	0	0	0	0	0	0.0001596373	0	0.0010362114	0	0	0	0	0	0	0	0	0.00030197381	0	0
g__Flavonifractor	0	0	0	0	0	0	0.00015534651	0	0	0	0	0	0	0	0	0.0010590015	0	7.8943214e-05	0	0	0	0	0	0	0	0	0	0	0	0	0	0	0.0017088514	0	0	0	0	0	0	0	0	0.0030894497	0	0	0	0	0	0	0	0	0	0.00030258595	0	0	0	0	0	0	0	0.00015454244	0	0	0	0	0	0	0	0	0.0081034432	0	0	0	0	0	0	0	0	0	0	0	0.0013372766	0	0	0	0.00010583971	0	0	0	0	0.0012179915	0	0	0	0.0027377693	0	0.00088952144	0	0	0	0
g__Flexilinea	0	0	0	0	0	0	0.00020712868	0	0	0	0	0	0	0	0	0	0	0	0	0	0	0	0	0	0.00043736879	0	0	0	0	7.3219843e-05	0	0	0	0	0	0	0	0	0	0	0	0	0	0	0	0	0	0	0	0	0	0	0	0	0	0	0	0	0	0	0	0	0	0	0	0	0	0	0	0	0	0	0	0	0	0	0	0	0	0	0	0	0.0016171029	0.00015811943	0	0.00014710827	0	0	0	0.00057999594	0	0	0	0	0	0	0	0	0	0
g__Fluviicola	0	0	0	0	0	0	0	0	0	0	0	0	0	0	0	0	0	0	0	0	0	0	0	0	0	0	0	0	0	0	0	0	0.00049531923	0	0	0	0	0	0	0	0	0	0	0	0	0	0	0	0	0	0	0	0	0	0	0	0	0	0	0	0	0	0	0	0	0	0	0	0	0	0	0	0	0	0	0	0	0	0	0	0	0	0	0	0	0	0	0	0	0	0	0	0	0	0	0	0	0	0	0
g__Fretibacterium	0.0010841545	0	0	0	0	0	0	0	0	0	0	0	0	0	0	0	0	0	0	0	0	0	0	0	0.028516445	0	0	0	0.0023604623	0.00021965953	0	0	0	0	0	0.00034489162	0	0	0	0	0	0	0	0.00062812426	0	0	0	0	0	0	0	0	0	0	0	0	0	0	0	0.00017661994	0	0	0	0	0	0	0	0.013528781	0	0	0.00037037037	0	0	0	0	0	0	0	0	2.8825089e-05	0	0	0	0	0	0.00075655683	0	0	0.00058811998	0.0080329438	0	0	0	0	0	0	0.00016086998	5.4904329e-05	0	0
g__Fuscovulum	0	0	0	0	0	0	0	0	0	0	0	0	0	0	0	0	0	0	0	0	0	0	0	0	0	0	0	0	0	0	0	0	9.9063847e-05	0	0	0	0	0	0	0	0	0	0	0	0	0	0	0	0	0	0	0	0	0	0	0	0	0	0	0	0	0	0	0	0	0	0	0	0	0	0	0	0	0	0	0	0	0	0	0	0	0	0	0	0	0	0	0	0	0	0	0	0	0	0	0	0	0	0	0
g__Fusicatenibacter	0	0	0	0.0033771725	0.00020381358	0	0.00020712868	0	0	0	0.00031420193	0	0.00027216809	0	0.00021600346	0.0026727181	0	0	0.0025916953	0.00061476555	0.00033643022	0.00034411562	0.0027556062	0.0030253943	0	0.00029294454	0	0.00031986109	0.0063683305	0	0	0	0.0016593194	0	0.00040935925	0.0029979041	0.0033048896	0.005107645	0.0016291469	0.00038314176	0.013906412	0	0.00046517398	0.00091601455	0.0019334049	0	0.00012056909	0.0028083154	0.0021200261	0.0004603769	0.0024351331	0	0.00034074453	0.00013890818	0	0.0030485982	0	0.0007644712	0	0	0.004664069	0.00089067967	7.8684397e-05	0	0	0.00020106381	0.005317876	0	0.0084544949	0	0.0019312169	0.0052592653	0	0	0	0	0.0019817779	0.00049602003	0	0.00014412545	0.0010543912	0	0	0	0.00021167941	0.00031523201	0	0	0.0017643599	0.0016819882	0	0.0016927083	0	0.0015474348	0.00051120389	0.0018976457	0	0.0013726082	0	0.0027137042
g__Fusobacterium	0.10831908	0.0031871763	0.090810811	0	0.1505503	0.078464107	0.048485372	0.038441676	0.11654124	0.045295592	0.00049748638	0.051997355	0.0036742692	0	0.0025440407	0	0.12571301	0.14617652	0.14569835	0.21044543	0.19440491	0.0020646937	0.056703725	0.013530897	0.24653021	0.018094959	0	0.35312664	0.098893533	0.058173165	0.14317666	0	0.00257566	0.080729305	0.00023699746	0.083861725	0.0070702966	0.018782953	0	0	0	0	0.0014265335	0.0083749902	0.0041123216	0	0.12463829	0	0.0025277234	0.020164508	0.046239539	0.10320508	0.061277224	0.0056489327	0.0029178825	0.0089963536	0.043122639	0.0038940252	0.037876743	0.15416713	0	0.046739476	0.082166181	0	0	0	0	0.026854776	0.0048562151	0.17653884	0.013280423	0.004054017	0.020558199	0.000878233	0.10535724	0.53191037	0.068976167	0.013298061	0.001978909	0.10166609	0.032557541	0.055402526	0.053638482	0.10267222	0.057074061	0.033855918	0.018007088	0	0.0010362114	0.053330627	0	0.12947917	0.10417122	0.044607785	0.077220187	0.0057225879	0.0096843731	0.13811184	0.024679529	0.13842452
g__Gardnerella	0	0	0	0	0	0	0	0	0	0	0	0	0	0	0.00088801421	0	0.00084670232	0	0	0	0	0	0	0	0	0	0	0	0	0	0	0	0	0	0	0	0	0	0	0	0	0	0	0	0	0	0.00018085363	0	0	0.00076729483	0	0	0	0	0	0	0	0	0.00020992653	0	0	0	0	0	0	0	0	0	0	0	0	0	0	0	0.0016560643	0	0	0	0	0	0	0	0	0	0	0	0	0	0	0	0	0.014270833	0	0	0	0	0	0	0	0
g__Gemella	0.028525309	0.10773125	0.0032083697	0.002718212	0.0097151139	0.12282008	0.0021748511	0.073913885	0.061956689	0.017126965	0.0067815249	0.052217786	0.069157912	0	0.012384198	0.02304589	0.015953654	0.023682964	0.027325483	0.13985916	0.0017080303	0.079920853	0.0039671228	0.0029301062	0.072486587	0.0084503234	0	0.010989513	0.012417015	0.0011349076	0.099190078	0.013776738	0.0083461291	0.017354272	0.029193778	0.041493115	0.0063117974	0.011560852	0.017031991	0.055747126	0	0.011578218	0.0086212243	0.014106624	0.00049102348	0	0.088859416	0.00023973424	0.053625788	0.022957461	0.014974669	0.026045667	0.0041741205	0.01257119	0.01132825	0.013868133	0.041421746	0.01908789	0.12331684	0.00011038746	0.0080292833	0.0059166578	0.039342198	0.015147836	0.0015406625	0.021458992	0	0.00011587821	0	0.054536413	0.022460317	0.032870408	0.0060685452	0.025534624	0.0032332685	0.014574705	0.0047356772	0.0012282401	0.0035151673	0.024587801	0.073421628	0.0078738111	0.0083870084	0.032019185	0.016802053	0.010612811	0.006928259	0	0.058587952	0.014383899	0.073383451	0.024895833	0.017083971	0.033388882	0.00065320496	0.0060190951	0.027058331	0.025448157	0.028693513	0.017920688
g__Gemmata	0	0	0	0	0	0	0	0	0	0	0	0	0	0	0	0	0	0	0	0	0	0	0	0	0	0	0	0	0	0	0	0	0	0	0	0	0	0	0	0	0	0	0	0	0	0	0	0	0	0	0	0	0	0	0	0	0	0	0	0	0	0	0	0	0	0	0	0	0	0	0	0	0	0	0	0	0.0053018994	0	0	0	0	0	0	0	0	0	0	0	0	0	0	0	0	0	0	0	0	0	0	0
g__Gemmatimonas	0	0	0	0	0	0	0	0	0	0	0	0	0	0	0	0	0	0	0	0	0	0	0	0	0	0	0	0	0	0	0	0	0	0	0	0	0	0	0	0	0	0	0	0	0	0	0	0	0	0	0	0	0	0	0	0	0	0	0	0	0	0	0	0	0	0	0	0	0	0	0.00044973545	0	0	0	0	0	0	0	0	0	0	0	0	0	0	0	0	0	0	0	0	0	0	0	0	0	0	0	0	0
g__Gemmiger	0	0	0	0	0	0	0	0	0	0	0	0	0	0	0	0	0	0	0	0	0	0	0	0	0	0	0	0	0	0	0	0	0	0	0	0	0	0	0	0	0	0	0	0	0	0	0	0	0	0	0	0	0	0	0	0	0	0	0	0	0	0	0	0	0	0	0	0	0	0	0	0	0	0	0	0	0	0	0	0	0	0	0	0.00031623887	0	0	0	0	0	0	0	0	0	0	0	0	0	0	0	0
g__Gemmobacter	0	0	0	0	0	0	0	0	0	0	0	0	0	0	0	0	0	0	0	0	0	0	0	0	0	0	0	0	0	0	0	0	0	0	0	0	0	0	0	0	0	0	0	0	0	0	0	0	0	0	0	0	0	0	0	0	0	0	0	0	0	0	0	0	0	0	0	0	0	0	0	0	0	0	0	0	0	0	0	0	0	0	0	0	0.00026459926	0	0.001596373	0	0	0	0	0	0	0	0	0	0	0	0	0
g__Geobacillus	0	0	0	0	0	0	0	0	0	0	0	0	0	0	0	0	0	0	0	0	0	0	0	0	0	0	0	0	0	0	0	0	0	0	0	0	0	0	0	0	0	0	0	0	0	0	0	0	0	0	0	0.00034913763	0	0.00016205955	0.00039232033	0	0	0.00090780955	0	0	0	0	0	0	0	0	0	0	0	0	0	0	0	0	0	0	0	0	0	0	0	0	0	0	0	0	0	0	0	0	0	0.00013020833	0	0	0	0	0	0.00030197381	0	0
g__Georgenia	0	0	0	0	0	0	0	0	0	0	0	0	0	0	0	0	0	0	0	0	0	0	0	0	0	0	0	0	0	0	0	0	0.0023032344	0	0	0	0	0	0	0	0	0	0	0	0	0	0	0	0	0	0	0	0	0	0	0	0	0	0	0	0	0	0	0	0	0	0	0	0	0	0	0	0	0	0	0	0	0	0	0	0	0	0	0	0	0	0	0	0	0	0	0	0	0	0	0	0	0	0	0
g__Glutamicibacter	0	0	0	0	0	0	0	0	0	0	0	0	0	0	0	0	0	0	0	0	0	0	0	0	0	0	0	0	0	0	0	0	0	0	0	0	0	0	0	0	0	0.017497257	0	0	0	0	0	0	0	0	0	0	0	0	0	0	0	0	0	0	0	0	0	0	0	0	0	0	0	0	0	0	0	0	0	0	0	0	0	0	0	0	0	0	0	0	0	0	0	0	0	0	0	0	0	0	0	0	0	0
g__Gordonia	0	0	0	0	0	0	0	0	0	0	0	0	0	0	0	0	0	0	0	0	0	0	0	0	0	0	0	0	0	0	0	0	0	0	0	0	0	0	0.0014218009	0	0	0	0	0	0	0	0	0	0	0	0	0	0	0	0	0	0	0	0	0	0	0	0	0	0	0	0	0	0	0	0	0.0016709124	0	0	0	0	0	0	0	0	0	0	0	0	0	0	0	0	0	0	0	0	0	0	0	0	0	0	0	0
g__Gordonibacter	0	0	0	0.007632959	0	0	0	0	0	0	0	0	0	0	0	0	0	0	0	0	0	0	0	0	0	0	0	0	0	0	0	0	0	0	0	0	0	0	0	0	0	0.0014436681	0	0	0	0	0	0	0	0	0	0	0	0	0	0	0	0	0	0	0	0	0	0	0	0	0	0	0	0	0	0	0	0	0	0	0	0	0	0	0	0	0	0	0	0	0	0	0.00047609712	0	0	0	0	0	0	0	0	0	0	0
g__Granulicatella	0.00040956947	0.015959317	0.027061901	0.12967793	0.00092848408	0.00046230898	0.0015016829	0.012587954	0.0037475042	0.034171325	0.0081168831	0.033113718	0.035327418	0	0.0039120626	0.0091780131	0.00557041	0.004947108	0.011409093	0.0091097077	0.0009834114	0.020991053	0.00049885975	0.0032874363	0.001078843	0.0013295175	0	0.0011652083	0.0066142119	0.00043931906	0.042732726	0.0061303187	0	0.0024221453	0.010277072	0.0044835911	0.0034132466	0.012192443	0.0049466825	0.039719029	0	0.0007507074	0.03550828	0.0099976445	0.0017492711	0	0.014046299	0	0.019379213	0.02995519	0.018893274	0.0046784442	0.00034074453	0.011483076	0.016109654	0	0.028239826	0.0068085716	0.0029989504	0.0026272215	0.0023910733	0.0038384053	0.0010622394	0.0031570639	0.027759437	0.0054470014	0	0	0	0.037545585	0.0047089947	0.050784781	0.0083141742	0.019386993	0	0.012158862	0.0032686467	0	0.02885041	0.0043237634	0.0039346792	0.0056909724	0.0016445114	0.0094081063	0.0033339507	0.010507734	0.01044028	0	0.040748313	0.0088449381	0.0065104167	0.0093489583	0.0060955609	0.0039281038	0.0030672233	0.018353792	0.041954892	0.026518791	0.0063446847	0.023092087
g__HN-HF0106	0	0	0	0	0	0	0	0	0	0	0	0	0	0	0	0	0	0	0	0	0	0	0	0	0	0	0	0	0	0	0	0	0.00086680866	0	0	0	0	0	0	0	0	0	0	0	0	0	0	0	0	0	0	0	0	0	0	0	0	0	0	0	0	0	0	0	0	0	0	0	0	0	0	0	0	0	0	0	0	0	0	0	0	0	0	0	0	0	0	0	0	0	0	0	0	0	0	0	0	0	0	0
g__Haemophilus	0.0025296938	0.11462117	0.126068	0.016830949	0.0036233525	0.053473738	0.0019159403	0.085372152	0.0042082629	0.17672165	0.12544512	0.011878812	0.0071852376	0	0.0029520472	0.088603127	0.10236185	0.068496395	0.028311454	0.0012854189	0	0.004559532	0.0092645382	0.041617037	0.020731281	0.066633617	0	0.065640065	0.02576838	0.00062236866	0.06049002	0.00062621535	0	0.2335374	0.010320162	0.0079059772	0.0079371529	0.030398726	0.1813981	0.20140485	0.0098690666	0.07567708	0.066054704	0.032557774	0.0030995857	0	0.052176272	0.0010616802	0.03201783	0.048799951	0.0043944356	0.0032586179	0.0026407701	0.0092605454	0.1196577	0	0.081968033	0.098234549	0.00020992653	0.0054972955	0.030345968	0.092248966	0.4566449	0.27326817	0.32576758	0.48379608	0.074556622	0.014050233	0.024983179	0.0021825616	0.16965608	0.028268551	0.049243437	0.014424977	0.030729194	0.00053095466	0.004658465	0.0044169403	0	0.014066644	0.025022502	0.011433917	0.0020282308	0.014546988	0.14775223	0.031039845	0.013537243	0	0.0071134511	0.0036829742	0.070779285	0.051223958	0.060381588	0	0.017380932	0.017820079	0.063897558	0.058308398	0.0069403082	0.1014567
g__Halobacillus	0	0	0	0	0	0	0	0	0	0	0	0	0	0	0	0	0	0	0	0	0	0	0	0	0	0	0	0	0	0	0	0	0	0	0	0	0	0.0029657293	0	0	0	0	0	0	0	0	0	0	0	0	0	0	0	0	0	0	0	0	0	0	0	0	0	0	0	0	0	0	0	0	0	0	0	0	0	0	0	0	0	0	0	0	0	0	0	0	0	0	0	0	0	0	0	0	0	0	0	0	0	0
g__Halomonas	0	0	0.0031037489	0	0	0	0	0	0	0	0	0	0	0	0	0	0	0	0	0	0	0	0	0	0	0	0	0	0	0	0.0078620082	0.0010876372	0	0	0	0	0	0.056239016	0	0	0	0	0	0	0	0	0	0.09688688	0	0	0	0	0	0	0	0	0	0	0	0	0	0	0	0	0	0	0	0	0	0	0	0	0	0	0	0	0	0	0.0021611769	0	0	0	0	0	0	0	0	0	0	0	0	0	0.0032801225	0	0	0	0	0	0	0
g__Haoranjiania	0	0	0	0	0	0	0	0	0	0	0	0	0	0	0	0	0	0	0	0	0	0	0	0	0	0	0	0	0	0	0	0	0	0	0	0	0	0	0	0	0	0	0	0	0	0	0	0	0	0	0	0	0	0	0	0	0	0	0	0	0	0	0	0	0	0	0	0	0	0	0	0.00019174405	0	0	0	0	0	0	0	0	0	0	0	0	0	0	0	0	0	0	0	0	0	0	0	0	0	0	0	0
g__Hassallia	0	0	0	0	0	0	0	0	0	0	0	0	0	0	0	0	0	0	0	0	0	0	0	0	0	0	0	0	0	0	0	0	0	0	0	0	0	0	0	0	0	0	0	0	0	0	0	0	0	0	0	0	0	0	0	0	0	0	0	0	0	0	0	0	0	0	0	0	0	0	0	0	0	0	0	0	0	0	0	0	0	0	0	0	0	0	0.00012770984	0	0	0	0	0	0	0	0	0	0	0	0	0
g__Herbaspirillum	0	0	0	0	0	0	0	0	0	0	0	0	0	0	0	0	0	0	0	0	0	0	0	0	0	0	0	0	0	0	0	0	0	0	0	0	0	0	0	0	0	0	0	0	0	0	0	0	0	0	0	0	0	0	0	0	0	0	0	0	0	0	0	0	0	0	0	0	0	0	0	0	0	0	0	0	0	0	0	0	0	0	0	0	0	0	0	0.00019318072	0	0	0	0	0	0	0	0	0	0	0	0
g__Holdemanella	0	0	0	0	0	0	0	0	0	0	0	0	0	0	0	0	0	0	0	0	0	0	0	0	0	0	0	0	0	0	0	0	0	0	0	0	0	0	0	0	0	0	0	0	0	0	0	0	0	0	0	0	0	0	0	0	0	0	0	0	0	0	0	0	0	0	0	0	0	0	0	0	0	0	0	0	0.00051474752	0	0	0	0	0	0	0	0	0	0	0	0	0	0	0	0	0	0	0	0	0	0	0
g__Hornefia	0.0005541234	0	0	0	0	0	0.00018986796	0	0	0	0	0	0	0	0	0	0	0.00013157202	0.0018029185	0	0	0	0	0	0.00049568463	0	0	0	0	0	0	0	0	0	0	0	0	0	0	0	0	0	0	0	0	0	0	0	0	0	0	0.0016060331	0	0	0	0	0	0	0	0	0	0	0	0	0	0	0	0	0	0.00011050945	0	0	0	0	0	0	0.0047099398	0	0	0	0	0	0	0	0	0	0	0	0	0.00023199838	0.0032183569	0	0	0	0	0	0	0	0	0
g__Howardella	0.0010118775	0.0022732066	0	0	0.00020381358	0.0018492359	0	0.00048415209	0	0	0	0	0	0	0.00084001344	0	0.00053475936	0.0010788906	0	0	0	0	0	0	0	0.0004957523	0	0.0008910416	0	0	0	0	0	0	0	0	0	0	0	0	0	0	0	0	0	0	0	0	0	0	0	0.00046551684	0.00045432604	0.00013890818	0	0	0	0	0.00017993702	0	0	0	0	0	0	0	0	0	0	0.0026798541	0.00095238095	0	0	0	0	0.00013273866	0	0.00028344002	0	0	0.0016973126	0	0	0	0	0	0	0	0	0.00086999391	0	0.00041666667	0	0	0	0	0	0	0	0
g__Hoylesella	0.0042884333	0.029786037	0	0	0.0010417138	0.0080390394	0.0021921118	0.0017429475	0.0053755184	0.014538646	0.00020946795	0.010850131	0.00016330085	0	0.0096961551	0	0.0035650624	0.020156834	0.00067609443	0	0	0.0040146823	0.0040621437	0.0023822002	0.014812223	0.005295536	0	0.00047979163	0	0.016181585	0.00047443153	0	0.0024270642	0.00061219058	0.00015081656	0.005093784	0.0051469592	0.003185413	0.0043246445	0.003256705	0	0	0.011226199	0.0022769505	0	0	0.0012056909	0	0.00084257447	0	0.018921264	0.00097758536	0.0011642105	0.00074084364	0	0	0.012156382	0.0035834588	0.0040785725	0.0021415167	0.016944149	0.002799279	0	0.00063748406	0.014196104	0	0	0.044352386	0.0037738057	0.0026245994	0.019814815	0	0.00066834198	0	0	0.00092917065	0.0035260205	9.4480006e-05	0.0011196459	0.0044678889	0.004680468	0.0038719401	0.013567219	0.0078269119	0.0027253724	0.0066619032	0.006928259	0	0	0.0085839399	0.00036851415	0.0024739583	0.0072709381	0.0039281038	0.0028684218	0.0030540236	0.0033460957	0.00076866061	0.017894601	0.0017664678
g__Hungatella	0	0	0	0	0	0	0	0	0	0	0	0	0	0	0	0	0	0	0	0	0	0	0	0	0	0	0	0	0	0	0	0	0.00059438308	0	0	0.0014326267	0	0.0015103251	0	0	0	0	0	0	0	0.0004302926	0	0	0	0	0	0.00025603426	0	0	0	0	0	0	0	0	0	0	0	0	0	0	0	0	0	0	0	0	0	0	0	0	0	0	0	0	0	0	0	0	0	0	0	0	0.00056011426	0	0	0	0	0	0	0	0	0	0	0
g__Hydrogenophaga	0	0	0	0	0	0	0	0	9.2151743e-05	0.00035795908	0	0	0	0	0	0	0	0	0	0	0	0	0	0	0	0	0	0	0	0	0	0	0.0050027243	0	0	0	0	0	0	0	0	0	0	0	0	0	0	0	0	0	0	0	0	0	0	0	0	0	0	0	0	0	0.0001180266	0	0	0	0	0	0	0	0	0	0	0	0	0	0	0	0	0	0	0	0	0	0	0	0.00028734715	0	0	0	0	0	0	0	0	0	0	0	0	0
g__Hymenobacter	0	0	0	0	0	0	0	0	0	0	0	0	0	0	0	0	0	0	0	0	0	0	0	0	0	0	0	0	0	0	0	0	0	0	0	0	0	0	0	0	0	0	0	0.0031667932	0	0	0	0	0	0	0	0	0	0	0	0	0	0	0	0	0	0	0	0	0	0	0	0	0	0	0	0	0	0	0	0	0	0	0	0	0	0	0	0	0	0	0	0	0	0	0	0	0	0	0	0	0	0	0	0
g__Ideonella	0	0	0	0	0	0	0	0	0	0	0	0	0	0	0	0	0	0	0	0	0	0	0	0	0	0	0	0	0	0	0	0	0	0	0	0	0	0	0	0	0	0	0	0	0	0	0	0	0	0	0	0	0	0	0	0	0	0	0	0	0	0	0	0	0	0	0	0	0	0	0	0	0	0	0	0	0	0	0	0	0	0	0	0	0.00021167941	0	0	0	0	0	0	0	0	0	0	0	0	0	0	0
g__Incertae_Sedis	0.048305105	0.012326873	0.0027898867	0.0094176437	0.072761448	0.032669834	0.0064900319	0.011070944	0.012010444	0.0061128397	0.018668831	0.077249014	0.0037559197	0.020253922	0.1127778	0.0051437216	0.075490196	0.00071048892	0.009465322	0.0044430783	0.0043735928	0.0037565955	0.07827347	0.016651579	0.021372755	0.036392726	0.05269359	0.038132011	0.01686747	0.015339557	0.002982141	0	0.15520828	0.063241948	0.0019606153	0.015758894	0.01863741	0.03487478	0.0055687204	0.0022669221	0.036027701	0.015562742	0.0068225516	0.015833966	0.045358294	0.0099960281	0.13582108	0.016781397	0.028103936	0.0053710638	0.024911132	0.0062379257	0.11343953	0.0010649627	0.0021577618	0.028334031	0.0031266415	0.01039203	0.029899535	0.0056959929	0.012899988	0.0099883363	0.010524038	0.00021249469	2.751183e-05	0.00043868468	0.005876253	0.017874214	0.02431033	0.0033152835	0.0082275132	0.0066288657	0.018152168	0.00425943	0.01151359	0.00010619093	0.022597416	0.0047240003	0.02280953	0.030035743	0.01931336	0.059222494	0.067836097	0.041084699	0.0027253724	0.015593477	0.022987772	0.028687337	0.010754194	0.031928776	0.0048152516	0.070390625	0.0019407391	0.016872991	0.0089176678	0.0098440372	0.0072713233	0.025777583	0.055082222	0.045108932
g__Intestinibacter	0	0	0	0	0	0	0	0	0	0	0	0	0	0	0	0	0	0	0	0	0	0	0	0.0019057602	0	0	0	0	0	0	0	0	0	0	0	0	0	0	0	0	0	0	0	0	0	0	0	0	0	0	0	0	0	0	0	0	0	0	0	0	0	0	0	0	0	0	0	0	0	0	0	0	0	0	0	0	0	0	0	0	0	0	0	0	0	0	0	0	0	0	0	0	0	0	0	0	0	0	0	0
g__Janibacter	0	0	0	0	0.00018116763	0	0	0	0	0	0.00026183494	0	0	0	0	0	0	0	0	0	0	0	0	0	0	0	0	0	0	0	0	0	0.0014611917	0	0	0	0	0	0	0	0.0035046401	0	0	0	0	0	0	0	0.0025277234	0	0	0	0	0	0.00053944045	0	0	0	0	0	0	0	0	0	0	0	0.0027387062	0	0.003422754	0	0	0	0	0	0	0	0	0	0	0	0	0	0	0	0	0	0.0010216787	0	0	0	0	0	0.00076536191	0.00050589216	0	0	0	0	0	0
g__Jeotgalicoccus	0	0	0	0	0	0	0	0	0	0	0	0	0	0	0	0	0	0	0	0	0	0	0	0	0	0	0	0	0	0	0	0	0	0	0	0	0	0	0	0	0	0	0.00024809279	0	0	0	0	0	0	0	0	0	0	0	0	0	0	0	0	0	0	0	0	0	0	0	0	0	0	0	0	0	0	0	0	0	0	0	0	0	0	0	0	0	0	0	0	0	0	0	0	0	0	0	0	0	0	0	0	0
g__Johnsonella	0	0	0	0	0.0028307441	0	0.00082851471	0	0.0042696974	0	0.00010473398	0	0.00032660171	0	0	0	0	0	0	0	0	0.00022941042	0.0039671228	0	0.0030907394	0.00040561552	0	0.020653887	0.0034423408	0.0012447373	6.7775933e-05	0	0	0.0002927868	0	0.0043509405	0	0	0	0	0	0	0	0	0	0	0.0025922354	0	0	0.00058314407	0.0050382064	0	0.035238663	0.00020836227	0	0	0.00035018385	0.00059724313	0	0	0	0.0033930654	0.0021638209	0	0	0	0	0.0073292969	0.0064359477	0	0	0	0.0031278405	0	0	0.018769247	0.016034385	0.25537946	0	0.0040355125	0	0.0072241567	0.01096341	0.0077478522	0	0.00035726295	0.00060662176	0	0	0.00034799756	0	0.010078125	0	0	0	0	0.00019304398	0.014796717	0.00059562346	0.0026625022
g__Jonesia	0	0	0	0	0	0	0	0	0	0	0	0	0	0	0	0	0	0	0	0	0	0	0	0	0	0	0	0	0	0	0	0	0	0	0	0	0	0	0	0	0	0	0	0	0	0	0	0	0	0	0	0	0	0	0	0	0	0	0	0	0	0	0	0	0	0	0	0	0	0	0	0	0	0	0	0	0	0	0	0	0	0	0	0	0	0	0.00028734715	0	0	0	0	0	0	0	0	0	0	0	0	0
g__Kineosphaera	0	0	0	0	0	0	0	0	0	0	0	0	0	0	0	0	0	0	0	0	0	0	0	0	0	0	0	0	0	0	0	0	0.001931745	0	0	0	0	0	0	0	0	0	0	0	0	0	0	0	0	0	0	0	0	0	0	0	0	0	0	0	0	0	0	0	0	0	0	0	0	0	0	0	0	0	0	0	0	0	0	0	0	0	0	0	0	0	0.00028734715	0	0	0	0	0	0	0	0	0	0	0	0	0
g__Kingella	0	0	0.0014995641	0	0	0	0.00029343229	0	0	0.0015970482	0.00039275241	0	0	0	0	0.36994453	0.00053475936	0	0.00095780044	0.00089420444	0.014285345	0	0	0	0.0063855843	0	0	0.0001142361	0.0010818785	0	0	0	0	0.00026616982	0	0	0	0	0	0	0	0	0.00093034795	0	0	0	0	0	0	0	0.0016794021	0	0	0	0.00056396047	0.075617192	0.00017509192	0	0.00068975858	0	0	0	0	0	0	0.00036557056	0	0	0	0.0027627362	0.0081481481	0	0	0	0	0	0.029211922	0.00030706002	0.00078114829	0	0.00069435515	0	0	0.0011331893	0.00018521949	0.00025218561	0.00092589636	0	0	0	0	0	0	0.0030055946	0	0	0.00012869599	0	0	0
g__Kinneretia	0	0	0	0	0	0	0	0	0	0	0	0	0	0	0	0	0	0	0	0	0	0	0	0	0	0	0	0	0	0	0	0	0	0	0	0	0	0	0	0	0	0	0	0	0.00042964554	0	0	0	0	0	0	0	0	0	0	0	0	0	0	0	0	0	0	0	0	0	0	0	0	0	0	0	0	0	0	0	0	0	0	0	0	0	0	0	0	0	0	0	0	0	0	0	0	0	0	0	0	0	0	0
g__Klebsiella	9.6369287e-05	0	0	0.0027456687	0	0	0	0	0	0	0	0	0	0	0	0	0	0	0	0	0	0	0	0	0	0	0	0	0	0	0	0	0	7.9850945e-05	0	0.00098161462	0.0017608018	0	0	0.0001596424	0	0	0	0	0.00024551174	0	0	0	0.017123288	0	0	0	0	0	0	0	0	0	0	0	0	0	0	0	0	0	0	0	0	0	0	0	0	0.051179028	0	0	0	0	0	0	0	0.0010914194	0	0	0	0	0.00019156476	0	0	0	0	0	0	0	0.00096560734	0	0	0.00016471299	0	0
g__Knoellia	0	0	0	0	0	0	0	0	0	0	0	0	0	0	0	0	0	0	0	0	0	0	0	0	0	0	0	0	0	0	0	0	0	0	0	0	0	0	0	0	0.00014018561	0	0	0	0	0	0	0	0	0	0	0	0	0	0	0	0	0	0	0	0	0	0	0	0	0	0	0	0	0	0	0	0	0	0	0	0	0	0	0	0	0	0	0	0	0	6.3854922e-05	0	0	0	0	0	0	0	0	0	0	0	0	0
g__Kocuria	0	0	0	0	0	0	0.00062138604	0	0	0	0	0	0	0.014417201	0.0022080353	0	0	0.00018420083	0	0	0	0	0	0	0	0	0	0.00027416665	0	0	0	0	0.012036257	0.0011445302	0.00056017581	0	0	0	0	0.0001596424	0	0	0	0	0.0011048028	0.0039719317	0	0	0	0	0	0.001466378	0.0010790243	0	0	0	0	0	0	0	0.0043098359	0	0	0	0	0	0	0	0	0	0.00023809524	0	0	0	0	0	0.0062027076	0.00066136004	0.0057544591	0	0	0	0	0.00068518421	0.00092609743	0	0.00057469429	0	0.00033606856	0	0	0.00028645833	0.00092936803	0	0	0.0010674257	0	0.0009333736	0	0
g__Kytococcus	0.0011082468	0	0	0	0	0	0	0	0	0.00093620068	0	0	0	0	0	0	0	0	0	0	0	0	0	0	0	0	0	0	0	0	0	0	0	0	0	0	0	0	0	0	0	0	0	0	0	0	0	0	0	0	0	0	0.00034074453	0	0	0	0	0	0	0	0	0	0	0	0	0	0	0	0	0	0.0017724868	0.0007943682	0	0	0	0	0	0	0	0	0	0	0	0	0	0	0	0	0.00072814854	0	0	0	0	0.0013391263	0	0	0	0	0	0
g__Lachnoanaerobaculum	0.00026501554	0	0	0	0.00043027311	0.013381276	0.001933201	0.024885417	0.0074028567	0.0026709255	0.0060222036	0.0026451787	0.00054433618	0	0	0	0.00098039216	0.0006052313	0.0015775537	0.0043033589	0	0.019270475	0	0.0027871742	0.0018952648	0.0021182144	0	0.0099613882	0.0038603393	0.0085667216	0.017384527	0	0.0016840854	0.0023689114	0	0.0015122171	0	0	0.001007109	0	0	0	0.0098926999	0	0	0	0.0012358331	0	0.0024190041	0.021852557	0.0008676911	0.00083793031	0.003691399	0.00101866	0.0012750411	0	0.0017759324	0.00064502258	0.004108562	0.036714869	0.0034537726	0.0022691125	0.00076717287	0.0030659948	0	0	0	0.02659405	0.0036860428	0.0066029396	0.00058201058	0	0.0016574881	0.00063671892	0.015325167	0.031140491	0	0.00033068002	0	0.0026519082	0.0066349492	0.0032222857	0.0053446622	0.014705107	0.0013494562	0.0027950572	0.0016283005	0	0	0.00034799756	0.0047415487	0.005234375	0	0.010951077	0.010082077	0.012927712	0.00054695795	0.0024157905	0.0025637706	0.0010752413
g__Lachnoclostridium	0	0	0.00059285092	0.0026083853	0.00018116763	0	0	0	0	0.00074345348	0.00013091747	0.0013715741	0.00024495128	0	0.00021600346	0.0013363591	0	0	0	0.00027943889	0	0	0	0	0	0	0.010177734	0.00027416665	0.0035406934	0	0	0	0.0023280004	0	0.00066790193	0	0	0	0.00032582938	0	0.0090840273	0.0024831091	0	0.00057578058	0	0	0	0.0022603514	0.0024190041	0	0	0	0	0	0	0.0023611692	0	0.00023889725	0	0.00024285241	0.0041917582	0	0	0	0	0	0.0047329097	0	0	0	0.00042328042	0.0047936012	0	0	0.0010777562	0	0	0.00030706002	0.0053378466	0	0.00038575286	0.0041318019	0	0	0	0	0.00025541969	0	0.00022404571	0	0	0	0.00054668708	0	0	0.0019569472	0	0	0.00095817687	0.001587261
g__Lachnospira	0	0	0	0.0028005821	0	0	0	0	0	0	0	0	0	0	0	0	0	0	0.0012676771	0	0	0	0	0	0	0	0	0	0	0	0	0	0	0	0	0	0	0	0	0	0	0	0	0	0	0	0	0	0	0.00024553434	0	0.00011637921	0	0	0	0	0	0	0	0	0	0	0	0	0	0	0	0	0	0	0	0	0	0	0	0	0	0	0	0	0.00082293944	0	0	0	0	0	0	0	0	0	0	0	0	0	0	0	0	0	0	0
g__Lachnospiraceae_FE2018_group	0	0	0	0	0	0	0	0	0	0	0	0	0	0	0.0014640234	0	0	0	0	0	0	0	0	0	0	0	0	0	0	0.0010616877	0	0	0	0	0	0	0	0	0	0	0	0	0	0	0	0	0	0	0	0	0	0	0	0	0	0	0	0	0	0	0	0	0	0	0	0	0	0	0	0	0	0	0	0	0	0	0	0	0	0	0	0	0	0	0	8.406187e-05	0	0	0	0	0	0	0	0	0	0	0	0	0	0
g__Lachnospiraceae_NK3A20_group	0	0	0	0	0	0	0	0	0	0	0	0	0	0	0	0	0	0	0	0	0	0	0	0	0	0	0	0	0	0.0047958997	0	0	0	0	0	0	0	0	0	0	0	0	0	0	0	0	0	0	0	0	0	0	0	0	0	0	0	0	0	0	0	0	0	0	0	0	0	0	0	0	0	0	0	0	0	0	0	0	0	0	0	0	0.0016445114	0	0	0.00077757229	0	0	0	0	0	0	0	0	0	0	0	0	0	0
g__Lachnospiraceae_NK4A136_group	0	0	0	0	0	0	0	0	0	0	0	0	0	0	0	0	0	0	0	0	0	0	0	0	0	0	0	0	0	0	0	0	0.0012382981	0	0	0	0	0	0	0	0	0	0	0	0	0	0	0	0	0	0	0	0	0	0	0.0036762508	0	0	0	0	0	0	0	0	0	0	0	0	0	0	0	0	0	0	0	0	0	0	0	0	0	0	0	0	0	0	0	0	0	0	0	0	0	0	0	0	0	0	0	0
g__Lachnospiraceae_UCG-008	0	0	0	0	0	0	0	0	0	0	0	0	0	0	0	0	0	0	0	0	0	0	0	0	0	0	0	0	0	0	0	0	0	0	0	0	0	0	0	0	0	0	0	0	0	0	0	0.00020548649	0	0	0	0	0	0	0	0	0	0	0	0	0	0	0	0	0	0	0	0	0	0	0	0	0	0	0	0	0	0	0	0	0	0	8.2225572e-05	0	0	0	0	0	0	0	0	0	0	0	0	0	0	0	0	0
g__Lacibacter	0	0	0	0	0	0	0	0	0	0	0	0	0	0	0	0	0	0	0	0	0	0	0	0	0	0	0	0	0	0	0	0	0	0	0	0	0	0	0	0	0	0	0	0	0	0	0	0.0070550361	0	0	0	0	0	0	0	0	0	0	0	0	0	0	0	0	0	0	0	0	0	0	0	0	0	0	0	0	0	0	0	0	0	0	0	0	0	0	0	0	0	0	0	0	0	0	0	0	0	0	0	0
g__Lacrimispora	0	0	0	0	0	0	0	0	0	0	0	0	0	0	0	0	0	0	0	0	0	0	0	0	0	0	0	0	0	0	0	0	0	0	0	0	0	0	0	0	0	0	0	0	0	0	0	0	0	0	0	0	0	0	0	0	0	0	0	0	0	0	0	0	0	0	0	0	0	0	0	0	0	0	0	0	0	0	0	0.00040355125	0	0	0	0	0	0	0	0	0	0	0	0	0	0	0	0	0	0	0	0
g__Lacticaseibacillus	0	0	0	0	0	0	0	0	0	0	0	0	0	0	0	0	0	0	0	0	0	0	0	0	0	0	0	0	0	0	0	0	0	0	0	0	0	0	0	0	0	0	0	0	0	0	0	0	0	0	0	0	0	0	0	0	0.00017509192	0	0	0	0	0	0	0	0	0	0	0	0	0	0	0	0	0	0	0	0	0	0	0	0	0	0	0	0	0	0	0	0	0	0	0	0	0	0	0	0	0	0	0
g__Lactobacillus	0	0.0024841227	0	0	0	7.7051496e-05	0.00012082506	0	0	0	5.2366988e-05	0	0.00035381852	0	0	0.00017650025	0	0	0.0013240183	0.00016766333	0	0	0	0	0	0	0	0	0	0	0	0.1083023	0	0	0	0	0	0	0.0026658768	0	0	0	0	0	0	0	0	0.0069180451	0.001223092	0	0	0	0	0	0	0	0	0	0	0	0	0	0	0.0043409629	0	0	0	0	0	0	0	0	0	2.1955825e-05	0	0	0	0	0	0	0.0024173846	0	0.00060298753	0	0	0	0	0	0	0	0	0	0	0	0	0	0	0.00019216515	0	0
g__Lancefieldella	0	0.0016873286	0	0	0	0.00041094131	0.00031069302	0.00083919695	0	0	0.0085096355	0.0054128193	0	0	0	0	0.00035650624	0.011209936	0.004450955	0	0	0.00020073411	0.0038958571	0	0	0.00094643622	0	0	0	0.00040270913	0.0012538548	0.061006559	0.0013621279	0	0	0.0018305786	0	0	0.00085900474	0	0	0	0.010978106	0	0	0	0.00045213407	0.0052741532	0	0.0029771039	0.0089288213	0.005306892	0	0.00097235727	0	0	0.001700893	0	0.021082621	0.0014129595	0	0	0	0.00078926598	0	0	0	0.00072423882	0	0.0077909161	0.0013227513	0	0	0.0025688315	0	0	0.014129819	0	0	0.00066297706	0.00072007201	0	0	0.00063247773	0	0.00098772697	0.0019156476	0	0.0011482342	0	0	0.00057291667	0.0050568555	0.030264254	0	0.0017493922	0.0015121779	0	0.0062928914	0
g__Lautropia	0	0	0.011752398	0.10137009	0	0.013484012	3.4521446e-05	0	0	0.00099127131	0.0014139087	0	0.0016057917	0	0	0	0.00017825312	0	0.0085356922	0.0026546694	0.00036230946	0.00017205781	0.0026130749	0.0068607366	0	0.0036280055	0	0.0017820832	0.0021883452	0	0	0	0.00044578731	0.00079850945	0	0.0020162895	0	0	0.00062203791	0	0	0.00051972051	0.068907772	0.0007066398	0	0	0	0	0	0.027315696	0	0.00067499942	0	0.029054961	0.042247995	0	0.035243503	0	0.0061178587	0.0014571145	0.019778014	0	0.01611063	0	0	0.0038019339	0	0	0	0	0	0	0	8.78233e-05	0.0029441144	0	0.010089051	0	0.020648353	0	0.00069435515	0.0051452627	0.0012333836	0.0062457176	0	0	0.00028734715	0	0	0	0.012431211	0	0	0.0011010594	0.0053108404	0.024254285	0	0.0095533533	0	0.0057346202
g__Lawsonella	0	0	0.00097646033	0	0	0	0	0	0	0	0	0	0	0	0.00040800653	0	0	0	0	0	0.00069873968	0	0	0	0	0	0	0	0	0.00091524803	0	0	0	0	0	0	0.0031694433	0	0.00035545024	0	0	0	0	0.00049726504	0	0	0	0	0	0	0	0	0	0	0	0	0	0	0	0	0.0065533121	0.0014208461	0	0	0	0.00023762087	0	0	0	0.00011050945	0	0	0	0	0	0	0	0	0.0027600573	0	0	0	0	0.00023717915	0	0.0001260928	0	0	0	0	0	0.00067708333	0	0	0	0	0	0	0	0
g__Legionella	0	0.0012889316	0	0	0	0	0	0	0	0	0	0	0	0	0	0	0	0	0	0	0	0	0	0	0	0	0	0	0	0	0	0	0	0	0	0	0	0	0	0	0	0	0	0	0	0	0	0	0	0	0	0	0	0	0	0	0	0	0	0	0	0	0	0	0	0	0	0	0	0	0	0	0	0	0	0	0	0	0	0	0	0	0	0	0	0	0	0	0	0	0	0	0	0	0	0	0	0	0	0
g__Leifsonia	0	0	0	0	0	0	0	0	0	0	0	0	0	0	0	0	0	0	0	0	0	0	0	0	0	0	0	0	0	0	0	0	0.0014859577	0	0	0	0	0	0	0	0	0	0	0	0	0	0	0	0	0	0	0	0	0	0	0	0	0	0	0	0	0	0	0	0	0	0	0	0	0	0	0	0	0	0	0	0	0	0	0	0	0	0	0	0	0	0	0	0	0	0	0	0	0	0	0	0	0	0	0
g__Lentibacillus	0	0	0	0	0	0	0	0	0	0	0.00020946795	0	0	0	0	0	0	0	0	0	0	0	0	0	0	0	0	0	0	0	0	0	0	0	0	0	0	0	0	0	0	0	0	0	0	0	0	0	0	0	0	0	0	0	0	0	0	0	0	0	0	0	0	0	0	0	0	0	0	0	0	0	0	0	0	0	0	0	0	0	0	0	0	0	0	0	0	0	0	0	0	0	0	0	0	0	0	0	0	0
g__Lentimicrobium	0.13188137	0	0	0	0.065990308	0	0.00082851471	0	0.0026416833	0	0	0	0	0	0	0	0.0041889483	0	0	0	0	0	0.0021854808	0.0018581162	0.0009038955	0	0	0.10055062	0	0.0079809628	0	0	0	0	0	0.02753827	0	0	0	0	0	0	0	0	0	0	0	0	0	0	0	0	0.12965329	0	0	0	0	0	0	0.087471023	0	0.00065740643	3.9342198e-05	0	0	0	0	0	0	0	0	0	0	0	0	0	0	0.15643527	0	0.023809524	0	0	0.0041112786	0.0045064038	0	0.0026689644	0	0	0	0.010961923	0	0.013333333	0	0	0.016216523	0	0.0010295679	5.4904329e-05	0	0
g__Leptotrichia	0.0015178163	0.0036793138	0	0	0.041419448	0.13897522	0.045154052	0.21438254	0.0024880971	0.01927472	0.088814411	0.10916261	0	0	0.00026400422	0	0.0031194296	0.00052628809	0.044791256	0.0034370983	0.26691856	0.011958018	0.010642341	0.0037876983	0.013441801	0.00099150461	0	0.011126596	0	0.0070657148	0.068792572	0.0052733924	0.0018822131	0.0022624434	0	0.0045631815	0.0059054585	0.0097484622	0.011877962	0.00038314176	0	0	0.0095515723	0.0041874951	0	0	0.14474319	0	0.0036964558	0.096679148	0	0.0038637898	0.0073260073	0.013705607	0.0081161268	0.037808596	0.012356487	0.0010272582	0.082261209	0.094138426	0.0023025151	0.0032658255	0.0001180266	0.020369134	0.0002751183	0	0	0.0077059011	0	0.0040335949	0.02978836	0.0027118087	0.0017376891	0.0019540684	0.13587614	0.00037166826	0.081355845	0.00016534001	0.0035151673	0.0077827741	0.15947023	0.027831194	0.071755516	0.02311179	0.011033789	0.0030892737	0.057884486	0	0.00081216568	0	0	0.0065364583	0	0.16628973	0.035244668	0.015181166	0.0056947975	0.00057649546	0.056972679	0.015437393
g__Leucobacter	0	0	0	0	0	0	0	0	0	0	0	0	0	0	0	0	0	0	0	0	0	0	0	0	0	0	0	0	0	0	0	0	0	0	0	0	0	0	0	0	0	0	0	0	0	0	0	0	0	0	0	0	0	0	0	0	0	0	0	0	0	0	0	0	0	0	0	0	0	0	0	0	0	0	0	0	0	0	0	0	0	0	0	0	0	0	0.00028734715	0	0	0	0	0	0	0	0	0	0	0	0	0
g__Leuconostoc	0	0	0	0	0	0	0	0	0	0	0	0	0	0	0	0	0	0	0	0	0	0	0	0	0	0	0	0	0	0	0	0	0	0	0	0	0	0	0	0	0	0	0	0	0.0012275587	0	0	0	0	0	0	0	0	0	0	0	0	0	0	0	0	0	0	0	0	0	0	0	0	0	0	0	0	0	0	0	0	0	0	0	0	0	0	0	0	0	0	0	0	0	0	0	0	0	0	0	0	0	0	0
g__Leyella	0	0.00039839704	0.00010462075	0	0	0	0	0	0	0	0	0	0	0	0	0	0	0	0	0	0	0	0.00047510452	0	0	0	0	0.0001142361	0.00078682075	0	0	0	0	0.00021293585	0	0	0	0	0	0	0.0024953038	0	0	0	0.00039895658	0	0	0	0.0012774516	0.00024553434	0	0	0	0	0	0	0	0	0	0	0.0006199079	0	0	0	0	0	0	0	0	0	0.00021164021	0.00052044813	0	0	0.00086746228	0	0	0	0	0	0.00015430114	0	0	0	0	0	0	0	0	0	0	0	0	0	0.0005396041	0	0	0.00030197381	0.00036255341	0
g__Lichenibacterium	0	0	0	0	0	0	0	0	0	0	0	0	0	0	0	0	0	0	0	0	0	0	0	0	0	0	0	0	0	0	0	0	0	0	0	0	0	0	0	0	0	0	0	0	0	0	0	0	0	0	0	0	0	0	0	0	0	0	0	0	0	0	0	0	0	0	0	0	0	0.00013813681	0	0	0	0	0	0	0	0	0	0	0	0	0	0	0	0	0	0	0	0	0	0	0	0	0	0	0	0	0	0
g__Ligilactobacillus	0	0.0011014506	0	0	0	0.00020547066	0	0	0	0	0	0	0	0	0	0	0	0	0	0	0	0	0	0	0	0	0	0	0	0	0	0.0289707	0	0	0	0	0	0	0.00382109	0	0	0	0	0	0	0	0	0	0	0.0004296851	0	0	0	0	0	0	0	0	0	0	0.0032471366	0	0	0.00024285107	0	0	0	0	0	0	0	0	0.0021119606	0.00013173495	0	0	0	0	0	0	0.00066863829	0	0.0007948472	0	0	0	0.00047891191	0	0	0	0	0	0	0	0.00048280367	0	0	0	0	0
g__Limibaculum	0	0	0	0	0	0	0	0	0	0	0	0	0	0	0	0	0	0	0	0	0	0	0	0	0	0	0	0	0	0	0	0	0	0	0	0	0	0	0	0	0	0	0	0	0	0	0	0	0.0028267015	0	0	0	0	0	0	0	0	0	0	0	0	0	0	0	0	0	0	0	0	0	0	0	0	0	0	0	0	0	0	0	0	0	0	0	0	0	0	0	0	0	0	0	0	0	0	0	0	0	0	0
g__Limnobacter	0	0	0	0	0	0	0	0	0	0	0	0	0	0	0	0	0	0	0	0	0	0	0	0	0	0	0	0	0	0	0	0	0	0	0.00023699746	0	0	0	0	0	0	0	0	0	0	0	0	0	0	0	0	0	0	0	0	0	0	0	0	0	0	0	0	0	0	0	0	0	0	0	0	0	0	0	0	0	0	0	0	0	0	0	0	0	0	0	0	0	0	0	0	0	0	0	0	0	0	0	0	0
g__Limosilactobacillus	0	0	0	0	0	0	0	0	0	0	0	0	0	0	0	0	0	0	0	0	0	0	0	0	0	0	0.0056905066	0	0	0	0	0.0018127287	0	0	0	0	0	0	0	0	0	0	0	0.00018320291	0	0	0	0	0	0	0	0	0	0	0	0	0	0	0	0	0	0	0	0.00027320746	0	0	0	0	0	0	0	0	0.00082874405	0	0	0	0	0	0	0	0	0	0	0	0.00015875956	0	0	0	0	0	0	0	0	0	0	0	0	0	0	0
g__Litorilinea	0	0	0	0	0	0	0	0	0	0	0	0	0	0	0	0	0	0	0	0	0	0	0	0	0	0	0	0	0	0	0	0	0.00029719154	0	0	0	0	0	0	0	0	0	0	0	0	0	0	0	0	0	0	0	0	0	0	0	0	0	0	0	0	0	0	0	0	0	0	0	0	0	0	0	0	0	0	0	0	0	0	0	0	0	0	0	0	0	0	0	0	0	0	0	0	0	0	0	0	0	0	0
g__Luteimonas	0	0	0	0	0	0	0	0	0	0	0	0	0	0	0	0	0	0	0	0	0	0	0	0	0	0	0	0	0	0	0	0	0.00017336173	0	0	0	0	0	0	0	0	0	0	0	0	0	0	0	0	0	0	0	0.00011358151	0	0	0	0	0	0	0.00017661994	0.0015645295	0	0	0	0	0	0	0	0	0	0	0	0	0	0	0	0	0	0	0	0	0	0	0	0	0	0	0	0	0	0	0	0	0	0	0	0	0	0	0
g__Luteococcus	0	0	0	0	0	0	0	0	0	0	0	0	0	0	0	0	0	0	0	0	0	0	0	0	0	0	0	0	0	0	0	0	0	0	0	0	0	0	0	0	0	0	0	0	0	0	0	0	0	0	0	0	0	0	0	0	0	0	0	0	0	0	0	0	0	0	0	0	0	0	0	0	0	0	0	0	0.001029495	0	0	0	0	0	0	0	0	0	0	0	0	0	0	0	0	0	0	0	0	0	0	0
g__Luteolibacter	0	0	0	0	0	0	0	0	0	0	0	0	0	0	0	0	0	0	0	0	0	0	0	0	0	0	0	0	0	0	0	0	0.00037148942	0	0	0	0	0	0	0	0	0	0	0	0	0	0	0.0035960136	0	0	0	0	0	0	0	0	0	0	0	0	0	0	0	0	0	0	0	0	0	0	0.00023809524	0	0	0	0	0	0	0	0	0	0	0	0	0	0	0	0	0	0	0	0	0	0	0	0	0	0	0	0	0
g__Lysinibacillus	0	0	0	0	0	0	0	0	0	0	0	0	0	0	0	0	0	0	0	0	0	0	0	0	0	0	0	0	0	0	0	0	0	0	0	0	0	0	0	0	0	0	0	0	0	0	0	0	0	0	0	0	0	0	0.00049040041	0	0	0	0	0	0	0.0010603329	0	0	0	0	0	0	0	0	0	0	0	0	0	0	0	0	0	0	0	0	0	0	0	0	0	0	0	0	0	0	0	0	0	0	0	0	0	0
g__Lysobacter	0	0	0	0.0025809286	0	0	0	0	0	0	0	0	0	0	0	0	0	0	0	0	0	0	0	0	0	0	0.0006768444	0	0	0	0.00060998339	0	0	0	0	0	0	0	0	0	0	0.021799388	0	0.027192546	0.21368728	0.080332318	0	0	0	0	0	0	0	0	0	0	0.008729583	0	0	0	0	0	0.00017703989	0	0	0	0.0012762902	0	0.025831554	0	0.0021428571	0	0.0005079399	0	0	0	0	0	0.02976175	0.00014412545	0	0.0014032535	0.0038920104	0	0	0.0014710827	0.00047891191	0	0	0	0	0	0	0	0.00090880691	0	0.00045043596	0.00087846927	0	0
g__Mannheimia	0	0	0	0	0	0	0	0	0	0	0	0	0	0	0	0	0	0	0	0	0	0	0	0	0	0	0	0	0	0	0	0	0	0	0	0	0	0	0	0	0	0	0	0	0	0	0	0	0	0	0	0	0	0	0	0	0	0	0	0	0	0	0	6.0712768e-05	0	0	0	0	0	0	0	0	0	0	0	0	0	0	0	0	0	0	0	0	0	0	0	0	0	0	0	0	0	0	0	0	0	0	0	0
g__Marinobacter	0	0	0	0	0	0	0	0	0	0	0	0	0	0	0	0	0	0	0	0	0	0	0	0	0	0	0	0	0	0	0	0	0	0	0	0	0	0	0	0	0	0	0	0	0	0	0	0.0010959279	0	0	0	0	0	0	0	0	0	0	0	0	0	0	0	0	0	0	0	0	0	0	0	0	0	0	0	0	0	0	0	0	0	0	0	0	0	0	0	0	0.00072814854	0	0	0	0.00068335885	0	0	0	0	0	0	0
g__Marinococcus	0	0	0	0	0	0	0	0	0	0	0	0	0	0	0	0	0	0	0	0	0	0	0	0	0	0	0	0	0	0	0	0	0	0	0	0	0	0	0	0	0	0	0	0	0	0	0	0	0	0	0	0	0	0	0	0	0	0	0	0	0	0	0	0	0	0	0	0	0	0	0	0	0	0	0	0	0	0	0	0	0.00072007201	0	0	0	0	0	0	0	0	0	0	0	0	0	0	0	0	0	0	0
g__Marmoricola	0	0.00089053456	0	0	0	0	0	0	0	0	0	0	0	0	0	0	0	0	0	0	0	0	0	0	0	0	0	0	0	0	0	0	0.00061914904	0	0	0	0	0	0	0	0	0	0	0	0	0	0	0	0	0	0	0	0	0	0	0	0	0	0	0	0	0.00091188633	0	0	0	0	0	0	0	0	0	0	0	0	0	0	0	0	0	0	0	0	0	0	0	0	0	0	0	0	0	0	0	0	0	0	0	0	0	0
g__Massilia	0	0	0	0	0.0010190679	0	0	0	0	0.0040476912	0	0.045457885	0	0	0	0	0	0	0	0	0	0	0	0	0	0	0	0	0.010843373	0	0	0	0	0	0.0015297109	0	0	0	0	0	0	0	0	0.017064043	0.017063066	0.090328346	0	0	0	0.012061875	0	0	0	0	0	0	0.00015007879	0	0	0	0	0	0.0011409238	0	0	0	0	0	0.0019600386	0	0	0	0.0017644228	0	0.014326271	0	0	0	0.0042963156	0.0031131097	0	0	0	0.00055341802	0.02503109	0	0.12362313	0	0	0	0	0	0.001312049	0	0.00085200648	0.00011860286	0.0010939159	0.0064238065	0	0
g__Mediterraneibacter	0	0	0	0	0	0	0.00012082506	0	0	0	0	0.0010041882	0	0.0049886508	0	0	0	0	0	0	0	0	0	0.0026680642	0	0	0	0	0.00095893779	0	0	0	0.0010897023	0	0	0	0.0059054585	0.0013455624	0.00079976303	0	0.010569995	0	0	0.0018058573	0.001902716	0	0	0.0035960136	0	0	0	0.00016293089	0.00014197689	0	0	0	0	0	0	0.00037531736	0	0	0	0	0	0	0	0	0	0	0	0.0010408963	0.0018178902	0	0	0	0	0	0	0	0.0014915777	0	0	0	0	0	0.00019156476	0.0079445571	0	0.00049299655	0	0	0	0	0	0.0016011386	0	0	0	0
g__Megamonas	0.0043607102	0.00782733	0.001673932	0.056341122	0.00045291906	0.00048799281	0.0029515837	9.6830418e-05	0.0015972969	0.0060577691	0.00089023879	0.0060251292	0.0035381852	0.085031553	0.0021840349	0.015128593	0	0.00023682964	0.0066482619	0.0023193428	0.0035972154	0.00054484974	0.0087656784	0.016865977	0.00034989503	0.00096897041	0.076057256	0.0010509721	0.014777477	0	0.0003049917	0.00026366962	0.012135321	0.00098482832	0.0040720472	0.009338604	0.05520791	0.043195299	0.0061315166	0.0017560664	0.094625284	0.028267021	0.003008125	0.010259363	0.0051557465	0.013239772	0.00072341452	0.0054796397	0.0080452272	0.0039285495	0.022783889	0.0024672393	0.0011358151	0.0012270223	0.0020351617	0.017006396	0.0012506566	0.0030101054	0.00029989504	0.0018324318	0.022995631	0.0065104443	0.00092454166	9.1069152e-05	0.00016507098	0.0012429399	0.036985828	0.00026072598	0.02050727	0.00038678307	0.0037830688	0.012956419	0.022696894	0.00059280727	0.019820199	0.00031857279	0.015030627	0.0022439001	0.043067309	0.00046120143	0.0047319018	0.016267346	0.0068247225	0.0015811943	0.00060857831	0.00071452589	0.0015644456	0.040930165	0.0050130227	0.0033639765	0.0089180425	0.0010416667	0.0052481959	0.0089275086	0.0039192298	0.0015418372	0.00083652392	0.0024706948	0.011860676	0.0094211618
g__Megasphaera	0	0.005085421	0.00024411508	0.0081271794	0.00011322977	0.00010273533	0.00079399327	0	0	0.00090866536	0.010394847	0.0083274143	0	0.006385473	0.00084001344	0.0018154312	0.0014705882	0	0	0.00027943889	0.00072461893	0.00011470521	0	0.0014054981	0	0.00042814972	0.0075455617	0.0005483333	0.007278092	0.0012081274	0	0	0.0057209371	0.00037263774	0.0030594217	0.0033693259	0.006691047	0.0035149385	0.00020734597	0.00028735632	0.019373651	0.011982445	0.0067295168	0.0049203067	0.0015958263	0.0049318152	0	0	0.0032887584	0.00092075379	0	0	0.0003691399	0.00034727045	0	0.0051706617	0.00035018385	0.0037745766	0.00089968511	0.0002649299	0	0.001866186	0.00019671099	0	0	0	0.0023398655	0	0	0.00063542933	0.00095238095	0.0011778563	0.0012564829	0.00057085145	0.0018400715	0	0.0015185052	0.00042516003	0.0029423252	0	0	0.0034561613	0.0081129231	0.0011331893	0.00042335882	0.00071452589	0.0027457616	0	0.00047609712	0.00046399675	0.0018425708	0.010182292	0	0.0036305202	0.0014768112	0.00083022001	0.00022521798	0	0.0036514308	0.0036097386
g__Mesobacillus	0	0	0.0010113339	0	0.00099642194	0	0	0	0	0	0.00081168831	0	0	0	0.0019920319	0	0	0.00042103047	0	0	0	0	0	0	0.00017494752	0	0	0	0.0022866978	0	0.00081331119	0	0	0.0012509981	0.00099108028	0	0	0	0	0	0	0	0.00058922037	0.0034808553	0	0.0030120482	0	0	0	0.0039899331	0	0	0	0	0	0	0	0	0	0.0066674026	0	0	0.00029506649	0	0	0	0	0	0	0	0	0	0.0037427151	0	0.02173913	0	0	0	0.012368181	0.0050732157	0	0	0	0	0	0.00063046402	0	0	0	0.0089899371	0	0	0.012109119	0	0.028627418	0.010110894	0.0023165278	0.02105581	0.014139583	0.0047105809
g__Metabacillus	0	0	0	0	0	0	0	0	0	0	0	0.0037718288	0	0	0	0.0028492184	0	0	0	0	0	0	0	0	0	0	0	0	0	0	0	0	0	0	0	0.000848964	0	0	0.00047393365	0	0	0	0	0	0.0067515728	0	0	0	0	0	0	0	0	0	0	0	0	0	0	0	0	0	0	0	0	0.00067630554	0	0	0	0	0	0	0	0	0	0	0	0	0	0	0	0	0	0	0	0	0	0	0	0	0.00068789308	0	0	0	0	0	0	0	0	0
g__Methylobacillus	0	0	0	0	0	0	0	0	0	0	0	0.00088172622	0	0	0	0	0	0	0	0	0	0	0	0	0	0	0	0	0	0	0	0	0	0	0	0	0	0	0	0	0	0	0	0	0	0	0	0	0	0	0	0	0	0	0	0	0	0	0	0	0	0	0	0	0	0	0	0	0	0	0	0	0	0	0	0	0	0	0	0	0	0	0	0	0	0	0	0	0	0	0	0	0	0	0	0	0	0	0	0
g__Methylobacterium	0.007637266	0.01963863	0.0032083697	0.013728344	0.00018116763	0	0.0020885475	0	0.0037782215	0.0064983341	0	0.0021798232	0.0016057917	0	0.0058320933	0	0	0.00026314405	0	0	0.00028467172	0	0	0	0	0	0	0	0	0	0	0	0.00086680866	0	0	0.00037142175	0.005228227	0.021528998	0.0024881517	0.0058109834	0.0076821712	0.022867702	0	0	0.00076722418	0	0	0	0	0	0	0	0.00034074453	0	0	0	0	0	0	0	0	0.00029689322	0	6.0712768e-05	0.00013755915	0.0018644099	0.011779095	0	0	0	0	0	0	0	0	0	0	0	0.0054940763	0	0.0073293044	0.049555636	0.0060024668	0	0.0023284735	0	0.004501772	0	0.0097459882	0.019719862	0.017443003	0.0038020833	0.020364094	0.00068444233	0.014285309	0.00097847358	0	0.0029373816	0	0
g__Methylocella	0	0	0	0	0	0	0	0	0	0	0	0	0	0	0	0	0	0	0	0	0	0	0	0	0	0	0	0	0	0	0	0	0	0	0	0	0	0	0	0	0	0	0	0	0	0	0	0	0	0	0	0	0	0	0	0	0	0	0	0	0	0.0003605132	0	0	0	0	0	0	0	0	0	0	0	0	0	0	0	0	0	0	0	0	0	0	0	0	0	0	0	0	0	0	0	0	0	0	0	0	0	0
g__Methylophilus	0	0	0	0	0	0	0	0	0	0	0	0	0	0	0	0	0	0	0	0	0	0	0	0	0	0	0	0	0	0	0	0	0	0	0	0	0	0	0	0	0	0	0	0.00062812426	0	0	0	0	0	0	0	0	0	0	0	0	0	0	0	0	0	0	0	0	0	0	0	0	0	0	0	0	0	0	0	0	0	0	0	0	0	0	0	0	0	0	0	0	0	0	0	0	0.0003553466	0	0	0	0	0	0	0
g__Methylopila	0	0	0	0	0	0	0	0	0	0	0	0	0	0	0	0	0	0	0	0	0	0	0	0	0	0	0	0	0	0	0	0	0	0	0	0	0	0.0021419156	0	0	0	0	0	0	0	0	0	0	0	0	0	0	0	0	0	0	0	0	0	0	0	0	0	0	0	0	0	0	0	0	0	0	0	0	0	0	0	0	0	0	0	0	0	0	0	0	0	0	0	0	0	0	0	0	0	0	0	0	0	0
g__Methylorubrum	0	0	0	0	0	0	0	0	0	0	0	0	0	0	0	0	0	0	0	0	0	0.00022941042	0	0	0	0	0	0	0	0	0	0	0	0	0	0	0	0	0.0017180095	0	0	0	0	0	0	0	0	0	0	0.013565773	0	0	0	0	0.00041684035	0.014884333	0	0	0	0	0	0	0	0	0	0	0	0	0	0	0	0	0	0	0.0013406235	0	0	0	0	0	0	0	0	0	0	0	0.0007343316	0	0	0	0	0	0.006642248	0	0	0.001452885	0	0	0	0
g__Microbacterium	0	0	0	0	0	0	0	0	0	0	0	0	0	0	0	0	0	0	0	0	0	0	0	0	0	0	0.0059662581	0	0	0	0	0.00013183481	0.014067066	0	0	0.00092855437	0	0	0.00062203791	0	0	0	0	0	0	0	0	0	0.0049195477	0	0	0	0	0	0.00014712012	0	0	0	0	0	0	0	0	0	0	0	0.0021803292	0	0	0	0	0	0	0	0	0	0	0	0	0	0	0	0	0	0	0	0	0	0	0	0.00093356918	0	0	0	0	0	0	0	0	0
g__Microcella	0	0	0	0	0	0	0	0	0	0	0	0	0	0	0	0	0	0	0	0	0	0	0	0	0	0	0	0	0	0	0	0	0	0	0	0	0	0	0	0	0	0	0	0	0.0020868498	0	0	0	0	0	0	0	0	0	0	0	0	0	0	0	0	0	0	0	0	0	0	0	0	0	0	0	0	0	0	0	0	0	0	0	0	0	0	0	0	0	0	0	0	0	0	0	0	0	0	0	0	0	0	0
g__Micrococcus	0	0.0013123667	0	0	0	0	0.00048330025	0	0	0.00090866536	0.00062840385	0	0.00024495128	0	0	0	0	0	0	0	0.00056934344	0	0.0018529076	0	0	0.00056335489	0.010904715	0.00025131943	0.0014507008	0	0	0	0.0026747239	0.00021293585	0	0	0	0.0065081283	0	0.00038314176	0.00033644545	0.00046197378	0.0012094523	0.0025648407	0.00079791315	0	0	0	0.0036964558	0.00039899331	0	0	0	0.00011575682	0.00068656058	0.0079203778	0.00065034143	0	0	0	0.0042803164	0.0019085993	0.00043276418	0	0	0.00049352026	0	0	0	0	0.0008994709	0.0067932177	0	0.00024151407	0.0051522002	0	0	0	0.0018487176	0	0	0	0	0.00018447267	0	0	0.00092589636	0	0.00050410284	0	0.0022110849	0	0.00027334354	0	0.0032376246	0.0025203107	0	0	0	0.0024064924
g__Micropruina	0	0	0	0	0	0	0	0	0	0	0	0	0	0	0	0	0	0	0	0	0	0	0	0	0	0	0	0	0	0	0	0	0.00034672346	0	0	0	0	0	0	0	0	0	0	0	0	0	0	0	0	0	0	0	0	0	0	0	0	0	0	0	0	0	0	0	0	0	0	0	0	0	0	0	0	0	0	0	0	0	0	0	0	0	0	0	0	0	0	0	0	0	0	0	0	0	0	0	0	0	0	0
g__Microvirga	0	0	0	0	0	0	0	0	0	0	0	0	0	0	0	0	0	0	0	0	0	0	0	0	0	0	0	0	0	0	0	0	0	0	0	0	0	0	0	0	0	0	0	0.01774451	0.0020254718	0	0	0	0	0	0	0	0	0	0	0	0.0025763526	0	0	0	0	0	0	0	0	0	0	0	0.012988913	0	0	0	0	0	0	0	0	0	0	0	0	0	0	0	0	0	0	0	0	0	0	0	0.0017493986	0	0	0	0	0.0014000604	0.0014502136	0
g__Mobiluncus	0.0053244031	0	0	0	0.012115585	0	0	0	0	0	0	0	0	0	0.0013680219	0	0	0	0	0	0	0	0	0	0	0.00031547874	0	0	0	0.00032948929	0	0	0	0	0	0.0027326029	0	0	0	0	0	0	0	0	0	0	0	0	0	0	0	0	0	0	0	0	0	0	0	0	0	0.0081645637	0	0	0	0	0	0	0	0	0	0	0.0025931669	0	0	0	0	0	0	0.010405857	0	0	0	0	0	0	0	0	0	0	0	0	0	0	0	0	0	0	0	0
g__Mogibacterium	0	0.00060931312	0.0006277245	0	0	0	0.00012082506	0.00019366084	0	0	0.0011258902	0	0	0	0	0	0.00026737968	0.00073680333	0	0	0	0.00057352604	0	0	0.00040821087	0.00072109426	0	0.00057118052	0	0	0	0	0.00086680866	0	0	0.00079590375	0	0	0.00053317536	0	0	0	0.014513428	0.0018320291	0	0	0	0	0	0.00064452765	0	0	0	0	0.00022068019	0	0.0021261162	0.00033445615	0.0012295697	0.00039739486	0	0.00080585304	0	0	0	0	0	0.0013036299	0	0	0.00047619048	0	0	0	0	0	0	0	0	0.00020177563	0	0	0.0011237495	0.00039529858	0	0.00033624748	0.00095782382	0	0	0	0	0.0015364583	0.00092936803	0.0019640519	0	0.0011563779	0.00012869599	0	0	0
g__Moraxella	0.0015419086	0	0	0	0.0064540967	0	0.00060412531	0	0.0016894486	0.0045157915	2.6183494e-05	0	0	0	0	0	0.0004456328	0	0	0	0	0	0	0	0	0	0	0	0	0	0	0	0	0	0	0.018199666	0	0	0.00077014218	0.0017879949	0	0	0	0	0	0	0	0	0	0	0	0.00020948258	0	0	0	0	0	0	0	0	0	0	0	0	0	0	0	0	0	0	0	0	0	0	0	0	0	0	0	0.0046696645	0	0.011381945	0.0026038098	0.00044800506	0.015875956	0	0.00031927461	0	0	0	0	0.00080729167	0	0	0	0	0	0	0	0
g__Morganella	0.0023128629	0	0	0	0	0	0	0	0	0	0	0	0	0	0	0	0	0	0	0	0	0	0	0	0	0	0	0	0	0	0	0	0	0	0	0	0	0	0	0	0	0	0	0.00062812426	0	0	0	0	0	0	0	0	0	0	0	0	0	0	0	0	0	0	0	0	0	0	0	0	0	0.019643054	0	0	0	0	0	0	0	0	0	0	0	0	0	0	0	0	0	0	0	0	0	0	0	0	0	0	0	0	0	0
g__Moryella	0.011492037	0	0	0	0	0	0.00041425736	0	0	0	0	0	0	0	0	0	0	0	0	0	0	0	0	0	0	0	0	0	0	0.0019037159	0	0	0	0	0	0.004669302	0	0	0	0	0	0	0	0	0	0	0	0	0	0	0	0	0	0	0	0	0	0	0.00035987404	0	0	0	0	0	0	0	0	0	0	0	0	0	0	0	0	0	0	0	0	0.00098005304	0	0	0	0	0	0.00054640215	0	0	0	0	0	0	0	0.00068444233	0	0	0	0	0	0
g__Mucilaginibacter	0	0	0	0	0	0	0	0	0	0	0	0	0.00057155299	0	0	0	0	0	0	0	0	0	0	0	0	0	0	0	0	0	0	0	0	0	0	0	0	0	0	0	0	0	0	0	0	0	0	0	0	0	0	0	0	0	0	0	0	0	0	0	0	0	0	0	0	0	0	0	0	0	0	0	0	0	0	0	0	0	0	0	0	0	0	0	0	0	0	0	0	0	0	0	0	0	0	0	0	0	0	0
g__Murdochiella	0	0	0	0	0	0	0	0	0	0	0	0	0	0	0	0	0	0	0	0	0	0	0	0	0	0	0	0	0	0	0	0	0	0	0	0	0	0	0.0040876777	0	0	0	0	0	0	0	0	0	0	0	0	0	0	0	0	0	0	0	0	0	0	0	0	0	0	0	0	0	0	0	0	0	0	0	0	0	0	0	0	0	0	0	0	0	0	0	0	0	0	0	0	0	0	0	0	0	0	0	0	0
g__Muricoccus	0	0	0	0	0	0	0	0	0	0	0	0	0	0	0	0	0	0	0	0	0	0	0	0	0	0	0	0	0	0	0	0	0	0	0.00066790193	0	0	0	0	0	0	0	0	0	0	0	0	0	0	0	0	0	0	0	0	0	0	0	0	0	0	0	0	0	0	0	0	0	0	0	0	0	0	0	0	0	0	0	0	0	0	0	0	0	0	0	0	0	0	0	0	0	0	0	0	0	0	0	0	0
g__Mycobacterium	0	0	0	0	0	0	0	0	0	0	0	0	0	0	0	0	0	0	0	0	0	0	0	0	0	0	0	0	0	0	0	0	0	0	0	0	0	0	0	0	0	0	0	0	0	0	0	0	5.4359643e-05	0	0	0	0.00019876764	0	0	0	0	0	0	0	0	0	0	0.00024285107	0	0	0	0	0	0	0	0	0	0	0	0	0	0	0	0	0	0	0	0	0	0	0	0	0	0	0	0	0	0	0	0	0	0	0	0
g__Mycoplasma	0	0	0	0	0	0	0	0	0	0	2.6183494e-05	0	0	0	0.0045360726	0	0	0.00086837535	0	0	0	0	0.0018766629	0	0.0049276884	0	0	0	0	0	0	0	0	0.0015437849	0	0	0	0	0.0058945498	0	0	0.010769764	0	0	0	0	0	0	0	0	0.0043664455	0.011149128	8.5186132e-05	0	0	0	0.00090047275	0.00026278698	0.03082921	0.0015454244	0	0.0010391263	0	0.0020338777	0	0	0.028503816	0.00712651	0	0	0.0092592593	0	0.0024862322	0	0	0.0018583413	0	7.0860004e-05	0	0	0	0	0	0.00010541296	0.00021167941	0	0	0	0	0.0012759911	0	0	0.0012300459	0	0.0037204283	0	0	0	0	0.0044033691
g__Myxosarcina_SAG_30.84	0	0	0	0	0	0	0	0	0	0	0	0	0	0	0	0	0	0	0	0	0	0	0	0	0	0	0	0	0	0	0	0	0	0	0	0	0	0	0	0.00028735632	0	0	0	0	0	0.00089368463	0	0.0030822973	0	0	0	0	0	0	0	0	0	0	0	0	0	0	0	0	0	0	0	0	0	0	0	0	0	0	0	0	0	0	0	0	0	0	0	0	0	0	0	0	0	0	0	0	0	0	0	0	0	0	0	0
g__NK4A214_group	0	0	0	0	0	0	0	0	0	0	0	0	0	0	0	0	0	0	0	0	0	0	0	0	0	0	0	0	0	0.0024894746	0	0	0	0	0	0	0	0	0	0	0	0	0	0	0	0	0	0	0	0	0	0	0	0	0	0	0	0	0	0	0	0	0	0	0	0	0	0	0	0	0	0	0	0	0	0	0	0	0	0	0	0	0	0	0	0.00056741762	0	0	0	0	0	0	0	0	0	0	0	0	0	0
g__Nafulsella	0	0	0	0	0	0	0	0	0	0	0	0	0	0	0	0	0	0	0	0	0	0	0	0	0	0	0	0	0	0	0	0	0	0	0	0	0	0	0	0	0	0	0	0	0	0	0	0	0	0	0	0	0	0	0	0	0	0	0	0	0	0	0	0	0	0	0	0	0	0	0	0	0	0	0	0	0	0	0	0	0	0	0	0	0	0	0	0	0	0	0	0	0.00062869014	0	0	0	0	0	0	0
g__Neisseria	0.022646782	0.00086709944	0.12362685	0.011614179	0.0017210924	0.00030820598	0.0045740917	0.0029694661	0.039778836	0.10576314	0.072711563	0.004212692	0.03369441	0	0.00028800461	0.0073121533	0.026782531	0.17822746	0.0030424249	0.099172861	0.030123444	0.05451365	0.033874952	0.0025013102	0.043882669	0.037564504	0.00015040987	0.0010738194	0.058593558	0.00047592898	0.038903385	0.00042846314	0.001263064	0.24021826	0.33694575	0.056349985	0	0.031140158	0.018542654	0.22238186	0	0.079863718	0.016126031	0.034520663	0.0025471843	0.0018535681	0.027248613	0.0072262749	0.020004349	0.064974526	0.0052621267	0.018993087	0.00056790754	0.069847664	0.05982885	0.015422321	0.053378023	0.017511168	0.018413555	0.0087868418	0.090742709	0.0020570459	0.054961051	0.0017303139	0.1528007	0.00067630554	0.23733681	0.0039688288	0.020360998	0.068405349	0.16481481	0.19456543	0.0059616104	0.0075308479	0.017244099	0.00029202506	0.02118186	0	0.0020309855	0.01790038	7.7150572e-05	0.011381945	0.0015622859	0.01944869	0.0080438176	0.01618191	0.01596373	0	0.013750805	0.002290984	0.017639544	0.036015625	0.10723267	0.024372099	0.02365738	0.11145704	0.051574917	0.088533231	0.013414476	0.06692097
g__Neobacillus	0	0	0	0	0	0	0	0	0	0	0	0	0	0	0	0	0	0	0	0	0	0	0	0	0	0	0	0	0	0	0	0	0	0	0	0	0	0	0	0	0	0	0	0	0	0	0	0	0	0	0	0	0	0	0	0	0	0	0	0	0	0	0	0	0	0	0	0	0	0	0.00074074074	0	0	0	0	0	0	0	0	0	0	0	0	0	0	0	0	0	0	0	0	0	0	0	0	0	0	0	0	0
g__Neorhizobium	0	0	0	0	0	0	0	0	0	0	0	0	0	0	0	0	0	0	0	0	0	0	0	0	0	0	0	0	0	0	0	0	0	0	0	0	0	0	0	0	0	0	0	0	0	0	0	0	0	0	0	0	0	0	0	0	0	0	0	0	0	0	0	0	0	0	0	0	0	0	0	0	0	0	0	0	0	0	0	0	0	0	0	0	0	0	0.00025541969	0	0	0	0	0	0	0	0	0	0	0	0	0
g__Nevskia	0	0	0	0.0048323769	0	0	0	0	0	0	0	0.00061230988	0	0	0	0	0	0	0	0	0	0	0	0	0	0	0	0	0	0	0	0	0	0	0	0	0	0	0	0	0	0	0	0	0	0	0	0	0	0	0	0	0	0	0	0	0	0	0	0	0	0.0011027463	0	0	0	0	0	0	0	0	0	0	0.0034753783	0	0	0	0	0	0	0	0	0	0	0	0	0	0	0	0	0	0	0	0	0	0	0	0	0	0	0
g__Nibribacter	0	0	0	0	0	0	0	0	0	0	0	0	0	0	0	0	0	0	0	0	0	0	0	0	0	0	0	0	0	0	0	0	0	0	0	0	0	0	0	0	0	0	0	0	0	0	0	0	0	0	0	0	0	0	0	0	0	0	0	0	0	0	0	0	0	0	0	0	0	0	0	0	0	0	0	0	0	0	0	0	0	0	0	0	0	0	0.00028734715	0	0	0	0	0	0	0	0	0	0	0	0	0
g__Niveispirillum	0	0	0	0	0	0	0	0	0	0	0	0	0	0	0	0	0	0	0	0	0	0	0	0	0	0	0	0	0	0	0	0	0	0	0	0	0	0	0	0	0	0	0	0	0	0	0	0	0	0	0	0	0	0	0	0	0	0	0	0	0	0	0	0	0	0	0	0	0	0	0	0	0	0	0	0	0	0.00037792002	0	0	0	0	0	0	0	0	0	0	0	0	0	0	0	0	0	0	0	0	0	0
g__Nocardioides	0	0	0	0.0010708108	0	0	0	0	0	0	0	0	0	0	0.00019200307	0	0	0	0	0	0	0	0	0.0013102101	8.7473758e-05	0	0	0	0	0	0	0	0.0082718312	0	0	0	0	0	0	0	0	0	0	0	0	0	0	0.0018151307	0	0	0	0	0	0	0.00046588039	0	0	0.00035834588	5.9979007e-05	0	0	0	0.0001180266	0	0	3.6557056e-05	0	0	0	0	0	0	0	0	0	0	0	0	0	0	0	0	0	0	0	0.00010507734	0	0	0	0	0	0	0	0	0	0	0	0	0	0
g__Noviherbaspirillum	0	0	0	0	0	0	0	0	0	0.00082605942	0	0.004898479	0	0	0	0.0002269289	0	0	0	0	0	0	0	0	0	0	0	0	0	0	0.0002033278	0	0	0	0	0	0	0	0	0	0	0	0	0.001177733	0.035108179	0.0067522839	0.00045213407	0.00095893695	0	0	0	0	0	0	0	0	0.00015007879	0	0	0	0	0	0	0	0	0	0	0	0.0019307843	0	0	0.021174021	0	0	0	0	0	0	0.0013800286	0	0	0	0.00074003015	0	0.0035720901	0	0.019635388	0	0	0	0	0	0.00095670238	0	0	0	0.00032173997	0.00049413896	0	0
g__Novispirillum	0	0	0	0	0	0	0	0	0	0	0	0	0	0	0	0	0	0	0	0	0	0	0	0	0.0018661068	0	0	0	0	0	0	0	0	0	0	0	0	0	0	0	0	0	0	0	0	0	0	0	0	0	0	0	0	0	0	0	0	0	0	0	0	0	0	0	0	0	0	0	0	0	0	0	0	0	0	0	0	0	0	0	0	0	0	0	0	0	0	0	0	0	0	0	0	0	0	0	0	0	0	0
g__Novosphingobium	0	0	0	0	0	0	0	0	0	0	0	0	0	0	0.00012000192	0	0	0	0	0	0	0	0	0	0	0	0	0.00015993054	0	0	0	0	0.0014611917	0	0	0	0	0	0	0	0	0	0	0	0.0015958263	0	0	0	0	0	0	0	0	0.00013890818	0	0	0	0	0	0	0.0021253985	0	0	0	0	0	0	0	0	5.5254724e-05	0	0.0023557126	0.00072180934	0	0	0	0	0	0	0	0.00028288543	0	0	0	0	0	0.001181316	0	0	0	0	0	0	0	0	0	0	0	0	0
g__OLB12	0	0	0	0	0	0	0	0	0	0	0	0	0	0	0	0	0	0	0	0	0	0	0	0	0	0	0	0	0	0	0	0	0.00027242558	0	0	0	0	0	0	0	0	0	0	0	0	0	0	0	0	0	0	0	0	0	0	0	0	0	0	0	0	0	0	0	0	0	0	0	0	0	0	0	0	0	0	0	0	0	0	0	0	0	0	0	0	0	0	0	0	0	0	0	0	0	0	0	0	0	0	0
g__Oceanobacillus	0	0	0	0	0	0	0	0	0	0	0	0	0	0	0	0	0	0	0	0	0	0	0	0	0	0	0	0	0	0	0	0	0	0	0	0	0	0	0	0	0	0	0	0	0	0	0	0	0	0.00079798662	0	0	0	0	0	0	0	0	0	0	0	0	0	0	0	0	0	0	0	0	0	0	0	0	0	0	0	0	0	0	0	0	0	0	0	0	0	0	0	0	0	0	0	0	0	0	0	0	0	0
g__Odoribacter	0	0	0	0	0	0	0	0	0	0	0	0	0	0	0	0	0	0	0	0	0	0	0	0	0	0	0	0	0	0	0	0	0	0	0	0.00055713262	0	0	0	0	0	0	0	0	0	0	0	0	0	0	0	0	0	0	0	0	0	0	0	0	0	0	0	0	0	0	0	0	0	0	0	0	0	0	0	0	0	0	0	0	0	0	0	0	0	0	0	0	0	0	0	0	0	0	0	0	0	0	0	0
g__Oleiharenicola	0	0	0	0	0	0	0	0	0	0	0	0	0	0	0	0	0	0	0	0	0	0	0	0	0	0	0	0	0	0	0	0	0.0021051067	0	0	0	0	0	0	0	0	0	0	0	0	0	0	0	0	0	0	0	0	0	0	0	0	0	0	0	0	0	0	0	0	0	0	0	0	0	0	0	0	0	0	0	0	0	0	0	0	0	0	0	0	0	0	0	0	0	0	0	0	0	0	0	0	0	0	0
g__Olsenella	0	0	0	0	0	0	0.00056960387	0	0	0	0.0031158358	0	0	0	0	0	0	0	0	0	0	0	0	0	0.00067063214	0	0.014865509	9.1388883e-05	0	0.00062236866	0.00033887966	0	0	0	0	0	0	0	0	0	0	0	0	0	0	0	0	0	0	0	0	0	0	0	0	0	0	0	0.00047983206	0.0002870074	0	0.0062347577	0	0	0	0	0	0	0	0.0002210189	0	0	0	0	0	0	0.0058423843	0	0.0026819425	0	0	0.0017410737	0.013841305	0	0	0.0008406187	0	0	0	0.00023199838	0	0.000390625	0	0.00059516724	0	0.0013935836	0.00086869792	0	0	0
g__Oribacterium	0.0016382779	0.0010780155	0.00024411508	0	6.793786e-05	0.0054706562	0.00088029688	0.0010328578	0	0.0087562299	0.0019113951	0.00041637072	0	0	0	0	0.00057932264	0.018656913	0.0014085301	0	0	0.0026382198	0	0.0034065463	0.0031198974	0.0004957523	0	9.1388883e-05	0	0.0073952041	0.0015927344	0	0.00066868096	0.00069204152	0	0.0067651819	0	0.0032677944	0.034922986	0	0	0	0.018079762	0.00078515533	0	0	0.0010248372	0	0.0017395086	0	0.010636214	0.001908619	0.0003691399	0.00092605454	0	0	0.0030516021	0	0.0039586145	0.0016999669	0.0015940489	0.0023963525	0	0.0047052395	0.00071530758	0.055091484	0	0.021640256	0	0.0027351089	0.0099206349	0	0	0.0001756466	0.0017086378	0.0033450143	0	0	0.00088530139	0.0032860602	0.0036260769	0	0.0041386871	0	0	0.0016602219	0.0020433575	0	0.00053210855	0.0033929762	0	0.0015364583	0.029165756	0.014670873	0.0046576354	0.0018086936	0.0025095718	0.00021961732	0.0049721611	0.010291595
g__Ornithinimicrobium	0	0	0	0	0	0	0	0	0	0	0	0	0	0	0	0	0	0	0.00078877683	0	0	0	0	0	0	0	0	0	0	0	0	0	0	0	0	0	0	0	0	0	0.0014579303	0	0	0	0	0	0	0	0	0	0	0	0	0	0	0	0	0	0	0	0	0	0	0	0	0	0	0	0	0	0	0.00032870408	0	0	0	0	0	0	0	0	0	0	0	0.00036894534	0	0	0	0	0	0	0	0	0	0	0	0	0	0	0	0
g__Ornithobacterium	0	0	0	0	0	0	0	0	0	0	0	0	0	0	0	0	0	0	0	0	0	0	0	0	0	0	0	0	0	0	0	0	0.00042102135	0	0	0	0	0	0	0	0	0	0	0	0	0	0	0	0	0	0	0	0	0	0	0	0	0	0	0	0	0	0	0	0	0	0	0	0	0	0	0	0	0	0	0	0	0	0	0	0	0	0	0	0	0	0	0	0	0	0	0	0	0	0	0	0	0	0	0
g__Oscillibacter	0	0	0	0	0.00013587572	0	0	0	0	0	0	0	0	0	0	0.0015128593	0	0	0	0	0	0	0	0	0	0	0	0	0	0	0	0	0	0	0	0	0	0	0	0	0	0	0	0	0	0	0	0	0	0	0	0	0	0	0	0	0	0	0	0.00019869743	0	0	0	0	0	0	0	0	0	0	0	0	0	0	0	0	0	0	0	0	0	0	0	0	0	0	0	0	0	0	0	0	0	0	0	0	0	0.00019216515	0	0
g__Ottowia	0	0	0	0	0	0	0	0	0	0	0	0	0.00016330085	0	0	0	0	0	0	0	0	0	0	0	0	0	0	0	0	0	0	0	0.00089157462	0	0	0	0	0	0	0	0	0	0	0	0	0	0	0	0	0	0	0	0	0	0	0	0	0	0	0	0	0	0	0	0	0	0	0	0	0	0	0	0	0	0	0	0	0	0	0	0	0	0	0	0	0	0	0	0	0	0	0	0	0	0	0	0	0	0	0
g__Paenarthrobacter	0	0	0	0	0	0	0	0	0	0	0	0	0	0	0	0	0	0	0	0	0	0	0	0	0	0	0	0	0	0	0	0	0	0	0	0	0	0	0	0	0	0	0	0	0	0	0	0	0	0	0	0	0	0	0	0	0	0	0	0	0	0	0	0	0	0	0	0	0	0	0	0	0	0	0	0	0	0	0	0	0	0	0	0	0	0	0.00095782382	0	0	0	0	0	0	0	0	0	0	0	0	0
g__Paenibacillus	0	0	0	0	0	0	0	0	0	0	0.0028278173	0	0.0002993849	0	0.0004560073	0	0	0.0076574917	0	0.0013413067	0.00043994721	0.00028676302	0	0	0	0	0	0	0.0059995082	0	0	0	0	5.3233963e-05	0.0014866204	0	0	0	0.0023104265	0.00019157088	0	0	0.00083731316	0.0019367165	0.058922817	0.0032437442	0	0	0	0.07445829	0.0064936882	0	0.00028395377	0	0	0.035776197	0	0	0	0.00059609228	0	0.0042837451	0	0	0	0	0	0	0.00380306	0	0	0	0	0	0.02286946	0.0002389296	0	0	0	0	0.0011572586	0.0020269217	0.0032890229	0.00031623887	0.0145265	0	0.0095143833	0	0.013470748	0.00034799756	0	0.000234375	0.1561885	0.0093441257	0.0018176138	0	0.00012869599	0.00057649546	0.0054124045	0.0025856993
g__Palleronia-Pseudomaribius	0	0	0	0	0	0	0	0	0	0	0	0	0	0	0	0	0	0	0	0	0	0	0.0014965792	0	0	0	0	0	0	0	0	0	0	0	0	0	0	0	0	0	0	0	0	0	0	0	0	0	0	0	0	0	0	0	0	0	0	0	0	0	0	0	0	0	0	0	0	0	0	0	0	0	0	0	0	0	0	0	0	0	0	0	0	0	0	0	0	0	0	0	0	0	0	0	0	0	0	0	0	0
g__Paludibacter	0	0	0	0	0	0	0	0	0	0	0	0	0	0	0	0	0	0	0	0	0	0	0	0	0	0	0	0	0	0	0	0	0.015899747	0	0	0	0	0	0	0	0	0	0	0	0	0	0	0	0	0	0	0	0	0	0	0	0	0	0	0	0	0	0	0	0	0	0	0	0	0	0	0	0	0	0	0	0	0	0	0	0	0	0	0	0	0	0	0	0	0	0	0	0	0	0	0	0	0	0	0
g__Paludisphaera	0	0	0	0	0	0	0	0	0	0	0	0	0	0	0	0	0	0	0	0	0	0	0	0	0	0	0	0	0	0	0	0	0	0	0	0	0	0	0.0014810427	0	0	0	0	0	0	0	0	0	0	0	0	0	0	0	0	0	0	0	0	0	0	0	0	0	0	0	0	0	0	0	0	0	0	0	0	0	0	0	0	0	0	0	0	0	0	0	0	0	0	0	0	0	0	0	0	0	0	0	0	0
g__Pantoea	0	0	0	0	0	0	0	0	0	0	0	0	0	0	0	0	0	0	0	0	0	0	0	0	0	0	0	0	0	0	0	0	0.0028233196	0	0	0	0	0	0	0	0	0	0	0	0	0	0	0	0	0	0	0	0	0	0	0	0	0.0003822356	0	0	0	0	0	0	0	0	0	0	0	0	0	0	0	0	0	0	0	0	0	0	0	0	0	0	0	0	0	0	0	0	0	0	0	0	0	0	0	0	0	0
g__Parabacteroides	0	0	0	0.0011531809	0	0	0	0	0	0	0	0.0013715741	0	0.004414956	0	0	0	0	0.00050707082	0	0	0	0.00064139111	0.0022869122	0	0	0.003384222	0	0	0	0	0	0.0011887662	0	0	0	0.0023296763	0.00093365554	0	0	0.0026915636	0	0	0.0010730456	0.0015958263	0	6.0284543e-05	0.0038357478	0.0020656664	0	0.001539452	0.00020948258	0	0	0.00017164014	0.0026600514	0	0	0	0	0	0	0	0	0	0	0.00090403893	0	0	0	0	0.0015065604	0	0	0	0	0	0	0.00096341622	0	0.00046290343	0	0	0	0	0	0	0.0029943012	0.00067213712	0	0	0.000234375	0.00024600918	0	0.0037204283	0.00041511	0	0	0	0.00058882261
g__Paracoccus	0.002096032	0.0023200769	0.001255449	0.012410423	4.5291906e-05	0.00025683832	0.00077673255	0	0.00049147596	0.00060577691	0	0.0092091406	0.0012519732	0.025117857	0.0016080257	0.0019667171	0	0.00018420083	0.0036621782	0.0015648578	0.00082813592	0	0.0038008362	0.0039306303	0	0.00042814972	0.024767491	0.00015993054	0.0025817556	0	0.0001016639	0	0.011293279	0.00039925472	0.0016805274	0.0017509882	0	0	0.00091824645	0	0	0	0.00058922037	0.0028003873	0.0059843486	0.0019859658	0.00012056909	0	0.0046477495	0.0035295562	0.0087608811	0.0010474129	0.00056790754	0	0.00066204056	0.012971487	0.00085044648	0.0040612533	0	0.00024285241	0.0043098359	0.00061499311	0.0018490833	0	0	7.3114113e-05	0.0022335079	5.7939106e-05	0.022642834	0.00011050945	0.0026719577	0.011586819	0.001497086	0.00039520485	0.019662478	0	0.0055335358	0.00054326003	0	0	0	0	0.0012333836	0.0097243451	0.00060857831	0	0.007758373	0	0.0014843028	0.00046399675	0.0032429245	0	0.0012300459	0	0	0.0066417601	0.00051478395	0.0062041892	0.01502007	0.00087043342
g__Paradevosia	0	0	0	0	0	0	0	0	0	0	0	0	0.00065320342	0	0	0	0	0	0	0	0	0	0	0	0	0	0	0	0	0	0	0	0	0	0	0	0	0	0	0	0	0	0	0	0	0	0	0	0	0	0	0	0	0	0	0	0	0	0	0	0	0	0	0	0	0	0	0	0	0	0	0	0	0	0	0	0	0	0	0	0	0	0	0	0	0	0	0	0	0	0	0	0	0	0	0	0	0	0	0
g__Parafilimonas	0	0	0	0	0	0	0	0	0	0	0	0	0	0	0	0	0	0	0	0	0	0	0	0	0	0	0	0	0	0	0	0	0.00081727673	0	0	0	0	0	0	0	0	0	0	0	0	0	0	0	0	0	0	0	0	0	0	0	0	0	0	0	0	0	0	0	0	0	0	0	0	0	0	0	0	0	0	0	0	0	0	0	0	0	0	0	0	0	0	0	0	0	0	0	0	0	0	0	0	0	0	0
g__Paraprevotella	0.00024092322	0.0003515268	0	0	0	0	0	0	0	0	0.00015710096	0.00041637072	0.00019051766	0.0016961413	0	0.00032778618	0	0	0	0.00011177555	0.00018115473	0	0	0	0	0	0	4.5694441e-05	0.002483403	0	0	0	0.00076774481	0.00031940378	8.6180894e-05	0	0	0.0015927065	0.0005035545	0	0	0.00098169429	0.00062023197	0.00068046795	0	0	0	0	0	0.00015345897	0	0	8.5186132e-05	0	0.00058848049	0.002062287	0	0	0	0	0.00038375251	0	0	0	0	0	0	0	0.0029254308	0	0	0.00052044813	0	0	0.0023920929	0	0.0010552324	0.00030706002	0	0	0.00020573486	0.0011174055	8.2225572e-05	0	0	6.3046402e-05	0	0.010166135	0.00044809141	0.00046399675	0.00039308176	0	0.00024600918	0	0.00031240237	0	0	0	0	0.00066562556
g__Parascardovia	0	0	0	0	0	0	0	0	0	0	0	0	0	0	0	0	0	0	0	0	0	0	0	0	0	0	0	0	0	0	0	0	0	0	0	0	0	0	0	0	0	0	0	0	0	0	0	0	0	0	0.0028829737	0	0	0	0	0	0	0	0	0	0	0	0	0	0	0	0	0	0	0	0	0	0	0	0	0	0	0	0	0	0	0	0	0	0	0	0	0	0	0	0	0	0	0	0	0	0	0	0	0
g__Parvimonas	0.023682752	0.0019685501	0	0	0.0028307441	0.00033388982	0	0	0.017447397	0.00481868	0.0016233766	0.0043841387	0	0	0.00072001152	0	0	0.026682806	0.031241197	0.0037165372	0	0	0.0032307108	0.0019057602	0.045311407	0.010162922	0	0.0030158331	0.0025817556	0.0084935017	0	0	0	0	0	0.026821956	0.0028443722	0	0.0033175355	0	0	0	0.0052409601	0.004030464	0.0020868498	0	0	0	0	0	0	0.046505132	0.013544595	0.0043061536	0.00026972023	0	0.00070036769	0	0.0045584046	0.0027596865	0	0.011494009	0.11893147	0.0010321171	0	0	0	0.0011587821	0	0.02649464	0.0095502646	0	0.017644228	0.0018442893	0	0.0013273866	0.046069903	0.0050310603	0	0.013663092	0	0	0.001096341	0.014098983	0.019421586	0.012041863	0.00076625906	0	0	0.010352928	0.0021865173	0.002265625	0.023644216	0.0080942745	0	0	0	0.0087846927	0.0010099702	0
g__Paucibacter	0	0	0	0	0	0	0	0	0	0	0	0	0	0	0	0	0	0	0	0	0	0	0	0	0.00069979006	0	0	0	0	0	0	0	0	0	0	0	0	0	0	0	0	0	0	0	0	0	0	0	0	0	0	0	0	0	0	0	0	0	0	0	0	0	0	0	0	0	0	0	0	0	0	0	0	0	0	0	0	0	0	0	0	0	0	0	0	0	0	0	0	0	0	0	0	0	0	0	0	0	0	0
g__Pedobacter	0	0	0	0	0	0	0	0	0	0	0	0	0	0	0	0	0	0	0	0	0	0	0.001259027	0	0	0	0	0	0	0	0	0	0	0	0	0	0	0	0	0	0	0	0.00058922037	0	0	0	0	0	0.0020656664	0	0	0	0	0	0	0.0017634049	0	0	0	0	0	0.00023327325	0	0	0	0	0	0	0	0	0	0	0	0	0	0	0	0	0	0	0	0	0	0	0.00013229963	0	0	0	0	0	0	0	0.00082003061	0	0	0	0	0	0	0
g__Pelistega	0	0	0	0	0	0	0	0	0	0	0	0	0	0	0	0	0	0	0	0	0	0	0	0	0	0	0	0	0	0	0	0	0	0	0	0	0	0	0	0	0	0	0	0	0	0	0	0	0	0	0	0	0	0	0	0	0	0	0	0	0	0	0	0	0	0	0	0	0	0	0	0	0	0	0	0	0	0	0	0	0	0	0	0	0	0	0	0	0	0	0	0	0	0	0	0	0	0	0.00059562346	0
g__Pelospora	0	0	0	0	0	0	0	0	0	0	0	0	0	0	0	0	0	0	0	0	0	0	0	0	0	0	0	0	0	0	0	0	0	0	0	0	0	0	0	0	0	0	0	0	0	0	0	0	0	0	0	0	0	0	0	0	0	0	0	0	0	0	0	0	0	0	0	0	0	0	0	0	0	0	0	0	0	0	0	0	0	0	0	0.00044800506	0	0	0	0	0	0	0	0	0	0	0	0	0	0	0	0
g__Peptoanaerobacter	0.00038547715	0	0	0	0.005321799	0	0	0	0.00098295193	0	0	0	0	0	0	0	0	0	0	0	0	0	0.00092645382	0	0.00026242127	0.00020280776	0	0.00057118052	0	0	0	0	0	0	0	0	0	0	0	0	0	0	0	0	0	0	0	0	0	0	0	0	0	0	0	0	0	0.0002866767	0	0	0	0.00055137313	0.0010819105	0	0	0	0	0.030852574	0	0	0	0	0.00090894509	0	0	0	0	0	0	0.0017583305	0	0	0	0.0044800506	0	0	0	0	0	0	0	0	0	0	0	0	0	0.0011529909	0	0
g__Peptococcus	0.00060230804	0	0	0	0	0.00010273533	0.0004487788	0	0.00095223468	0	0	0.00046535551	0	0	0	0	0.00049019608	0.00013157202	0.00022536481	0.00067065333	0	0	0	0	0.00087473758	0.00011267098	0	0.0014393749	0.0010818785	0.00054914882	0	0	0	0.0016236359	0	0.00076937362	0	0	0	6.385696e-05	0	0	0	0	0	0	0.00045213407	0	0	0	0	0	0.00048272141	4.6302727e-05	0	0	0	0	0	0.00037531736	0	0.0011451596	0.00098355496	0	0	0	0	0	0	0.00013813681	0	0	0.00034753783	0	0	0.00045131146	0	0.00014172001	0	0.00011530036	0.00025716857	0.00062366821	0	0.00042165182	0.00042335882	0.00016812374	0	0	0	0.00023199838	0	0.0032552083	0.00021867483	0	0	0	9.6521991e-05	0.0010157301	0	0.0028417091
g__Peptoniphilus	0.0017105548	0	0	0	0	0	0	0	0	0	0.00015710096	0.00093071101	0	0	0.00069601114	0	0	0	0.0021973069	0	0	0	0	0	0	0.00011267098	0	0.0001142361	0	0.00010982976	0	0	0	0	0	0.0032101451	0	0.0018398506	0.03403436	0.00022349936	0	0	0	0	0	0	0	0	0	0	0	0.00013965505	0	0.00034727045	0	0	0	0	0	0	0	0.0088643834	0	0.0020338777	0	0	0	0	0	0	0	0	0.0066299524	0	0	0	0	0	0	0	0	0.0019489632	0	0	0.00044981875	0	0.00057469429	0	0.00092418853	0	0.0035131682	0.00091145833	0	0	0	0	0	0	0	0
g__Peptostreptococcus	0.025152384	0	0	0	0.0032836632	0.0016180814	0.0015707258	0.001161965	0.010904623	0.004212903	0.00094260578	0.0041147224	0	0	0.0076321221	0.002118003	0.015240642	0.11504658	0.02014198	0.016403063	0	0.00037279192	0.0012352718	0	0.018836016	0.037654641	0	0.001759236	0	0.015559217	0.00023721576	0	0.0014859577	0.088341762	0	0.010877351	0	0	0.003228673	0	0	0	0.0046517398	0.00081132717	0.0011048028	0	0.00018085363	0	0	0	0	0.030700836	0.003464236	0.0020141686	0.0017654415	0	0.00027514445	0.0053274087	0.0034787824	0.029495529	0.0041031999	0.024493691	0.032614683	0.00027320746	0	0	0	0.0060836061	0.0044174005	0.015858106	0.030687831	0	0.0076458322	6.5867475e-05	0	0.0029467983	0.0029083235	0.00063774004	0	0.01942811	0.010338177	0.0078997973	0.0052624366	0.0043746376	0.0020638743	0.011726631	0.005683088	0	0	0.0037989734	0.015231918	0.0045572917	0.034003936	0.0047910963	0.007100054	5.9301429e-05	0.00083652392	0.0036511379	0.00095817687	0.030029953
g__Peredibacter	0	0	0	0	0	0	0	0	0	0	0	0	0	0	0	0	0	0	0	0	0	0	0	0	0	0	0	0	0	0	0	0	0.00061914904	0	0	0	0	0	0	0	0	0	0	0	0	0	0	0	0	0	0	0	0	0	0	0	0	0	0	0	0	0	0	0	0	0	0	0	0	0	0	0	0	0	0	0	0	0	0	0	0	0	0	0.00021082591	0	0	0	0	0	0	0	0	0	0	0	0	0	0	0.00031076007	0
g__Peribacillus	0	0	0	0	0	0	0	0	0	0	0	0	0	0	0	0	0	0	0	0	0	0	0	0	0	0	0	0	0	0	0	0	0	0	0	0	0	0	0	0	0	0	0	0	0	0	0	0	0	0	0	0	0	0	0	0	0	0	0	0	0	0	0	0	0	0.0010967117	0	0	0	0	0	0	0	0	0	0	0	0	0	0	0	0	0	0	0	0	0	0	0	0	0	0	0	0	0	0	0	0	0	0
g__Phascolarctobacterium	0.00019273857	0.0026950388	0.00010462075	0.003075149	6.793786e-05	0	0.00069042893	0	0.00039932422	0	0.00049748638	0.00083274143	0.00019051766	0.0068593949	0.00043200691	0.005799294	0	0	0	0.00016766333	0	0.00011470521	0.0010689852	0	0	0.00022534196	0	0	0	0	0	0	0.0010897023	0	0.0015081656	0.001273446	0.0023567655	0	0.001007109	0.00051085568	0	0.00343593	0.00024809279	0	0.0012582477	0.0022176619	0	0.0024315901	0.00065231572	0.0004296851	0	0.00039568931	0.0006246983	0.00011575682	0	0	0	0	0	0.00037531736	0.0014169323	0	0.00019671099	0	0	9.1392641e-05	0.0036959238	0	0.0043003832	0	0.0031746032	0.00057523215	0.0033684436	0.00039520485	0.0051259135	0	0.0024193133	0	0	0	0	0.0016891014	0	0.00013176619	0	0.00018913921	0	0.004298271	0.00025205142	0.00037699736	0.0018425708	0	0	0.0013391263	0.0023856181	0.00041511	6.4347994e-05	0.00030197381	0	0
g__Phaselicystis	0	0	0	0	0	0	0	0	0	0	0	0	0	0	0	0	0	0	0	0	0	0	0	0	0	0	0	0	0	0	0	0	0.00071821289	0	0	0	0	0	0	0	0	0	0	0	0	0	0	0	0	0	0	0	0	0	0	0	0	0	0	0	0	0	0	0	0	0	0	0	0	0	0	0	0	0	0	0	0	0	0	0	0	0	0	0	0	4.2030935e-05	0	0	0	0	0	0	0	0	0	0	0	0	0	0
g__Phenylobacterium	0	0	0	0	0	0	0.00029343229	0.00022593764	0	0	0.00020946795	0	0	0	0	0	0	0	0	0	0	0	0	0.0030730383	0	0	0	0	0	0	0	0	0	0	0	0	0	0	0.00047393365	0	0	0	0	0.0048941349	0.0019640939	0	0	0	0	0	0	0	0	0	0	0	0	0	0	0	0	0	0	0	0	0	0	0	0	0	0	0	0.00024060311	0	0	0	0	0	0	0	0.0012086923	0.0089392443	0.037467452	0	0	0.00021015467	0	0	0.00014002857	0	0	0	0	0	0.0014768112	0	0	0	0	0
g__Phocaeicola	0	0	0	0	0	0	0	0	0	0	0	0	0	0	0	0	0	0	0	0	0	0	0	0	0.00020410544	0	0	0	0	0.008383672	0	0	0	0	0	0.0014060966	0	0	0	0	0	0	0	0	0	0	0	0	0	0	0	0	0	0	0	0	0	0	0	0	0	0.00019085993	0	0	0	0	0	0	0	0	0.00026455026	0	0	0	0	0	0	0	0	0	0	0	0.0016993285	0	0	0.00071452589	0	0	0	0	0	0	0	0	0	0	0.00070782793	0	0	0
g__Phreatobacter	0	0	0	0	0	0	0	0	0	0	0	0.0019348992	0	0	0	0	0	0	0	0	0	0	0	0	0	0	0	0	0	0	0	0	0	0	0	0	0	0	0	0	0	0	0	0	0	0	0	0	0	0	0	0	0	0	0	0	0	0	0	0	0	0	0	0	0	0	0	0	0	0	0	0	0	0	0	0	0	0	0	0	0	0	0	0	0	0	0	0	0	0	0	0	0	0	0	0	0	0	0	0
g__Planifilum	0	0	0	0	0	0	0	0	0	0	0	0	0	0	0	0	0	0	0	0	0	0	0	0	0	0	0	0	0	0	0	0	0	0	0	0	0	0	0	0	0	0	0	0	0	0	0	0	0	0	0	0	0	0	0	0	0	0	0	0	0	0	0	0	0	0.00060319143	0	0	0	0	0	0	0	0	0	0	0	0	0	0	0	0	0	0	0	0	0	0	0	0	0	0	0	0	0	0	0	0	0	0
g__Pontibacter	0	0	0	0	0	0	0	0	0	0.0022578958	0	0.0014695437	0	0	0	0	0	0	0	0	0	0	0	0	0	0	0	0	0	0	0	0	0	0	0	0	0	0	0	0	0	0	0	0	0	0	0	0	0	0	0	0	0	0	0	0	0	0	0	0	0	0	0.00013769769	0	0	0	0	0	0	0	0	0	0	0	0	0	0	0	0	0	0	0	0	0	0.00052919853	0	0.0015644456	0	0	0	0	0	0	0	0.00082360626	0	0	0.002498147	0	0
g__Porphyromonas	0.12797841	0.04394085	0.00017436792	0	0.042076181	0.00079619879	0.0010701648	0.036505067	0.020334818	0.0098576424	0.00047130289	0.00053883269	0.0010886724	0	0.0018960303	0	0.053342246	0	0.0072961857	0	0.00020703398	0.14332416	0.024325352	0	0.14736412	0.052437073	0	0.0035870136	0.0044258667	0.20940875	0.0022704937	0	0.0010401704	0.0077721586	0.00079717327	0.15398085	0.0087227414	0	0.0015699052	0.00098978289	0	0	0.0013645103	0.017692167	0	0	0.0055160357	0	0	0.006076975	0.0075293196	0.013756023	0.0061617969	0.0025929527	0.00014712012	0	0.14997874	0.0032490026	8.9968511e-05	0.0094491666	0.0074093754	0.030940515	0.0013769769	0.0029749256	0	0	0	0.0038819201	0	0.0026245994	0.0015079365	0	0.022376089	0.00024151407	0.00068345513	0.0080705108	0.0020847274	0.0045114203	0.003957818	0.061829817	0.0037032275	0.012551323	0.013813896	0.021583303	0.0038631493	0.079396436	0.00201143	0	0.0019603999	0.14734797	0.0021619497	0.015729167	0	0.0019640519	0.010706881	0.028079227	0.0062095814	0.073736514	0.001502007	0.0057602212
g__Prevotella	0.065868408	0.031520236	0.017994769	0	0.093074868	0.083960447	0.0054716493	0.005487057	0.014068499	0.014538646	0.054671135	0.011731857	0.033912144	0	0.062833005	0.019566314	0.017914439	0.059628441	0.033410333	0.11060191	0.0004917057	0.057696719	0.021759787	0.0018819382	0.00061231631	0.053045497	0	0.0052091663	0.0054339808	0.028519129	0.030702498	0.22863452	0.0072564268	0.13550705	0	0.012230388	0.023946905	0.01381261	0.07950237	0.00057471264	0	0.0070162268	0.057557527	0.0059148368	0.0038054319	0.00023169601	0.0012659754	0.0035617658	0.0074472711	0.011662881	0.018529404	0.082838722	0.0033222591	0.0098393295	0.013486011	0	0.0096550689	0.005733534	0.067266457	0.061728668	0.0098299681	0.15881667	0.00064914627	0.060743124	0.0037691207	0	0.13518041	0.017787306	0.006084896	0.045308874	0.14301587	0.0015887364	0.054857509	0.023185351	0.01280164	0.20109908	0.035105781	0.00059050004	0.0015883349	0.35411622	0.050456474	0.0087053687	0.051116897	0.010304116	0.0061387029	0.025113484	0.012898694	0	0.003808777	0.028651799	0.0013512186	0.0028645833	0.0065602449	0.021128437	0.0078384596	0.02197118	0.077603681	0.0003843303	0.031257283	0.067586595
g__Prevotellaceae_NK3B31_group	0	0	0	0	0	0	0	0	0	0	0	0	0	0	0	0	0	0	0	0	0	0	0	0	0	0	0	0	0	7.3219843e-05	0	0	0	0	0	0	0	0	0	0	0	0	0	0	0	0	0	0	0	0	0	0	0	0	0	0	0	0	0	0	0	0	0	0	0	0	0	0	0	0	0	0	0	0	0	0	0	0	0	0	0	0	0	0	0	0	0	0	0	0	0	0	0	0	0	0	0	0	0	0
g__Priestia	0	0	0	0	0	0	0	0	0	0	0	0	0	0	2.4000384e-05	0	0	0	0	0	0	8.6028906e-05	0	0	0	0	0	0	0	0	0	0	0	0	0	0	0	0	0	0	0	0	0.00037213918	0	0	0	0	0	0	0	0	0	0	0	0	0	0	0	0	0	0	0	0	0	0	0	0	0	0	0	0	0	0	0	0	0	0	0	0	0	0	0	0	0	0	0	0.00012770984	0	0	0	0	0.000234375	0	0	0	0	0	0	0	0
g__Propionibacterium	0	0	0	0	0	0	0	0	0	0	0.0013091747	0	0	0	0	0	0	0	0	0	0	0	0	0	0	0	0	0	0	0	0	0	0	0	0	0	0	0	0	0	0	0	0	0	0	0	0	0	0	0	0.0038346349	0	0	0	0	0	0	9.55589e-05	0	0	0	0	0	0	0	0	0	0	0	0	0	0	0	0	0	0	0	0	0	0	0	0	0	0	0	0	0	0	0	0	0	0	0	0	0	0.00083022001	0	0	0	0
g__Propionicicella	0	0	0	0	0	0	0	0	0	0	0	0	0	0	0	0	0	0	0	0	0	0	0	0	0	0	0	0	0	0	0	0	0.00054485116	0	0	0	0	0	0	0	0	0	0	0	0	0	0	0	0	0	0	0	0	0	0	0	0	0	0	0	0	0	0	0	0	0	0	0	0	0	0	0	0	0	0	0	0	0	0	0	0	0	0	0	0	0	0	0	0	0	0	0	0	0	0	0	0	0	0	0
g__Propioniciclava	0	0.00056244288	0	0	0	0	0	0	0	0	0	0.0015430209	0	0	0	0	0	0	0	0	0	0	0	0	0	0	0.0043368178	0	0	0	0	0	0.0074297885	0	0	0	0	0	0	0	0	0	0	0	0	0	0	0	0	0	0	0	0	0	0	0	0	0	0	0	0	0.00040292652	0	0	0	0	0	0	0	0	0	0.00060262415	0	0	0.0029966879	0	0	0	0	0	0	0	0	0	0	0	0	0	0	0	0	0	0	0	0	0.00053371286	0	0	0	0
g__Propionivibrio	0	0	0	0	0	0	0	0	0	0	0	0	0	0	0	0	0	0	0	0	0	0	0	0	0.00064147422	0	0	0	0	0	0	0	0	0	0.00023699746	0	0	0	0	0	0	0	0	0	0	0	0	0	0	0	0	0	0	0	0	0	0	0	0	0	0	0	0	0	0	0	0	0	0	0	0	0	0	0	0	0	0	0	0	0	0	0	0	0	0	0.00060944855	0	0	0	0	0	0	0	0	0	0	0	0	0	0
g__Prosthecobacter	0	0	0	0	0	0	0	0	0	0	0	0	0	0	0	0	0	0	0	0	0	0	0	0	0	0	0	0	0	0	0	0	0	0	0	0	0	0	0.00082938389	0	0	0	0	0	0	0	0	0	0	0	0	0	0	0	0	0	0	0	0	0	0	0	0	0	0	0	0	0	0	0	0	0	0	0	0	0	0	2.3620001e-05	0	0	0	0	0	0	0	0	0	0	0	0	0	0	0	0	0	0	0	0	0	0
g__Proteiniclasticum	0	0	0	0	0	0	0	0	0	0	0	0	0	0	0	0	0	0	0	0	0	0	0	0	0	0	0	0	0	0	0	0	0	0	0	0	0	0	0	0	0	0	0	0	0	0	0	0	0	0	0	0	0	0	0	0	0	0	0	0	0	0	0	0	0	0	0	0	0	0	0	0.00054784014	0	0	0	0	0	0	0	0	0	0	0	0	0	0	0	0	0	0	0	0	0	0	0	0	0	0.00019216515	0	0
g__Proteiniphilum	0	0	0	0	0	0	0	0	0	0	0	0	0	0	0	0	0	0	0	0	0	0	0	0	0	0	0	0	0	0	0	0	0	0	0	0	0	0	0	0	0	0	0	0	0	0	0	0	0	0	0	0	0	0	0	0	0	0	0	0	0	0	0	0	0	0	0	0	0	0	0	0	0	0	0	0	0	0	0	0	0	0	0	0	0	6.3046402e-05	0	0	0	0	0	0	0	0	0	0	0	0	0	0
g__Proteus	0	0	0	0	0	0	0	0	0	0	0	0	0	0	0	0	0	0	0	0	0	0	0	0	0	0	0	0	0	0	0	0	0	0	0	0	0	0	0	0	0	0	0.00021708119	0	0	0	0	0	0	0	0	0	0	0	0	0	0	0	0	0	0	0	0	0	0	0	0	0	0	0	0	0	0	0	0	0	0	0	0	0	0	0	0	0	0	0	0	0	0	0	0	0	0	0	0	0	0	0	0	0
g__Pseudaeromonas	0	0	0	0	0	0	0	0	0	0	0	0	0	0	0	0	0	0	0	0	0	0	0	0	0	0	0	0	0	0	0	0	0.00022289365	0	0	0	0	0	0	0	0	0	0	0	0	0	0	0	0	0	0	0	0	0	0	0	0	0	0	0	0	0	0	0	0	0	0	0	0	0	0	0	0	0	0	0	0	0	0	0	0	0	0	0	0	0	0	0	0	0	0	0	0	0	0	0	0	0	0	0
g__Pseudidiomarina	0	0	0	0	0	0	0	0	0	0	0	0	0	0	0	0	0	0	0.0015493831	0	0	0	0	0	0	0	0	0	0	0	0	0	0	0	0	0	0	0.0026911248	0	0	0	0	0	0	0	0	0	0	0	0	0	0	0	0	0	0	0	0	0	0	0	0	0	0	0	0	0	0	0	0	0	0	0	0	0	0	0	0	0	0	0	0	0	0	0	0	0.00025541969	0	0	0	0	0	0	0	0.00082360626	0	0	0	0	0
g__Pseudochrobactrum	0	0	0	0	0	0	0	0	0	0	0	0.0020573612	0	0	0	0	0	0	0	0	0	0	0	0	0	0	0	0	0	0	0	0	0	0	0	0	0	0	0	0	0	0	0	0	0	0	0	0	0	0	0	0	0	0	0	0	0	0	0	0	0	0	0	0	0	0	0	0	0	0	0	0	0	0	0	0	0	0	0	0	0	0	0	0	0	0	0	0	0	0	0	0	0	0	0	0	0	0	0	0
g__Pseudoleptotrichia	0.00053003108	0.010522369	0	0	0.00011322977	0	0.017933891	0.00038732167	0.20411611	0.013685051	0.0025397989	0.010874623	0.001714659	0	0.00016800269	0.0078920827	0.0071746881	0	0.0043382726	0.00027943889	0.0033125437	0.0095205322	0.0038008362	0.0071942446	0.00046652671	0.005408207	0	0.010144166	0.0044504549	0.00098846787	0.052899116	0	0	0.0026084642	0	0.005730507	0	0	0	0	0	0	0.0017676611	0.0012300767	0	0	0.0027429467	0	0.010083714	0.019888282	0	0	0.004969191	0.0082650368	0.00051492043	0	0.058180545	0.00043001505	0	0.042808257	0.01995513	0	0.011586277	0	0	0	0	0.075494655	0	0.0040612222	0	0	0.0017376891	0.003512932	0.036512276	0.00026547733	0.009111031	0	0.007915636	0	0	0.021906346	0.012059751	0.0038212196	0.00055565846	0.0040770007	0.010121005	0	0.004788977	0	0	0.00703125	0	0.0012498512	0.021839766	0.029324557	0.0025095718	0.018475307	0.021028098	0.035457362
g__Pseudomonas	0.015370901	0.0003515268	0.0022667829	0.00060404712	6.793786e-05	7.7051496e-05	0.00034521446	0	0.00098295193	0.0012941598	0.00057603687	0.0048005094	0	0.0041156369	0.00024000384	0.0072365103	0	5.2628809e-05	0.098709786	0.00022355111	0	0	0.01468073	0.0035018343	0.00023326335	0.070779909	0.0014790304	0.00020562499	0.00066388001	0	0.0004066556	0	0.0009658725	7.9850945e-05	0.00032317835	0.015254822	0.003033997	0	0.0020438389	0.00035121328	0.0015140045	0.0046774846	0.0013955219	0.054385093	0.0011661808	0.001688071	0.00012056909	0.0026028289	0.034708632	0.00024553434	0.00081171103	0.0051672369	0.001277792	0.0013196277	0.001152441	0	0.0020010506	0.00088391983	0	0	0.0036013697	0.0064256176	0	0	0	0.0069275622	0	0.16034648	0	0	0.00063492063	0.0015065604	0.0061754799	0	0.0012354766	0	0.0011324445	0.00033068002	0.0020049473	0	0.00023145172	0	0.0012607921	0	0.099674543	0	0.035790684	0.0060610451	0.0026605428	0.00049299655	0.00029481132	0.00625	0.0047561776	0.0022318772	0.0034080259	0.011534128	0	0.0024432426	0.001579697	0.001536059
g__Pseudonocardia	0	0	0	0	0	0	0	0	0	0	0	0	0	0	0	0	0	0	0	0	0	0	0	0	0	0	0	0	0	0	0	0	0	0	0	0	0	0	0	0	0	0	0	0	0	0	0	0	0	0	0	0	0	0	0	0	0	0	0	0	0	0	0	0	0	0	0	0	0	0	0	0	0	0	0	0	0	0	0	0	0	0	0	0	0	6.3046402e-05	0	0	0.00028005713	0	0	0	0	0	0	0	0	0	0	0
g__Pseudoramibacter	0	0	0	0	0	0	0.00024165013	0	0	0	0	0	0	0	0	0	0	0.00018420083	0	0	0	0	0	0	0	0	0	0	0	0	0	0	0	0	0	0	0	0	0	0	0	0	0	0	0	0	0	0	0	0	0	0	0	0	0	0	0	0	2.9989504e-05	0	0	0	0	0	0	0	0	0	0	0	0	0	0	0	0	0	0	0	0	0	0	0	0.0019185967	0	0	0.00031523201	0	0	0	0	0	0	0	0.00080347578	0	0	0	0	0	0
g__Pseudorhodoplanes	0	0	0	0	0	0	0	0	0	0	0	0	0	0	0	0	0	0	0	0	0	0	0	0	0	0	0	0	0	0	0	0	0	0	0	0	0	0	0	0	0	0	0	0	0.0016572042	0	0	0	0	0	0	0	0	0	0	0	0	0	0	0	0	0	0	0	0	0	0	0	0	0	0	0	0	0	0	0	0	0	0	0	0	0	0	0	0	0	0	0	0	0	0	0	0	0	0	0	0	0	0	0
g__Pseudoxanthomonas	0	0	0	0	0	0	0	0	0	0	0	0	0	0	0	0	0	0	0	0	0	0	0	0	0	0	0	0	0	0	0	0	0	0	0	0	0	0	0	0	0	0	0	0.09309325	0.0039281878	0.0049649146	0	0	0	0	0	0	0	0	0	0	0	0	0	0	0	0	0	0	0	0	0	0	0.0095954129	0	0	0	0	0	0	0	0	0	0	0	0	0	0	0	0.00044981875	0	0.003256601	0	0	0	0	0	0	0	0	0	0.00028956597	0.0012353474	0	0
g__Psychrobacter	0	0	0	0	0	0	0	0	0	0	0	0	0	0	0	0	0	0	0	0	0	0	0	0	0	0	0	0	0	0	0	0	0	0	0	0	0	0	0	0	0	0	0.00040315078	0	0	0	0	0	0	0	0	0	0	0	0	0	0	0	0	0	0	0	0	0	0	0	0	0	0	0	0	0	0	0	0	0	0	0	0	0	0	0	0	0	0	0	0	0	0	0	0	0	0	0	0	0	0	0	0	0
g__Puia	0	0	0	0	0	0	0	0	0	0	0	0	0	0	0	0	0	0	0	0	0	0	0	0	0	0	0	0	0	0	0	0	0.0042597454	0	0	0	0	0	0	0	0	0	0	0	0.012705232	0.068879915	0	0	0	0	0	0	0	0	0	0	0	0	0	0	0	0	0	0	0	0	0	0	0	0	0	0	0	0	0	0	0	0	0	0	0	0	0	0	2.6459926e-05	0	0	0	0	0	0	0	0	0	0	0	0	0	0	0
g__Pyramidobacter	0.00057821572	0	0	0	0	0	0	0	0	0	0	0	0	0	0	0	0	0.00052628809	0.0024790129	0	0	0	0	0	0.0010205272	0	0	0	0	0.0066263958	0	0	0	0	0	0	0	0	0	0	0	0	0	0.00075898349	0	0	0	0	0	0	0	0.0022810325	0	0	0	0	0	0	0	0	0	0.0012511929	0	0	0	0	0	0	0	0	0	0	0	0	0	0.0002389296	0.0017501416	0	0	5.7650179e-05	0	0	0.0081129231	0.00028988563	0	0.00063046402	0	0	0	0	0	0	0	0	0	0	0	0	0	0
g__Qinpengyuania	0	0	0	0	0	0	0	0	0	0	0	0	0	0	0	0	0	0	0	0	0	0	0	0	0	0	0	0	0	0	0	0	0.001312596	0	0	0	0	0	0	0	0	0	0	0	0.0013810035	0	0	0	0	0	0	0	0	0	0	0	0	0	0	0	0	0	0	0	0	0	0	0	0	0	0	0	0	0	0	0	0	0	0	0	0	0	0	0	0	0	0	0	0.00047609712	0	0	0	0	0	0	0	0	0	0	0
g__Qipengyuania	0	0	0	0.005354054	0	0	0	0	0	0.0010188066	0	0.0024982243	0	0	0	0	0	0	0	0	0.00020703398	0	0	0	0	0	0	0	0	0	0.0002033278	0	0.0066868096	0	0	0	0	0	0.00079976303	0	0	0	0	0.01674998	0.0010434249	0.00095988349	0	0	0.00070667536	0	0	0	0	0	0	0	0	0	0	0	0	0	0	0	0	0	0	0	0.0088055466	0	0	0.0025748487	0	0	0	0	0	0	0	0	0	0	0	0	0.00018521949	0	0	0	0	0	0	0	0	0	0	0	0.00028956597	0	0	0
g__Ralstonia	0	0	0	0	0	0	0	0	0	0	0	0	0	0	0	0	0	0	0	0	0	0	0	0	0	9.0136783e-05	0	0	0	0	0	0	0	0	0	0	0	0.0024439807	0	0	0	0	0	0	0	0	0	0	0.0034790172	0	0	0	0	0	0	0	0	0	0	0	0	0	0	0	0	0	0	0	0	0	0	0	0	0	0	0	0	0	0	0	0	0	0	0	0	0	0	0	0	0	0	0	0	0	0.00093720712	0	0	0	0	0
g__Ramlibacter	0	0	0	0	0	0	0	0	0	0	0	0.0041147224	0	0	0	0	0	0	0	0	0	0	0	0	0	0	0	0	0	0	3.3887966e-05	0	0	0	0	0	0	0	0.0012736967	0	0	0	0	0.0022507786	0	0	0	0	0	0	0	0	0	0	0	0	0	0	0	0	0	0	0	0	0	0	0	0	0	0	0	0	0	0	0	0	0	0	0	0	0	0	0	0.00028988563	0.0022226338	0	0.0061939274	0	0	0	0	0	0	0	0	0	0	0.00057649546	0	0
g__Reyranella	0	0	0	0	0	0	0	0	0	0	0	0	0	0	0	0	0	0	0	0	0	0	0	0	0	0	0.0012283472	0	0	0	0	0	0	0	0	0	0	0	0	0	0	0	0	0	0	0	0	0	0	0	0	0	0	0	0	0	0	0	0	0	0	0	0	0	0	0	0	0	0	0	0	0	0	0	0	0	0	0	0	0	0	0	0	0	0	0	0.0001596373	0	0	0	0	0	0	0	0	0	0	0	0	0
g__Rheinheimera	0	0	0	0	0	0	0	0	0	0	0	0	0	0	0	0.0016137166	0	0	0	0	0	0	0	0	0.00040821087	0	0	0	0	0	0	0	0.0010154044	0	0	0	0	0	0	0	0.01149522	0	0	0.00052343689	0	0	0	0	0	0	0	0	0	0	0	0	0	0	0	0	0.0098299681	0	0	0	0	0	0.00063814512	0	0	0	0	0	0	0	0	0	0	0	0	0	0	0	0	0.00010541296	0	0	0	0	0	0	0	0	0	0	0	0	0	0	0	0
g__Rhizobacter	0	0	0	0	0	0	0	0	0	0	0	0	0	0	0	0	0	0	0	0	0	0	0	0	0	0	0	0	0	0	0	0	0	0	0	0	0	0	0	0	0	0	0	0	0	0	0	0	0	0	0	0	0	0	0	0	0	0	0	0	0.00041327193	0	0	0	0	0	0	0	0	0	0	0	0	0	0	0	0	0	0	0	0	0	0	0	0	0	0	0	0	0	0	0	0	0	0	0	0	0	0	0
g__Rhizobium	0	0	0	0.0021141649	0	0	0	0	0	0	0	0	0	0	0	0	0	0	0	0	0	0	0	0.0020010482	0	0	0	0	0	0	0	0	0	0	0	0	0	0	0	0	0	0	0	0	0	0	0	0	0	0.00049106869	0	0	0	0	0	0	0	0	0	0	0	0	0	0	0	0	0	0	0	0	0	0.0015065604	0	0	0	0	0	0	0	0	0	0	0	0	0	0	0.0022349223	0	0	0.00046399675	0	0	0	0	0	0	0	0.00057649546	0	0.00094723637
g__Rhizorhabdus	0	0	0	0	0	0	0	0	0	0	0	0	0	0	0	0	0	0	0	0	0	0	0	0	0	0	0	0	0	0	0	0	0	0	0	0	0	0	0	0	0	0	0	0	0.00055240141	0	0	0	0	0	0	0	0	0	0	0	0	0	0	0	0	0	0	0	0	0	0	0	0	0	0	0	0	0	0	0	0	0	0	0	0	0	0	0	0	0	0	0	0	0	0	0	0	0	0	0	0	0.00027452165	0	0
g__Rhodococcus	0	0	0	0	0.0003396893	0	0.00012082506	0	0	0	0	0.001053173	0	0	0	0	0	0	0	0	0.00059522269	0	0	0	0	0	0	0	0.0028768134	0	0	0	0.0010401704	0	0.00062481148	0	0	0	0	0	0	0	0	0	0	0	0	0	0	0	0	0	0	0.00020836227	0	0	0	0	0	0	0.00088558271	0	0	0	0	0	0.00021271504	0	0	0	0	0	0	0	0	0	0	0.00016534001	0	0	0	0	0	0	0	0	0	0	0	0	0	0	0	0	0	0	0	0	0	0
g__Rhodocytophaga	0	0	0	0	0	0	0	0	0	0.00099127131	0	0	0	0	0	0	0	0	0	0	0	0	0	0	0	0	0	0	0	0	0	0	0	0	0	0	0	0	0	0	0	0	0	0	0	0	0	0	0	0	0	0	0	0	0	0	0	0	0	0	0	0	0	0	0	0	0	0	0	0	0	0	0	0	0	0	0	0	0	0	0	0	0	0	0	0	0	0	0	0	0	0	0	0	0	0	0	0	0	0
g__Rhodovarius	0	0	0	0	0	0	0	0	0	0	0	0	0	0	0	0	0	0	0	0	0	0	0	0	0	0	0	0	0	0	0	0	0.00044578731	0	0	0	0	0	0	0	0	0	0	0	0	0	0	0	0	0	0	0	0	0	0	0	0	0	0	0	0	0	0	0	0	0	0	0	0	0	0	0	0	0	0	0	0	0.00011810001	0	0	0	0	0	0	0	0	0	0	0	0	0	0	0	0	0	0	0	0	0	0
g__Rikenellaceae_RC9_gut_group	0.00040956947	0	0	0	0.00031704334	0	5.178217e-05	0	0.00021502073	0	0	0	0	0	0	0	8.912656e-05	0	0	0	0	0	0	0.0027157082	0.00046652671	0	0	0	0	0.00018304961	0	0	0	0.00037263774	0	0	0	0	0	0	0	0	0	0	0	0	0	0	0	0	0	0.0027232735	0	0	0	0.0084882539	0	0	0	0	0	0.00033930654	0	0	0	0	0	0.0019699296	0.016177632	0	0	0	0	0	0.0035749961	0	0.004452566	0	0	0.0005476767	0	0	0.00071262163	0.00092236336	0	0.00014710827	0	0	0	0.0025229823	0	0.000390625	0	0	0	0	0	0	0	0
g__Romboutsia	0	0	0	0	0	0	0	0	0	0	0	0	0	0	0	0	0	0	0	0	0	0	0	0	0	0	0	0	0	0	0	0	0	0	0	0	0	0	0	0	0	0	0	0	0	0	0	0	0	0	0	0	0	0	0	0	0	0	0	0	0	0	0	0	0	0	0	0	0	0	0	0	0	0	0	0	0	0	0	0	0	0	0	0.0015284879	0	0	0	0	0	0	0	0	0	0	0	0	0	0	0	0
g__Roseateles	0	0	0	0	0	0	0	0	0	0	0	0	0	0	0	0	0	0	0	0	0	0	0	0	0	0	0	0	0	0	0	0	0	0	0	0	0	0	0	0	0	0	0	0	0.023415682	0.0011253806	0	0	0	0	0	0	0	0	0	0	0	0	0	0	0	0	0	0	0	0	0	0	0	0	0	0	0	0	0	0	0	0	0	0	0	0	0	0	0	0	0	0	0	0	0	0	0	0	0	0	0	0	0	0
g__Roseburia	0.0012287084	0	0.0014646905	0.0060953845	0.00024910548	0.00046230898	0.0013290757	0	0.0011979727	0.0077374232	0.0015710096	0.0093071101	0.00024495128	0.029457983	0.002064033	0.010741301	0.00026737968	0.00028945845	0.010225928	0.001257475	0.0014233586	0.00054484974	0.0047035348	0.011958645	0	0.0021632828	0.062169412	0.0017363888	0.01952299	0	0.00023721576	0.00016479351	0.0049531923	0.0016502529	0.0044167708	0.0072427241	0.028687525	0.0063433656	0.0090343602	0.0018518519	0.05657891	0.024455737	0.0057991689	0.0062812426	0.0054933251	0.0035747385	0	0.025891298	0.0081267667	0.0019642748	0.0087888712	0.0015594814	0.00079507056	0.00087975182	0.0009562808	0.018530695	0.00042522324	0.0030101054	0	0.0018545093	0.012663833	0.0032870321	0.00055079078	0	0.00013755915	0.0014988393	0.028822888	0.00017381732	0.016089869	0.00033152835	0.0045238095	0.0066836497	0.012324226	0.0005269398	0.002681247	0	0.0088536573	0.0015589201	0.0034630907	0.00017295054	0.0080493764	0.019203784	0.010607099	0.0022927318	0.00031751912	0.00029421654	0.001245171	0.013353617	0.0033326799	0.0020299858	0.014052673	0.0043489583	0.0019134048	0.0069634567	0.010763682	0.0016900907	0.00028956597	0.0024706948	0.0050498511	0.0072962802
g__Roseimarinus	0	0	0	0	0	0	0	0	0	0	0	0	0	0	0	0	0	0	0	0	0	0	0	0	0	0	0	0	0	0	0	0	0.0040616177	0	0	0	0	0	0	0	0	0	0	0	0	0	0	0	0	0	0	0	0	0	0	0	0	0	0	0	0	0	0	0	0	0	0	0	0	0	0	0	0	0	0	0	0	0	0	0	0	0	0	0	0	0	0	0	0	0	0	0	0	0	0	0	0	0	0	0
g__Roseomonas	0	0	0	0	0.00015852167	0	0	0	0	0	0	0	0	0	0	0	0	0	0	0	0	0	0	0	0	0	0	0	0	0	0	0	0	0	0	0	0	0	0	0	0	0.0081134146	0	0	0	0	0	0	0	0	0	0	0	0	0	0	0	0.00050168423	0	0	0	0	0	0	0	0	0	0	0	0	0	0.0034240009	0	0	0	0	0	0	0	0	0	0	0	0	0.00044981875	0	0.00028734715	0	0.054583135	0	0	0	0	0	0	0	0	0	0	0
g__Rossellomorea	0	0	0	0	0	0	0	0	0	0	0	0	0	0	0	0	0	0	0	0	0	0	0	0	0	0	0	0	0	0	0	0	0	0	0	0	0	0	0	0	0	0	0	0	0	0	0	0	0	0	0	0	0	0	0	0	0	0	0	0	0	0	0	0	0	0	0	0	0	0	0	0	0	0	0	0	0	0	0	0	0	0	0	0	0	0	0	0	0.00070014283	0	0	0	0	0	0	0	0	0	0	0
g__Rothia	0	0	0.00017436792	0	0.0013361112	0.018980352	0	0.0005487057	0.024911688	0.1093152	0.02503142	0.011829827	0.18983724	0	0.059592953	0.020020171	0.058645276	0	0.0050425376	0.012742413	0.0012680831	0.0032690984	0.0080055112	0.017532993	0	0	0	0.0037697914	0.018490288	0.00014643969	0.061608323	0.0017468112	0.0021298727	0.012509981	0.00482613	0	0.021129622	0.0065905097	0.018513033	0.24578544	0	0.019229659	0.0029461018	0.011515612	0.0092066902	0	0.0021401013	0.0098633515	0.029952164	0.0047572279	0.06325748	0.00034913763	0	0.0083576423	0.056028247	0	0.0018509718	0.056093074	0.0012295697	0.00072855724	0.013667493	0	0.0014950035	0.00012142554	0.12787499	0.00062146996	0.001887846	0.00026072598	0	0.00013813681	0	0.11285507	0.0040902529	0.014688447	0.02173913	0.00066369332	0	0.0010865201	0.0060148418	0.0027672086	0.088337405	0.0025466452	0	0.013071206	0.038869632	0.0045183255	0.0054276683	0	0.16240513	0.018037874	0.0070017689	0.049192708	0	0.010058326	0	0.0030836743	0.099675043	0.022263705	0.0020976305	0
g__Rubellimicrobium	0	0	0	0	0	0	0	0	0	0	7.8550482e-05	0	0	0	0	0	0	0	0	0	0	0	0	0	0	0	0	0	0	0	0	0	0.0029223835	0	0	0	0	0	0	0	0	0	0	0	0	0	0	0	0	0	0	0	0	0	0	0	0	0	0	0	0	0	0	0	0	0	0	0	0	0	0	0	0	0	0	0	0	0	0	0	0	0	0	0	0.00013229963	0	0	0	0	0	0	0	0	0	0	0	0	0	0	0
g__Rubritepida	0	0	0	0	0	0	0	0	0	0	0	0	0	0	0	0	0	0	0	0	0	0	0	0	0	0	0	0	0	0	0	0	0	0	0	0	0	0	0	0	0	0	0	0.00062812426	0	0	0	0	0	0	0	0	0	0	0	0	0	0	0	0	0	0	0	0	0	0	0	0	0	0	0	0	0	0	0	0	0	0	0	0	0	0	0	0	0	0	0	0	0	0	0	0	0	0	0	0	0	0	0	0
g__Rubrobacter	0	0	0	0	0	0	0	0	0	0	0	0	0	0	0	0	0	0	0	0	0	0	0	0	0	0	0	0	0	0	0	0	0	0	0	0	0	0	0	0	0	0	0	0	0.00042964554	0	0	0	0.0013861709	0	0	0	0	9.2605454e-05	0	0	0	0	0	0	0	0	0	0	0	0	0	0	0	0	0	0	0	0.00019760242	0	0	0	0	0	0	0	0	0	0	0	0	0	0	0	0	0	0	0	0	0	0	0	0	0.010177392	0
g__Rufibacter	0	0	0	0	0	0	0	0	0	0	0	0.0012980969	0	0	0	0	0	0	0	0	0	0	0	0	0	0	0	0	0	0	0	0	0	0	0	0	0	0	0	0	0	0	0	0	0	0	0	0	0	0	0	0	0	0	0	0	0	0	0	0	0	0	0	0	0	0	0	0	0	0	0	0	0	0	0	0	0	0	0	0	0	0	0	0	0.00047627868	0	0.00047891191	0	0	0	0	0	0	0	0	0	0	0.0012078952	0	0
g__Ruminococcus	0	0	0	0	0	0	0	0	0	0	0	0	0	0	0	0	0	0	0	0	0	0.00022941042	0	0	0	0	0	0	0	0	0	0	0.012283917	0	0	0	0	0	0	0	0	0	0	0	0	0	0	0	0	0	0	0	0	0	0	0	0	0	0	0	0	0	0	0	0	0	0	0	0	0	0	0	0	0	0	0	0	0	0	0	0	0	0	0	0	0	0	0	0	0	0	0	0	0	0	0	9.6521991e-05	0	0	0
g__Ruthenibacterium	0	0	0	0	0	0	0	0	0	0.00077098879	0	0	0	0	0	0	0	0	0	0	0	0	0	0	0	0	0	0	0	0	0	0	0	0	0	0	0	0	0	0	0	0	0	0	0	0	0	0	0	0	0	0	0	0	0	0	0	0	0	0	0	0	0	0	0	0	0	0	0	0	0	0	0	0	0	0.00010619093	0	0	0	0	0	0	0	0	0	0	0	0	0	0	0	0	0	0	0	0	0	0	0	0
g__S5-A14a	0	0	0	0	0	0	0.00015534651	0	0	0	0	0	0	0	0.00064801037	0	0	0	0	0	0	0	0	0	0	0	0	0	0	0.0024528647	0	0	0	0	0	0	0	0	0	0	0	0	0	0	0	0	0	0	0	0	0	0	0	0	0	0	0	0	0	0	0	0	0	0	0	0	0	0	0	0	0	0	0	0	0	0	0	0	0	0	0	0	0	0	0	0.00060944855	0	0	0	0	0	0	0	0	0	0	0	0	0	0
g__SKP-2	0	0	0	0	0	0	0	0	0	0	0	0	0	0	0	0	0	0	0	0	0	0	0	0	0	0	0	0	0	0	0	0	0.00024765962	0	0	0	0	0	0	0	0	0	0	0	0	0	0	0	0	0	0	0	0	0	0	0	0	0	0	0	0	0	0	0	0	0	0	0	0	0	0	0	0	0	0	0	0	0	0	0	0	0	0	0	0	0	0	0	0	0	0	0	0	0	0	0	0	0	0	0
g__SM1A02	0	0	0	0	0	0	0	0	0	0	0	0	0	0	0	0	0	0	0	0	0	0	0	0	0	0	0	0	0	0	0	0	0	0	0	0	0	0	0	0	0.00011214848	0	0	0	0	0	0	0	0	0	0	0	0	0	0	0	0	0	0	0	0	0	0	0	0	0	0	0	0	0	0	0	0	0	0	0	0	0	0	0	0	0	0	0	0	0	0	0	0	0	0	0	0	0	0	0	0	0	0	0
g__Saccharofermentans	0	0	0	0	0	0	0	0	0	0	0	0	0	0	0	0	0	0	0	0	0	0	0	0	0	0	0	0	0	0	0	0	0.0046560008	0	0	0	0	0	0	0	0	0	0	0	0	0	0	0	0	0	0	0	0	0	0	0	0	0	0	0	0	0	0	0	0	0	0	0	0	0	0	0	0	0	0	0	0	0	0	0	0	0	0	0	0	0	0	0	0	0	0	0	0	0	0	0	0	0	0	0
g__Saccharopolyspora	0	0	0	0	0	0	0	0	0	0	0	0	0	0	0	0	0	0	0	0	0	0	0	0	0	0	0	0	0	0	0	0	0	0	0	0	0	0	0	0	0	0	0	0	0	0	0	0	0	0	0	0	0	0	0	0	0.00022511819	0	0	0	0	0	0	0	0	0	0	0	0	0	0	0	0	0	0	0	0.00097802028	0	0	0	0	0	0	0	0	0	0.00044698445	0	0	0	0	0	0	0	0	0.0012749807	0	0	0	0
g__Salinicoccus	0	0	0	0	0	0	0	0	0	0	0	0	0	0	0	0	0	0	0	0	0	0	0	0	0	0	0	0	0	0	0	0	0	0	0	0	0	0	0	0	0	0	0	0	0	0	0	0	0	0	0	0	0	0	0	0	0	0	0	0	0	0	0	0	0	0	0	0	0	0	0	0	0	0	0	0	0	0	0	0	0	0	0	0	0	0	0	0	0	0	0	0	0	0	0	0	0	0	0.00064741681	0
g__Scardovia	0	0	0	0	0	0	0	0	0	0	0.00060222036	0	0	0	0	0	0	0	0	0	0	0	0	0	0	0	0	0	0	0	0	0	0	0	0	0	0.0047947989	0	0	0	0	0	0.00058922037	0	0	0	0	0	0	0.0051562212	0.0047862961	0	0	0.00023151364	0	0	0	0	0	0.00011038746	0	0	0	0	0	0.0001279497	0	0	0	0.00038678307	0.0025925926	0	0	0	0	0	0	0	0	0	0	0.0049373733	0	0	0	0	0	0	0	0	0	0	0	0	0	0.0015418372	0	0	0	0
g__Schaalia	0.00079504662	0.0029059549	0.047253705	0	0.001471987	0.0039296263	0.00089755761	0.011942418	0.00024573798	0.017402318	0.035269166	0.003967768	0.00068042023	0	0.0033600538	0.0026475038	0.0035650624	0.0040261039	0.0083384979	0.0012854189	0.00043994721	0.0021220463	0	0.033279337	0.00032073711	0.0061743696	0	0.0068998606	0.0023358741	0.0013179572	0.021959402	0.00082396757	0.0024270642	0.0031940378	0	0.0062345794	0.011160775	0.019085018	0.010041469	0.025670498	0	0.0050528383	0.12330211	0.0014394514	0	0	0.00036170726	0	0.013970428	0.0091461543	0.032244521	0.00037241347	0.0030383054	0.0066907441	0.002378442	0	0.007779084	0.0011467068	0.0071375019	0.0033999338	0.043895383	0.0062559644	0.00041309308	0.0037338352	0.081875206	0.0015719534	0	0.015006228	0	0.00077356614	0.0073280423	0.0021091845	0.0051061327	0.011109647	0	0.001486673	0.0035517579	0	0	0.0063703447	0.0014915777	0.0094329817	0.001726737	0.0040320455	0.0044452676	0.00069351042	0.010472207	0.010528349	0	0.0017689876	0.0053066038	0.0047916667	0.0012573803	0.022824664	0.0095708727	0.059597936	0.055918407	0.0029648338	0.0096076654	0.0041985612
g__Schinkia	0	0	0	0	0	0	0	0	0	0	0.00020946795	0	0	0	0	0	0	0	0	0	0	0	0	0	0	0	0	0	0	0	0	0	0	0	0	0	0	0	0	0	0	0	0	0	0	0	0	0	0	0	0	0	0	0	0	0	0	0	0	0	0	0	0	0	0	0	0	0	0	0	0	0	0	0	0	0	0	0	0	0	0	0	0	0	0	0	0	0	0	0	0	0	0	0	0	0.00062266501	0	0	0	0
g__Sediminibacterium	0	0	0	0	0	0	0	0	0	0	0	0	0	0	0	0	0	0	0	0	0	0	0	0	0	0	0	0	0	0	0	0	0	0	0	0	0	0	0	0	0	0	0	0	0	0	0	0.004623446	0	0	0	0	0	0	0	0	0	0	0	0	0	0	0	0	0	0	0	0	0	0	0	0	0	0	0	0	0	0	0	0	0	0	0	0	0	0	0	0	0	0	0	0	0	0	0	0	0	0	0	0
g__Segatella	0.010287421	0.0046635889	0.00045335658	0.015650312	0.0088545677	0.0057018107	0.0020540261	0.00067781292	0.0007064967	0.0032216317	0.0061007541	0.0035024125	0.0010614556	0.021575915	0.0017040273	0.0047402925	0.0038324421	0.015578127	0.025522565	0.004275415	0.002613804	0.0018639596	0.0047035348	0.0070989566	0.0057149522	0.01723866	0.016946178	0.007036944	0.0070076223	0.029873696	0.00047443153	0	0.0039873198	0.0011445302	0.00045244969	0.021515931	0.012190167	0.011094025	0.01457346	0.0006385696	0.0077943197	0.0064965063	0.010233827	0.0021984349	0.0060764155	0.0046339203	0.00078369906	0.0078769821	0.006251359	0.0039899331	0.013071347	0.0083560273	0.00051111679	0.0047460295	0.002329402	0.018590472	0.0013507091	0.0030817745	0.021412506	0.002693454	0.0062876373	0.0098186831	0.0015736879	0.015846032	0.00022009464	0.00032901351	0.0013560584	0.040905009	0.0097416845	0.013730799	0.012010582	0.0027118087	0.007084425	0.00024151407	0.0040218706	0	0.011067072	0.00016534001	0.0068741049	0.023838349	0.012626977	0.0051712489	0.021597917	0.0033995678	0.02143254	0.0054430061	0.0060342901	0.015840819	0.002632537	0.0012759911	0.0060681997	0.0026822917	0.0093210147	0.024758957	0.0027832212	0.0092806737	0.0042791416	0.00071375628	0.0018904571	0.0010752413
g__Selenomonas	0.020863951	0.0020857257	0	0	0.054689977	0.13643252	0.0060239924	0.001000581	0.0016587314	0	0.021575199	0.0093071101	0	0	0.029160467	0	0.0076648841	0.0015525499	0.0099160516	0.028698374	0.046323853	0.00020073411	0.0097396427	0.0092191148	0.049364357	0.0040786894	0	0.071214787	0.0043275141	0.041112942	0.0002033278	0.00029662832	0.0024518302	0.005775885	0	0.015944605	0	0.0033227153	0	0.00028735632	0	0	0.0026669975	0	0	0	0.011092356	0	0.0032343988	0.0010742128	0	0.091241301	0.13564472	0.0018058064	0.0030650026	0.016827067	0.021836464	0.0093886619	0.23565752	0.0078375097	0.014434998	0.0048775315	0.0036194823	0	0	0	0	0.14056027	0	0.037435076	0.017513228	0	0.0027535689	0.00048302815	0.0073077125	0.00061059785	0.033329902	0.031390982	0.011508918	0.013951343	0.011778321	0.021932332	0.052871043	0.018789859	0.00037043897	0.013744116	0.013473388	0	0	0.021343851	0	0.035729167	0.00068335885	0.18262707	0.012325694	0.013253869	0.00070782793	0.0042276333	0.0074323449	0.018432708
g__Senegalimassilia	0.00089141591	0	0	0	6.793786e-05	0	0.00037973591	0	0	0	0	7.3477185e-05	0	0	0	0.0059001513	0	0	0.0027325483	0	0.00031055097	0	0	0.0030730383	0	0.00033801293	0	0	0	0	0	0	0.00076774481	0	0.0010988064	0	0.011540024	0	0	0.00019157088	0	0	0	0.0019628883	0	0.0014232755	0	0	0	0	0.0071374591	0	0	0	0	0	0	0	0	0	0	0	0	0	0	0	0.0021537398	0	0	0	0	0.0015065604	0	0	0	0	0.0010552324	0	0	0	0	0	0	0.00071153745	0	0	0	0.010069545	0	0.00052199635	0.0013757862	0	0	0	0	0	0	0	0.00025896672	0
g__Serinicoccus	0	0	0	0	0	0	0	0	0	0	0	0	0	0	0	0	0	0	0	0	0	0	0	0	0	0	0	0	0	0	0	0	0	0	0	0	0	0	0	0	0	0	0	0	0	0	0	0	0.0010328332	0	0	0	0	0	0	0	0	0	0	0	0	0	0	0	0	0	0	0	0	0	0	0	0	0	0	0	0	0	0	0	0	0	0	0	0	0	0	0	0.00044809141	0	0	0	0	0	0	0	0	0	0	0
g__Serratia	0.07533669	0.089451853	0.019319965	0.13198429	0.0015625708	0.0011814563	0.017122637	0.00041959848	0.0056519736	0.0097475012	0.062735651	0.026843665	0.042784824	0.30231224	0.050424807	0.044150277	0.00075757576	0.0030261565	0.051101471	0.028754261	0.056183846	0.01783666	0.13749525	0.25765877	0.0027116865	0.032944994	0.28439999	0.022481665	0.13828375	0.0023796449	0.018028398	0.01905013	0.15434147	0.017114719	0.17962253	0.088371846	0.1455235	0.16775593	0.0093009479	0.0048850575	0.20312894	0.070075648	0.016157043	0.029076919	0.076906552	0.037567854	0.0059380275	0.35175862	0.10532181	0.068841692	0.15304951	0.17421968	0.12192975	0.033870445	0.092685678	0.15045729	0.038995473	0.14467617	0.0010196431	0.0010817971	0.056057386	0.15370586	0.0071602801	0.00045534576	0.0005502366	0.0039481621	0.066101199	0.00072423882	0.20448761	0.0022378163	0.0093650794	0.088750103	0.15310378	0.0061037193	0.12257505	0.002681321	0.14196737	0.014526301	0.33620622	0.0029978093	0.054854057	0.15064186	0.1527477	0.061086808	0.032889689	0.04854573	0.072762683	0.40415822	0.14686196	0.072760491	0.19246266	0.024947917	0.056609447	0.03306154	0.067422112	0.10090138	0.014317429	0.061355588	0.13486987	0.040961573
g__Shewanella	0	0	0	0	0	0	0	0	0	0	0	0	0	0	0	0	0	0	0	0	0	0	0	0	0	0	0	0	0	0	0	0	0	0	0	0	0	0	0	0	0	0	0	0	0	0	0	0	0	0	0	0	0	0	0	0	0	0	0	0	0	0	0	0	0	0	0	0	0	0	0	0	0	0	0	0	0	0	0	0	0	0	0	0	0	0	0	0	0	0	0	0	0	0	0.0018176138	0	0	0	0	0
g__Shinella	0	0	0	0	0	0	0	0	0	0	0	0	0	0	0	0	0	0	0	0	0	0	0	0	0	0	0	0	0	0	0	0	0	0	0	0	0	0	0	0	0	0	0	0	0	0	0	0	0	0	0	0	0	0	0	0	0	0	0	0	0	0	0	0	0	0	0	0	0	0	0	0	0	0	0	0	0	0	0	0	0	0	0	0	0	0	0.00028734715	0	0	0	0	0	0	0	0	0	0	0	0	0
g__Shuttleworthia	0	0	0	0	0	0.00020547066	0	0.00041959848	0	0	0.0041631755	0	0	0	0	0	0	0.002605126	0	0	0	0	0	0	0	0	0	0	0	0.00014643969	0	0	0	0	0	0	0	0	0.0010367299	0	0	0	0	0	0	0	0	0	0	0	0	0.00018620674	0	0	0	0	0	0.00097947873	0.0023091918	0	0	0	0	0.00012142554	0	0	0	0	0	0.00046966516	0	0	0	0	0	0.0001592864	0.0085705461	0	0	0	0	0	0	0	0	0	0	0	0	0.0022619842	0	0	0.0017220643	0.0094929175	0	0	0	0	0	0
g__Skermanella	0	0	0	0	0	0	0	0	0	0	0	0	0.014452126	0	0	0	0	0	0	0	0	0	0	0	0	0	0	0	0	0	0	0	0	0	0	0	0	0	0	0	0	0	0.00037213918	0	0.0013503146	0.00029789488	0	0	0	0	0	0	0	0	0	0	0	0	0	0	0	0	0	0	0	0	0	0	0	0	0	0	0	0	0	0	0	0	0	0	0	0	0	0	0	0	0	0	0	0	0	0	0	0	0	0	0	0	0	0
g__Slackia	0	0	0	0	0.00011322977	0	0.00032795374	0	0	0	0	0	0	0	0	0	0	0.00034208726	0.0018029185	0.00072654111	0	0	0	0	0.00043736879	0.00029294454	0	0	0	0.00021965953	0	0	0	0	0	0	0	0	0	0	0	0	0	0	0	0	0	0	0	0	0	0	0	0	0.00034328029	0	0	0	0.00026990553	0.0020090518	0	0.00053016647	0.00025572429	0	0	0	0	0	0	0	0.00052910053	0	0	0.0003512932	0	0	0.0016729294	0	0	0.00034590107	0	0	0	0	0	0.00010507734	0.00012770984	0	0	0	0	0.0014583333	0	0	0	0	0	0	0	0
g__Sneathia	0.0077577276	0	0.00013949433	0	0	0	5.178217e-05	0	0	0	0	0	0	0	0	0	0	0	0	0	0	0	0	0	0	0	0	0	0	0	0	0	0	0	0	0.0058366275	0	0	0	0	0	0	0	0	0	0	0	0	0	0	0	0	0	0	0	0	0	0	0	0	0	0	0	0	0	0	0	0	0	0	0	0	0	0	0	0	0	0	0	0	0	0	0.00074003015	0	0	0	0	0	0	0	0	0	0	0	0	0	0	0	0	0
g__Solitalea	0	0	0	0	0	0	0	0	0	0	0	0	0	0	0	0	0	0	0	0	0	0	0	0	0	0	0	0	0	0	0	0	0.00071821289	0	0	0	0	0	0	0	0	0	0	0	0	0	0	0	0	0	0	0	0	0	0	0	0	0	0	0	0	0	0	0	0	0	0	0	0	0	0	0	0	0	0	0	0	0	0	0	0	0	0	0	0	0	0	0	0	0	0	0	0	0	0	0	0	0	0	0
g__Solobacterium	0.0072276965	0	0	0	0.0051179854	0.0072171568	0	0.00083919695	0.00086008294	0.00066084754	0.00099497277	0.0029635798	0	0	0.0068641098	0	0.00040106952	0.024261881	0.005577779	0.0025987816	0	0.00022941042	0.0026130749	0	0.00052484255	0.0033125268	0	0	0	0.001867106	0.00094886306	0	0.0015602556	0	0	0.0024142414	0.002302587	0	0.0016587678	0	0	0	0.0013024871	0	0	0	0.00024113817	0	0.0011143727	0	0.010384303	0.00083793031	0.00059630292	0.0012038709	0	0	0	0	0.00092967461	0	0	0.00021206659	1.9671099e-05	0.0020035213	0	0	0	0	0	0.0016576417	0.0038888889	0.0031774728	0.0023525638	0.00068063057	0	0.0017521504	0.0035002831	0.00025982002	0	0.017410354	0.013347049	0.00070162673	0.0027682609	0.0018447267	0.00023813934	0.0016812374	0.00019156476	0	0	0.0017689876	0	0.0011458333	0.021457468	0.0029163195	0	0	0.0019304398	0	0.0038068108	0
g__Sphaerochaeta	0	0	0	0	0	0	0	0	0	0	0	0	0	0	0	0	0	0	0	0	0	0	0	0	0	0	0	0	0	0.00010982976	0	0	0	0	0	0	0	0	0	0	0	0	0	0	0	0	0	0	0	0	0	0	0	0	0	0	0	0	0	0	0	0	0	0	0	0	0	0	0	0	0	0	0	0	0	0	0	0	0	0	0	0	0.00098670687	0.00010541296	0	0	0	0	0	0	0	0	0	0	0	0	0	0	0	0
g__Sphingobacterium	0	0	0	0	0	0	0	0	0	0	0	0	0	0	0	0	0	0	0	0	0	0	0	0	0	0	0	0	0	0	0	0	0	0	0	0	0	0	0	0	0	0	0	0	0	0	0	0	0	0	0	0	0	0	0	0	0	0	0	0	0	0	0	0	0	0	0	0	0	0	0	0	0	0	0	0	0	0	0	0	0	0	0	0	0.00029105919	0	0	0	0	0	0	0	0	0	0	0	0	0	0.00072510682	0
g__Sphingobium	0	0	0	0	0	0	0	0	0	0	0.00015710096	0	0	0	0	0	0	0	0	0	0	0	0	0	0	0	0	0	0	0	0	0	0	0	0	0	0	0	0	0	0	0	0	0	0	0	0	0	0	0	0	0	0	0	0	0	0	0	0	0	0	0	0	0	0	0	0	0	0	0	0	0	0	0	0	0	0	0	0	0	0	0	0	0	0	0	0.00041505699	0	0	0	0	0.00015625	0	0	0	0	0	0	0	0
g__Sphingomonas	0	0.00093740479	0	0	0	0	0.00020712868	0	0	0	0	0.0014450513	0	0	0	0	0	0	0	0	0	0	0	0	0	0	0	0	0.0019178756	0	0	0	0.0060676606	0.00015970189	0	0	0	0	0.0011255924	0	0	0.0082577814	0	0.0073542883	0.011078717	0.07440752	0	0	0	0	0	0	0	0	0	0	0	0.0007644712	0	0	0	0.00031809988	0	0	0	0	0.0031641362	0	0.0018722757	0	0.0010846561	0.00068480018	0	0	0	0	0	0	0.0031766697	0	0.000360036	0	0	0	0.00074087794	0.00052538668	0.0060342901	0	0.0014843028	0	0	0	0	0	0	0.0017790429	0	0	0	0
g__Staphylococcus	0.00031320018	0.00063274824	0	0.0072211087	0.00054350288	0	0.00043151808	0	0.00021502073	0.003772338	0.00054985337	0.003037057	0.0019051766	0.021301539	0	0.0014624307	0	0	0.0015212125	0.00013971944	0.00062110194	0	0.001472824	0.0060746105	0	0	0.011982653	0.00038840275	0.0028522252	0	0	0.0093602716	0.0029719154	0.0012776151	0.00060326626	0.0018040485	0.005959637	0.0027460457	0.00059241706	0.0004789272	0	0.006554253	0	0.0041874951	0.0053398803	0.0048987157	0	0.096784136	0.0010871929	0.00098213738	0.0034147843	0.0011405163	0.00011358151	0.00043987591	0.00019616016	0	0.00010005253	0	0	0.00011038746	0.014287401	0.00065740643	0.00047210638	0	0	0.00053007732	0.005663538	0.00028969553	0.0028084135	0.00019339153	0.0017460317	0.0062179856	0.0011228145	0.00028542572	0	0	0.0062799197	0.00021258001	0.0017966411	0.0005476767	0.00054005401	0.01603347	0.00167192	0.00065883097	0.00023813934	0.00052538668	0.013664953	0.015864967	0.007421514	0	0.0046678459	0.002890625	0.012300459	0.0086001666	0.0036920281	0.011919587	9.6521991e-05	0.0037060422	0	0.00089603441
g__Stenotrophomonas	0	0	0	0	0	0	0	0	0.00049147596	0.0003854944	0.00018328446	0.0087682774	0	0	0	0	0	2.6314405e-05	0	0	0	0	0	0.0016437181	0	0	0	0	0	0	0	0	0	2.6616982e-05	0.00053863059	0	0	0	0	0	0	0	0	0	0.0055240141	0.186085	0	0	0	0	0	0	0	0	0.00049040041	0	0.0015508142	0	0	0.00048570482	0	0	0	0	0	0	0	0	0	0.00011050945	0.00026455026	0	0	0	0	0	0	0	0	0	0	0	0	0	0.0035456301	0	0.033523834	0	0.00022404571	0.00011599919	0	0	0.013284496	0	0.002896822	0	0	0.00065885195	0	0
g__Stomatobaculum	0.00098778519	0.0011248858	0.000418483	0	0.0012908193	0	0.0024165013	0.054450972	0	0	0.0031943863	0	0	0	0.0013200211	0	0.00071301248	0.021788327	0	0	0	0.0017779307	0.0042521855	0.0026442422	0.00081642174	0	0	0.0016449999	0	0.00029287937	0.0034226846	0	0	0	0	0	0	0	0.00038507109	0	0	0	0.022328351	0	0	0	0.0006329877	0	0	0.0041127003	0	0	2.8395377e-05	0.00090290318	0	0	0.0014757748	0	0.013975109	0.0024726791	0	0	0.00015736879	0.0074373141	0	0	0	0.0011298126	0	0.0039230854	0.00037037037	0	0	0	0	0.0026282255	0	0	0	0.0068891964	0.00090009001	0.0057949171	0.0029327121	0	0	0.00035726295	0	0	0	0.0015079894	0	0.001796875	0.011125082	0.015325556	0	0	0.0010295679	0.0029373816	0.0013984203	0
g__Streptobacillus	0	0	0	0	0	0	0	0.00029049125	0	0	0	0	0	0	0	0	0	0	0	0	0	0.00048749713	0.0011402509	0	0.00032073711	0.0084503234	0	0	0	0	0	0	0	0	0	0	0	0	0	0	0	0	0	0	0	0	0	0	0	0	0	0	0	0	0	0	0	0	0	0	0	0.0008270597	0	0	0	0	0.0010635752	0	0.0020478015	0	0	0	0.010238999	0	0	0	0	0	0	0	0	0	0	0	0	0	0	0	0	0	0.0016951651	0	0	0	0	0	0	0	0	0
g__Streptococcus	0.019707519	0.1800989	0.14566696	0.065950962	0.036482631	0.15387184	0.17645637	0.30059389	0.03772078	0.15133409	0.19724026	0.2112714	0.30191606	0	0.068473096	0.16631367	0.30093583	0.043997684	0.10603414	0.083049237	0.089024611	0.22046341	0.014656975	0.35268474	0.0040237929	0.13141943	0.038479858	0.035664511	0.078337841	0.016620904	0.11166085	0.19099568	0.014636683	0.025126431	0.21355625	0.05093784	0.057971014	0.07510435	0.16916469	0.11960409	0.012588667	0.25896518	0.15239099	0.20890366	0.049992328	0.0099629286	0.038340969	0.063152848	0.33711133	0.19965011	0.15240574	0.033517212	0.014424852	0.39401306	0.31321874	0.12053918	0.16828835	0.11149335	0.019433198	0.009603709	0.076425788	0.104464	0.022700449	0.17300103	0.09260482	0.38628014	0.1567444	0.032706625	0.050756224	0.1423638	0.044047619	0.21064453	0.14390739	0.45986475	0.022606593	0.020760327	0.052787358	0.014786121	0.045957558	0.057534878	0.25925164	0.052959825	0.032232424	0.082907289	0.39700474	0.51412239	0.13961879	0.00033806626	0.27686448	0.055824609	0.36669615	0.19653646	0.036573365	0.037019402	0.065377297	0.19738481	0.41407934	0.13333516	0.099339635	0.034228514
g__Succiniclasticum	0	0	0	0	0	0	0	0	0	0	0	0	0	0	0	0	0	0	0	0	0	0	0	0	0	0	0	0	0	0.00065897858	0	0	0	0	0	0	0	0	0	0	0	0	0	0	0	0	0	0	0	0	0	0	0	0	0	0	0	0	0	0	0	0.00044533984	0	0	0	0	0	0	0	0	0	0	0	0	0	0	0	0	0	0	0	0	0	0	0	0	0	0	0	0	0	0	0	0	0	0	0	0	0	0
g__Succinivibrio	0.00016864625	0.0013123667	0	0	0	0	0.00029343229	0	0	0.00030288845	0	0.0014695437	0	0.0037664314	0.00012000192	0	0	0	0.00067609443	0	0	0	0	0.0018581162	0	6.7602587e-05	0	0	0.0019670519	0	0	0	0	0.00010646793	0.00040935925	0	0	0.00082381371	0	0	0	0.0031471964	9.3034795e-05	0.00068046795	0.0034985423	0	0	0.00082194596	0.0013046314	0	0	0.00018620674	0	0	0.00031876027	0	0	0.0007644712	0	0	0.0011217381	0	0	0	0	0	0	0	0.0016089869	0	0	0	0	6.5867475e-05	0	0	0.0012096567	0	0.0010154928	0	0	0.0017930461	0	0.00031623887	0	0	0	0	0	0	0.0013020833	0	0	0.0011605761	0.0024424186	0	0	0.00010980866	0.0024083905	0
g__Sutterella	0.0002168309	0	0.0002092415	0.0036517394	0	0	0.00037973591	0	0.00012286899	0.0010463419	0.00060222036	0.00053883269	0.00043546895	0	0.00019200307	0	0	0	0.00084511803	0.00013971944	0.00087989441	0	0.0025418092	0	0	0.00027041035	0.00193026	0.00020562499	0.0070813868	0	0	0	0.00089157462	7.9850945e-05	0	0.00045101212	0.021508872	0	0.016854265	0.0001596424	0.02366333	0.003031703	0.0011474291	0	0.00070584625	0.00092678406	0	0	0.0037236356	0.00098213738	0.020572676	0.0002793101	5.6790754e-05	0.00037042182	0.00034328029	0.0018530695	0	0.0011467068	0	0.0027596865	0.0047821467	0.00014844661	0.00017703989	0.0023374416	0	0.00029245645	0.00058496636	0	0.0016089869	0	0.0005026455	0.0017804805	0.0057210073	0.00021955825	0.0014983439	0	0.00066917177	0.00023620001	0.0034110142	0	0.0022630835	0	0.0024941757	0.0009487166	0.00029105919	0	0	0.0078721144	0.00084017139	0.0009569933	0.0025304638	0.0014583333	0.001776733	0	0.0040896311	0.001452885	0	0.00041178247	0.0013725236	0
g__TM7a	0	0.0011248858	0.00010462075	0	0	0	0.00020712868	0	0	0	0	0	0	0	0	0	0	0	0	0	0	0	0	0	0	0	0	0	0.0020408163	0	0	0	0.0027242558	0	0	0	0	0	0	0	0	0	0	0	0	0	0	0	0	0	0	0	0	0	0	0	0	0	0.00014994752	0	0	0	0	0	0	0	0	0	0	0	0	0	0	0	0	0	0	0	0	0	0	0.001922977	0	0.0013176619	0	0	0	0	0	0	0	0	0	0.0011605761	0	0	0	0	0	0
g__TM7x	0	0	0	0	0.00054350288	0	0	0.00019366084	0	0	0	0	0	0	0.00028800461	0	0.00013368984	0	0	0	0	0.00088896536	0.0050123527	0	0.00029157919	0	0	0	0	0	0.00013555187	0	0.0034672346	0	0	0	0	0	0	9.5785441e-05	0	0	0	0	0	0	0.00027128044	0	0	0	0.0089568114	0	0.00019876764	0	0	0	0.00025013132	0.00078836093	0	0	0	0	0	0	0	0	0	0	0	0	0	0	0	0	0	0	0	0	0.0010675693	0	0	0.003845954	0.0047142661	0.0054287672	0.00021167941	0.00069351042	0.00054276683	0	0	0.0026969811	0	0.00109375	0	0	0	0	0.00074000193	0.00024706948	0.0069921015	0
g__Tannerella	0.00019273857	0	0	0	0	0	0.0018468974	0	0	0.0001927472	0	0.0009796958	0	0	9.6001536e-05	0	0	0.00010525762	0.0017747479	0	0	0	0.0034920182	0.0015960741	0.0038196874	0	0	0.00052548607	0	0.00032948929	0	0	0	0	0	0.00055713262	0	0	0	0	0	0	0	0	0	0	0.0027429467	0	0	0	0	0.00069827526	0.00034074453	0.00034727045	0	0	0	0.00011944863	0	0.0024285241	0	0.00042413318	0	0	0	0	0	0.0029548944	0	0.0002210189	0.00044973545	0	0	0	0	0	0.0020075153	0	0	0	0	0.0054051245	0.0054268878	0	0	0.00023117014	0	0	0	0.0028999797	0	0	0	0	0.00076680583	0	0	0.00035687814	0	0
g__Tautonia	0	0	0	0	0	0	0	0	0	0	0	0	0	0	0	0	0	0	0	0	0	0	0	0	0	0	0	0	0	0	0	0	0	0	0	0	0	0	0	0	0	0	0	0	0	0	0	0	0	0	0	0	0	0	0	0	0	0	0	0	0	0	0	0	0	0	0	8.6908659e-05	0	0	0	0	0	0	0	0	0	0	0	0	0	0	0	0	0	0	0	0	0	0	0	0	0	0	0	0	0	0	0	0
g__Tepidicella	0	0	0	0	0	0	0	0	0	0	0	0	0	0	0.00084001344	0	0	0	0	0	0	0	0	0	0	0	0	0	0	0	0	0	0	0	0	0	0	0	0	0	0	0	0	0	0	0	0	0	0	0	0	0	0	0	0	0	0	0	0	0	0	0	0	0	0	0	0	0	0	0	0	0	0	0	0	0	0	0	0	0	0	0	0	0	0	0	0	0	0	0	0	0	0	0	0	0	0	0	0	0
g__Terrimonas	0	0	0	0	0	0	0	0	0	0	0	0	0	0	0	0	0	0	0	0	0	0	0	0	0	0	0	0	0	0	0	0	0	0	0	0	0	0	0	0	0.0032803432	0	0	0	0	0	0	0	0	0	0	0	0	0	0	0	0	0	0	0	0	0	0	0	0	0	0	0	0	0	0	0	0	0	0	0	0	0	0	0	0	0	0	0	0	0	0	0	0	0	0	0	0	0	0	0	0	0	0.00036255341	0
g__Tessaracoccus	0	0	0	0	0	0	0	0	0	0	0	0	0	0	0.00033600538	0	0	0	0	0	0	0	0	0	0	0	0.0075204933	0	0	0	0	0	0.0031948091	0	0	0	0	0	0	0	0	0	0	0	0	0	0	0.0015753964	0	0	0	0	0	0	0	0	0	0	0	0	0	0	0	0	0	0	0	0	0	0	0	0	0	0	0	0	0	0	0	0	0	0	0	0	0	0	0	0	0	0	0	0	0	0	0	0	0	0	0	0
g__Tetrasphaera	0	0	0	0	0	0	0	0	0	0	0	0	0	0	0	0	0	0	0	0	0	0	0	0	0	0	0	0	0	0	0	0	0.00074297885	0	0	0	0	0	0	0	0	0	0	0	0	0	0	0	0	0	0	0	0	0	0	0	0	0	0	0	0	0	0	0	0	0	0	0	0	0	0	0	0	0	0	0	0	0	0	0	0	0	0	0	0	0	0	0	0.00028005713	0	0	0	0	0	0	0	0	0	0	0
g__Thauera	0	0	0	0	0	0	0.0002243894	0	0	0	0	0	0	0	0	0	0	0	0	0	0	0	0	0	0	0	0	0	0	0	0	0	0.0031948091	0	0	0	0	0	0	0	0	0	0	0	0	0	0	0	0	0	0	0	0	0	9.8080082e-05	0	0	0	0	0	0	0	0.00025572429	0	0	0	0	0	0	0	0	0	0	0	0	0	0	0	0	0	0	0	0.0014252433	0	0	0	0	0	0	0	0	0	0	0	0	0	0	0	0	0
g__Thermomonas	0	0	0	0	0	0	0	0	0	0	0	0.00093071101	0	0	0	0	0	0	0	0	0	0	0	0	0	0	0	0	0	0	0	0	0.014314726	0	0	0	0	0	0	0	0	0	0.00015505799	0	0	0	0	0	0	0	0	0	0	0	0	0	0	0.0011467068	0	0	0	0	3.9342198e-05	0	0	0	0	0	0	0	0	0.0011504643	0	0	0	0	0	0	0	0	0	0	0	0	0	0	0	0	0	0	0	0	0.00038268095	0	0	0	0	0	0	0
g__Thermus	0	0	0	0	0	0	0	0	0	0	0	0	0	0	0	0	0	0	0	0	0	0	0	0	0	0	0	0	0	0	0	0	0	0	0	0	0	0	0	0	0	0	0	0	0	0	0	0	0	0	0	0	0	0	0	0	0	0	0	0	0	0	0	0	0	0	0	0	0	0	0	0	0	0	0	0	0	0	0	0	0	0	0	0	0	0	0	0	0	0	0	0	0	0	0	0	0	0	0	0.00023040885
g__Thioclava	0	0	0	0	0	0	0	0	0	0	0	0	0	0	0.0015120242	0	0	0	0	0	0	0	0	0	0	0	0	0	0	0	0	0	0	0	0	0	0	0	0	0	0	0	0	0	0	0	0	0.0021576081	0	0	0	0	0	0	0	0	0	0	0	0	0	0	0	0	0	0	0	0	0	0	0	0	0	0	0	0	0	0	0	0	0	0	0	0	0	0	0	0	0	0	0	0	0	0	0	0	0	0	0	0
g__Thomasclavelia	0	0	0.00010462075	0	0	0	0	0	0	0	0	0	0	0	0	0	0	0	0	0	0	0	0	0	0	0	0	0	0	0	0	0	0	0	0	0.0050672539	0	0	0	0	0	0	0	0	0	0	0	0	0	0	0	0	0	0	0	0	0	0.0003822356	0	0	0	0.00040292652	0	0	0	0	0	0	0	0	0	0	0	0	0	0	0	0	0	0	0	0	0	0	0	0	0	0	0	0	0	0	0	0	0	0	0	0	0	0
g__Treponema	0.052256246	0	0	0	0.093573078	0.00023115449	0.003245016	0	0.017539548	0	0.00078550482	0.013887188	0	0	0	0	0.013948307	0.0039208463	0.0084793509	0	0	0	0.20769194	0.0040259183	0.065430371	0.067602587	0.0057657116	0.1315543	0	0.11792056	0	0	0	0	0	0.010240628	0	0	0	0	0	0	0	0	0	0	9.0426815e-05	0	0	0	0	0.0020948258	0.10608513	0	0	0	0.00012506566	0.0020545164	0.0010196431	8.8309968e-05	0	0.0535044	0.061098434	0	0	0	0	0.015151076	0	0	0	0	0.027295086	0	0	0.00092917065	0.0019303032	0.37227484	0	0.0026519082	0.00082293944	0.0084195208	0.011621214	0.012570495	0.00015875956	0.017695024	0.0013090259	0	0	0.14734797	0	0.036640625	0.0011480429	0.0020235686	0	0.001037775	0.0012547859	0.0074669888	0.017376667	0
g__Truepera	0	0	0	0	0	0	0	0	0	0	0	0	0	0	0	0	0	0	0	0	0	0	0	0	0	0	0	0	0	0	0	0	0	0	0	0	0	0	0	0	0	0	0	0	0.00027620071	0	0	0	0	0	0	0	0	0	0	0	0	0	0	0	0	0	0	0	0	0	0	0	0	0	0	0	0	0	0	0	0	0	0	0	0	0	0	0	0	0	0	0	0	0	0	0	0	0	0	0	0	0	0	0
g__Tsuneonella	0	0	0	0	0	0	0	0	0	0	0	0	0	0	0	0	0	0	0	0	0	0	0	0	0	0	0	0	0	0	0	0	0	0	0	0	0	0	0	0	0	0	0	0	0	0	0	0	0	0	0	0	8.5186132e-05	0	0	0	0	0	0	0	0	0	0	0	0	0	0	0	0	0	0	0	0	0	0	0	0	0	0	0	0	0	0	0	0	0	0	0	0	0	0	0	0	0	0	0	0	0	0	0
g__Tumebacillus	0	0	0	0	0	0	0	0	0	0	0	0	0	0	0	0	0	0	0	0	0	0	0	0	0	0	0	0	0	0	0	0	0	0	0	0	0	0	0	0.00057471264	0	0	0	0	0	0	0	0	0	0	0	0	0	0	0	0	0	0	0	0	0	0	0	0	0	0	0	0	0	0	0	0	0	0	0	0	0	0	0	0	0	0	0	0	0	0	0	0	0	0	0	0	0	0	0	0	0	0	0	0
g__Tyzzerella	0	0.00067961848	0	0	0	0	0	0	0	0	0	0.0010286806	0.00073485385	0	0.00016800269	0	0	0	0	0	0	0	0	0.0023583782	0	0	0.0043368178	0	0	0	0	0	0	0.00031940378	0	0	0.0070973859	0	0	0	0	0	0	0.0012039048	0	0	0	0	0	0.00030691793	0	0	0	0	0	0	0	0	0	0	0	0	0	0	0	0	0	0	0	0	0.00021164021	0	0	0	0	0	0	0	0.0042702773	0	0.0014144272	0	0.0015896944	0	0	0	0	0.0060610451	0	0.0013339907	0.0011301101	0	0	0	0	0.00074126786	0.00016086998	0	0	0
g__UBA12409	0	0	0	0	0	0	0	0	0	0	0	0	0	0	0	0	0	0	0	0	0	0	0	0	0	0	0	0	0	0	0	0	0	0	0	0	0	0	0.0004443128	0	0	0	0	0	0	0	0	0	0	0	0	0	0	0	0	0	0	0	0	0	0	0	0	0	0	0	0	0	0	0	0	0	0	0	0	0	0	0	0	0	0	0	0	0	0	0	0	0	0	0	0	0	0	0	0	0	0	0	0	0
g__UCG-002	0	0	0	0	0	0	0	0	0	0	0	0	0	0	0	0	0	0	0	0	0	0	0	0	0	0	0	0	0	0.0037708219	0	0	0	0	0	0	0	0	0	0	0	0	0	0	0	0	0	0	0	0	0	0	0	0	0	0	0	0	0	0	0.0038080057	0	0	0	0	0	0	0	0	0	0	0	0	0	0	0	0	0	0	0	0	0	0	0	0	0.00048335575	9.5782382e-05	0	0	0	0	0	0	0	0	0	0	0	0	0
g__UCG-003	0	0	0	0	0	0	0	0	0	0	0	0	0	0	0	0	0	0	0	0	0	0	0	0	0	0	0	0	0	0.00036609921	0	0	0	0	0	0	0	0	0	0	0	0	0	0	0	0	0	0	0	0	0	0	0	0	0	0	0	0	0	0	0	0	0	0	0	0	0	0	0	0	0	0	0	0	0	0	0	0	0	0	0	0	0	0	0	8.406187e-05	0	0	0	0	0	0	0	0	0	0	0	0	0	0
g__UCG-004	0	0	0	0	0	0	0	0	0	0	0	0	0	0	0	0	0	0	0	0	0	0	0	0	0	0	0	0	0	0.0006955885	0	0	0	0	0	0	0	0	0	0	0	0	0	0	0	0	0	0	0	0	0	0	0	0	0	0	0	0	0	0	0	0	0	0	0	0	0	0.00046351285	0	0	0	0	0	0	0	0	0	0	0	0	0	0	0.0082499657	0	0	0	0	0	0	0	0	0	0	0	0	0	0	0	0	0
g__UCG-005	0	0	0	0	0	0	0	0	0	0	0	0	0	0	0	0	0	0	0	0	0	0	0	0	0	0	0	0	0	0.00025626945	0	0	0	0	0	0	0	0.0026087434	0	0	0	0	0	0	0	0	0	0	0	0	0	0	0	0	0	0.0042142387	0	0	0	0	0.0031880978	0	0	0	0	0	0	0	0	0	0	0	0	0	0	0	0	0	0	0	0	0	0	0	0	0	0	0	0	0	0	0	0	0	0	0	0	0	0	0
g__Uliginosibacterium	0	0	0	0	0	0	0	0	0	0	0	0	0	0	0	0	0	0	0	0	0	0	0	0	0	0	0	0	0	0	0	0	0.0023775323	0	0	0	0	0	0	0	0	0	0	0	0	0	0	0	0	0	0	0	0	0	0	0	0	0	0	0	0	0	0	0	0	0	0	0	0	0	0	0	0	0	0	0	0	0	0	0	0	0	0	0	0	0	0	0	0	0	0	0	0	0	0	0	0	0	0	0
g__Ureaplasma	0	0	0.00010462075	0	0	0	0	0	0	0	0	0	0	0	0	0	0	0	0	0	0	0	0	0	0	0	0	0	0	0	0	0	0	0	0	0	0	0	0	0	0	0	0	0	0	0	0	0	0	0	0	0	0	0	0	0	0	0	0	0	0	0	0	0	0	0	0	0	0	0	0	0	0	0	0	0	0	0	0	0	0	0	0	0	0	0	0	0	0	0	0	0	0	0	0	0	0	0	0	0
g__Vampirovibrio	0	0	0	0	0	0	0	0	0	0	0	0	0	0	0	0	0	0	0	0	0	0	0	0	0	0	0	0.0001142361	0	0	0	0	0	0	0	0	0	0	0	0	0	0	0	0	0	0	0	0	0	0	0	0	0	0	0	0	0	0	0	0	0	0	0	0	0	0	0	0	0	0	0	0	0	0	0	0	0	0	0	0	0	0	0	0	0	0	0	0	0	0	0	0	0	0	0	0	0	0	0	0
g__Varibaculum	0	0	0	0	0	0	0	0	0	0.00082605942	0	0	0	0	0	0	0	0	0	0	0	0	0	0	0	0	0	0	0	0	0	0	0	0	0	0	0	0	0	0	0	0	0	0	0	0	0	0	0	0	0	0	0	0	0	0	0	0	0	0	0	0	0	0	0	0	0	0	0	0	0	0	0	0	0	0	0	0	0	0	0	0	0	0	0	0	0	0	0	0	0	0	0	0	0	0.00029650715	0	0	0	0
g__Variovorax	0	0	0	0	0	0	0	0	0	0	0	0	0	0	0	0	0	0	0	0	0	0	0	0	0	0	0	0	0	0	0	0	0.00054485116	0	0	0	0	0	0	0	0	0	0	0	0	0	0	0	0	0	0	0	0	0	0	0	0	0	0	0	0	0	0	0	0	0	0	0	0	0	0	0	0	0	0	0	0	0	0	0	0	0	0	0	0	0	0	0	0	0	0	0	0	0	0	0	0	0	0	0
g__Veillonella	0.00028910786	0.019287104	0.14423714	0.028060734	0	0.017721844	0.0049365668	0.011651927	0.0010751037	0.045488339	0.081483033	0.010776654	0.073049916	0	0.0024720396	0.018356026	0.0084224599	0.00021051524	0.0020564539	0.014195495	0.0031831474	0.13239849	0.013540479	0.02963457	0	0.011875521	0	0.0043181247	0	0.0020501556	0.032430784	0.072278435	0.011095151	0.002954485	0	0.0020693497	0.0041175674	0.031359842	0.13160545	0.042528736	0	0.016255702	0.18312349	0.031458557	0.0017799601	0.00522971	0.023541114	0.0021918559	0.017911503	0.093088208	0.038178408	0.0016060331	0.013629781	0.01155253	0.094402079	0.0092952358	0.093173916	0.015337203	0.0034487929	0.019693123	0.07323769	0.0029265189	0	0.1352984	0.16666667	0.0031987424	0.010582573	0.0021147774	0.019834421	0.00044203779	0.105	0.0013696004	0.014409453	0.033241119	0.032700699	0.00058405012	0	0.00011810001	0.023486525	0.0037472616	0.01972483	0.019697521	0.019953406	0.018658093	0.0031487312	0.003194351	0.016634207	0	0.044613101	0.0015949888	0.015231918	0.010078125	0	0.01562314	0.0087756667	0.095623555	0.042469676	0.01026711	0.038404765	0.0046337779
g__Verruc-01	0	0	0	0	0	0	0	0	0	0	0	0	0	0	0	0	0	0	0	0	0	0	0	0	0	0	0	0	0	0	0	0	0	0	0	0	0	0	0	0	0	0	0	0	0	0	0	0	0	0	0	0	0	0	0	0	0	0	0	0	0	0	0	0	0	0	0	0	0	0	0	0	0	0	0	0	0	0	0	0	0	0	0	0.0003425921	0	0	0	0	0	0	0	0	0	0	0	0	0	0	0	0
g__Verticiella	0	0	0	0	0	0	0	0	0	0	0	0	0	0	0	0	0	0	0	0	0	0	0	0	0	0	0	0	0	0	0	0	0	0	0	0	0	0	0	0	0	0	0	0	0	0	0	0	0	0	0	0	0	0	0	0	0	0.00014333835	0	0	0	0	0	0	0	0	0	0	0	0	0	0	0	0	0	0	0	0	0	0	0	0	0	0	0	0	0	0	0	0	0	0	0	0	0	0	0	0	0	0
g__Vibrio	0	0	0	0	0	0	0	0	0	0	0	0	0	0	0	0	0	0	0	0	0	0	0	0	0	0	0	0	0	0	0	0	0	0	0	0	0	0	0	0	0	0	0	0	0	0	0	0	0	0	0	0	0	0	0	0	0	0	0	0	0	0	0	0	0	0	0	0	0	0	0	0	0	0	0	0	0	0	0	0	0	0	0	0	0	0	0	0	0	0	0	0	0	0	0	8.8952144e-05	0	0	0	0
g__Vulcaniibacterium	0	0	0	0	0	0	0	0	0	0	0.00028801843	0	0	0	0	0	0	0	0	0	0	0	0	0.0015484301	0	0.0010140388	0.032012233	0.0017820832	0	0	0	0	0	0	0	0	0	0	0	0	0	0	0	0	0	0	0.00036170726	0	0	0	0	0	0	0	0	0	0	0	0	0.00024285241	0	0.007210264	0	0	0	0	0	0	0	0	0	0.012107267	0.0093033203	0	0	0	0	0	0	0	0	0	0	0	0	0	0	0	0	0	0.0027024371	0	0	0	0.0025560194	0.0013046314	0	0	0	0
g__W5053	0	0	0	0	0	0	0.00041425736	0	0	0	0	0	0	0	0	0	0	0	0	0	0	0	0	0	0.0065605318	0	0	0	0	0.0006955885	0	0	0	0	0	0	0	0	0	0	0	0	0	0	0	0	0	0	0	0	0	0.00065172358	0	0	0	0	0	0	0	0	0	0	0	0	0	0	0	0	0	0	0	0	0	0	0	0	0.0031914346	0	0	0.0055920673	0	0	0	0.00057977125	0	0.00058843309	0	0	0	0.00049299655	0	0	0	0	0	0	0	0	0	0
g__Weissella	0	0	0	0	0	0	0	0	0	0	0	0	0	0	0	0	0	0	0	0	0	0	0	0	0	0	0	0	0	0	0	0	0.00086680866	0	0	0	0	0	0	0	0	0	0	0	0	0	0	0	0	0	0	0	0	0	0	0	0	0	0	0	0	0	3.9342198e-05	0	0	0	0	0	0.0046514349	0	0	0	0	0	0	0	0	0	0	0	0	0	0	0	5.2919853e-05	0	0	0	0	0	0	0	0	0	0	0	0	0	0	0
g__Xanthobacter	0	0	0	0	0	0	0	0	0	0	0	0	0	0	0	0	0	0	0	0	0	0	0	0.0018342942	0	0	0	0	0	0	0	0	0	0	0	0	0	0	0	0	0	0	0	0	0	0	0	0	0	0	0	0	0	0	0	0	0	0	0	0	0	0	0	0	0	0	0	0	0	0	0	0	0	0	0	0	0	0	0	0	0	0	0	0	0	0	0	0	0	0	0	0	0	0	0	0	0	0	0	0
g__Xylanibacter	0	0	0	0	0	0	0	0	0.00024573798	0	0	0	0	0	0	0	0	0	0	0	0	0	0	0	0	0	0	0	0	0	0	0	0	0	0	0	0	0	0	0	0	0	0	0.00013085922	0	0	0	0	0	0	0	0	0	0	0	0	0	0	0	0	0	0	0	0	0	0	0	0	0	0	0	0	0	0	0	0	0	0	0	0.00014412545	0	0	0	0.0013703684	0	0	0	0	0	0.0088159383	0	0	0	0	0	0	0	0	0	0
g__Zoogloea	0	0	0	0	0	0	0	0	0	0	0	0	0	0	0	0	0	0	0	0	0	0	0	0	0	0	0	0	0	0	0	0	0.00024765962	0	0	0	0	0	0	0	0	0	0	0	0	0	0	0.0009246892	0	0	0	0	0	0	0	0	0	0	0	0	0	0	0	0	0	0	0	0	0	0	0	0	0	0	0	0	0	0	0	0	0	0	0	0	0	0	0	0	0	0	0	0	0	0	0	0	0	0	0	0
g__[Clostridium]_innocuum_group	0	0	0	0	0	0.00010273533	0	0	0	0.00085359474	0	0	0	0	0	0	0	0	0	0.00019560722	0	0	0	0	0	0	0	0	0	0	0	0	0	0	0	0	0	0	0	0	0	0.0025408558	0	0	0	0	0	0	0	0	0.0044504157	0	0	0	0	0	0	0	0	0	0	0	0	0	0	0	0	0	0	0	0	0	0	0	0	0	0	0	0	0	0	0	0	0	0	0	0	0	0	0	0	0	0	0	0	0	0	0	0	0
g__[Eubacterium]_brachy_group	0	0	0	0	0	0	0	0	0	0	0.00026183494	0	0	0	0	0	0	0.00023682964	0	0	0	0	0	0.0016198961	0.0011371589	0	0	0	0	0	0	0	0	0.00047910567	0	0.0007428435	0	0	0	0	0	0	0	0	0	0	0	0	0	0	0	0.00030258595	0	0	0	0	0.00057530203	0	0	0	0	0	0	0	0	0	0	0	0	0	0	0	0	0	0	0	0.0011839193	0	0	0	0	0	0	0.00015811943	0	0.00018913921	0	0	0	0.0050749645	0	0	0.00049201837	0	0	0	0	0	0.0018645604	0
g__[Eubacterium]_eligens_group	0.0010118775	0.0031637412	0.000418483	0.0047774636	0	0	0.00017260723	0	0	0.00074345348	0	0	0	0.0054376294	0	0	0	0	0	0.00044710222	0.00046582645	0.00020073411	0.00083143292	0	0	0.00013520517	0.0026823093	0	0.0053110401	0	0	0	0.0023775323	0	0	0.0014060966	0.0025193011	0	0.00065165877	0.0001596424	0	0.0020500087	0.0012094523	0.00039257766	0.0031609636	0.00089368463	0	0.0042467208	0	0.0012276717	0.0088448512	0	0	9.2605454e-05	0	0	0.00025013132	0	0	0	0.0022139568	0.00019085993	0	0	0	0	0.0012497009	0	0.0090395811	0	0	0.0027939847	0	0	0	0	0	0	0.00075511001	0	0.00046290343	0.0029104516	0.00063039605	0.00063247773	0	0	0.00028734715	0.0042016807	0	0.00046399675	0.0020882469	0.00083333333	8.2003061e-05	0.002380669	0.00065320496	0	0	0.00021961732	0.00077690017	0
g__[Eubacterium]_saphenum_group	0.0010359698	0	0	0	0	0	0	0	0	0	0	0	0	0	0	0	0	0	0	0	0	0	0	0	0	0	0	0	0	0	0	0	0	0	0	0.0031570849	0	0	0	0	0	0	0	0	0	0	0	0	0	0	0	0	0.00028395377	0	0	0	0	0	0	0	0	0.00033930654	0	0	0	0	0	0	0	0	0	0	0	0	0	0.00013273866	0	0	0	0	0	0	0	0.00036894534	0	0	0	0	0	0.0030159789	0	0	0	0	0	0	0	0	0	0
g__[Eubacterium]_sulci_group	0	0	0	0	0	0	0	0.00012910722	0	0.0011289479	0.0016757436	0	0	0	0	0	0.0004456328	0.0014736067	0.0021409657	0.0024870061	0	0	0	0	0.0041695825	0.00033801293	0	0	0	0.0043199707	0.00023721576	0	0.0049531923	0	0	0	0	0	0.0036729858	0	0	0	0	0	0	0	0	0	0	0.00070591124	0	0.0010706887	0.00031234915	0.000254665	0	0	0.00020010506	0	0.0011995801	0.00037531736	0	0.00050895981	0.00013769769	0.00081962237	0	0	0	0.00014484776	0	0.0013813681	0.0011375661	0	0	8.78233e-05	0.0017349246	0	0	0	0	0.0011530036	0	0	0.0036453337	0.00079059716	0	0.00077757229	0	0	0.0012042457	0.0031609779	0	0.00083333333	0.0012847146	0.0021128437	0.0017324132	0	0.00028956597	0	0.0074064483	0
g__[Eubacterium]_xylanophilum_group	0	0	0	0	0	0	0	0	0	0	0	0	0	0	0	0	0	0	0	0	0	0	0	0	0	0	0	0	0	0	0	0	0	0	0	0	0	0	0	0	0	0	0	0	0	0	0	0	0	0	0	0	0	0	0	0.0021818399	0	0	0	0	0	0	0	0	0	0	0	0	0	0	0	0	0	0	0	0	0	0	0	0	0	0	0	0	0	0	0	0	0	0	0	0	0	0	0	0	0	0	0	0
g__[Eubacterium]_yurii_group	0.010215144	0	0	0	0	0	0	0	0.0014129934	0	0	0	0.00021773447	0	0	0	0.00035650624	0	0	0	0	0	0.013516724	0	0.00093305342	0	0	0.0063515273	0.0061962134	0	0	0	0	0	0	0.0030509644	0	0	0	0	0	0	0	0	0.0015344484	0	0	0	0	0	0	0.010962922	0.0023000256	0	0	0	0	0.00090780955	0	0	0	0	0	0	0	0	0	0	0	0.00071831142	0	0	0	0	0	0	0	0.00021258001	0	0	0	0	0	0.0003425921	0	0	0.0015005907	0	0.00089618282	0.00055099614	0	0.000390625	0	0	0	0	0	0.00068630412	0	0
g__[Polyangium]_brachysporum_group	0	0	0	0	0	0	0	0	0	0	0	0	0	0	0	0	0	0	0	0	0	0	0	0	0	0	0	0	0	0	0	0	0	0	0	0	0	0	0	0	0	0	0	0.0002355466	0	0	0	0	0	0	0	0	0	0	0	0	0	0	0	0	0	0	0	0	0	0	0	0	0	0	0	0	0	0	0	0	0	0	0	0	0	0	0	0	0	0	0	0	0	0	0	0	0	0	0	0	0	0	0	0
g__[Ruminococcus]_gnavus_group	0	0	0	0	0	0	0.00024165013	0	0	0.0015419776	0	0	0	0.0039659774	0	0.0022188603	0	0	0.0011831652	0	0	0	0	0	0	0	0	0	0	0	0	0	0.0017583833	7.9850945e-05	0	0	0	0.0096660808	0	0	0	0	0.00089933635	0	0.00079791315	0	0	0	0.0010871929	0	0.0042824754	0	0	0	0	0	0	0	0	0.00015454244	0	0.00050895981	0.00043276418	0	0	0	0.0018346672	0	0.0038908229	0	0	0	0.0019515586	0	0.0011566164	0	0	0	0.0020570238	0	0	0	0	0	0	0.00027320108	0	0	0	0	0	0.00075520833	0	0	0	0.0011563779	0	0.00041178247	0	0
