	Taxon	genus
101637aba474a6614786486ad42acb11	d__Bacteria;p__Bacillota;c__Bacilli;o__Lactobacillales;f__Streptococcaceae;g__Streptococcus;s__	g__Streptococcus
32e7dd57efc183a5b7e69af26d8641b9	d__Bacteria;p__Pseudomonadota;c__Gammaproteobacteria;o__Enterobacterales;f__Yersiniaceae;g__Serratia;s__	g__Serratia
ffd16dfbcb0f32ef8d8dd2de7ca72ed4	d__Bacteria;p__Campylobacterota;c__Campylobacteria;o__Campylobacterales;f__Campylobacteraceae;g__Campylobacter;s__	g__Campylobacter
18eb929cf9350e0af65cf863c2786858	d__Bacteria;p__Pseudomonadota;c__Gammaproteobacteria;o__Enterobacterales;f__Pasteurellaceae;g__Haemophilus;s__	g__Haemophilus
44536e7d859312677ce835c0cb53eeca	d__Bacteria;p__Bacillota;c__Bacilli;o__Staphylococcales;f__Gemellaceae;g__Gemella;s__	g__Gemella
38b7580c13cf081c9f279006c2dc70b9	d__Bacteria;p__Actinomycetota;c__Actinobacteria;o__Bifidobacteriales;f__Bifidobacteriaceae;g__Bifidobacterium;s__	g__Bifidobacterium
1efa2e9ca8d9d0128928e26097941fb2	d__Bacteria;p__Pseudomonadota;c__Gammaproteobacteria;o__Burkholderiales;f__Neisseriaceae;g__Neisseria;s__	g__Neisseria
771f356571f0c8721654bce2961a778a	d__Bacteria;p__Fusobacteriota;c__Fusobacteriia;o__Fusobacteriales;f__Fusobacteriaceae;g__Fusobacterium;s__	g__Fusobacterium
c674d2e9bc0413d6b50a85c75bdcc5c0	d__Bacteria;p__Pseudomonadota;c__Gammaproteobacteria;o__Enterobacterales;f__Yersiniaceae;g__Serratia;s__	g__Serratia
f99b2769d67a0c51825d30db72e2c264	d__Bacteria;p__Pseudomonadota;c__Gammaproteobacteria;o__Enterobacterales;f__Yersiniaceae;g__Serratia;s__	g__Serratia
74e59572346f076883e68f7ac94238ff	d__Bacteria;p__Fusobacteriota;c__Fusobacteriia;o__Fusobacteriales;f__Fusobacteriaceae;g__Fusobacterium;s__	g__Fusobacterium
c892cd3a22def842bceb4fc57e11b95b	d__Bacteria;p__Bacillota;c__Bacilli;o__Bacillales;f__Bacillaceae;g__Anoxybacillus;s__	g__Anoxybacillus
c016d7dfa3b6d4108112ec0a5fc2b5c5	d__Bacteria;p__Bacillota;c__Negativicutes;o__Veillonellales-Selenomonadales;f__Selenomonadaceae;g__Megamonas;s__	g__Megamonas
9b39a845425872b8466dd78a5748b19d	d__Bacteria;p__Pseudomonadota;c__Gammaproteobacteria;o__Burkholderiales;f__Neisseriaceae;g__Neisseria;s__	g__Neisseria
15e05255b2aa8ee3524ca61eb207bb18	d__Bacteria;p__Actinomycetota;c__Coriobacteriia;o__Coriobacteriales;f__Coriobacteriaceae;g__Collinsella;s__	g__Collinsella
f148c9872201cbd90a403cf63b13e46c	d__Bacteria;p__Bacillota;c__Clostridia;o__Peptostreptococcales-Tissierellales;f__Peptostreptococcaceae;g__Peptostreptococcus;s__	g__Peptostreptococcus
d6403e5b4389d1c8f2e1c218c0a59134	d__Bacteria;p__Bacillota;c__Negativicutes;o__Veillonellales-Selenomonadales;f__Veillonellaceae;g__Veillonella;s__	g__Veillonella
232af231b1a3a8ca6ef3bf5432418b64	d__Bacteria;p__Pseudomonadota;c__Gammaproteobacteria;o__Enterobacterales;f__Pasteurellaceae;g__Haemophilus;s__	g__Haemophilus
f0537a8dcbfb7b18465d751de034e9ae	d__Bacteria;p__Actinomycetota;c__Actinobacteria;o__Micrococcales;f__Micrococcaceae;g__Rothia;s__	g__Rothia
8f6e2a91e20994c00566a5ff2b49506e	d__Bacteria;p__Bacillota;c__Clostridia;o__Lachnospirales;f__Lachnospiraceae;g__Blautia;s__	g__Blautia
a5b69f125c8e15c8b470bd65ffa241c1	d__Bacteria;p__Bacillota;c__Bacilli;o__Lactobacillales;f__Carnobacteriaceae;g__Granulicatella;s__	g__Granulicatella
dee047362ffa4fcb44fd9c85d7f89694	d__Bacteria;p__Pseudomonadota;c__Gammaproteobacteria;o__Enterobacterales;f__Pasteurellaceae;g__Aggregatibacter;s__	g__Aggregatibacter
b264ac8ff5f9aff74f0b9aa084d9a9f0	d__Bacteria;p__Bacillota;c__Clostridia;o__Lachnospirales;f__Lachnospiraceae;g__Roseburia;s__	g__Roseburia
98c60003caac4798b6e9a0da3102d2dd	d__Bacteria;p__Bacillota;c__Bacilli;o__Lactobacillales;f__Streptococcaceae;g__Streptococcus;s__	g__Streptococcus
ec6c9233b72090035eb87c6ff39a84a7	d__Bacteria;p__Bacteroidota;c__Bacteroidia;o__Bacteroidales;f__Bacteroidaceae;g__Bacteroides;s__	g__Bacteroides
b7942f4f3c2bb7b85f974d89ba64d59c	d__Bacteria;p__Bacteroidota;c__Bacteroidia;o__Flavobacteriales;f__Flavobacteriaceae;g__Capnocytophaga;s__	g__Capnocytophaga
173b8383238dc87920b640dfd06347b3	d__Bacteria;p__Actinomycetota;c__Actinobacteria;o__Micrococcales;f__Micrococcaceae;g__Rothia;s__	g__Rothia
fd41068c73c60873053416010c437b12	d__Bacteria;p__Bacillota;c__Clostridia;o__Peptostreptococcales-Tissierellales;f__Peptostreptococcaceae;g__Incertae_Sedis;s__	g__Incertae_Sedis
6b25a378e95a985d2094c08056c9f2c0	d__Bacteria;p__Campylobacterota;c__Campylobacteria;o__Campylobacterales;f__Campylobacteraceae;g__Campylobacter;s__	g__Campylobacter
0a018c977acabf99cf7be6c718ff4c66	d__Bacteria;p__Pseudomonadota;c__Gammaproteobacteria;o__Enterobacterales;f__Pasteurellaceae;g__Haemophilus;s__	g__Haemophilus
0cb1c02a117de5b6fda70df2a8773112	d__Bacteria;p__Bacteroidota;c__Bacteroidia;o__Flavobacteriales;f__Flavobacteriaceae;g__Capnocytophaga;s__	g__Capnocytophaga
add7f5d621120b854b4f1ab2f611089e	d__Bacteria;p__Bacteroidota;c__Bacteroidia;o__Bacteroidales;f__Prevotellaceae;g__Prevotella;s__	g__Prevotella
313413ca8ca3a31e5f735a40eacfbcaf	d__Bacteria;p__Fusobacteriota;c__Fusobacteriia;o__Fusobacteriales;f__Fusobacteriaceae;g__Fusobacterium;s__	g__Fusobacterium
e3417b793e51af59b0af48d725e71f48	d__Bacteria;p__Fusobacteriota;c__Fusobacteriia;o__Fusobacteriales;f__Leptotrichiaceae;g__Leptotrichia;s__	g__Leptotrichia
d2056d7ce9b69aef41f72d361c733f7b	d__Bacteria;p__Fusobacteriota;c__Fusobacteriia;o__Fusobacteriales;f__Fusobacteriaceae;g__Fusobacterium;s__	g__Fusobacterium
7bd174e37aaa1b9ae64888e333970efb	d__Bacteria;p__Bacillota;c__Bacilli;o__Staphylococcales;f__Gemellaceae;g__Gemella;s__	g__Gemella
0a8ee1d0bf12b7763ef0027b2701c87e	d__Bacteria;p__Bacillota;c__Bacilli;o__Bacillales;f__Bacillaceae;g__Anoxybacillus;s__	g__Anoxybacillus
841ea34437228d9fa66de17a4edfdaec	d__Bacteria;p__Pseudomonadota;c__Gammaproteobacteria;o__Burkholderiales;f__Neisseriaceae;g__Neisseria;s__	g__Neisseria
97bca68b08b9ff7077ed2b5e4aa6b360	d__Bacteria;p__Pseudomonadota;c__Gammaproteobacteria;o__Enterobacterales;f__Pasteurellaceae;g__Actinobacillus;s__	g__Actinobacillus
052ba7abaeaa968c4f79e3f97d1f0a2f	d__Bacteria;p__Pseudomonadota;c__Gammaproteobacteria;o__Pseudomonadales;f__Pseudomonadaceae;g__Pseudomonas;s__	g__Pseudomonas
189812cc259f3405e3798f8a6a6fdb3f	d__Bacteria;p__Bacteroidota;c__Bacteroidia;o__Flavobacteriales;f__Flavobacteriaceae;g__Capnocytophaga;s__	g__Capnocytophaga
d583f7efa4e8e3253337b97e794d5b2a	d__Bacteria;p__Fusobacteriota;c__Fusobacteriia;o__Fusobacteriales;f__Fusobacteriaceae;g__Fusobacterium;s__	g__Fusobacterium
c5a27ce8d498e50d2c7aaf40d420e854	d__Bacteria;p__Pseudomonadota;c__Gammaproteobacteria;o__Burkholderiales;f__Neisseriaceae;g__Kingella;s__	g__Kingella
9ab0daa1ca34f9989a9b25d674bfd309	d__Bacteria;p__Fusobacteriota;c__Fusobacteriia;o__Fusobacteriales;f__Leptotrichiaceae;g__Leptotrichia;s__	g__Leptotrichia
b02a8d33d018119dedb2db15db887bfd	d__Bacteria;p__Actinomycetota;c__Actinobacteria;o__Propionibacteriales;f__Propionibacteriaceae;g__Cutibacterium;s__	g__Cutibacterium
6cfbd8b8c7f8e530d2fb6e0703c7b9c6	d__Bacteria;p__Pseudomonadota;c__Gammaproteobacteria;o__Burkholderiales;f__Neisseriaceae;g__Neisseria;s__	g__Neisseria
3d2c97d3a7a30c9c1aa1a4dc5df076b6	d__Bacteria;p__Pseudomonadota;c__Gammaproteobacteria;o__Burkholderiales;f__Burkholderiaceae;g__Lautropia;s__	g__Lautropia
8f3c8cb8544640becafb5777eb7a5858	d__Bacteria;p__Bacillota;c__Clostridia;o__Peptostreptococcales-Tissierellales;f__Family_XI;g__Parvimonas;s__	g__Parvimonas
725a8a0fd73d65457624ee25f9872b11	d__Bacteria;p__Bacillota;c__Bacilli;o__Paenibacillales;f__Paenibacillaceae;g__Ammoniphilus;s__	g__Ammoniphilus
dd68c7b3d6b665f362d388f2f1be6663	d__Bacteria;p__Bacillota;c__Bacilli;o__Lactobacillales;f__Carnobacteriaceae;g__Granulicatella;s__	g__Granulicatella
bf51277fc250d0027512309725ff074f	d__Bacteria;p__Actinomycetota;c__Actinobacteria;o__Micrococcales;f__Micrococcaceae;g__Rothia;s__	g__Rothia
d3829c53b66db828d6bff7f21c6dad28	d__Bacteria;p__Bacillota;c__Bacilli;o__Lactobacillales;f__Streptococcaceae;g__Streptococcus;s__	g__Streptococcus
f96c7b1a1d2dd5767d91bc225d7ac8ba	d__Bacteria;p__Pseudomonadota;c__Gammaproteobacteria;o__Lysobacterales;f__Lysobacteraceae;g__Lysobacter;s__	g__Lysobacter
24d821dddfbe031b81a44817e6d6a4c1	d__Bacteria;p__Pseudomonadota;c__Gammaproteobacteria;o__Enterobacterales;f__Enterobacteriaceae;g__Enterobacter;s__	g__Enterobacter
e654e52c906641a46afddd91d50e6b12	d__Bacteria;p__Bacillota;c__Bacilli;o__Lactobacillales;f__Streptococcaceae;g__Streptococcus;s__	g__Streptococcus
c49cc7c2c45bd7a87913453e515ea14f	d__Bacteria;p__Pseudomonadota;c__Gammaproteobacteria;o__Pseudomonadales;f__Moraxellaceae;g__Acinetobacter;s__	g__Acinetobacter
f7672a2cc6bdf81527b2ca29d5443cc8	d__Bacteria;p__Bacteroidota;c__Bacteroidia;o__Bacteroidales;f__Porphyromonadaceae;g__Porphyromonas;s__	g__Porphyromonas
384d4c681853c4875391719d0bda7221	d__Bacteria;p__Actinomycetota;c__Actinobacteria;o__Bifidobacteriales;f__Bifidobacteriaceae;g__Bifidobacterium;s__	g__Bifidobacterium
9ca19f7e315f4333dd44cfa0e0e7e603	d__Bacteria;p__Bacillota;c__Bacilli;o__Bacillales;f__Bacillaceae;g__Bacillus;s__	g__Bacillus
5258515ff2816e94d24b2bd02f8ae803	d__Bacteria;p__Spirochaetota;c__Spirochaetia;o__Spirochaetales;f__Spirochaetaceae;g__Treponema;s__	g__Treponema
89ad88b91e12fcce5d5790fd77000a57	d__Bacteria;p__Bacteroidota;c__Bacteroidia;o__Flavobacteriales;f__Weeksellaceae;g__Cloacibacterium;s__	g__Cloacibacterium
50d29b9ccb4912832d4c279fa8e2ea89	d__Bacteria;p__Bacteroidota;c__Bacteroidia;o__Sphingobacteriales;f__Lentimicrobiaceae;g__Lentimicrobium;s__	g__Lentimicrobium
ffc36e27c82042664a16bcd4d380b286	d__Bacteria;p__Pseudomonadota;c__Gammaproteobacteria;o__Enterobacterales;f__Enterobacteriaceae;g__Escherichia-Shigella;s__	g__Escherichia-Shigella
c5a124b2dbff5725ea7995b2871f2566	d__Bacteria;p__Bacteroidota;c__Bacteroidia;o__Bacteroidales;f__Prevotellaceae;g__Prevotella;s__	g__Prevotella
760a24d21cc4c33292558de503a6dae1	d__Bacteria;p__Pseudomonadota;c__Gammaproteobacteria;o__Enterobacterales;f__Pasteurellaceae;g__Actinobacillus;s__	g__Actinobacillus
ad2281ce47473ddbb0457df697779754	d__Bacteria;p__Pseudomonadota;c__Alphaproteobacteria;o__Hyphomicrobiales;f__Beijerinckiaceae;g__Methylobacterium;s__	g__Methylobacterium
7fa9543a7024eeff9c70535a8f9af4e4	d__Bacteria;p__Fusobacteriota;c__Fusobacteriia;o__Fusobacteriales;f__Fusobacteriaceae;g__Fusobacterium;s__	g__Fusobacterium
338d77e83d75f33dbb409878432e0bf8	d__Bacteria;p__Pseudomonadota;c__Gammaproteobacteria;o__Enterobacterales;f__Pasteurellaceae;g__Haemophilus;s__	g__Haemophilus
2f7d30827129f2d357a5d861fa0539c4	d__Bacteria;p__Bacteroidota;c__Bacteroidia;o__Flavobacteriales;f__Flavobacteriaceae;g__Capnocytophaga;s__	g__Capnocytophaga
57b315f963039a82671fa643971d1431	d__Bacteria;p__Bacillota;c__Clostridia;o__Lachnospirales;f__Lachnospiraceae;g__Lachnoanaerobaculum;s__	g__Lachnoanaerobaculum
73b9a313c153726841a55e295f19bdb5	d__Bacteria;p__Bacillota;c__Bacilli;o__Lactobacillales;f__Streptococcaceae;g__Streptococcus;s__	g__Streptococcus
6251bd9ebf43fae466939ab366f6e547	d__Bacteria;p__Bacteroidota;c__Bacteroidia;o__Bacteroidales;f__Bacteroidaceae;g__Bacteroides;s__	g__Bacteroides
13785f0aa34992209c67c3caeebbd429	d__Bacteria;p__Bacillota;c__Bacilli;o__Lactobacillales;f__Streptococcaceae;g__Streptococcus;s__	g__Streptococcus
eb798c9dd22c78f119e73f520cf4f525	d__Bacteria;p__Bacillota;c__Clostridia;o__Lachnospirales;f__Lachnospiraceae;g__Johnsonella;s__	g__Johnsonella
f7cf33648c7d6bda19e991b97583cdab	d__Bacteria;p__Bacteroidota;c__Bacteroidia;o__Bacteroidales;f__Porphyromonadaceae;g__Porphyromonas;s__	g__Porphyromonas
04f53f4cb25a2dc23706058a639e08a3	d__Bacteria;p__Campylobacterota;c__Campylobacteria;o__Campylobacterales;f__Campylobacteraceae;g__Campylobacter;s__	g__Campylobacter
c533a557f90737bbc8bccbbc981a8c63	d__Bacteria;p__Bacillota;c__Bacilli;o__Lactobacillales;f__Streptococcaceae;g__Streptococcus;s__	g__Streptococcus
ed68193bb70ad267de735adb4f85ae3e	d__Bacteria;p__Fusobacteriota;c__Fusobacteriia;o__Fusobacteriales;f__Leptotrichiaceae;g__Leptotrichia;s__	g__Leptotrichia
fb129672f2d647a3b3fcd9556ea3cde8	d__Bacteria;p__Fusobacteriota;c__Fusobacteriia;o__Fusobacteriales;f__Fusobacteriaceae;g__Fusobacterium;s__	g__Fusobacterium
333396a7a4968e261f35c5a672ca9ee6	d__Bacteria;p__Actinomycetota;c__Actinobacteria;o__Actinomycetales;f__Actinomycetaceae;g__Schaalia;s__	g__Schaalia
38bb78d609b81f4c540e5f37f7507e17	d__Bacteria;p__Bacillota;c__Bacilli;o__Bacillales;f__Bacillaceae;g__Anoxybacillus;s__	g__Anoxybacillus
37d1750236fd17a25840945a7f8fa4ca	d__Bacteria;p__Fusobacteriota;c__Fusobacteriia;o__Fusobacteriales;f__Fusobacteriaceae;g__Fusobacterium;s__	g__Fusobacterium
e5983d07e33d4aceb858f1869568c922	d__Bacteria;p__Pseudomonadota;c__Gammaproteobacteria;o__Enterobacterales;f__Pasteurellaceae;g__Actinobacillus;s__	g__Actinobacillus
1f0481c4fc1ddc5a118dd691b40a1670	d__Bacteria;p__Bacteroidota;c__Bacteroidia;o__Bacteroidales;f__Bacteroidaceae;g__Bacteroides;s__	g__Bacteroides
24522f7485582e07564aed7c426af59d	d__Bacteria;p__Bacillota;c__Negativicutes;o__Veillonellales-Selenomonadales;f__Veillonellaceae;g__Veillonella;s__	g__Veillonella
5ffa45b1ff8681e9b0a43ea196e86275	d__Bacteria;p__Bacillota;c__Negativicutes;o__Veillonellales-Selenomonadales;f__Veillonellaceae;g__Veillonella;s__	g__Veillonella
2efeb9d3b6d567fe15abba94f058e9cb	d__Bacteria;p__Bacteroidota;c__Bacteroidia;o__Flavobacteriales;f__Flavobacteriaceae;g__Capnocytophaga;s__	g__Capnocytophaga
2f6d5e0454c1138cdc01beb52a3e6cc4	d__Bacteria;p__Bacteroidota;c__Bacteroidia;o__Bacteroidales;f__Porphyromonadaceae;g__Porphyromonas;s__	g__Porphyromonas
d5a3a9ad2661bf542f3c5e323f557c9f	d__Bacteria;p__Bacillota;c__Clostridia;o__Lachnospirales;f__Lachnospiraceae;g__Catonella;s__	g__Catonella
c33d6f34729b4388992daba22ff22edc	d__Bacteria;p__Bacillota;c__Bacilli;o__Lactobacillales;f__Streptococcaceae;g__Streptococcus;s__	g__Streptococcus
6e7317c14238561fe5865674e3a3206d	d__Bacteria;p__Bacillota;c__Bacilli;o__Lactobacillales;f__Streptococcaceae;g__Streptococcus;s__	g__Streptococcus
79811303c9ec5b48cebb18340b162586	d__Bacteria;p__Pseudomonadota;c__Gammaproteobacteria;o__Burkholderiales;f__Neisseriaceae;g__Alysiella;s__	g__Alysiella
12d746ea489d74ef50b3e84eecde1cfc	d__Bacteria;p__Bacteroidota;c__Bacteroidia;o__Bacteroidales;f__Porphyromonadaceae;g__Porphyromonas;s__	g__Porphyromonas
cdd078c137569698cc9948d206648f1c	d__Bacteria;p__Pseudomonadota;c__Gammaproteobacteria;o__Burkholderiales;f__Neisseriaceae;g__Neisseria;s__	g__Neisseria
b6a1cfc87c3ffa7f96227d4a372d8dd7	d__Bacteria;p__Bacillota;c__Clostridia;o__Oscillospirales;f__Ruminococcaceae;g__Incertae_Sedis;s__	g__Incertae_Sedis
813e694b5b17cc13cac2f62a26f6707c	d__Bacteria;p__Bacillota;c__Bacilli;o__Lactobacillales;f__Streptococcaceae;g__Streptococcus;s__	g__Streptococcus
287f7f0da21c68020ba7ed1d387cbc6f	d__Bacteria;p__Spirochaetota;c__Spirochaetia;o__Spirochaetales;f__Spirochaetaceae;g__Treponema;s__	g__Treponema
87de2eb4c03fc0e1b49d08f88e0f1b2b	d__Bacteria;p__Pseudomonadota;c__Gammaproteobacteria;o__Enterobacterales;f__Pasteurellaceae;g__Haemophilus;s__	g__Haemophilus
1ba29030bee862a16cd5dfac8bdf1530	d__Bacteria;p__Bacteroidota;c__Bacteroidia;o__Sphingobacteriales;f__Lentimicrobiaceae;g__Lentimicrobium;s__	g__Lentimicrobium
714276b766b01feec6fbfbc924916e78	d__Bacteria;p__Bacteroidota;c__Bacteroidia;o__Bacteroidales;f__Prevotellaceae;g__Prevotella;s__	g__Prevotella
bb5a0c438071c99f1cf47c992e7b9e1c	d__Bacteria;p__Bacillota;c__Clostridia;o__Peptostreptococcales-Tissierellales;f__Family_XI;g__Parvimonas;s__	g__Parvimonas
e62dda278c2f619474817c1bc249bb6f	d__Bacteria;p__Bacillota;c__Negativicutes;o__Veillonellales-Selenomonadales;f__Selenomonadaceae;g__Megamonas;s__	g__Megamonas
d95d7e79d9e931ed2442decbabb2aba8	d__Bacteria;p__Fusobacteriota;c__Fusobacteriia;o__Fusobacteriales;f__Fusobacteriaceae;g__Fusobacterium;s__	g__Fusobacterium
e0d1e3fa2e10e95e235a220259e73b2c	d__Bacteria;p__Bacillota;c__Negativicutes;o__Veillonellales-Selenomonadales;f__Veillonellaceae;g__Veillonella;s__	g__Veillonella
63719d66121cd4112b5d8b5d1bacd4b0	d__Bacteria;p__Bacillota;c__Negativicutes;o__Veillonellales-Selenomonadales;f__Veillonellaceae;g__Dialister;s__	g__Dialister
2d41981ee289bc672dfef616e0220b7f	d__Bacteria;p__Fusobacteriota;c__Fusobacteriia;o__Fusobacteriales;f__Leptotrichiaceae;g__Pseudoleptotrichia;s__	g__Pseudoleptotrichia
8e86f983f24bc9d242199f530ed19e7b	d__Bacteria;p__Bacteroidota;c__Bacteroidia;o__Bacteroidales;f__Prevotellaceae;g__Prevotella;s__	g__Prevotella
2578a5c327f718cd8ff49a50f1b3f303	d__Bacteria;p__Bacillota;c__Negativicutes;o__Veillonellales-Selenomonadales;f__Selenomonadaceae;g__Selenomonas;s__	g__Selenomonas
0a96e4f41bd1ae7995253de846500b7b	d__Bacteria;p__Pseudomonadota;c__Gammaproteobacteria;o__Burkholderiales;f__Neisseriaceae;g__Neisseria;s__	g__Neisseria
ce3c11405838d4e971765d75ee0ed68b	d__Bacteria;p__Fusobacteriota;c__Fusobacteriia;o__Fusobacteriales;f__Leptotrichiaceae;g__Pseudoleptotrichia;s__	g__Pseudoleptotrichia
387349bbf301de818017a263010277fa	d__Bacteria;p__Pseudomonadota;c__Gammaproteobacteria;o__Lysobacterales;f__Lysobacteraceae;g__Stenotrophomonas;s__	g__Stenotrophomonas
af2150fef76b295092cd60a788cbe500	d__Bacteria;p__Bacillota;c__Clostridia;o__Lachnospirales;f__Lachnospiraceae	Unclassified
adaee256a34ff7012e77d1a26d82b874	d__Bacteria;p__Actinomycetota;c__Actinobacteria;o__Micrococcales;f__Micrococcaceae;g__Rothia;s__	g__Rothia
0dc8ecf5a4d330985298bb571595df53	d__Bacteria;p__Pseudomonadota;c__Gammaproteobacteria;o__Burkholderiales;f__Neisseriaceae;g__Alysiella;s__	g__Alysiella
80eb0769de9447a845b8ab46b1499cea	d__Bacteria;p__Bacteroidota;c__Bacteroidia;o__Flavobacteriales;f__Flavobacteriaceae;g__Capnocytophaga;s__	g__Capnocytophaga
5497318e515a8c328a68f95975d9c7d4	d__Bacteria;p__Bacillota;c__Bacilli;o__Staphylococcales;f__Staphylococcaceae;g__Staphylococcus;s__	g__Staphylococcus
8e662c105abda24419a09c3ff80d5523	d__Bacteria;p__Bacillota;c__Bacilli;o__Lactobacillales;f__Streptococcaceae;g__Streptococcus;s__	g__Streptococcus
d33f6ec17ca2b9e922208da1a8291a27	d__Bacteria;p__Bacillota;c__Negativicutes;o__Veillonellales-Selenomonadales;f__Selenomonadaceae;g__Selenomonas;s__	g__Selenomonas
ae80ee1968a868df26cebfe372f0612d	d__Bacteria;p__Bacillota;c__Bacilli;o__Lactobacillales;f__Streptococcaceae;g__Streptococcus;s__	g__Streptococcus
582da013b6aa08a8d6b6bd308c4c1525	d__Bacteria;p__Bacillota;c__Bacilli;o__Bacillales;f__Bacillaceae;g__Mesobacillus;s__	g__Mesobacillus
2903f2e41955a0f7fe924306eadea605	d__Bacteria;p__Pseudomonadota;c__Gammaproteobacteria;o__Enterobacterales;f__Pasteurellaceae;g__Haemophilus;s__	g__Haemophilus
5b52f8ea76d3b777c6e0bf4c7bcd0035	d__Bacteria;p__Bacillota;c__Bacilli;o__Lactobacillales;f__Streptococcaceae;g__Streptococcus;s__	g__Streptococcus
fb3a1838e4556844efebeb418e436360	d__Bacteria;p__Bacillota;c__Bacilli;o__Lactobacillales;f__Streptococcaceae;g__Streptococcus;s__	g__Streptococcus
6dc5884ec4f5e5b0e14838d72980ef88	d__Bacteria;p__Pseudomonadota;c__Gammaproteobacteria;o__Burkholderiales;f__Comamonadaceae	Unclassified
c773422b3dd3b7f057a6ec0d5fb93733	d__Bacteria;p__Pseudomonadota;c__Gammaproteobacteria;o__Burkholderiales;f__Neisseriaceae;g__Eikenella;s__	g__Eikenella
e47b7c57183d489a185e684d3dc8f4e6	d__Bacteria;p__Fusobacteriota;c__Fusobacteriia;o__Fusobacteriales;f__Fusobacteriaceae;g__Fusobacterium;s__	g__Fusobacterium
7e4c8c964ee846be66d272ff7d413421	d__Bacteria;p__Campylobacterota;c__Campylobacteria;o__Campylobacterales;f__Campylobacteraceae;g__Campylobacter;s__	g__Campylobacter
6e68d3873eb052ed4a4c880b2b858e2a	d__Bacteria;p__Bacillota;c__Bacilli;o__Lactobacillales;f__Aerococcaceae;g__Abiotrophia;s__	g__Abiotrophia
331649b538de38b06a4c132872929545	d__Bacteria;p__Pseudomonadota;c__Gammaproteobacteria;o__Enterobacterales;f__Pasteurellaceae;g__Haemophilus;s__	g__Haemophilus
7edd5036cada4c421b445a2a4163eb60	d__Bacteria;p__Bacteroidota;c__Bacteroidia;o__Bacteroidales;f__Prevotellaceae;g__Prevotella;s__	g__Prevotella
d32402fba33e283f5faf20632f56a10f	d__Bacteria;p__Spirochaetota;c__Spirochaetia;o__Spirochaetales;f__Spirochaetaceae;g__Treponema;s__	g__Treponema
aa15ec5479cde6d5381cbc99a0f6a59e	d__Bacteria;p__Bacillota;c__Negativicutes;o__Veillonellales-Selenomonadales;f__Veillonellaceae;g__Veillonella;s__	g__Veillonella
176e2eaf868bad4377b277040094b7ff	d__Bacteria;p__Bacteroidota;c__Bacteroidia;o__Bacteroidales;f__Prevotellaceae;g__Prevotella;s__	g__Prevotella
300a3fae9c66d3b53485e9127df2dd75	d__Bacteria;p__Campylobacterota;c__Campylobacteria;o__Campylobacterales;f__Campylobacteraceae;g__Campylobacter;s__	g__Campylobacter
056c10f628f9c8baab360f29471c9fff	d__Bacteria;p__Bacteroidota;c__Bacteroidia;o__Sphingobacteriales;f__Lentimicrobiaceae;g__Lentimicrobium;s__	g__Lentimicrobium
5354b5f62e45014a1b54b8ad68cfa269	d__Bacteria;p__Bacillota;c__Negativicutes;o__Veillonellales-Selenomonadales;f__Veillonellaceae;g__Veillonella;s__	g__Veillonella
faee55aa0df36adff9d7cb5943b53b04	d__Bacteria;p__Bacillota;c__Bacilli;o__Paenibacillales;f__Paenibacillaceae;g__Paenibacillus;s__	g__Paenibacillus
b9c26c666b0075a9bf43873dfb3d6dd2	d__Bacteria;p__Bacteroidota;c__Bacteroidia;o__Bacteroidales;f__Prevotellaceae;g__Incertae_Sedis;s__	g__Incertae_Sedis
2ee585c245a593473acb21bdf1d7a460	d__Bacteria;p__Bacillota;c__Clostridia;o__Lachnospirales;f__Lachnospiraceae;g__Anaerostipes;s__	g__Anaerostipes
eea4d79f73bf1ec443ff4bd2571c1df1	d__Bacteria;p__Fusobacteriota;c__Fusobacteriia;o__Fusobacteriales;f__Leptotrichiaceae;g__Leptotrichia;s__	g__Leptotrichia
cdc581167e678fbf49ee8a38850535d2	d__Bacteria;p__Spirochaetota;c__Spirochaetia;o__Spirochaetales;f__Spirochaetaceae;g__Treponema;s__	g__Treponema
a7fcd2d9cc90e58c3e3fd1603acca805	d__Bacteria;p__Pseudomonadota;c__Gammaproteobacteria;o__Enterobacterales;f__Pasteurellaceae;g__Haemophilus;s__	g__Haemophilus
409f711b59152d57926cf444c5577087	d__Bacteria;p__Bacillota;c__Bacilli;o__Lactobacillales;f__Streptococcaceae;g__Streptococcus;s__	g__Streptococcus
4807fd4aead0b0bf88e292fcc2213ed8	d__Bacteria;p__Bacteroidota;c__Bacteroidia;o__Flavobacteriales;f__Flavobacteriaceae;g__Capnocytophaga;s__	g__Capnocytophaga
47c3b8e99a3a5c52b6a5d21fa6bb39f6	d__Bacteria;p__Pseudomonadota;c__Gammaproteobacteria;o__Enterobacterales;f__Pasteurellaceae;g__Haemophilus;s__	g__Haemophilus
77c0eb3868af3c05b52bdec996f96858	d__Bacteria;p__Bacillota;c__Clostridia;o__Lachnospirales;f__Lachnospiraceae;g__Oribacterium;s__	g__Oribacterium
d6f4b701e545befd24b5e71ad6604001	d__Bacteria;p__Bacillota;c__Bacilli;o__Lactobacillales;f__Streptococcaceae;g__Streptococcus;s__	g__Streptococcus
6c533cb82779f1fbd66e7c3a8697fa3e	d__Bacteria;p__Bacteroidota;c__Bacteroidia;o__Bacteroidales;f__Prevotellaceae;g__Prevotella;s__	g__Prevotella
3a467be9a4ca8dcd3805a2230751a495	d__Bacteria;p__Bacillota;c__Clostridia;o__Lachnospirales;f__Lachnospiraceae;g__Stomatobaculum;s__	g__Stomatobaculum
b4565faf7a43079ef0ab44fcd1a05817	d__Bacteria;p__Pseudomonadota;c__Gammaproteobacteria;o__Burkholderiales;f__Neisseriaceae;g__Neisseria;s__	g__Neisseria
5ac2ed53e956273430ecfe2dfa3d62a6	d__Bacteria;p__Fusobacteriota;c__Fusobacteriia;o__Fusobacteriales;f__Leptotrichiaceae;g__Leptotrichia;s__	g__Leptotrichia
a639197b0790ff7d17952214a13981fb	d__Bacteria;p__Bacteroidota;c__Bacteroidia;o__Sphingobacteriales;f__Lentimicrobiaceae;g__Lentimicrobium;s__	g__Lentimicrobium
ae5e3cde2d868bdaa67a29ba44154bff	d__Bacteria;p__Bacillota;c__Negativicutes;o__Veillonellales-Selenomonadales;f__Veillonellaceae;g__Veillonella;s__	g__Veillonella
b92aecce075cf1ec9702808f363e4528	d__Bacteria;p__Bacteroidota;c__Bacteroidia;o__Flavobacteriales;f__Flavobacteriaceae;g__Capnocytophaga;s__	g__Capnocytophaga
e3c9c2a072b1dd41a3d26f812f5c5f0e	d__Bacteria;p__Bacillota;c__Negativicutes;o__Veillonellales-Selenomonadales;f__Veillonellaceae;g__Veillonella;s__	g__Veillonella
b0c486c8fa35e526a34f4a14bac52ae1	d__Bacteria;p__Bacteroidota;c__Bacteroidia;o__Bacteroidales;f__Prevotellaceae;g__Prevotella;s__	g__Prevotella
114d0aefa07e7ab7836011f44281b737	d__Bacteria;p__Bacillota;c__Bacilli;o__Erysipelotrichales;f__Erysipelotrichaceae;g__Solobacterium;s__	g__Solobacterium
35fd41579b5eec27ec14c400c586c480	d__Bacteria;p__Bacillota;c__Negativicutes;o__Veillonellales-Selenomonadales;f__Veillonellaceae;g__Dialister;s__	g__Dialister
f1681bcc5274382eaf70ad85491c837e	d__Bacteria;p__Bacteroidota;c__Bacteroidia;o__Bacteroidales;f__Bacteroidaceae;g__Bacteroides;s__	g__Bacteroides
d712ab8f024f68edbdb04619a450f43c	d__Bacteria;p__Pseudomonadota;c__Gammaproteobacteria;o__Burkholderiales;f__Oxalobacteraceae;g__Massilia;s__	g__Massilia
e30628aa629a2e8124927388b52d1271	d__Bacteria;p__Pseudomonadota;c__Gammaproteobacteria;o__Enterobacterales;f__Pasteurellaceae;g__Haemophilus;s__	g__Haemophilus
addb32c8992da25e02cfe1a18a659b3a	d__Bacteria;p__Pseudomonadota;c__Gammaproteobacteria;o__Pseudomonadales;f__Pseudomonadaceae;g__Pseudomonas;s__	g__Pseudomonas
998cdb402e5886040c99a733f737a2e4	d__Bacteria;p__Bacillota;c__Clostridia;o__Peptostreptococcales-Tissierellales;f__Peptostreptococcaceae;g__Filifactor;s__	g__Filifactor
d386863b6a0565708ae63f7aec6cec88	d__Bacteria;p__Bacteroidota;c__Bacteroidia;o__Bacteroidales;f__Porphyromonadaceae;g__Porphyromonas;s__	g__Porphyromonas
9df251784dde31e05f02b2ee1029d71c	d__Bacteria;p__Bacillota;c__Clostridia;o__Lachnospirales;f__Lachnospiraceae;g__Fusicatenibacter;s__	g__Fusicatenibacter
7d05d6bd132bb92e5fc07136d72e3153	d__Bacteria;p__Actinomycetota;c__Coriobacteriia;o__Coriobacteriales;f__Atopobiaceae;g__Lancefieldella;s__	g__Lancefieldella
2d9c3b4de017ef3a0e576ce068dd8de8	d__Bacteria;p__Pseudomonadota;c__Alphaproteobacteria;o__Rhodobacterales;f__Paracoccaceae;g__Paracoccus;s__	g__Paracoccus
958e78cc909d8db0ed28f04ac575e69c	d__Bacteria;p__Fusobacteriota;c__Fusobacteriia;o__Fusobacteriales;f__Leptotrichiaceae;g__Leptotrichia;s__	g__Leptotrichia
06f1fad69dca00370cda270407e062e3	d__Bacteria;p__Pseudomonadota;c__Gammaproteobacteria;o__Lysobacterales;f__Lysobacteraceae;g__Pseudoxanthomonas;s__	g__Pseudoxanthomonas
4beba16b45e183b571d4cbfedb8df719	d__Bacteria;p__Bacteroidota;c__Bacteroidia;o__Bacteroidales;f__Prevotellaceae;g__Prevotella;s__	g__Prevotella
13e84d00473967ee05ad2d92ae5dc91c	d__Bacteria;p__Bacillota;c__Clostridia;o__Lachnospirales;f__Lachnospiraceae;g__Johnsonella;s__	g__Johnsonella
a09c0e8c314bd987a8c6f60a358f141d	d__Bacteria;p__Bacillota;c__Clostridia;o__Lachnospirales;f__Lachnospiraceae;g__Incertae_Sedis;s__	g__Incertae_Sedis
93d000b87a73ce51dd63a8504dea38a4	d__Bacteria;p__Bacillota;c__Bacilli;o__Paenibacillales;f__Paenibacillaceae;g__Paenibacillus;s__	g__Paenibacillus
29b4b99ef46708c8d671a5331cf6bc5e	d__Bacteria;p__Spirochaetota;c__Spirochaetia;o__Spirochaetales;f__Spirochaetaceae;g__Treponema;s__	g__Treponema
9493541443345060c49d1b7f0b6add28	d__Bacteria;p__Fusobacteriota;c__Fusobacteriia;o__Fusobacteriales;f__Leptotrichiaceae;g__Leptotrichia;s__	g__Leptotrichia
108fac5b76a14322079ed6bc0c7ae7ee	d__Bacteria;p__Pseudomonadota;c__Gammaproteobacteria;o__Burkholderiales;f__Neisseriaceae;g__Neisseria;s__	g__Neisseria
9b23053de8f4269fe6b5ce286dfbef3c	d__Bacteria;p__Bacillota;c__Bacilli;o__Lactobacillales;f__Lactobacillaceae;g__Lactobacillus;s__	g__Lactobacillus
a313fbdbe7d03f453823a31afd97802f	d__Bacteria;p__Bacteroidota;c__Bacteroidia;o__Bacteroidales;f__Porphyromonadaceae;g__Porphyromonas;s__	g__Porphyromonas
0a1f5ed70dcb37a86924dbd5fde981af	d__Bacteria;p__Pseudomonadota;c__Gammaproteobacteria;o__Pseudomonadales;f__Moraxellaceae;g__Enhydrobacter;s__	g__Enhydrobacter
c9619a5ace91925fb92154d1cc2722de	d__Bacteria;p__Bacteroidota;c__Bacteroidia;o__Bacteroidales;f__Prevotellaceae;g__Prevotella;s__	g__Prevotella
888ccb24bd08ac9e05b7ffe7cabdd860	d__Bacteria;p__Bacteroidota;c__Bacteroidia;o__Bacteroidales;f__Porphyromonadaceae;g__Porphyromonas;s__	g__Porphyromonas
a0567fe050c9435d9969f2c24d0aff1c	d__Bacteria;p__Bacteroidota;c__Bacteroidia;o__Bacteroidales;f__Prevotellaceae;g__Prevotella;s__	g__Prevotella
82498541adc83039e103a5f14460c2c7	d__Bacteria;p__Bacillota;c__Bacilli;o__Mycoplasmatales;f__Mycoplasmataceae;g__Mycoplasma;s__	g__Mycoplasma
de8cc82e712080b4b86ca345b5825a24	d__Bacteria;p__Bacillota;c__Clostridia;o__Lachnospirales;f__Lachnospiraceae;g__Butyrivibrio;s__	g__Butyrivibrio
e7e94efa8a7859edbfe8f183c4e09899	d__Bacteria;p__Pseudomonadota;c__Gammaproteobacteria;o__Enterobacterales;f__Pasteurellaceae;g__Haemophilus;s__	g__Haemophilus
9d66bd49ae60477c6c2839da1f80f58e	d__Bacteria;p__Pseudomonadota;c__Gammaproteobacteria;o__Enterobacterales;f__Pasteurellaceae;g__Haemophilus;s__	g__Haemophilus
1932c992cd200193bed159787958f70c	d__Bacteria;p__Bacillota;c__Clostridia;o__Lachnospirales;f__Lachnospiraceae;g__Blautia;s__	g__Blautia
157516832cb64f86e81a522448e4d4ee	d__Bacteria;p__Spirochaetota;c__Spirochaetia;o__Spirochaetales;f__Spirochaetaceae;g__Treponema;s__	g__Treponema
80fad953c17fb49f5a4cad699e460476	d__Bacteria;p__Bacteroidota;c__Bacteroidia;o__Bacteroidales;f__Porphyromonadaceae;g__Porphyromonas;s__	g__Porphyromonas
e2c6d4bc7becad9b4c42ccbdf856a547	d__Bacteria;p__Bacillota;c__Bacilli;o__Lactobacillales;f__Carnobacteriaceae;g__Granulicatella;s__	g__Granulicatella
6e2b31fb800314ce34dc541263074189	d__Bacteria;p__Bacteroidota;c__Bacteroidia;o__Bacteroidales;f__Prevotellaceae;g__Alloprevotella;s__	g__Alloprevotella
eee26944198c21eaa0afcc8261af456e	d__Bacteria;p__Bacillota;c__Negativicutes;o__Veillonellales-Selenomonadales;f__Veillonellaceae;g__Megasphaera;s__	g__Megasphaera
d633b21d57c88efd3903c6c306c0e53b	d__Bacteria;p__Actinomycetota;c__Actinobacteria;o__Actinomycetales;f__Actinomycetaceae;g__Schaalia;s__	g__Schaalia
01d1197ed3bf1c676a4957b3dd7f5a05	d__Bacteria;p__Pseudomonadota;c__Gammaproteobacteria;o__Burkholderiales;f__Neisseriaceae;g__Alysiella;s__	g__Alysiella
222e21f6500d5e0aa66f371387a91193	d__Bacteria;p__Pseudomonadota;c__Gammaproteobacteria;o__Burkholderiales;f__Sutterellaceae;g__Sutterella;s__	g__Sutterella
e1b36eafb4979e1006efc711f3e7ceb2	d__Bacteria;p__Pseudomonadota;c__Gammaproteobacteria;o__Burkholderiales;f__Neisseriaceae;g__Neisseria;s__	g__Neisseria
4d1d91aeb520c449ba32f85f22d975e2	d__Bacteria;p__Pseudomonadota;c__Gammaproteobacteria;o__Burkholderiales;f__Neisseriaceae;g__Kingella;s__	g__Kingella
fb7a1c0b3625f00ee42dbfcbaa001f12	d__Bacteria;p__Bacillota;c__Negativicutes;o__Acidaminococcales;f__Acidaminococcaceae;g__Phascolarctobacterium;s__	g__Phascolarctobacterium
cc7aa3102f6e49b78eecf686cf0389c0	d__Bacteria;p__Actinomycetota;c__Actinobacteria;o__Micrococcales;f__Micrococcaceae;g__Rothia;s__	g__Rothia
a0cf8a60a14ff953ee5a14bef6a96ec8	d__Bacteria;p__Bacillota;c__Clostridia;o__Lachnospirales;f__Lachnospiraceae;g__Oribacterium;s__	g__Oribacterium
97d5269d39a0eae35715f8f6c9219ea5	d__Bacteria;p__Pseudomonadota;c__Alphaproteobacteria;o__Sphingomonadales;f__Sphingomonadaceae;g__Sphingomonas;s__	g__Sphingomonas
d50b9c5bf40397a411c56e54a33ea23c	d__Bacteria;p__Bacillota;c__Negativicutes;o__Veillonellales-Selenomonadales;f__Veillonellaceae;g__Veillonella;s__	g__Veillonella
52ba52e30f9d5544bdace0dc6dd18956	d__Bacteria;p__Bacillota;c__Clostridia;o__Lachnospirales;f__Lachnospiraceae;g__Anaerobutyricum;s__	g__Anaerobutyricum
4ff0b5c6460e0b7d40cdad52a0b41f3a	d__Bacteria;p__Pseudomonadota;c__Gammaproteobacteria;o__Pseudomonadales;f__Halomonadaceae;g__Halomonas;s__	g__Halomonas
ca57cfbf9fc534f154e0c947e7d90e8e	d__Bacteria;p__Bacillota;c__Negativicutes;o__Veillonellales-Selenomonadales;f__Selenomonadaceae;g__Selenomonas;s__	g__Selenomonas
c7d1ed6c70202259164edf3ee7806f0c	d__Bacteria;p__Bacillota;c__Clostridia;o__Lachnospirales;f__Lachnospiraceae;g__Blautia;s__	g__Blautia
235ebe45963db763962a08835fcb9b32	d__Bacteria;p__Bacillota;c__Clostridia;o__Lachnospirales;f__Lachnospiraceae;g__Lachnoclostridium;s__	g__Lachnoclostridium
845dc63d4f6bc954746e6c823740f39f	d__Bacteria;p__Fusobacteriota;c__Fusobacteriia;o__Fusobacteriales;f__Leptotrichiaceae;g__Leptotrichia;s__	g__Leptotrichia
b6b6759d8869eef4e8c269b832973344	d__Bacteria;p__Bacteroidota;c__Bacteroidia;o__Bacteroidales;f__Prevotellaceae;g__Prevotella;s__	g__Prevotella
c7586c56f3ca0daac700cd00ce4a74ba	d__Bacteria;p__Pseudomonadota;c__Gammaproteobacteria;o__Enterobacterales;f__Pasteurellaceae;g__Haemophilus;s__	g__Haemophilus
e2a73aaa44dd7996557cfae3a6b27208	d__Bacteria;p__Fusobacteriota;c__Fusobacteriia;o__Fusobacteriales;f__Fusobacteriaceae;g__Fusobacterium;s__	g__Fusobacterium
a80354b0f0f3bbc0cdefb9bc14910b1a	d__Bacteria;p__Actinomycetota;c__Actinobacteria;o__Actinomycetales;f__Actinomycetaceae;g__Actinomyces;s__	g__Actinomyces
9357736fb02981271b5aca781ee5296b	d__Bacteria;p__Fusobacteriota;c__Fusobacteriia;o__Fusobacteriales;f__Leptotrichiaceae;g__Leptotrichia;s__	g__Leptotrichia
5b84d6012d7a67e402a6b17ba9518803	d__Bacteria;p__Fusobacteriota;c__Fusobacteriia;o__Fusobacteriales;f__Leptotrichiaceae;g__Leptotrichia;s__	g__Leptotrichia
41388070b02a7c162aa7245ce4812ebd	d__Bacteria;p__Actinomycetota;c__Actinobacteria;o__Bifidobacteriales;f__Bifidobacteriaceae;g__Bifidobacterium;s__	g__Bifidobacterium
3c3c05b27064591a63bdabfe89ee6022	d__Bacteria;p__Bacteroidota;c__Bacteroidia;o__Bacteroidales;f__Porphyromonadaceae;g__Porphyromonas;s__	g__Porphyromonas
4f1477df9aea88c682b8cdf7b3118368	d__Bacteria;p__Pseudomonadota;c__Gammaproteobacteria;o__Burkholderiales;f__Burkholderiaceae;g__Lautropia;s__	g__Lautropia
cc69d24aaf9ab32bafba8fd60bb1ddcb	d__Bacteria;p__Pseudomonadota;c__Gammaproteobacteria;o__Pseudomonadales;f__Moraxellaceae;g__Acinetobacter;s__	g__Acinetobacter
bc033ef8efc878843dd015adabfc0fec	d__Bacteria;p__Bacteroidota;c__Bacteroidia;o__Flavobacteriales;f__Flavobacteriaceae;g__Capnocytophaga;s__	g__Capnocytophaga
839c85b950bb64ab9fa72e2894ed04b3	d__Bacteria;p__Bacillota;c__Negativicutes;o__Veillonellales-Selenomonadales;f__Selenomonadaceae;g__Selenomonas;s__	g__Selenomonas
e1ee0a34cdeed1b35c0d76410a513439	d__Bacteria;p__Actinomycetota;c__Actinobacteria;o__Micrococcales;f__Micrococcaceae;g__Rothia;s__	g__Rothia
2d31f49ab41523a6a1894fc4e8ff9a15	d__Bacteria;p__Fusobacteriota;c__Fusobacteriia;o__Fusobacteriales;f__Leptotrichiaceae;g__Leptotrichia;s__	g__Leptotrichia
db92d5e78fb94056efc409ace74df645	d__Bacteria;p__Bacillota;c__Negativicutes;o__Veillonellales-Selenomonadales;f__Veillonellaceae;g__Megasphaera;s__	g__Megasphaera
c1716ce98d5de855dfa71fc5b3387705	d__Bacteria;p__Pseudomonadota;c__Gammaproteobacteria;o__Burkholderiales;f__Neisseriaceae;g__Neisseria;s__	g__Neisseria
de69acbf841c6d1db16d3fdd81483ad0	d__Bacteria;p__Fusobacteriota;c__Fusobacteriia;o__Fusobacteriales;f__Fusobacteriaceae;g__Fusobacterium;s__	g__Fusobacterium
d7aa3989db3f41df9cb9d6fbf89c9aa6	d__Bacteria;p__Fusobacteriota;c__Fusobacteriia;o__Fusobacteriales;f__Fusobacteriaceae;g__Fusobacterium;s__	g__Fusobacterium
ac58883e99bac8eb6633b7a59d4e52bb	d__Bacteria;p__Bacteroidota;c__Bacteroidia;o__Flavobacteriales;f__Flavobacteriaceae;g__Capnocytophaga;s__	g__Capnocytophaga
de50e2796f2e6c3d965e877a193cd3c6	d__Bacteria;p__Bacillota;c__Bacilli;o__Brevibacillales;f__Brevibacillaceae;g__Brevibacillus;s__	g__Brevibacillus
9c86d855b2ff42a32103f45f5384b80d	d__Bacteria;p__Bacteroidota;c__Bacteroidia;o__Chitinophagales;f__Chitinophagaceae;g__Puia;s__	g__Puia
119b303657d54397ecf6878857d54a02	d__Bacteria;p__Pseudomonadota;c__Gammaproteobacteria;o__Lysobacterales;f__Lysobacteraceae;g__Vulcaniibacterium;s__	g__Vulcaniibacterium
ddd1560f8391ae56dad9bf526b63c4be	d__Bacteria;p__Bacteroidota;c__Bacteroidia;o__Sphingobacteriales;f__Lentimicrobiaceae;g__Lentimicrobium;s__	g__Lentimicrobium
3eb19446d816293230f05b78db1fbd33	d__Bacteria;p__Bacteroidota;c__Bacteroidia;o__Bacteroidales;f__Prevotellaceae;g__Hoylesella;s__	g__Hoylesella
1bf09d84ef5bd462c2a1aa3d952a07e0	d__Bacteria;p__Pseudomonadota;c__Gammaproteobacteria;o__Enterobacterales;f__Pasteurellaceae;g__Aggregatibacter;s__	g__Aggregatibacter
6ebd0c0c049568140a0aded4b0640223	d__Bacteria;p__Pseudomonadota;c__Gammaproteobacteria;o__Enterobacterales;f__Pasteurellaceae;g__Haemophilus;s__	g__Haemophilus
f65bb38e59a04aadd2406fbac2eb31c2	d__Bacteria;p__Bacteroidota;c__Bacteroidia;o__Bacteroidales;f__Prevotellaceae;g__Incertae_Sedis;s__	g__Incertae_Sedis
820a8ac3796ece2a4cc179ebc4f5f87f	d__Bacteria;p__Pseudomonadota;c__Gammaproteobacteria;o__Burkholderiales;f__Neisseriaceae;g__Neisseria;s__	g__Neisseria
ce65fce9fe4844bcc30786828d45f21a	d__Bacteria;p__Pseudomonadota;c__Gammaproteobacteria;o__Pseudomonadales;f__Moraxellaceae;g__Acinetobacter;s__	g__Acinetobacter
d01ca8c431a45a377583f63d8d5b63aa	d__Bacteria;p__Fusobacteriota;c__Fusobacteriia;o__Fusobacteriales;f__Leptotrichiaceae;g__Pseudoleptotrichia;s__	g__Pseudoleptotrichia
f3dc239b6d6c09c017eecdf80ee003d6	d__Bacteria;p__Pseudomonadota;c__Gammaproteobacteria;o__Enterobacterales;f__Pasteurellaceae;g__Haemophilus;s__	g__Haemophilus
902d29005d8dd9c5608159f1e829f724	d__Bacteria;p__Bacillota;c__Clostridia;o__Lachnospirales;f__Lachnospiraceae;g__Catonella;s__	g__Catonella
7cd4efa29b942711d9a324e442bd9268	d__Bacteria;p__Bacillota;c__Clostridia;o__Lachnospirales;f__Lachnospiraceae;g__Enterocloster;s__	g__Enterocloster
0fd1fc5648b426342daa3872cfbed0f0	d__Bacteria;p__Bacillota;c__Clostridia;o__Peptostreptococcales-Tissierellales;f__Family_XI;g__Parvimonas;s__	g__Parvimonas
90f0c3ecf764dde04f7b4f431a27638a	d__Bacteria;p__Pseudomonadota;c__Gammaproteobacteria;o__Pseudomonadales;f__Pseudomonadaceae;g__Pseudomonas;s__	g__Pseudomonas
9d904179014c3578dae9d1e9d82407b1	d__Bacteria;p__Fusobacteriota;c__Fusobacteriia;o__Fusobacteriales;f__Fusobacteriaceae;g__Fusobacterium;s__	g__Fusobacterium
32455248f323ccf1db4ce7b77e3ce901	d__Bacteria;p__Bacillota;c__Bacilli;o__Erysipelotrichales;f__Erysipelotrichaceae;g__Solobacterium;s__	g__Solobacterium
1a4ac81b025c9421c3d20113f8054579	d__Bacteria;p__Fusobacteriota;c__Fusobacteriia;o__Fusobacteriales;f__Leptotrichiaceae;g__Pseudoleptotrichia;s__	g__Pseudoleptotrichia
7852fec488555eafc4dc296e57f84869	d__Bacteria;p__Bacillota;c__Negativicutes;o__Veillonellales-Selenomonadales;f__Selenomonadaceae;g__Selenomonas;s__	g__Selenomonas
1e1391a8ecb657fbf3ce0e7339b8d59e	d__Bacteria;p__Bacteroidota;c__Bacteroidia;o__Bacteroidales;f__Prevotellaceae;g__Prevotella;s__	g__Prevotella
8c72e6568e114a8afcb9a18e87597b23	d__Bacteria;p__Bacteroidota;c__Bacteroidia;o__Bacteroidales;f__Prevotellaceae;g__Incertae_Sedis;s__	g__Incertae_Sedis
9c28cf920dfbc874b58a3a79602ee658	d__Bacteria;p__Bacillota;c__Bacilli;o__Paenibacillales;f__Paenibacillaceae;g__Paenibacillus;s__	g__Paenibacillus
59c755ebd91fb82876df4ab11bda8854	d__Bacteria;p__Bacillota;c__Bacilli;o__Lactobacillales;f__Streptococcaceae;g__Streptococcus;s__	g__Streptococcus
9c4b948f2f4591f9c5bbfeb8620e8586	d__Bacteria;p__Fusobacteriota;c__Fusobacteriia;o__Fusobacteriales;f__Fusobacteriaceae;g__Fusobacterium;s__	g__Fusobacterium
0c35c4d95010f4bef2017a6c3570439c	d__Bacteria;p__Spirochaetota;c__Spirochaetia;o__Spirochaetales;f__Spirochaetaceae;g__Treponema;s__	g__Treponema
d0b1452f06642387dfbae1381003946b	d__Bacteria;p__Bacteroidota;c__Bacteroidia;o__Bacteroidales;f__Bacteroidaceae;g__Bacteroides;s__	g__Bacteroides
fe629b4ed182fdf7e0340ad266750018	d__Bacteria;p__Bacteroidota;c__Bacteroidia;o__Bacteroidales;f__Prevotellaceae;g__Prevotella;s__	g__Prevotella
5c7cd4afe047a1fa454b6a815a951c2f	d__Bacteria;p__Bacillota;c__Negativicutes;o__Veillonellales-Selenomonadales;f__Veillonellaceae;g__Veillonella;s__	g__Veillonella
3b82cb00f7c6eb6409e6fc4008cd6452	d__Bacteria;p__Bacteroidota;c__Bacteroidia;o__Bacteroidales;f__Prevotellaceae;g__Prevotella;s__	g__Prevotella
58dff62cc5b5ce04e46eb7c791e753d2	d__Bacteria;p__Campylobacterota;c__Campylobacteria;o__Campylobacterales;f__Campylobacteraceae;g__Campylobacter;s__	g__Campylobacter
eee86a1e48f160528f3ee39b32cccaf1	d__Bacteria;p__Bacteroidota;c__Bacteroidia;o__Bacteroidales;f__Muribaculaceae;g__Incertae_Sedis;s__	g__Incertae_Sedis
47b80da3fbbb1b622811bd12f3b124b7	d__Bacteria;p__Bacteroidota;c__Bacteroidia;o__Bacteroidales;f__Prevotellaceae;g__Prevotella;s__	g__Prevotella
c5ccea21b43ffc03a1ab4d769be69f09	d__Bacteria;p__Bacteroidota;c__Bacteroidia;o__Bacteroidales;f__Prevotellaceae;g__Prevotella;s__	g__Prevotella
a6271f0da5dc2d305fc2c059e15d5f29	d__Bacteria;p__Bacillota;c__Negativicutes;o__Veillonellales-Selenomonadales;f__Veillonellaceae;g__Veillonella;s__	g__Veillonella
4335c6f17291687871b83669d14f6cce	d__Bacteria;p__Actinomycetota;c__Coriobacteriia;o__Coriobacteriales;f__Eggerthellaceae;g__Senegalimassilia;s__	g__Senegalimassilia
cd356bcc3987a82dd5f0ba97ba203594	d__Bacteria;p__Bacteroidota;c__Bacteroidia;o__Bacteroidales;f__Prevotellaceae;g__Prevotella;s__	g__Prevotella
b970b7218f0671abd2c5d5050641543d	d__Bacteria;p__Bacteroidota;c__Bacteroidia;o__Flavobacteriales;f__Flavobacteriaceae;g__Capnocytophaga;s__	g__Capnocytophaga
68e11c8adc860715908ce4a45cd25676	d__Bacteria;p__Pseudomonadota;c__Gammaproteobacteria;o__Burkholderiales;f__Neisseriaceae;g__Neisseria;s__	g__Neisseria
7b6a472066bddb174e49011deb713caa	d__Bacteria;p__Bacteroidota;c__Bacteroidia;o__Bacteroidales;f__Prevotellaceae;g__Prevotella;s__	g__Prevotella
8d058003a8e69b3a04b10e9cf597c446	d__Bacteria;p__Bacillota;c__Negativicutes;o__Veillonellales-Selenomonadales;f__Selenomonadaceae;g__Selenomonas;s__	g__Selenomonas
3534b4be198dac95882f6e730b647c60	d__Bacteria;p__Bacillota;c__Clostridia;o__Lachnospirales;f__Lachnospiraceae;g__Anaerobutyricum;s__	g__Anaerobutyricum
8eb4e34fd58ab95fa2efab34940c01fa	d__Bacteria;p__Bacteroidota;c__Bacteroidia;o__Bacteroidales;f__Prevotellaceae;g__Segatella;s__	g__Segatella
b9ef5ac54d56ccc967194717afae2b2a	d__Bacteria;p__Bacteroidota;c__Bacteroidia;o__Bacteroidales;f__Porphyromonadaceae;g__Porphyromonas;s__	g__Porphyromonas
f4c87c33ee7c2b31f8a86a523332c71e	d__Bacteria;p__Pseudomonadota;c__Alphaproteobacteria;o__Rhodobacterales;f__Paracoccaceae;g__Paracoccus;s__	g__Paracoccus
f72e007caf0154c2851b91d8396d676f	d__Bacteria;p__Actinomycetota;c__Actinobacteria;o__Actinomycetales;f__Actinomycetaceae;g__Actinomyces;s__	g__Actinomyces
cb4b4564267279d710b9bdfd29633124	d__Bacteria;p__Pseudomonadota;c__Gammaproteobacteria;o__Burkholderiales;f__Neisseriaceae;g__Neisseria;s__	g__Neisseria
4174e90d9bd9be0973f694e1575a12c8	d__Bacteria;p__Pseudomonadota;c__Alphaproteobacteria;o__Acetobacterales;f__Acetobacteraceae;g__Roseomonas;s__	g__Roseomonas
6c2d19b1f93bb05af4652da117fab03a	d__Bacteria;p__Actinomycetota;c__Actinobacteria;o__Bifidobacteriales;f__Bifidobacteriaceae;g__Bifidobacterium;s__	g__Bifidobacterium
2f0237ec232d7b1fcf56095e4ee6a2a5	d__Bacteria;p__Actinomycetota;c__Actinobacteria;o__Actinomycetales;f__Actinomycetaceae;g__Schaalia;s__	g__Schaalia
ceaec4b3e38be8caaaf3ba52277fc320	d__Bacteria;p__Pseudomonadota;c__Gammaproteobacteria;o__Enterobacterales;f__Enterobacteriaceae;g__Klebsiella;s__	g__Klebsiella
afc51b2c9be76cc7fedaed4cc7bdf3f3	d__Bacteria;p__Fusobacteriota;c__Fusobacteriia;o__Fusobacteriales;f__Fusobacteriaceae;g__Fusobacterium;s__	g__Fusobacterium
8d9c4b1c236270f728acfde1c644d91c	d__Bacteria;p__Pseudomonadota;c__Gammaproteobacteria;o__Enterobacterales;f__Pasteurellaceae;g__Haemophilus;s__	g__Haemophilus
cf5db47eed0844e9e9dc182f509090ae	d__Bacteria;p__Pseudomonadota;c__Gammaproteobacteria;o__Enterobacterales;f__Pasteurellaceae;g__Haemophilus;s__	g__Haemophilus
4b168fe54bfc06c0f97f08dc5a89cdfd	d__Bacteria;p__Bacillota;c__Bacilli;o__Brevibacillales;f__Brevibacillaceae;g__Brevibacillus;s__	g__Brevibacillus
a31e86614df130a34b23461d9d16cc0e	d__Bacteria;p__Bacteroidota;c__Bacteroidia;o__Flavobacteriales;f__Weeksellaceae;g__Bergeyella;s__	g__Bergeyella
ce80a71c5ac2d2ab24de29714893349f	d__Bacteria;p__Bacillota;c__Negativicutes;o__Veillonellales-Selenomonadales;f__Selenomonadaceae;g__Selenomonas;s__	g__Selenomonas
71de3125f56725701d178d9bd94902a3	d__Bacteria;p__Bacillota;c__Bacilli;o__Paenibacillales;f__Paenibacillaceae;g__Paenibacillus;s__	g__Paenibacillus
4ebf2f3b3cdaebf9b5c6217202575f9b	d__Bacteria;p__Bacillota;c__Clostridia;o__Peptostreptococcales-Tissierellales;f__Family_XI;g__Parvimonas;s__	g__Parvimonas
dc2f11b69dffba564aab534c36b7b3fd	d__Bacteria;p__Bacillota;c__Negativicutes;o__Veillonellales-Selenomonadales;f__Selenomonadaceae;g__Selenomonas;s__	g__Selenomonas
ccfc6f49dd5e2b5337081816b97172f8	d__Bacteria;p__Bacillota;c__Negativicutes;o__Veillonellales-Selenomonadales;f__Selenomonadaceae;g__Selenomonas;s__	g__Selenomonas
fe545471a55fb02ecebd94fcbac97ad9	d__Bacteria;p__Bacillota;c__Bacilli;o__Staphylococcales;f__Gemellaceae;g__Gemella;s__	g__Gemella
1460d31fbeddbe5f80fe5093565996ae	d__Bacteria;p__Pseudomonadota;c__Alphaproteobacteria;o__Caulobacterales;f__Caulobacteraceae;g__Phenylobacterium;s__	g__Phenylobacterium
14fcb7ec5c3c9c92c7ce7252c971b509	d__Bacteria;p__Fusobacteriota;c__Fusobacteriia;o__Fusobacteriales;f__Leptotrichiaceae;g__Leptotrichia;s__	g__Leptotrichia
2188e80f5af0f43ac8e5df63bcedb3d0	d__Bacteria;p__Bacteroidota;c__Bacteroidia;o__Bacteroidales;f__Prevotellaceae;g__Prevotella;s__	g__Prevotella
b5a3753fe1d5c3252a798a2ff5776cb2	d__Bacteria;p__Bacteroidota;c__Bacteroidia;o__Bacteroidales;f__Prevotellaceae;g__Hoylesella;s__	g__Hoylesella
55ae36374045b6a58fdc9c11936be5cc	d__Bacteria;p__Bacillota;c__Negativicutes;o__Veillonellales-Selenomonadales;f__Veillonellaceae;g__Veillonella;s__	g__Veillonella
e13730b1eee34ff9f8b1ef3d793d0cdc	d__Bacteria;p__Fusobacteriota;c__Fusobacteriia;o__Fusobacteriales;f__Leptotrichiaceae;g__Leptotrichia;s__	g__Leptotrichia
934942fff321d3382d2f639202894aad	d__Bacteria;p__Bacillota;c__Bacilli;o__Lactobacillales;f__Streptococcaceae;g__Streptococcus;s__	g__Streptococcus
2a9510a17e4fbb0c4064c9f8dd74c39a	d__Bacteria;p__Spirochaetota;c__Spirochaetia;o__Spirochaetales;f__Spirochaetaceae;g__Treponema;s__	g__Treponema
c66da66d7899bd8ce420e714b4b5d1a9	d__Bacteria;p__Spirochaetota;c__Spirochaetia;o__Spirochaetales;f__Spirochaetaceae;g__Treponema;s__	g__Treponema
d4e740bc5c2587cbbb188e8e30026611	d__Bacteria;p__Actinomycetota;c__Actinobacteria;o__Mycobacteriales;f__Corynebacteriaceae;g__Corynebacterium;s__	g__Corynebacterium
fddba2cdc904c970689d822870256d87	d__Bacteria;p__Bacteroidota;c__Bacteroidia;o__Bacteroidales;f__Prevotellaceae;g__Prevotella;s__	g__Prevotella
d7b98981432cbed6a368d19644ccd941	d__Bacteria;p__Bacteroidota;c__Bacteroidia;o__Bacteroidales;f__Prevotellaceae;g__Alloprevotella;s__	g__Alloprevotella
bcbb636ce882622d0920135d757e9352	d__Bacteria;p__Bacteroidota;c__Bacteroidia;o__Bacteroidales;f__Prevotellaceae;g__Prevotella;s__	g__Prevotella
a3725fbb7f4a76528d54dd283e88cad8	d__Bacteria;p__Bacillota;c__Bacilli;o__Lactobacillales;f__Streptococcaceae;g__Streptococcus;s__	g__Streptococcus
20be4411ecbd3cecc17b589638ddfa10	d__Bacteria;p__Fusobacteriota;c__Fusobacteriia;o__Fusobacteriales;f__Leptotrichiaceae;g__Pseudoleptotrichia;s__	g__Pseudoleptotrichia
5ea5beee9e841148047b567805b677ff	d__Bacteria;p__Bacillota;c__Negativicutes;o__Veillonellales-Selenomonadales;f__Selenomonadaceae;g__Incertae_Sedis;s__	g__Incertae_Sedis
202938f6ff9392b6e167b20b956d9ed1	d__Bacteria;p__Bacillota;c__Clostridia;o__Lachnospirales;f__Lachnospiraceae;g__[Eubacterium]_eligens_group;s__	g__[Eubacterium]_eligens_group
27460ebd5ca1194ad683c271dadf51b2	d__Bacteria;p__Bacteroidota;c__Bacteroidia;o__Bacteroidales;f__Bacteroidaceae;g__Bacteroides;s__	g__Bacteroides
62611dedc42201591d0c89973f903dde	d__Bacteria;p__Bacillota;c__Bacilli;o__Staphylococcales;f__Staphylococcaceae;g__Staphylococcus;s__	g__Staphylococcus
ae67b413f957a845132c368fd32d1fce	d__Bacteria;p__Pseudomonadota;c__Gammaproteobacteria;o__Burkholderiales;f__Burkholderiaceae;g__Burkholderia-Caballeronia-Paraburkholderia;s__	g__Burkholderia-Caballeronia-Paraburkholderia
ee0b5b431deadb75bfb7f4c0daed6df0	d__Bacteria;p__Fusobacteriota;c__Fusobacteriia;o__Fusobacteriales;f__Leptotrichiaceae;g__Leptotrichia;s__	g__Leptotrichia
c4bfbf70c59a51ee062facd3cf3e5411	d__Bacteria;p__Bacillota;c__Clostridia;o__Lachnospirales;f__Lachnospiraceae	Unclassified
6469e5a7d3ee461ae94099be7264f3cb	d__Bacteria;p__Bacteroidota;c__Bacteroidia;o__Bacteroidales;f__Prevotellaceae;g__Hoylesella;s__	g__Hoylesella
d59eb92ad1cea014dba32c409a075aff	d__Bacteria;p__Bacillota;c__Negativicutes;o__Veillonellales-Selenomonadales;f__Veillonellaceae;g__Veillonella;s__	g__Veillonella
a4bc29c882d61ae46f305c0fff945c87	d__Bacteria;p__Actinomycetota;c__Coriobacteriia;o__Coriobacteriales;f__Atopobiaceae;g__Lancefieldella;s__	g__Lancefieldella
0b93befcf48fdcb8fee557c5bc8f1672	d__Bacteria;p__Bacillota;c__Negativicutes;o__Veillonellales-Selenomonadales;f__Veillonellaceae;g__Veillonella;s__	g__Veillonella
090ca2f93cd06261fbdf11f905df0717	d__Bacteria;p__Bacteroidota;c__Bacteroidia;o__Bacteroidales;f__Prevotellaceae;g__Prevotella;s__	g__Prevotella
bb35a35e317aeaf3cdd5bef973af2498	d__Bacteria;p__Bacillota;c__Clostridia;o__Lachnospirales;f__Lachnospiraceae;g__Mediterraneibacter;s__	g__Mediterraneibacter
ae648180cd50b48fe88c521ba9404718	d__Bacteria;p__Bacteroidota;c__Bacteroidia;o__Bacteroidales;f__Prevotellaceae;g__Segatella;s__	g__Segatella
32ec60ddb86c0ac9c519611cb5575c63	d__Bacteria;p__Bacillota;c__Clostridia;o__Lachnospirales;f__Lachnospiraceae;g__Oribacterium;s__	g__Oribacterium
b9eb8827316fd50da6597a73bff9b788	d__Bacteria;p__Bacillota;c__Negativicutes;o__Veillonellales-Selenomonadales;f__Selenomonadaceae;g__Selenomonas;s__	g__Selenomonas
e01ccd749960b04699eef783119e25ae	d__Bacteria;p__Pseudomonadota;c__Gammaproteobacteria;o__Pseudomonadales;f__Pseudomonadaceae;g__Pseudomonas;s__	g__Pseudomonas
d6bff94349f93df9c98368bfbc740ed0	d__Bacteria;p__Bacillota;c__Clostridia;o__Lachnospirales;f__Lachnospiraceae;g__Faecalimonas;s__	g__Faecalimonas
c2c73d070c9071fa90804608b4481a51	d__Bacteria;p__Fusobacteriota;c__Fusobacteriia;o__Fusobacteriales;f__Leptotrichiaceae;g__Leptotrichia;s__	g__Leptotrichia
773c8dbc59f020103b66d072dfe85b6d	d__Bacteria;p__Bacillota;c__Negativicutes;o__Veillonellales-Selenomonadales;f__Selenomonadaceae;g__Selenomonas;s__	g__Selenomonas
b74ab6944f5a7e98a99e29bcbea455c0	d__Bacteria;p__Bacteroidota;c__Bacteroidia;o__Bacteroidales;f__Bacteroidaceae;g__Bacteroides;s__	g__Bacteroides
cb253db684753e0cbdff25e1839ccc81	d__Bacteria;p__Spirochaetota;c__Spirochaetia;o__Spirochaetales;f__Spirochaetaceae;g__Treponema;s__	g__Treponema
8089044c665c34279158d8ccc3b48e6e	d__Bacteria;p__Actinomycetota;c__Actinobacteria;o__Actinomycetales;f__Actinomycetaceae;g__Schaalia;s__	g__Schaalia
ecdd9f78268f5fb7fa45b9ac097e9aa2	d__Bacteria;p__Spirochaetota;c__Spirochaetia;o__Spirochaetales;f__Spirochaetaceae;g__Treponema;s__	g__Treponema
5982852776ffebe61d9ccd9bc2007962	d__Bacteria;p__Bacteroidota;c__Bacteroidia;o__Bacteroidales;f__Porphyromonadaceae;g__Porphyromonas;s__	g__Porphyromonas
4cecc5fad3d946310bd68596e7b310e2	d__Bacteria;p__Spirochaetota;c__Spirochaetia;o__Spirochaetales;f__Spirochaetaceae;g__Treponema;s__	g__Treponema
f4e5a39193b4b144cfc9c5d2c9971aba	d__Bacteria;p__Bacillota;c__Bacilli;o__Lactobacillales;f__Streptococcaceae;g__Streptococcus;s__	g__Streptococcus
21dc1ca6a7bae7001d46493e3730a109	d__Bacteria;p__Fusobacteriota;c__Fusobacteriia;o__Fusobacteriales;f__Leptotrichiaceae;g__Leptotrichia;s__	g__Leptotrichia
c0e10092980dfe48067df4d7a5ef1770	d__Bacteria;p__Bacteroidota;c__Bacteroidia;o__Bacteroidales;f__Prevotellaceae;g__Prevotella;s__	g__Prevotella
27c2d25ab6018c30f064a7a3672b0f35	d__Bacteria;p__Bacillota;c__Bacilli;o__Bacillales;f__Bacillaceae;g__Anoxybacillus;s__	g__Anoxybacillus
c42488aff4cc842bf285a401dba39cc4	d__Bacteria;p__Actinomycetota;c__Actinobacteria;o__Actinomycetales;f__Actinomycetaceae;g__Schaalia;s__	g__Schaalia
1bfee579aa4c05db2eab351fd3e0f23b	d__Bacteria;p__Actinomycetota;c__Actinobacteria;o__Actinomycetales;f__Actinomycetaceae;g__Mobiluncus;s__	g__Mobiluncus
8cade8536ebe7db372f9170e03d50086	d__Bacteria;p__Bacteroidota;c__Bacteroidia;o__Bacteroidales;f__Prevotellaceae;g__Prevotella;s__	g__Prevotella
11902be998c8092e98cbe98af2f648af	d__Bacteria;p__Bacillota;c__Clostridia;o__Lachnospirales;f__Lachnospiraceae;g__[Ruminococcus]_gnavus_group;s__	g__[Ruminococcus]_gnavus_group
bfa7020fdecb1764e130997f70a976fe	d__Bacteria;p__Pseudomonadota;c__Gammaproteobacteria;o__Pseudomonadales;f__Moraxellaceae;g__Moraxella;s__	g__Moraxella
0ec5fa04788c096bbf614201bce7aa40	d__Bacteria;p__Actinomycetota;c__Actinobacteria;o__Actinomycetales;f__Actinomycetaceae;g__Actinomyces;s__	g__Actinomyces
c497891fa453158edcb73f49f741124b	d__Bacteria;p__Bacillota;c__Clostridia;o__Peptostreptococcales-Tissierellales;f__Family_XI;g__Parvimonas;s__	g__Parvimonas
2eedf896e95f02090d22dd3e68742ce7	d__Bacteria;p__Bacillota;c__Clostridia;o__Lachnospirales;f__Lachnospiraceae;g__Blautia;s__	g__Blautia
7e9033d78682b4c50549172066170d53	d__Bacteria;p__Fusobacteriota;c__Fusobacteriia;o__Fusobacteriales;f__Leptotrichiaceae;g__Leptotrichia;s__	g__Leptotrichia
2bf1942f9766ed78db9f32ab01951157	d__Bacteria;p__Bacillota;c__Negativicutes;o__Veillonellales-Selenomonadales;f__Selenomonadaceae;g__Selenomonas;s__	g__Selenomonas
1d0e7a3e1432ecad7afb98a0f02c5099	d__Bacteria;p__Bacillota;c__Negativicutes;o__Veillonellales-Selenomonadales;f__Selenomonadaceae;g__Selenomonas;s__	g__Selenomonas
62c336937d9c98f93521f014e1f21a63	d__Bacteria;p__Bacillota;c__Clostridia;o__Oscillospirales;f__Butyricicoccaceae;g__Agathobaculum;s__	g__Agathobaculum
945465eb7e99e22e8b6490ac2c9ec191	d__Bacteria;p__Bacillota;c__Bacilli;o__Paenibacillales;f__Paenibacillaceae;g__Paenibacillus;s__	g__Paenibacillus
260e9f2abbc08c87eea4389f2a739efc	d__Bacteria;p__Actinomycetota;c__Actinobacteria;o__Propionibacteriales;f__Propionibacteriaceae;g__Incertae_Sedis;s__	g__Incertae_Sedis
534ea42d02b27205ce3e9c1e4545515f	d__Bacteria;p__Actinomycetota;c__Actinobacteria;o__Actinomycetales;f__Actinomycetaceae;g__Schaalia;s__	g__Schaalia
0b3b119c0f50ee9c01b40fd7b39aa8fd	d__Bacteria;p__Bacillota;c__Bacilli;o__Bacillales;f__Bacillaceae;g__Bacillus;s__	g__Bacillus
9092affdc5381a9deb32b23f7327b53b	d__Bacteria;p__Bacteroidota;c__Bacteroidia;o__Bacteroidales;f__Prevotellaceae;g__Prevotella;s__	g__Prevotella
4a254eaf0f21aed7eeff0fca9a09bc25	d__Bacteria;p__Pseudomonadota;c__Gammaproteobacteria;o__Pseudomonadales;f__Halomonadaceae;g__Halomonas;s__	g__Halomonas
d205653fe15c7c7ce42de2a1523250ce	d__Bacteria;p__Bacillota;c__Clostridia;o__Clostridia_UCG-014;f__Incertae_Sedis;g__Incertae_Sedis;s__	g__Incertae_Sedis
1943673f46f3a29c3ed51251101ce650	d__Bacteria;p__Bacillota;c__Bacilli;o__Lactobacillales;f__Streptococcaceae;g__Streptococcus;s__	g__Streptococcus
db985794390686be60e09d39e20511c4	d__Bacteria;p__Bacillota;c__Bacilli;o__Lactobacillales;f__Streptococcaceae;g__Streptococcus;s__	g__Streptococcus
2cd30e9eda91687ba73dcae76f4f1880	d__Bacteria;p__Pseudomonadota;c__Alphaproteobacteria;o__Caulobacterales;f__Caulobacteraceae;g__Brevundimonas;s__	g__Brevundimonas
39fef2b2235b8736e72e35bda4be9221	d__Bacteria;p__Pseudomonadota;c__Gammaproteobacteria;o__Lysobacterales;f__Lysobacteraceae;g__Stenotrophomonas;s__	g__Stenotrophomonas
84330a2de4ba4ab04b5e3949cbdc4456	d__Bacteria;p__Spirochaetota;c__Spirochaetia;o__Spirochaetales;f__Spirochaetaceae;g__Treponema;s__	g__Treponema
e77e1ecdb786d785724974bdb09804fa	d__Bacteria;p__Fusobacteriota;c__Fusobacteriia;o__Fusobacteriales;f__Leptotrichiaceae;g__Leptotrichia;s__	g__Leptotrichia
85831d1868b78a63dab8bd8f44910758	d__Bacteria;p__Fusobacteriota;c__Fusobacteriia;o__Fusobacteriales;f__Fusobacteriaceae;g__Fusobacterium;s__	g__Fusobacterium
3d31acd97f2162ce340b98b8b40c4969	d__Bacteria;p__Bacteroidota;c__Bacteroidia;o__Bacteroidales;f__Porphyromonadaceae;g__Porphyromonas;s__	g__Porphyromonas
1875d4e7a11ed24c92a865355693b86c	d__Bacteria;p__Bacillota;c__Clostridia;o__Lachnospirales;f__Lachnospiraceae;g__[Eubacterium]_eligens_group;s__	g__[Eubacterium]_eligens_group
87b77eee20e2e50269c35db73fcb6d14	d__Bacteria;p__Bacteroidota;c__Bacteroidia;o__Flavobacteriales;f__Weeksellaceae;g__Cloacibacterium;s__	g__Cloacibacterium
8c4f115665c11a2330322f16b1b9c773	d__Bacteria;p__Bacteroidota;c__Bacteroidia;o__Bacteroidales;f__Bacteroidaceae;g__Bacteroides;s__	g__Bacteroides
0b370395896151f4de03bc9519072089	d__Bacteria;p__Pseudomonadota;c__Gammaproteobacteria;o__Burkholderiales;f__Neisseriaceae;g__Neisseria;s__	g__Neisseria
31c5d6d689fe24ec7157fa1c0783fbd4	d__Bacteria;p__Pseudomonadota;c__Alphaproteobacteria;o__Hyphomicrobiales;f__Beijerinckiaceae;g__Methylorubrum;s__	g__Methylorubrum
046450d8922ade0d6b912fa591e5c2e2	d__Bacteria;p__Bacteroidota;c__Bacteroidia;o__Bacteroidales;f__Porphyromonadaceae;g__Porphyromonas;s__	g__Porphyromonas
7e64529549a54fc68cfc5e832c2f370a	d__Bacteria;p__Bacillota;c__Clostridia;o__Peptostreptococcales-Tissierellales;f__Family_XI;g__Peptoniphilus;s__	g__Peptoniphilus
eb956af9e0d33421a8f8e16196028745	d__Bacteria;p__Fusobacteriota;c__Fusobacteriia;o__Fusobacteriales;f__Leptotrichiaceae;g__Pseudoleptotrichia;s__	g__Pseudoleptotrichia
e20a255b1ebc11f93857dd2e92f20f0d	d__Bacteria;p__Fusobacteriota;c__Fusobacteriia;o__Fusobacteriales;f__Leptotrichiaceae;g__Pseudoleptotrichia;s__	g__Pseudoleptotrichia
7ac5e015ccf7472a0e7954d172ee9586	d__Bacteria;p__Bacillota;c__Clostridia;o__Lachnospirales;f__Lachnospiraceae;g__Oribacterium;s__	g__Oribacterium
6bed8d8a27af545806cb1691b4518cf1	d__Bacteria;p__Bacillota;c__Negativicutes;o__Veillonellales-Selenomonadales;f__Selenomonadaceae;g__Selenomonas;s__	g__Selenomonas
c4fed5f3ca38b443a4d7d5f46df793c9	d__Bacteria;p__Fusobacteriota;c__Fusobacteriia;o__Fusobacteriales;f__Leptotrichiaceae;g__Leptotrichia;s__	g__Leptotrichia
e472bc4d67b4a2d26f1d7ee71e30fc24	d__Bacteria;p__Campylobacterota;c__Campylobacteria;o__Campylobacterales;f__Campylobacteraceae;g__Campylobacter;s__	g__Campylobacter
b975cfe63739df6a4879495e1a744c42	d__Bacteria;p__Bacteroidota;c__Bacteroidia;o__Bacteroidales;f__Prevotellaceae;g__Segatella;s__	g__Segatella
79c3a35c8a8ec5147ab7e9bcebea629a	d__Bacteria;p__Bacteroidota;c__Bacteroidia;o__Bacteroidales;f__Prevotellaceae;g__Segatella;s__	g__Segatella
09403870435de24e0d1079059a287957	d__Bacteria;p__Actinomycetota;c__Actinobacteria;o__Micrococcales;f__Micrococcaceae;g__Micrococcus;s__	g__Micrococcus
3bf37d2db9ed7cedef08f606ca3722f8	d__Bacteria;p__Pseudomonadota;c__Alphaproteobacteria;o__Caulobacterales;f__Caulobacteraceae;g__Brevundimonas;s__	g__Brevundimonas
d992dcdeabf0f1a8a3fa56278f6f6600	d__Bacteria;p__Bacteroidota;c__Bacteroidia;o__Bacteroidales;f__Prevotellaceae;g__Prevotella;s__	g__Prevotella
3fe8608797c2760295ca61479f630cb6	d__Bacteria;p__Bacillota;c__Clostridia;o__Peptostreptococcales-Tissierellales;f__Anaerovoracaceae;g__Mogibacterium;s__	g__Mogibacterium
71400331a4b513760be792306bf2e3ab	d__Bacteria;p__Fusobacteriota;c__Fusobacteriia;o__Fusobacteriales;f__Leptotrichiaceae;g__Leptotrichia;s__	g__Leptotrichia
677a4fa7719a689e649c05887659998a	d__Bacteria;p__Bacillota;c__Clostridia;o__Lachnospirales;f__Lachnospiraceae;g__Lachnoanaerobaculum;s__	g__Lachnoanaerobaculum
3ee76acb2be2e221216ad5442b340019	d__Bacteria;p__Bacteroidota;c__Bacteroidia;o__Bacteroidales;f__Prevotellaceae;g__Prevotella;s__	g__Prevotella
fa6b3dfe58be4ac05849070576f9dcbc	d__Bacteria;p__Bacteroidota;c__Bacteroidia;o__Bacteroidales;f__Prevotellaceae;g__Prevotella;s__	g__Prevotella
e284bc2fdfbeb715f0a2726bf075a85d	d__Bacteria;p__Spirochaetota;c__Spirochaetia;o__Spirochaetales;f__Spirochaetaceae;g__Treponema;s__	g__Treponema
1126552316d772bca6be977ac98ec99e	d__Bacteria;p__Fusobacteriota;c__Fusobacteriia;o__Fusobacteriales;f__Fusobacteriaceae;g__Fusobacterium;s__	g__Fusobacterium
e1b335bee066524905d6fac6f1b158ea	d__Bacteria;p__Fusobacteriota;c__Fusobacteriia;o__Fusobacteriales;f__Fusobacteriaceae;g__Fusobacterium;s__	g__Fusobacterium
8eba3f153ef924bebba79c0aa20e63f1	d__Bacteria;p__Bacillota;c__Bacilli;o__Staphylococcales;f__Gemellaceae;g__Gemella;s__	g__Gemella
f684347f6c1a5dcf941c4c17be9dfb8d	d__Bacteria;p__Pseudomonadota;c__Gammaproteobacteria;o__Burkholderiales;f__Sutterellaceae;g__Sutterella;s__	g__Sutterella
ffb3bf7b7c32855e8d622314660e1a37	d__Bacteria;p__Bacillota;c__Clostridia;o__Oscillospirales;f__Oscillospiraceae;g__Colidextribacter;s__	g__Colidextribacter
29eb8d9f1be4041cd247f96f7749d498	d__Bacteria;p__Pseudomonadota;c__Gammaproteobacteria;o__Lysobacterales;f__Lysobacteraceae;g__Lysobacter;s__	g__Lysobacter
36ac6177be7e51f33bdc50c482213476	d__Bacteria;p__Fusobacteriota;c__Fusobacteriia;o__Fusobacteriales;f__Fusobacteriaceae;g__Fusobacterium;s__	g__Fusobacterium
2dd98c614b13c3371a4892a5cbb595b1	d__Bacteria;p__Fusobacteriota;c__Fusobacteriia;o__Fusobacteriales;f__Fusobacteriaceae;g__Fusobacterium;s__	g__Fusobacterium
168ab88598c8d8395d83c776daf3c8a0	d__Bacteria;p__Bacillota;c__Clostridia;o__Oscillospirales;f__Butyricicoccaceae;g__Agathobaculum;s__	g__Agathobaculum
4aa4221f072ef60f79e7921e799750c0	d__Bacteria;p__Bacteroidota;c__Bacteroidia;o__Bacteroidales;f__Prevotellaceae;g__Segatella;s__	g__Segatella
25cc7f1446b6357eb09f59c40acd095c	d__Bacteria;p__Campylobacterota;c__Campylobacteria;o__Campylobacterales;f__Campylobacteraceae;g__Campylobacter;s__	g__Campylobacter
f435a3edc3d4bcf43883560668468bb5	d__Bacteria;p__Bacteroidota;c__Bacteroidia;o__Bacteroidales;f__Prevotellaceae;g__Incertae_Sedis;s__	g__Incertae_Sedis
c437e3d690c6cae5ea2f075781842f6b	d__Bacteria;p__Pseudomonadota;c__Gammaproteobacteria;o__Burkholderiales;f__Neisseriaceae;g__Neisseria;s__	g__Neisseria
00ff59e0901bdeaeb6bae96ae823646d	d__Bacteria;p__Bacillota;c__Bacilli;o__Lactobacillales;f__Streptococcaceae;g__Streptococcus;s__	g__Streptococcus
8693622e9f9a125c0537d0d5140b2624	d__Bacteria;p__Fusobacteriota;c__Fusobacteriia;o__Fusobacteriales;f__Fusobacteriaceae;g__Fusobacterium;s__	g__Fusobacterium
65ed882b544a11f84948e2a68295a063	d__Bacteria;p__Bacillota;c__Bacilli;o__Staphylococcales;f__Gemellaceae;g__Gemella;s__	g__Gemella
a822eed692bc6f11f3e7a953ac0a23e4	d__Bacteria;p__Bacillota;c__Bacilli;o__Lactobacillales;f__Lactobacillaceae;g__Ligilactobacillus;s__	g__Ligilactobacillus
de20f995660496251a0065b8e064067a	d__Bacteria;p__Actinomycetota;c__Actinobacteria;o__Actinomycetales;f__Actinomycetaceae;g__Actinomyces;s__	g__Actinomyces
1896bf872ad42bab7f6048870249c1a6	d__Bacteria;p__Bacteroidota;c__Bacteroidia;o__Sphingobacteriales;f__Lentimicrobiaceae;g__Lentimicrobium;s__	g__Lentimicrobium
56236426aea89240778b3fec5439b903	d__Bacteria;p__Bacteroidota;c__Bacteroidia;o__Bacteroidales;f__Prevotellaceae;g__Prevotella;s__	g__Prevotella
32960d45c2918eb55178ae0b2289e93d	d__Bacteria;p__Bacillota;c__Negativicutes;o__Veillonellales-Selenomonadales;f__Selenomonadaceae;g__Selenomonas;s__	g__Selenomonas
eed23b036f73d1c312c8955cda39ba58	d__Bacteria;p__Bacillota;c__Negativicutes;o__Veillonellales-Selenomonadales;f__Veillonellaceae;g__Veillonella;s__	g__Veillonella
3c76a8e7f11f91f52d71635b64956208	d__Bacteria;p__Bacillota;c__Clostridia;o__Lachnospirales;f__Lachnospiraceae;g__Stomatobaculum;s__	g__Stomatobaculum
c3a3a503752209bc052b3995236b079f	d__Bacteria;p__Bacillota;c__Bacilli;o__Lactobacillales;f__Streptococcaceae;g__Streptococcus;s__	g__Streptococcus
2f97492ef9c9571e2e76166dde9d64eb	d__Bacteria;p__Bacillota;c__Bacilli;o__Staphylococcales;f__Gemellaceae;g__Gemella;s__	g__Gemella
89021a1d695afd19d0158179aa9d1b5e	d__Bacteria;p__Bacteroidota;c__Bacteroidia;o__Bacteroidales;f__Muribaculaceae;g__Incertae_Sedis;s__	g__Incertae_Sedis
dd7ae4d0878cf2399580485903510c8f	d__Bacteria;p__Fusobacteriota;c__Fusobacteriia;o__Fusobacteriales;f__Leptotrichiaceae;g__Pseudoleptotrichia;s__	g__Pseudoleptotrichia
e31c7e269125382d9bd6ee8fcc1fde21	d__Bacteria;p__Bacteroidota;c__Bacteroidia;o__Bacteroidales;f__Bacteroidaceae;g__Bacteroides;s__	g__Bacteroides
4bae72e3d5b951e9722895749a4644ee	d__Bacteria;p__Bacillota;c__Negativicutes;o__Veillonellales-Selenomonadales;f__Selenomonadaceae;g__Selenomonas;s__	g__Selenomonas
b6635d67cb594473ddba9f8cfba5d13d	d__Bacteria;p__Bacteroidota;c__Bacteroidia;o__Bacteroidales;f__Bacteroidaceae;g__Bacteroides;s__	g__Bacteroides
a003ccf3cfa597c9d94f97c48b6a2234	d__Bacteria;p__Spirochaetota;c__Spirochaetia;o__Spirochaetales;f__Spirochaetaceae;g__Treponema;s__	g__Treponema
90b5612c64fd963dff6542f31baf4a15	d__Bacteria;p__Pseudomonadota;c__Gammaproteobacteria;o__Burkholderiales;f__Neisseriaceae;g__Neisseria;s__	g__Neisseria
5bb047920566c40dc6d30e3cb6a93a6c	d__Bacteria;p__Actinomycetota;c__Actinobacteria;o__Actinomycetales;f__Actinomycetaceae;g__Schaalia;s__	g__Schaalia
22c9eac57511b268c3eb3ae0ef01dea2	d__Bacteria;p__Fusobacteriota;c__Fusobacteriia;o__Fusobacteriales;f__Fusobacteriaceae;g__Fusobacterium;s__	g__Fusobacterium
ae99fbf69affeab7f759ff62ac687622	d__Bacteria;p__Bacillota;c__Clostridia;o__Lachnospirales;f__Lachnospiraceae;g__Incertae_Sedis;s__	g__Incertae_Sedis
684c0fba5836d7d53f232b7d94cb72c3	d__Bacteria;p__Fusobacteriota;c__Fusobacteriia;o__Fusobacteriales;f__Leptotrichiaceae;g__Pseudoleptotrichia;s__	g__Pseudoleptotrichia
5efe9c4123ddb4fd8e8b4da7886b0a2f	d__Bacteria;p__Bacillota;c__Clostridia;o__Lachnospirales;f__Lachnospiraceae;g__Blautia;s__	g__Blautia
3e1badf6969dfd1158e1909d716cb13b	d__Bacteria;p__Pseudomonadota;c__Gammaproteobacteria;o__Burkholderiales;f__Oxalobacteraceae;g__Massilia;s__	g__Massilia
ca60f9527111263bca48622331f2b3f6	d__Bacteria;p__Bacteroidota;c__Bacteroidia;o__Bacteroidales;f__Rikenellaceae;g__Alistipes;s__	g__Alistipes
adf3c07f4b7887943fb37facec8c4513	d__Bacteria;p__Bacteroidota;c__Bacteroidia;o__Bacteroidales;f__Prevotellaceae;g__Segatella;s__	g__Segatella
19880a4d551e49e9838ac3653dfe6163	d__Bacteria;p__Bacillota;c__Negativicutes;o__Veillonellales-Selenomonadales;f__Selenomonadaceae;g__Selenomonas;s__	g__Selenomonas
40ea9dee67db01bfa27b56d53846f863	d__Bacteria;p__Pseudomonadota;c__Gammaproteobacteria;o__Burkholderiales;f__Neisseriaceae;g__Kingella;s__	g__Kingella
e3c28faece4585e778db850bfcb56248	d__Bacteria;p__Bacteroidota;c__Bacteroidia;o__Bacteroidales;f__Prevotellaceae;g__Segatella;s__	g__Segatella
3e69a5ef06bbb0e5eb66b5b8db104807	d__Bacteria;p__Fusobacteriota;c__Fusobacteriia;o__Fusobacteriales;f__Leptotrichiaceae;g__Pseudoleptotrichia;s__	g__Pseudoleptotrichia
6753c88c996814bb18610088fe2a649d	d__Bacteria;p__Bacillota;c__Clostridia;o__Lachnospirales;f__Lachnospiraceae;g__Catonella;s__	g__Catonella
876ed260be5f69590ce1242534b48054	d__Bacteria;p__Bacillota;c__Bacilli;o__Staphylococcales;f__Staphylococcaceae;g__Staphylococcus;s__	g__Staphylococcus
a7f7c7795ffdebfaf80693415e9fe888	d__Bacteria;p__Pseudomonadota;c__Gammaproteobacteria;o__Burkholderiales;f__Oxalobacteraceae;g__Massilia;s__	g__Massilia
6867fbc1dbccf0b736c6486690a97024	d__Bacteria;p__Bacteroidota;c__Bacteroidia;o__Bacteroidales;f__Prevotellaceae;g__Incertae_Sedis;s__	g__Incertae_Sedis
6fa5479f40d3d0e4a9dc5b3407c7fd9b	d__Bacteria;p__Fusobacteriota;c__Fusobacteriia;o__Fusobacteriales;f__Fusobacteriaceae;g__Fusobacterium;s__	g__Fusobacterium
f65e122df0f197f65964147a79034c02	d__Bacteria;p__Pseudomonadota;c__Gammaproteobacteria;o__Pseudomonadales;f__Pseudomonadaceae;g__Pseudomonas;s__	g__Pseudomonas
42eba8fb133c3ed16a6f29740ea52ecf	d__Bacteria;p__Fusobacteriota;c__Fusobacteriia;o__Fusobacteriales;f__Leptotrichiaceae;g__Leptotrichia;s__	g__Leptotrichia
089a1f1f72e5358297250366530029ed	d__Bacteria;p__Bacillota;c__Bacilli;o__Staphylococcales;f__Gemellaceae;g__Gemella;s__	g__Gemella
436b3dc74ed0493e10e20b63ac8602af	d__Bacteria;p__Actinomycetota;c__Actinobacteria;o__Actinomycetales;f__Actinomycetaceae;g__Schaalia;s__	g__Schaalia
65afbfb531be81fe5f15b5ea41ff4750	d__Bacteria;p__Bacteroidota;c__Bacteroidia;o__Bacteroidales;f__Prevotellaceae;g__Incertae_Sedis;s__	g__Incertae_Sedis
8cb84b64f730af2eaf33cfda62fb916a	d__Bacteria;p__Bacillota;c__Clostridia;o__Peptostreptococcales-Tissierellales;f__Peptostreptococcaceae;g__[Eubacterium]_yurii_group;s__	g__[Eubacterium]_yurii_group
9c6adde0e9ef3fc198e87084fa011bee	d__Bacteria;p__Actinomycetota;c__Actinobacteria;o__Bifidobacteriales;f__Bifidobacteriaceae;g__Bifidobacterium;s__	g__Bifidobacterium
0c5fed225201458dc0730f833bce2fc1	d__Bacteria;p__Actinomycetota;c__Actinobacteria;o__Actinomycetales;f__Actinomycetaceae;g__Schaalia;s__	g__Schaalia
3f15e64b08b45c3b892f029e1349b7a4	d__Bacteria;p__Pseudomonadota;c__Gammaproteobacteria;o__Pseudomonadales;f__Halomonadaceae;g__Halomonas;s__	g__Halomonas
e7bab2f2d5a1fbad5b4f815131f6911f	d__Bacteria;p__Actinomycetota;c__Actinobacteria;o__Mycobacteriales;f__Corynebacteriaceae;g__Corynebacterium;s__	g__Corynebacterium
00a2f7e2564becc62e71c46821779802	d__Bacteria;p__Bacillota;c__Clostridia;o__Clostridia_UCG-014;f__Incertae_Sedis;g__Incertae_Sedis;s__	g__Incertae_Sedis
e56cc5411512d332d51ca84ccc099402	d__Bacteria;p__Pseudomonadota;c__Gammaproteobacteria;o__Enterobacterales;f__Succinivibrionaceae;g__Succinivibrio;s__	g__Succinivibrio
e078eebf6b6e2d6b3bb9222cfc128d35	d__Bacteria;p__Actinomycetota;c__Actinobacteria;o__Micrococcales;f__Micrococcaceae;g__Rothia;s__	g__Rothia
7e5806188d9b20732efa16318daadcd3	d__Bacteria;p__Pseudomonadota;c__Gammaproteobacteria;o__Burkholderiales;f__Burkholderiaceae;g__Lautropia;s__	g__Lautropia
5922fcbc5ec94da9b3adc924017061cb	d__Bacteria;p__Bacillota;c__Clostridia;o__Lachnospirales;f__Lachnospiraceae;g__Incertae_Sedis;s__	g__Incertae_Sedis
8f93530271c36cc8b591410a1264ddd1	d__Bacteria;p__Spirochaetota;c__Spirochaetia;o__Spirochaetales;f__Spirochaetaceae;g__Treponema;s__	g__Treponema
5bb305982ceb9fe954d1d498a22a4e2e	d__Bacteria;p__Bacillota;c__Bacilli;o__Mycoplasmatales;f__Mycoplasmataceae;g__Mycoplasma;s__	g__Mycoplasma
15ce41a2d91ffbc97938b3bc7e794409	d__Bacteria;p__Bacteroidota;c__Bacteroidia;o__Flavobacteriales;f__Flavobacteriaceae;g__Capnocytophaga;s__	g__Capnocytophaga
1716890ffcfa4a0d7b9b7784fc3b90d1	d__Bacteria;p__Bacteroidota;c__Bacteroidia;o__Bacteroidales;f__Prevotellaceae;g__Alloprevotella;s__	g__Alloprevotella
1cb79d5275187534b0c9403c523c210f	d__Bacteria;p__Bacillota;c__Negativicutes;o__Veillonellales-Selenomonadales;f__Veillonellaceae;g__Veillonella;s__	g__Veillonella
eb7e30cf4f010ec006ce76d2d1510305	d__Bacteria;p__Bacteroidota;c__Bacteroidia;o__Flavobacteriales;f__Flavobacteriaceae;g__Capnocytophaga;s__	g__Capnocytophaga
e146730b6f8c50e101a5dde0bef86a83	d__Bacteria;p__Bacteroidota;c__Bacteroidia;o__Flavobacteriales;f__Flavobacteriaceae;g__Capnocytophaga;s__	g__Capnocytophaga
47122eb95057f060d1d858b85ca76820	d__Bacteria;p__Bacillota;c__Clostridia;o__Lachnospirales;f__Lachnospiraceae;g__Catonella;s__	g__Catonella
b335903dc2da7688f8cd6dafac8c26b3	d__Bacteria;p__Pseudomonadota;c__Alphaproteobacteria;o__Sphingomonadales;f__Sphingomonadaceae;g__Qipengyuania;s__	g__Qipengyuania
c1029f77e57b81e8f73f802c59698f0f	d__Bacteria;p__Bacteroidota;c__Bacteroidia;o__Bacteroidales;f__Prevotellaceae;g__Incertae_Sedis;s__	g__Incertae_Sedis
d6dffb454cbb0b0c87367b03432c2b05	d__Bacteria;p__Pseudomonadota;c__Gammaproteobacteria;o__Enterobacterales;f__Enterobacteriaceae;g__Klebsiella;s__	g__Klebsiella
fec2efaa2c8179a8200a3dc453a11e38	d__Bacteria;p__Pseudomonadota;c__Gammaproteobacteria;o__Burkholderiales;f__Comamonadaceae;g__Incertae_Sedis;s__	g__Incertae_Sedis
740ba72ffd01cf1d6fd4785b4f23ad26	d__Bacteria;p__Bacteroidota;c__Bacteroidia;o__Bacteroidales;f__Prevotellaceae;g__Incertae_Sedis;s__	g__Incertae_Sedis
490d7079ce8fdf39160ed3bd1dd02447	d__Bacteria;p__Pseudomonadota;c__Gammaproteobacteria;o__Enterobacterales;f__Pasteurellaceae;g__Haemophilus;s__	g__Haemophilus
025b3aa69aaaed4711317753a9125e9c	d__Bacteria;p__Actinomycetota;c__Coriobacteriia;o__Coriobacteriales;f__Atopobiaceae;g__Fannyhessea;s__	g__Fannyhessea
81d81e4e307de11d72de44d9ac3e9e55	d__Bacteria;p__Bacillota;c__Negativicutes;o__Veillonellales-Selenomonadales;f__Veillonellaceae;g__Veillonella;s__	g__Veillonella
0347445b6784e3d32c70126b005ffa6e	d__Bacteria;p__Bacillota;c__Clostridia;o__Lachnospirales;f__Lachnospiraceae;g__Blautia;s__	g__Blautia
1cb85b92c517ba9bd36b29dd2005314b	d__Bacteria;p__Bacteroidota;c__Bacteroidia;o__Bacteroidales;f__Prevotellaceae;g__Prevotella;s__	g__Prevotella
6fe9868d826997d9655bffd7ce14ff61	d__Bacteria;p__Bacteroidota;c__Bacteroidia;o__Bacteroidales;f__Prevotellaceae;g__Prevotella;s__	g__Prevotella
90a0fbae7062831093ec60b585f5e949	d__Bacteria;p__Pseudomonadota;c__Gammaproteobacteria;o__Enterobacterales;f__Pasteurellaceae;g__Haemophilus;s__	g__Haemophilus
3b815390a33462d0aa5dc975e7d327fa	d__Bacteria;p__Pseudomonadota;c__Gammaproteobacteria;o__Burkholderiales;f__Neisseriaceae;g__Neisseria;s__	g__Neisseria
d4b10b52a4c314098cf478c4e40ae9d6	d__Bacteria;p__Bacillota;c__Bacilli;o__Bacillales;f__Bacillaceae;g__Bacillus;s__	g__Bacillus
fe2c98b37b27632079ff79d975621954	d__Bacteria;p__Actinomycetota;c__Actinobacteria;o__Actinomycetales;f__Actinomycetaceae;g__Schaalia;s__	g__Schaalia
d460c61e3d089a5b5fce708d7d7f5f55	d__Bacteria;p__Actinomycetota;c__Actinobacteria;o__Micrococcales;f__Micrococcaceae;g__Rothia;s__	g__Rothia
a05693dd848746aaf377ba5f85ea3b26	d__Bacteria;p__Pseudomonadota;c__Gammaproteobacteria;o__Burkholderiales;f__Neisseriaceae;g__Neisseria;s__	g__Neisseria
8cc0f832d5289c4623559ff3ee3eab94	d__Bacteria;p__Fusobacteriota;c__Fusobacteriia;o__Fusobacteriales;f__Leptotrichiaceae;g__Leptotrichia;s__	g__Leptotrichia
3347e1749abab6fc9a447a2221a70cbc	d__Bacteria;p__Bacteroidota;c__Bacteroidia;o__Bacteroidales;f__Prevotellaceae;g__Alloprevotella;s__	g__Alloprevotella
94341152aa9651efb917b366fa744a8b	d__Bacteria;p__Spirochaetota;c__Spirochaetia;o__Spirochaetales;f__Spirochaetaceae;g__Treponema;s__	g__Treponema
c5f29a8cff51c10eb09552e25a528f4c	d__Bacteria;p__Bacillota;c__Bacilli;o__Lactobacillales;f__Carnobacteriaceae;g__Granulicatella;s__	g__Granulicatella
8255b7ef9cac433fca7b7dbf2b61402e	d__Bacteria;p__Bacteroidota;c__Bacteroidia;o__Bacteroidales;f__Bacteroidaceae;g__Bacteroides;s__	g__Bacteroides
8c00fe3bddad529aab5966f097ad23b1	d__Bacteria;p__Bacillota;c__Clostridia;o__Lachnospirales;f__Lachnospiraceae;g__Lachnoanaerobaculum;s__	g__Lachnoanaerobaculum
3d48874183df65f00f253cf68234e2ca	d__Bacteria;p__Bacteroidota;c__Bacteroidia;o__Bacteroidales;f__Prevotellaceae;g__Paraprevotella;s__	g__Paraprevotella
5600da9382075e11d327805aa068d3dd	d__Bacteria;p__Spirochaetota;c__Spirochaetia;o__Spirochaetales;f__Spirochaetaceae;g__Treponema;s__	g__Treponema
571d1a0b0be4207e7f8c8f772047a11f	d__Bacteria;p__Patescibacteria;c__Saccharimonadia;o__Saccharimonadales;f__Saccharimonadaceae;g__TM7x;s__	g__TM7x
265527e8e4b5505f70b0f027e703821d	d__Bacteria;p__Bacillota;c__Clostridia;o__Lachnospirales;f__Lachnospiraceae;g__Johnsonella;s__	g__Johnsonella
042a0e24eb96ff8cc60b913cf66d9e89	d__Bacteria;p__Bacteroidota;c__Bacteroidia;o__Bacteroidales;f__Prevotellaceae;g__Prevotella;s__	g__Prevotella
69eadfd43f8ca0d8b71fdfad0e20fd1d	d__Bacteria;p__Bacteroidota;c__Bacteroidia;o__Chitinophagales;f__Chitinophagaceae;g__Cnuella;s__	g__Cnuella
1bc279fd43d9808a6e2f6dba10090a52	d__Bacteria;p__Actinomycetota;c__Actinobacteria;o__Actinomycetales;f__Actinomycetaceae;g__Actinomyces;s__	g__Actinomyces
6ffbc4258b8e8cb3d5604f33b10222b2	d__Bacteria;p__Bacillota;c__Negativicutes;o__Veillonellales-Selenomonadales;f__Veillonellaceae;g__Veillonella;s__	g__Veillonella
62f1952b29e828b98e72a6153bfdf6c4	d__Bacteria;p__Fusobacteriota;c__Fusobacteriia;o__Fusobacteriales;f__Leptotrichiaceae;g__Leptotrichia;s__	g__Leptotrichia
572c9f4980ee4d9462b9121e096f00a1	d__Bacteria;p__Bacteroidota;c__Bacteroidia;o__Bacteroidales;f__Prevotellaceae;g__Prevotella;s__	g__Prevotella
9266ee26eeabc6a220c518083d91120a	d__Bacteria;p__Pseudomonadota;c__Gammaproteobacteria;o__Enterobacterales;f__Pasteurellaceae;g__Haemophilus;s__	g__Haemophilus
da312ce5d3e44eba26b4a035807744c7	d__Bacteria;p__Bacteroidota;c__Bacteroidia;o__Bacteroidales;f__Prevotellaceae;g__Prevotella;s__	g__Prevotella
9830b2fcdc2f5514ae6d243a79ea41e2	d__Bacteria;p__Bacillota;c__Negativicutes;o__Veillonellales-Selenomonadales;f__Selenomonadaceae;g__Selenomonas;s__	g__Selenomonas
86811aaf2b7c619fd054b4ab9efb50cb	d__Bacteria;p__Actinomycetota;c__Actinobacteria;o__Bifidobacteriales;f__Bifidobacteriaceae;g__Scardovia;s__	g__Scardovia
82dc452b66c4f838d1ba3288d90329da	d__Bacteria;p__Bacteroidota;c__Bacteroidia;o__Cytophagales;f__Spirosomataceae;g__Fibrella;s__	g__Fibrella
c369cdbb13b206d2a2da64412d5660d8	d__Bacteria;p__Bacillota;c__Clostridia;o__Peptostreptococcales-Tissierellales;f__Peptostreptococcaceae;g__Peptoanaerobacter;s__	g__Peptoanaerobacter
7790c9bf9c3dacccd0f94a599aba9068	d__Bacteria;p__Bacteroidota;c__Bacteroidia;o__Bacteroidales;f__Porphyromonadaceae;g__Porphyromonas;s__	g__Porphyromonas
f2437ce633d9cc6618e03097a3b2418f	d__Bacteria;p__Bacteroidota;c__Bacteroidia;o__Bacteroidales;f__Prevotellaceae;g__Prevotella;s__	g__Prevotella
88c9cb7c7ec8be1444e152d4b03209db	d__Bacteria;p__Actinomycetota;c__Coriobacteriia;o__Coriobacteriales;f__Eggerthellaceae;g__Eggerthella;s__	g__Eggerthella
fccc10f7c02319c7e290783a5f504897	d__Bacteria;p__Bacteroidota;c__Bacteroidia;o__Bacteroidales;f__Prevotellaceae;g__Segatella;s__	g__Segatella
4b15195f03b910c9e6b2ca6973be7500	d__Bacteria;p__Fusobacteriota;c__Fusobacteriia;o__Fusobacteriales;f__Fusobacteriaceae;g__Fusobacterium;s__	g__Fusobacterium
c0e9ec1565c0b19bca3680147b951361	d__Bacteria;p__Pseudomonadota;c__Gammaproteobacteria;o__Burkholderiales;f__Sutterellaceae;g__Sutterella;s__	g__Sutterella
c6da490b249d5d89af322503daac81d9	d__Bacteria;p__Bacteroidota;c__Bacteroidia;o__Bacteroidales;f__Prevotellaceae;g__Segatella;s__	g__Segatella
24b25dbe98d8fe38b344ea8d720b4374	d__Bacteria;p__Spirochaetota;c__Spirochaetia;o__Spirochaetales;f__Spirochaetaceae;g__Treponema;s__	g__Treponema
1f503c2e9dede1618a7009506a9040e1	d__Bacteria;p__Bacillota;c__Negativicutes;o__Veillonellales-Selenomonadales;f__Veillonellaceae;g__Veillonella;s__	g__Veillonella
d21ed41ee92e4953988f83bccbfd931f	d__Bacteria;p__Actinomycetota;c__Actinobacteria;o__Micrococcales;f__Demequinaceae;g__Demequina;s__	g__Demequina
aed7a2a88d9c88ecbb187346118f1eb8	d__Bacteria;p__Spirochaetota;c__Spirochaetia;o__Spirochaetales;f__Spirochaetaceae;g__Treponema;s__	g__Treponema
95e4d7ad8f9002711f18c6c98436ef68	d__Bacteria;p__Bacillota;c__Bacilli;o__Lactobacillales;f__Streptococcaceae;g__Streptococcus;s__	g__Streptococcus
674c2ce82263150ac1e9bcf9d2093c02	d__Bacteria;p__Bacteroidota;c__Bacteroidia;o__Bacteroidales;f__Prevotellaceae;g__Segatella;s__	g__Segatella
7f0efc5b5223317e31dfd7ca3dbc08c3	d__Bacteria;p__Pseudomonadota;c__Gammaproteobacteria;o__Enterobacterales;f__Pasteurellaceae;g__Aggregatibacter;s__	g__Aggregatibacter
10635b6dc248b6c892ee716586b9aaa8	d__Bacteria;p__Bacillota;c__Negativicutes;o__Veillonellales-Selenomonadales;f__Veillonellaceae;g__Anaeroglobus;s__	g__Anaeroglobus
dbcc66fbe58907b8e03ed13475a4bc96	d__Bacteria;p__Bacillota;c__Negativicutes;o__Veillonellales-Selenomonadales;f__Selenomonadaceae;g__Selenomonas;s__	g__Selenomonas
eb002b7ebb58ac300cd100c0e45015b4	d__Bacteria;p__Fusobacteriota;c__Fusobacteriia;o__Fusobacteriales;f__Leptotrichiaceae;g__Leptotrichia;s__	g__Leptotrichia
4245ea423575decb7d28ffc24e1b39fc	d__Bacteria;p__Bacillota;c__Clostridia;o__Lachnospirales;f__Lachnospiraceae;g__Lachnoanaerobaculum;s__	g__Lachnoanaerobaculum
a1ce44d07c9a9ca729307211a9d8d961	d__Bacteria;p__Fusobacteriota;c__Fusobacteriia;o__Fusobacteriales;f__Leptotrichiaceae;g__Leptotrichia;s__	g__Leptotrichia
6f7ea7db3f573ce5284a2f0c1fa52e62	d__Bacteria;p__Bacteroidota;c__Bacteroidia;o__Bacteroidales;f__Prevotellaceae;g__Segatella;s__	g__Segatella
77068b9641b89b525760b0c6e57ad04c	d__Bacteria;p__Spirochaetota;c__Spirochaetia;o__Spirochaetales;f__Spirochaetaceae;g__Treponema;s__	g__Treponema
ef4abd316fd5e3aa08b50b9abb474b37	d__Bacteria;p__Bacteroidota;c__Bacteroidia;o__Flavobacteriales;f__Flavobacteriaceae;g__Capnocytophaga;s__	g__Capnocytophaga
90529e2a56f6253a3e1a09473a2e40ff	d__Bacteria;p__Bacteroidota;c__Bacteroidia;o__Bacteroidales;f__Prevotellaceae;g__Prevotella;s__	g__Prevotella
c0d08a18e625b79dbf12b36f71c9a4a3	d__Bacteria;p__Pseudomonadota;c__Gammaproteobacteria;o__Burkholderiales;f__Neisseriaceae;g__Kingella;s__	g__Kingella
9198b4c09309811b3f23a86631380759	d__Bacteria;p__Pseudomonadota;c__Gammaproteobacteria;o__Pseudomonadales;f__Moraxellaceae	Unclassified
0c070e8aa77225f47665e14a1c0bc9be	d__Bacteria;p__Pseudomonadota;c__Gammaproteobacteria;o__Enterobacterales;f__Pasteurellaceae;g__Haemophilus;s__	g__Haemophilus
08a1ca186cce0660dac1ca5d6a1ee636	d__Bacteria;p__Actinomycetota;c__Actinobacteria;o__Mycobacteriales;f__Corynebacteriaceae;g__Corynebacterium;s__	g__Corynebacterium
be752626b2c504eb3add25fe332a3b81	d__Bacteria;p__Fusobacteriota;c__Fusobacteriia;o__Fusobacteriales;f__Leptotrichiaceae;g__Pseudoleptotrichia;s__	g__Pseudoleptotrichia
d2f4ba7df5b2630718b8dec8faac05af	d__Bacteria;p__Fusobacteriota;c__Fusobacteriia;o__Fusobacteriales;f__Fusobacteriaceae;g__Fusobacterium;s__	g__Fusobacterium
b782b9f9be5f53705310dcd07d337c49	d__Bacteria;p__Bacteroidota;c__Bacteroidia;o__Flavobacteriales;f__Flavobacteriaceae;g__Capnocytophaga;s__	g__Capnocytophaga
71fd06bf8c25e42ed875df9c9ed704f7	d__Bacteria;p__Pseudomonadota;c__Alphaproteobacteria;o__Caulobacterales;f__Caulobacteraceae;g__Brevundimonas;s__	g__Brevundimonas
51d884cb2660dd8b33068678bad40357	d__Bacteria;p__Bacillota;c__Clostridia;o__Lachnospirales;f__Lachnospiraceae;g__Tyzzerella;s__	g__Tyzzerella
39b365b0c0ce4c0e1165fd6da67ec3a1	d__Bacteria;p__Bacillota;c__Bacilli;o__Lactobacillales;f__Streptococcaceae;g__Streptococcus;s__	g__Streptococcus
4d4b8af74412fccb5804bf6293e5dd06	d__Bacteria;p__Bacteroidota;c__Bacteroidia;o__Bacteroidales;f__Prevotellaceae;g__Hoylesella;s__	g__Hoylesella
c8f550a4289dc15a63c2f2b34a8130fd	d__Bacteria;p__Bacteroidota;c__Bacteroidia;o__Bacteroidales;f__Prevotellaceae;g__Incertae_Sedis;s__	g__Incertae_Sedis
3678d26eb8e3fd26e603acd051347085	d__Bacteria;p__Bacillota;c__Clostridia;o__Peptostreptococcales-Tissierellales;f__Family_XI;g__Finegoldia;s__	g__Finegoldia
2afd81e05992550f91838c57bdeb8158	d__Bacteria;p__Bacillota;c__Clostridia;o__Lachnospirales;f__Lachnospiraceae;g__Enterocloster;s__	g__Enterocloster
b63160ce9a40399735fc54217006845d	d__Bacteria;p__Bacillota;c__Clostridia;o__Lachnospirales;f__Lachnospiraceae;g__Anaerostipes;s__	g__Anaerostipes
4715d00a2315b24a3fcc1b66ae839a94	d__Bacteria;p__Pseudomonadota;c__Alphaproteobacteria;o__Hyphomicrobiales;f__Beijerinckiaceae;g__Methylobacterium;s__	g__Methylobacterium
a141c9522109aa363ab93a669df6698e	d__Bacteria;p__Actinomycetota;c__Actinobacteria;o__Mycobacteriales;f__Corynebacteriaceae;g__Corynebacterium;s__	g__Corynebacterium
ff3fd97ce3990bc6a8e374b9ffe4a0ca	d__Bacteria;p__Pseudomonadota;c__Alphaproteobacteria;o__Rhodobacterales;f__Paracoccaceae;g__Paracoccus;s__	g__Paracoccus
1d2b00ff8b7477d2b6c2b8043f7c9d31	d__Bacteria;p__Bacillota;c__Clostridia;o__Peptostreptococcales-Tissierellales;f__Peptostreptococcaceae;g__Peptostreptococcus;s__	g__Peptostreptococcus
27cc1ea81c5c0abf21a270958e956120	d__Bacteria;p__Bacillota;c__Bacilli;o__Erysipelotrichales;f__Erysipelatoclostridiaceae;g__Eggerthia;s__	g__Eggerthia
41c62a6eba4890a479c5939a002fb0b0	d__Bacteria;p__Pseudomonadota;c__Gammaproteobacteria;o__Burkholderiales;f__Comamonadaceae;g__Roseateles;s__	g__Roseateles
0e899ccce9e8729bf1b2246c5291da7f	d__Bacteria;p__Pseudomonadota;c__Alphaproteobacteria;o__Caulobacterales;f__Caulobacteraceae;g__Brevundimonas;s__	g__Brevundimonas
126e1114289da6d541105c62452f51a2	d__Bacteria;p__Bacteroidota;c__Bacteroidia;o__Bacteroidales;f__Prevotellaceae;g__Alloprevotella;s__	g__Alloprevotella
dd15951e49efb7d086763a72ace1db22	d__Bacteria;p__Pseudomonadota;c__Gammaproteobacteria;o__Enterobacterales;f__Pasteurellaceae;g__Haemophilus;s__	g__Haemophilus
dbd56fdac48e743feb571597d4372a22	d__Bacteria;p__Fusobacteriota;c__Fusobacteriia;o__Fusobacteriales;f__Leptotrichiaceae;g__Streptobacillus;s__	g__Streptobacillus
6efcdc30ef3bd856ba277461020b0afa	d__Bacteria;p__Bacteroidota;c__Bacteroidia;o__Bacteroidales;f__Prevotellaceae;g__Prevotella;s__	g__Prevotella
c53a9eef5d6fe5cb8ead6084a5aa31b6	d__Bacteria;p__Bacteroidota;c__Bacteroidia;o__Bacteroidales;f__Prevotellaceae;g__Prevotella;s__	g__Prevotella
fd7ecc0aaa1d9548400dcfb0db85f5c0	d__Bacteria;p__Bacillota;c__Bacilli;o__Staphylococcales;f__Staphylococcaceae;g__Staphylococcus;s__	g__Staphylococcus
3c0eca9c17204b5e9945c6a03adebb10	d__Bacteria;p__Bacillota;c__Bacilli;o__Erysipelotrichales;f__Erysipelotrichaceae;g__Bulleidia;s__	g__Bulleidia
b616e9e886398985b4edb531828e6800	d__Bacteria;p__Bacteroidota;c__Bacteroidia;o__Bacteroidales;f__Prevotellaceae;g__Incertae_Sedis;s__	g__Incertae_Sedis
b1d81fa14933424fd9a7ee9e026164a6	d__Bacteria;p__Bacillota;c__Clostridia;o__Lachnospirales;f__Lachnospiraceae;g__Oribacterium;s__	g__Oribacterium
6d24c8ca93f69dfa6d41e7c68bc89fb7	d__Bacteria;p__Fusobacteriota;c__Fusobacteriia;o__Fusobacteriales;f__Fusobacteriaceae;g__Fusobacterium;s__	g__Fusobacterium
06b474e40a079870af62eb024703d58d	d__Bacteria;p__Fusobacteriota;c__Fusobacteriia;o__Fusobacteriales;f__Fusobacteriaceae;g__Fusobacterium;s__	g__Fusobacterium
5f2ed7cb3ab7af95d987b6d2ea49a6a2	d__Bacteria;p__Bacillota;c__Clostridia;o__Peptostreptococcales-Tissierellales;f__Anaerovoracaceae;g__[Eubacterium]_sulci_group;s__	g__[Eubacterium]_sulci_group
3b68a8cd811aabde4bec80cf32e98365	d__Bacteria;p__Bacillota;c__Negativicutes;o__Veillonellales-Selenomonadales;f__Veillonellaceae;g__Dialister;s__	g__Dialister
597eafbb23e61e587c90cf624ca7bd5a	d__Bacteria;p__Pseudomonadota;c__Gammaproteobacteria;o__Burkholderiales;f__Oxalobacteraceae;g__Massilia;s__	g__Massilia
a7884870f2aa196de2d988ab2cf87fdb	d__Bacteria;p__Bacillota;c__Clostridia;o__Clostridia_vadinBB60_group;f__Incertae_Sedis;g__Incertae_Sedis;s__	g__Incertae_Sedis
630860d80a9dc35ed55113eeb8a3e761	d__Bacteria;p__Pseudomonadota;c__Alphaproteobacteria;o__Rhodobacterales;f__Paracoccaceae;g__Paracoccus;s__	g__Paracoccus
64e2ae8f740161abb7dc266271631c06	d__Bacteria;p__Pseudomonadota;c__Gammaproteobacteria;o__Pseudomonadales;f__Moraxellaceae;g__Moraxella;s__	g__Moraxella
44096941dbfe59d7ed96f5c3dd113f02	d__Bacteria;p__Actinomycetota;c__Actinobacteria;o__Actinomycetales;f__Actinomycetaceae;g__Schaalia;s__	g__Schaalia
5c547785a9c6593c336e3cb6c3e1fe60	d__Bacteria;p__Bacteroidota;c__Bacteroidia;o__Bacteroidales;f__Prevotellaceae;g__Prevotella;s__	g__Prevotella
1b4d29cd16017aef97bed9e9464c1e4b	d__Bacteria;p__Bacteroidota;c__Bacteroidia;o__Bacteroidales;f__Prevotellaceae;g__Alloprevotella;s__	g__Alloprevotella
79b2e0be44d2a660c99db890c53f978e	d__Bacteria;p__Campylobacterota;c__Campylobacteria;o__Campylobacterales;f__Campylobacteraceae;g__Campylobacter;s__	g__Campylobacter
2b8622a11b3ffaceef5df6e63ee7b664	d__Bacteria;p__Synergistota;c__Synergistia;o__Synergistales;f__Synergistaceae;g__Fretibacterium;s__	g__Fretibacterium
1ea8c343eb4ed451857eb892cd608951	d__Bacteria;p__Actinomycetota;c__Actinobacteria;o__Actinomycetales;f__Actinomycetaceae;g__Actinomyces;s__	g__Actinomyces
3153d6c5a7eabae1e28b3f2c0e4f5ac7	d__Bacteria;p__Bacteroidota;c__Bacteroidia;o__Bacteroidales;f__Prevotellaceae;g__Segatella;s__	g__Segatella
94e5c426709e3731d622c6d2e11c965e	d__Bacteria;p__Bacillota;c__Bacilli;o__Staphylococcales;f__Staphylococcaceae;g__Staphylococcus;s__	g__Staphylococcus
9be8e4d4919ec569eb355cb676c02eef	d__Bacteria;p__Bacillota;c__Clostridia;o__Oscillospirales;f__Oscillospiraceae;g__Flavonifractor;s__	g__Flavonifractor
e4740987fcdf1b195af68c1d3b035042	d__Bacteria;p__Bacteroidota;c__Bacteroidia;o__Flavobacteriales;f__Flavobacteriaceae;g__Capnocytophaga;s__	g__Capnocytophaga
7337431bc35b58de39893e6d6db1772b	d__Bacteria;p__Actinomycetota;c__Actinobacteria;o__Micrococcales;f__Micrococcaceae;g__Kocuria;s__	g__Kocuria
bc338cb8641169a4792ef673bb3749ad	d__Bacteria;p__Bacillota;c__Clostridia;o__Lachnospirales;f__Lachnospiraceae;g__Moryella;s__	g__Moryella
c4367d4a31e42487f4a8469c4c9be81b	d__Bacteria;p__Bacillota;c__Clostridia;o__Peptostreptococcales-Tissierellales;f__Anaerovoracaceae;g__Family_XIII_UCG-001;s__	g__Family_XIII_UCG-001
b7d5d6b5e962c6da0d39aaa50efbe93f	d__Bacteria;p__Actinomycetota;c__Coriobacteriia;o__Coriobacteriales;f__Atopobiaceae;g__Olsenella;s__	g__Olsenella
b8054702f9399e875d25a745f9617dcc	d__Bacteria;p__Bacteroidota;c__Bacteroidia;o__Flavobacteriales;f__Flavobacteriaceae;g__Capnocytophaga;s__	g__Capnocytophaga
1d4af3f1ef47b66dae2adb1b122468be	d__Bacteria;p__Actinomycetota;c__Actinobacteria;o__Mycobacteriales;f__Corynebacteriaceae;g__Corynebacterium;s__	g__Corynebacterium
d297744f1193296887a607d28b996db5	d__Bacteria;p__Campylobacterota;c__Campylobacteria;o__Campylobacterales;f__Campylobacteraceae;g__Campylobacter;s__	g__Campylobacter
4a5d2a184f229de74e17565e4c13a7d9	d__Bacteria;p__Bacillota;c__Negativicutes;o__Veillonellales-Selenomonadales;f__Veillonellaceae;g__Dialister;s__	g__Dialister
a305c261e6a32ed12ec74ce511aeed38	d__Bacteria;p__Bacteroidota;c__Bacteroidia;o__Flavobacteriales;f__Flavobacteriaceae;g__Flavobacterium;s__	g__Flavobacterium
ff58452860416100e0e23adfd8f167b7	d__Bacteria;p__Pseudomonadota;c__Gammaproteobacteria;o__Burkholderiales;f__Oxalobacteraceae;g__Massilia;s__	g__Massilia
bc17411254cb05f5924e8fc27989c535	d__Bacteria;p__Bacteroidota;c__Bacteroidia;o__Bacteroidales;f__Prevotellaceae;g__Incertae_Sedis;s__	g__Incertae_Sedis
d863cc8400ecd14b3927145d8346c366	d__Bacteria;p__Bacillota;c__Negativicutes;o__Veillonellales-Selenomonadales;f__Veillonellaceae;g__Veillonella;s__	g__Veillonella
a8773e90eafc486f4ebf06c80c297d82	d__Bacteria;p__Pseudomonadota;c__Gammaproteobacteria;o__Enterobacterales;f__Alteromonadaceae;g__Rheinheimera;s__	g__Rheinheimera
d8042e76d70be2c663096d4790de8cd1	d__Bacteria;p__Bacteroidota;c__Bacteroidia;o__Bacteroidales;f__Bacteroidaceae;g__Bacteroides;s__	g__Bacteroides
ca9308dbe08c308e137bb9eaa3a69111	d__Bacteria;p__Bacillota;c__Negativicutes;o__Veillonellales-Selenomonadales;f__Selenomonadaceae;g__Selenomonas;s__	g__Selenomonas
2a0606dbf093373318c6ef16ea5a9a26	d__Bacteria;p__Bacteroidota;c__Bacteroidia;o__Bacteroidales;f__Bacteroidaceae;g__Bacteroides;s__	g__Bacteroides
3ccb001711e1d00a820fc6528da1ccda	d__Bacteria;p__Bacteroidota;c__Bacteroidia;o__Bacteroidales;f__Rikenellaceae;g__Rikenellaceae_RC9_gut_group;s__	g__Rikenellaceae_RC9_gut_group
f1e8c045b34f3219e7740b393a33fc21	d__Bacteria;p__Bacillota;c__Negativicutes;o__Veillonellales-Selenomonadales;f__Selenomonadaceae;g__Selenomonas;s__	g__Selenomonas
815d2046c59b5d3c2be95207d2325a3d	d__Bacteria;p__Pseudomonadota;c__Gammaproteobacteria;o__Enterobacterales;f__Pasteurellaceae;g__Haemophilus;s__	g__Haemophilus
3f3a0eaeea9c0690b6ede1b17b4fd8ce	d__Bacteria;p__Actinomycetota;c__Actinobacteria;o__Bifidobacteriales;f__Bifidobacteriaceae;g__Bifidobacterium;s__	g__Bifidobacterium
697d8730395a1735976383f329d7c402	d__Bacteria;p__Campylobacterota;c__Campylobacteria;o__Campylobacterales;f__Campylobacteraceae;g__Campylobacter;s__	g__Campylobacter
4db1fea078c898d625f5c35efb71fa65	d__Bacteria;p__Bacteroidota;c__Bacteroidia;o__Bacteroidales;f__Prevotellaceae;g__Segatella;s__	g__Segatella
7ee2060995e5c6b9b98c6177ad807e46	d__Bacteria;p__Bacteroidota;c__Bacteroidia;o__Bacteroidales;f__Prevotellaceae;g__Hoylesella;s__	g__Hoylesella
14e3e0058c07ff06049031a250fcc7e4	d__Bacteria;p__Pseudomonadota;c__Gammaproteobacteria;o__Burkholderiales;f__Oxalobacteraceae;g__Noviherbaspirillum;s__	g__Noviherbaspirillum
70df861f240561f2186ff04896a21174	d__Bacteria;p__Fusobacteriota;c__Fusobacteriia;o__Fusobacteriales;f__Leptotrichiaceae;g__Pseudoleptotrichia;s__	g__Pseudoleptotrichia
f0f1727c1a09e1c5d5d6011db569ad8e	d__Bacteria;p__Pseudomonadota;c__Alphaproteobacteria;o__Rhodobacterales;f__Paracoccaceae;g__Paracoccus;s__	g__Paracoccus
181673a2922bd913e9a3937b922a5f84	d__Bacteria;p__Pseudomonadota;c__Gammaproteobacteria;o__Enterobacterales;f__Pasteurellaceae;g__Haemophilus;s__	g__Haemophilus
dffd6623ec39ce4acf20ecc83a743989	d__Bacteria;p__Actinomycetota;c__Actinobacteria;o__Actinomycetales;f__Actinomycetaceae;g__Schaalia;s__	g__Schaalia
df6c75fb79eb5ce4e3940f78f01bf0d2	d__Bacteria;p__Pseudomonadota;c__Gammaproteobacteria;o__Burkholderiales;f__Neisseriaceae;g__Neisseria;s__	g__Neisseria
e7b695208e697c47de33cce3a28abfc2	d__Bacteria;p__Pseudomonadota;c__Gammaproteobacteria;o__Burkholderiales;f__Oxalobacteraceae;g__Massilia;s__	g__Massilia
edf615e26ca170ccb7d6f06bed350b61	d__Bacteria;p__Bacillota;c__Clostridia;o__Lachnospirales;f__Lachnospiraceae;g__Shuttleworthia;s__	g__Shuttleworthia
2b868acb906ca5a23d3950b48894cd70	d__Bacteria;p__Actinomycetota;c__Actinobacteria;o__Micrococcales;f__Micrococcaceae;g__Micrococcus;s__	g__Micrococcus
b58b4647880a540b7763bb896d19d3b5	d__Bacteria;p__Bacillota;c__Negativicutes;o__Veillonellales-Selenomonadales;f__Selenomonadaceae;g__Selenomonas;s__	g__Selenomonas
dd9a9433b955504053832d8336871952	d__Bacteria;p__Fusobacteriota;c__Fusobacteriia;o__Fusobacteriales;f__Fusobacteriaceae;g__Fusobacterium;s__	g__Fusobacterium
2f5180398d4bcf550314f34ffc93e508	d__Bacteria;p__Bacillota;c__Clostridia;o__Lachnospirales;f__Lachnospiraceae;g__Butyrivibrio;s__	g__Butyrivibrio
cae6b69967a974ac97a03ec5cf5903c5	d__Bacteria;p__Bacteroidota;c__Bacteroidia;o__Flavobacteriales;f__Flavobacteriaceae;g__Capnocytophaga;s__	g__Capnocytophaga
200d1592e7d178d4a156fe6e851f4d2e	d__Bacteria;p__Campylobacterota;c__Campylobacteria;o__Campylobacterales;f__Campylobacteraceae;g__Campylobacter;s__	g__Campylobacter
b77d3dc1b9ec23a64d2d9d72e6d90b2f	d__Bacteria;p__Pseudomonadota;c__Gammaproteobacteria;o__Burkholderiales;f__Neisseriaceae;g__Neisseria;s__	g__Neisseria
2753c5d7a364e43a146dee1d2a26d929	d__Bacteria;p__Synergistota;c__Synergistia;o__Synergistales;f__Synergistaceae;g__Pyramidobacter;s__	g__Pyramidobacter
64d3b7c04b88483156e761863acfe681	d__Bacteria;p__Bacteroidota;c__Bacteroidia;o__Bacteroidales;f__Tannerellaceae;g__Tannerella;s__	g__Tannerella
f5cdad0ad2f883faa0e163b43d9a5ca7	d__Bacteria;p__Pseudomonadota;c__Gammaproteobacteria;o__Burkholderiales;f__Neisseriaceae;g__Neisseria;s__	g__Neisseria
6bb209c78ae2eaa3537d86629cbee9cd	d__Bacteria;p__Bacteroidota;c__Bacteroidia;o__Flavobacteriales;f__Flavobacteriaceae;g__Capnocytophaga;s__	g__Capnocytophaga
a00b03b94e3295c49f058f2cf218eaad	d__Bacteria;p__Bacillota;c__Negativicutes;o__Veillonellales-Selenomonadales;f__Selenomonadaceae;g__Selenomonas;s__	g__Selenomonas
96f14784bb71455ca7ebef72a56093b1	d__Bacteria;p__Bacillota;c__Negativicutes;o__Veillonellales-Selenomonadales;f__Selenomonadaceae;g__Selenomonas;s__	g__Selenomonas
7b696e90e59a5f2213bf49f14f3bb75a	d__Bacteria;p__Bacillota;c__Bacilli;o__Bacillales;f__Bacillaceae;g__Bacillus;s__	g__Bacillus
1a03dc90c3cb8fad22a03562c7fd95c4	d__Bacteria;p__Bacillota;c__Negativicutes;o__Veillonellales-Selenomonadales;f__Veillonellaceae;g__Veillonella;s__	g__Veillonella
2e44a3d931e7e9110487386b52896d47	d__Bacteria;p__Bacteroidota;c__Bacteroidia;o__Bacteroidales;f__Prevotellaceae;g__Prevotella;s__	g__Prevotella
1e2d5b956830dcd18ca0250ad81c9793	d__Bacteria;p__Bacillota;c__Bacilli;o__Brevibacillales;f__Brevibacillaceae;g__Brevibacillus;s__	g__Brevibacillus
f0ef8a715054ed5a93f4fd3519df024d	d__Bacteria;p__Spirochaetota;c__Spirochaetia;o__Spirochaetales;f__Spirochaetaceae;g__Treponema;s__	g__Treponema
d6b9ab3e6e75b6ae0635358caff96fd4	d__Bacteria;p__Bacillota;c__Clostridia;o__Lachnospirales;f__Lachnospiraceae;g__Incertae_Sedis;s__	g__Incertae_Sedis
a85186704aace4c77aa7e0a29b2f1bae	d__Bacteria;p__Spirochaetota;c__Spirochaetia;o__Spirochaetales;f__Spirochaetaceae;g__Treponema;s__	g__Treponema
7ed7c63052602e4a792245ae6a1b473b	d__Bacteria;p__Fusobacteriota;c__Fusobacteriia;o__Fusobacteriales;f__Fusobacteriaceae;g__Fusobacterium;s__	g__Fusobacterium
bb3dc77dd5b961c9150f132c003c7d0a	d__Bacteria;p__Patescibacteria;c__Gracilibacteria;o__Absconditabacteriales_(SR1);f__Incertae_Sedis;g__Incertae_Sedis;s__	g__Incertae_Sedis
1493666778619f6a605ecb1247eb9a9c	d__Bacteria;p__Spirochaetota;c__Spirochaetia;o__Spirochaetales;f__Spirochaetaceae;g__Treponema;s__	g__Treponema
b40475c0dc1cb60c57168679f3722ccf	d__Bacteria;p__Actinomycetota;c__Actinobacteria;o__Mycobacteriales;f__Corynebacteriaceae;g__Corynebacterium;s__	g__Corynebacterium
a445914f7f01c212ba5593a50c29b837	d__Bacteria;p__Bacillota;c__Negativicutes;o__Veillonellales-Selenomonadales;f__Veillonellaceae;g__Veillonella;s__	g__Veillonella
305b4f882fd32fa74d57b84ff6e3a995	d__Bacteria;p__Bacillota;c__Negativicutes;o__Veillonellales-Selenomonadales;f__Selenomonadaceae;g__Selenomonas;s__	g__Selenomonas
7f9201b12723d502c7f39f1324f7fba8	d__Bacteria;p__Actinomycetota;c__Actinobacteria;o__Actinomycetales;f__Actinomycetaceae;g__Schaalia;s__	g__Schaalia
e07016e6f58049c3dcb94ac2d745e32f	d__Bacteria;p__Pseudomonadota;c__Gammaproteobacteria;o__Burkholderiales;f__Neisseriaceae;g__Neisseria;s__	g__Neisseria
cc34eb5ce2ef38e98c0505a0fa00f899	d__Bacteria;p__Fusobacteriota;c__Fusobacteriia;o__Fusobacteriales;f__Fusobacteriaceae;g__Fusobacterium;s__	g__Fusobacterium
08dda4f74e3232e3418aa220d8443a02	d__Bacteria;p__Bacillota;c__Negativicutes;o__Veillonellales-Selenomonadales;f__Veillonellaceae;g__Dialister;s__	g__Dialister
144f46c81ad6ef6dc2ac4fc01f0512aa	d__Bacteria;p__Actinomycetota;c__Actinobacteria;o__Actinomycetales;f__Actinomycetaceae;g__Schaalia;s__	g__Schaalia
31108aff933d3f3242bdf94e155b076d	d__Bacteria;p__Pseudomonadota;c__Gammaproteobacteria;o__Enterobacterales;f__Pasteurellaceae;g__Haemophilus;s__	g__Haemophilus
7124e1ef65bb1a653c3ff46047ea5ca6	d__Bacteria;p__Bacteroidota;c__Bacteroidia;o__Bacteroidales;f__Prevotellaceae;g__Segatella;s__	g__Segatella
c76cdcd60d49a5951e72a5dc02a2a5d7	d__Bacteria;p__Patescibacteria;c__Saccharimonadia;o__Saccharimonadales;f__Saccharimonadaceae;g__Incertae_Sedis;s__	g__Incertae_Sedis
f9ccfe478ec8087db63c6adee74d6909	d__Bacteria;p__Bacillota;c__Clostridia;o__Peptostreptococcales-Tissierellales;f__Peptostreptococcaceae;g__[Eubacterium]_yurii_group;s__	g__[Eubacterium]_yurii_group
e17a2dcf075560d6de3298c61b78710a	d__Bacteria;p__Bacillota;c__Bacilli;o__Lactobacillales;f__Streptococcaceae;g__Streptococcus;s__	g__Streptococcus
30b036e0010cc946ea6c44e2724f6caa	d__Bacteria;p__Bacteroidota;c__Bacteroidia;o__Bacteroidales;f__Porphyromonadaceae;g__Porphyromonas;s__	g__Porphyromonas
53ea4be64acc7034a341c7d1b356caf3	d__Bacteria;p__Pseudomonadota;c__Gammaproteobacteria;o__Burkholderiales;f__Sutterellaceae;g__Sutterella;s__	g__Sutterella
84609bc6f34297bd0b0eb78577d8dc68	d__Bacteria;p__Pseudomonadota;c__Gammaproteobacteria;o__Enterobacterales;f__Pasteurellaceae;g__Haemophilus;s__	g__Haemophilus
5f7f1a3377a9c85cb1f3fc2b914ffea1	d__Bacteria;p__Pseudomonadota;c__Gammaproteobacteria;o__Enterobacterales;f__Pasteurellaceae;g__Actinobacillus;s__	g__Actinobacillus
4f17105bf002596e47d0a3d93d6f71e7	d__Bacteria;p__Actinomycetota;c__Actinobacteria;o__Bifidobacteriales;f__Bifidobacteriaceae;g__Gardnerella;s__	g__Gardnerella
c394c84ff606321d7ee75d781512525b	d__Bacteria;p__Actinomycetota;c__Coriobacteriia;o__Coriobacteriales;f__Atopobiaceae;g__Lancefieldella;s__	g__Lancefieldella
fdb401a34cb3a9afe89c3755e18f18fc	d__Bacteria;p__Actinomycetota;c__Actinobacteria;o__Mycobacteriales;f__Corynebacteriaceae;g__Corynebacterium;s__	g__Corynebacterium
7ba6a0466d8383ab2472acc11da3f731	d__Bacteria;p__Bacillota;c__Bacilli;o__Brevibacillales;f__Brevibacillaceae;g__Brevibacillus;s__	g__Brevibacillus
03cbec99dbc796ffb10408909e5ebbf6	d__Bacteria;p__Bacteroidota;c__Bacteroidia;o__Bacteroidales;f__Porphyromonadaceae;g__Porphyromonas;s__	g__Porphyromonas
4cc77cd18d7f6d6aed97587cff9d26f9	d__Bacteria;p__Bacillota;c__Clostridia;o__Peptostreptococcales-Tissierellales;f__Family_XI;g__Parvimonas;s__	g__Parvimonas
5d1e084ceea018f1a3aa9e9352140398	d__Bacteria;p__Pseudomonadota;c__Gammaproteobacteria;o__Enterobacterales;f__Pasteurellaceae;g__Haemophilus;s__	g__Haemophilus
90d6765406e25ad2c10bb355c1892ebc	d__Bacteria;p__Bacteroidota;c__Bacteroidia;o__Bacteroidales;f__Prevotellaceae;g__Segatella;s__	g__Segatella
2c964bedf6e9b2800df1bde710703613	d__Bacteria;p__Bacteroidota;c__Bacteroidia;o__Bacteroidales;f__Prevotellaceae;g__Incertae_Sedis;s__	g__Incertae_Sedis
66b5974c391190a6307245b4b96b4b00	d__Bacteria;p__Bacillota;c__Negativicutes;o__Veillonellales-Selenomonadales;f__Veillonellaceae;g__Megasphaera;s__	g__Megasphaera
a4cd6152db4ba6371bd3d35fcda62a19	d__Bacteria;p__Bacillota;c__Bacilli;o__Lactobacillales;f__Streptococcaceae;g__Streptococcus;s__	g__Streptococcus
df8f768b0e149cc5c7a6f5cf15cd6fa8	d__Bacteria;p__Bacillota;c__Bacilli;o__Erysipelotrichales;f__Erysipelatoclostridiaceae;g__Asteroleplasma;s__	g__Asteroleplasma
b077e948fbcfcb6a2f89d5fba7bf8098	d__Bacteria;p__Bacteroidota;c__Bacteroidia;o__Bacteroidales;f__Williamwhitmaniaceae;g__Blvii28_wastewater-sludge_group;s__	g__Blvii28_wastewater-sludge_group
e5225d9ad60cd54861511a228f4809fd	d__Bacteria;p__Bacteroidota;c__Bacteroidia;o__Bacteroidales;f__Tannerellaceae;g__Parabacteroides;s__	g__Parabacteroides
0bdfbed1a3365bea43eb88406d28145e	d__Bacteria;p__Bacillota;c__Negativicutes;o__Veillonellales-Selenomonadales;f__Selenomonadaceae;g__Selenomonas;s__	g__Selenomonas
ebd79508f2624c0f2ff078d09e9328f9	d__Bacteria;p__Bacteroidota;c__Bacteroidia;o__Bacteroidales;f__Porphyromonadaceae;g__Porphyromonas;s__	g__Porphyromonas
b351f748c55e419af1b6a706e712285c	d__Bacteria;p__Spirochaetota;c__Spirochaetia;o__Spirochaetales;f__Spirochaetaceae;g__Treponema;s__	g__Treponema
75f91cd7b0e3be71b2635a0329b3ad12	d__Bacteria;p__Spirochaetota;c__Spirochaetia;o__Spirochaetales;f__Spirochaetaceae;g__Treponema;s__	g__Treponema
1310999118e516d906c98d32f14400d9	d__Bacteria;p__Bacteroidota;c__Bacteroidia;o__Bacteroidales;f__Porphyromonadaceae;g__Porphyromonas;s__	g__Porphyromonas
a55e4d55cee57525f50a2a2bf4ecb0d1	d__Bacteria;p__Fusobacteriota;c__Fusobacteriia;o__Fusobacteriales;f__Fusobacteriaceae;g__Fusobacterium;s__	g__Fusobacterium
cc123bbe196b30133cc6c2f4a9e59de0	d__Bacteria;p__Fusobacteriota;c__Fusobacteriia;o__Fusobacteriales;f__Leptotrichiaceae;g__Leptotrichia;s__	g__Leptotrichia
606ecf69bca82f1de991ea96daa085a6	d__Bacteria;p__Fusobacteriota;c__Fusobacteriia;o__Fusobacteriales;f__Leptotrichiaceae;g__Pseudoleptotrichia;s__	g__Pseudoleptotrichia
1564745dc56e310827e27a6e41c21707	d__Bacteria;p__Bacteroidota;c__Bacteroidia;o__Bacteroidales;f__Prevotellaceae;g__Prevotella;s__	g__Prevotella
d756caaf2ce1221e28ae9d0a09f962e3	d__Bacteria;p__Actinomycetota;c__Coriobacteriia;o__Coriobacteriales;f__Atopobiaceae;g__Lancefieldella;s__	g__Lancefieldella
6f1924df623acc32db3b795cc0ff8aad	d__Bacteria;p__Bacillota;c__Negativicutes;o__Veillonellales-Selenomonadales;f__Selenomonadaceae;g__Selenomonas;s__	g__Selenomonas
02462b81bee2b8b07d046398d4b27488	d__Bacteria;p__Bacteroidota;c__Bacteroidia;o__Bacteroidales;f__Prevotellaceae;g__Alloprevotella;s__	g__Alloprevotella
5001494e2195ed78398745cb988153de	d__Bacteria;p__Actinomycetota;c__Actinobacteria;o__Propionibacteriales;f__Propionibacteriaceae;g__Arachnia;s__	g__Arachnia
42513a791253a4ede5c83cfd21e37217	d__Bacteria;p__Actinomycetota;c__Coriobacteriia;o__Coriobacteriales;f__Atopobiaceae;g__Olsenella;s__	g__Olsenella
0cd0bfdd2266d692077999c7848951f2	d__Bacteria;p__Pseudomonadota;c__Gammaproteobacteria;o__Enterobacterales;f__Pasteurellaceae;g__Actinobacillus;s__	g__Actinobacillus
23bfcacba0d85efd98e548aafb747e8f	d__Bacteria;p__Bacillota;c__Bacilli;o__Brevibacillales;f__Brevibacillaceae;g__Brevibacillus;s__	g__Brevibacillus
311ed4d46fd43c156d97b593e585d2b3	d__Bacteria;p__Bacteroidota;c__Bacteroidia;o__Bacteroidales;f__Prevotellaceae;g__Prevotella;s__	g__Prevotella
aeaa0aec4dd2b5b0934bef406d2b3eb3	d__Bacteria;p__Fusobacteriota;c__Fusobacteriia;o__Fusobacteriales;f__Fusobacteriaceae;g__Fusobacterium;s__	g__Fusobacterium
73321ecd379c970215f1cd8c9bab7300	d__Bacteria;p__Bacillota;c__Clostridia;o__Peptostreptococcales-Tissierellales;f__Anaerovoracaceae;g__[Eubacterium]_sulci_group;s__	g__[Eubacterium]_sulci_group
c4f9c1380367004f9966eb75dedc9048	d__Bacteria;p__Bacillota;c__Clostridia;o__Lachnospirales;f__Lachnospiraceae;g__Johnsonella;s__	g__Johnsonella
0212ef8fcd3f3c6f04c5591a10ebefcf	d__Bacteria;p__Actinomycetota;c__Actinobacteria;o__Micrococcales;f__Micrococcaceae;g__Rothia;s__	g__Rothia
6bfc304ab75c9cfcf437193c5b99778c	d__Bacteria;p__Pseudomonadota;c__Gammaproteobacteria;o__Enterobacterales;f__Morganellaceae;g__Morganella;s__	g__Morganella
daee850bb1358757f13947f650b4ef87	d__Bacteria;p__Bacillota;c__Bacilli;o__Lactobacillales;f__Streptococcaceae;g__Streptococcus;s__	g__Streptococcus
638b1805ec6ead079ef6d54c5b86528d	d__Bacteria;p__Pseudomonadota;c__Alphaproteobacteria;o__Azospirillales;f__Azospirillaceae;g__Skermanella;s__	g__Skermanella
b287cab444e7d4ccfb89b147b6a3e1ea	d__Bacteria;p__Pseudomonadota;c__Gammaproteobacteria;o__Burkholderiales;f__Burkholderiaceae;g__Lautropia;s__	g__Lautropia
632162d08e5fed9cad60162d04ce0d33	d__Bacteria;p__Pseudomonadota;c__Gammaproteobacteria;o__Enterobacterales;f__Pasteurellaceae;g__Haemophilus;s__	g__Haemophilus
8e5895c866b7b447994f25e8c5681904	d__Bacteria;p__Pseudomonadota;c__Gammaproteobacteria;o__Burkholderiales;f__Neisseriaceae;g__Neisseria;s__	g__Neisseria
6f83eb2b9fc9978cc23019605ad9e1be	d__Bacteria;p__Bacillota;c__Clostridia;o__Lachnospirales;f__Lachnospiraceae;g__Johnsonella;s__	g__Johnsonella
36b01f762b37ea7169701fe73614f506	d__Bacteria;p__Actinomycetota;c__Actinobacteria;o__Mycobacteriales;f__Corynebacteriaceae;g__Corynebacterium;s__	g__Corynebacterium
e7ae7d7ef5b6152a0837b6cfed70bd7a	d__Bacteria;p__Pseudomonadota;c__Gammaproteobacteria;o__Burkholderiales;f__Burkholderiaceae;g__Burkholderia-Caballeronia-Paraburkholderia;s__	g__Burkholderia-Caballeronia-Paraburkholderia
b0b0a8231a00cae2e207d2b6e6695502	d__Bacteria;p__Pseudomonadota;c__Gammaproteobacteria;o__Pseudomonadales;f__Moraxellaceae;g__Acinetobacter;s__	g__Acinetobacter
83092371234fea4b5fbfb03e20dad799	d__Bacteria;p__Bacillota;c__Clostridia;o__Lachnospirales;f__Lachnospiraceae;g__Anaerostipes;s__	g__Anaerostipes
07633950a19d6530f976cec3b3e188b1	d__Bacteria;p__Pseudomonadota;c__Gammaproteobacteria;o__Pseudomonadales;f__Moraxellaceae;g__Acinetobacter;s__	g__Acinetobacter
39392d0181e6178d3889f191defa5e60	d__Bacteria;p__Pseudomonadota;c__Gammaproteobacteria;o__Burkholderiales;f__Comamonadaceae;g__Comamonas;s__	g__Comamonas
8f6c9afa192d0c98fab2dfc8e7c65111	d__Bacteria;p__Pseudomonadota;c__Gammaproteobacteria;o__Burkholderiales;f__Burkholderiaceae;g__Lautropia;s__	g__Lautropia
9a50d4fcde8ad09b850a23cabaeff8c1	d__Bacteria;p__Fusobacteriota;c__Fusobacteriia;o__Fusobacteriales;f__Leptotrichiaceae;g__Sneathia;s__	g__Sneathia
491cbf89a4f9101b2be64a7433fc1e98	d__Bacteria;p__Bacillota;c__Negativicutes;o__Veillonellales-Selenomonadales;f__Selenomonadaceae;g__Selenomonas;s__	g__Selenomonas
9be7cae2c0b1fa7c813f94794453de55	d__Bacteria;p__Bacillota;c__Negativicutes;o__Veillonellales-Selenomonadales;f__Veillonellaceae;g__Megasphaera;s__	g__Megasphaera
4f35de06efe26436be83a842787414b5	d__Bacteria;p__Pseudomonadota;c__Gammaproteobacteria;o__Burkholderiales;f__Neisseriaceae;g__Kingella;s__	g__Kingella
e1e3d4305dcd050147d2d430a12d09ce	d__Bacteria;p__Bacteroidota;c__Bacteroidia;o__Bacteroidales;f__Prevotellaceae;g__Segatella;s__	g__Segatella
4462ec0505be840808e44c930eda49d7	d__Bacteria;p__Bacteroidota;c__Bacteroidia;o__Bacteroidales;f__Prevotellaceae;g__Segatella;s__	g__Segatella
0e2f6a31ea2e37bc6f26b40555100154	d__Bacteria;p__Bacteroidota;c__Bacteroidia;o__Bacteroidales;f__Prevotellaceae;g__Prevotella;s__	g__Prevotella
943b6182fabfe1d061b8b5a78dd03ba2	d__Bacteria;p__Actinomycetota;c__Actinobacteria;o__Actinomycetales;f__Actinomycetaceae;g__Schaalia;s__	g__Schaalia
d2ab242cae64d63cc199c5fe15bd3ba9	d__Bacteria;p__Actinomycetota;c__Coriobacteriia;o__Coriobacteriales;f__Atopobiaceae;g__Lancefieldella;s__	g__Lancefieldella
12769c52ac7ef6201ff2007a008fcd04	d__Bacteria;p__Actinomycetota;c__Actinobacteria;o__Actinomycetales;f__Actinomycetaceae;g__Actinomyces;s__	g__Actinomyces
348f7b3b4473369b1e3230c94b27aaf5	d__Bacteria;p__Pseudomonadota;c__Gammaproteobacteria;o__Enterobacterales;f__Pasteurellaceae;g__Haemophilus;s__	g__Haemophilus
5194f3b06c0736fad596f5841b94edc6	d__Bacteria;p__Pseudomonadota;c__Alphaproteobacteria;o__Rhodobacterales;f__Paracoccaceae;g__Paracoccus;s__	g__Paracoccus
bbc9eeda2b947265d2516fa5b74fa660	d__Bacteria;p__Bacteroidota;c__Bacteroidia;o__Bacteroidales;f__Prevotellaceae;g__Segatella;s__	g__Segatella
b4963df81b6490d4b80ba1f97e654ab1	d__Bacteria;p__Bacteroidota;c__Bacteroidia;o__Flavobacteriales;f__Flavobacteriaceae;g__Capnocytophaga;s__	g__Capnocytophaga
12ff68c052e17c03a383ad9c964dc94f	d__Bacteria;p__Pseudomonadota;c__Alphaproteobacteria;o__Hyphomicrobiales;f__Beijerinckiaceae;g__Microvirga;s__	g__Microvirga
cc62c743230609231efc780abfe52354	d__Bacteria;p__Bacillota;c__Clostridia;o__Lachnospirales;f__Lachnospiraceae;g__Howardella;s__	g__Howardella
c95b3c46072b05a3c4874b67b6677783	d__Bacteria;p__Pseudomonadota;c__Gammaproteobacteria;o__Burkholderiales;f__Oxalobacteraceae;g__Noviherbaspirillum;s__	g__Noviherbaspirillum
166803e117541741e1b7afdd1afd284f	d__Bacteria;p__Bacillota;c__Clostridia;o__Lachnospirales;f__Lachnospiraceae;g__Johnsonella;s__	g__Johnsonella
e37a00d4120a17823b9d078d9b00639b	d__Bacteria;p__Bacteroidota;c__Bacteroidia;o__Bacteroidales;f__Prevotellaceae;g__Prevotella;s__	g__Prevotella
757e727a91817e367f064cb673b35d62	d__Bacteria;p__Pseudomonadota;c__Gammaproteobacteria;o__Burkholderiales;f__Neisseriaceae;g__Neisseria;s__	g__Neisseria
6cc776e91594b15ac5420cf671691d83	d__Bacteria;p__Bacillota;c__Negativicutes;o__Veillonellales-Selenomonadales;f__Selenomonadaceae;g__Selenomonas;s__	g__Selenomonas
1ff24938cf2c97846f71d0d7f5f8f112	d__Bacteria;p__Bacillota;c__Negativicutes;o__Veillonellales-Selenomonadales;f__Selenomonadaceae;g__Selenomonas;s__	g__Selenomonas
79348de68916680727ec7ac7e63ff151	d__Bacteria;p__Spirochaetota;c__Spirochaetia;o__Spirochaetales;f__Spirochaetaceae;g__Treponema;s__	g__Treponema
e66927267cefa21425592c945a0a6167	d__Bacteria;p__Bacillota;c__Clostridia;o__Peptostreptococcales-Tissierellales;f__Peptostreptococcaceae;g__Peptoanaerobacter;s__	g__Peptoanaerobacter
0778e6c69359a25eaa095c52d1f8df12	d__Bacteria;p__Actinomycetota;c__Actinobacteria;o__Micrococcales;f__Micrococcaceae;g__Glutamicibacter;s__	g__Glutamicibacter
002b038514ea383d4a11fffa3178cb3c	d__Bacteria;p__Bacteroidota;c__Bacteroidia;o__Bacteroidales;f__Paludibacteraceae;g__F0058;s__	g__F0058
8a91a5d2797457756c3295dfdbb123e3	d__Bacteria;p__Thermodesulfobacteriota;c__Desulfobulbia;o__Desulfobulbales;f__Desulfobulbaceae;g__Desulfobulbus;s__	g__Desulfobulbus
c33233e43ad2d793e6a0d1fa5a4fa7c3	d__Bacteria;p__Bacillota;c__Negativicutes;o__Veillonellales-Selenomonadales;f__Veillonellaceae;g__Veillonella;s__	g__Veillonella
4c0e1b8744e07cd532072e582c486b0a	d__Bacteria;p__Fusobacteriota;c__Fusobacteriia;o__Fusobacteriales;f__Fusobacteriaceae;g__Fusobacterium;s__	g__Fusobacterium
1f5fd31fbf556d33936b51a8069f9499	d__Bacteria;p__Fusobacteriota;c__Fusobacteriia;o__Fusobacteriales;f__Fusobacteriaceae;g__Fusobacterium;s__	g__Fusobacterium
3c3fa8dc57b29797610369fbb0e8b6a5	d__Bacteria;p__Synergistota;c__Synergistia;o__Synergistales;f__Synergistaceae;g__Fretibacterium;s__	g__Fretibacterium
8ee7f2677d410e3e44d4199acd7452b7	d__Bacteria;p__Bacteroidota;c__Bacteroidia;o__Bacteroidales;f__Prevotellaceae;g__Hoylesella;s__	g__Hoylesella
43a54829cc0d7a58a61ad7f833cc2b22	d__Bacteria;p__Bacillota;c__Bacilli;o__Staphylococcales;f__Staphylococcaceae;g__Staphylococcus;s__	g__Staphylococcus
2b3a6eb0b5623fe37f37ccefec78c915	d__Bacteria;p__Pseudomonadota;c__Gammaproteobacteria;o__Burkholderiales;f__Oxalobacteraceae;g__Massilia;s__	g__Massilia
b7f566d089a3925a738e9c46c3691949	d__Bacteria;p__Bacillota;c__Clostridia;o__Peptostreptococcales-Tissierellales;f__Anaerovoracaceae;g__[Eubacterium]_brachy_group;s__	g__[Eubacterium]_brachy_group
349090b6eacd351bb5598839a69f9ba4	d__Bacteria;p__Bacillota;c__Clostridia;o__Lachnospirales;f__Lachnospiraceae;g__Catonella;s__	g__Catonella
5a9c43e4bad0855cb3653511596e5a25	d__Bacteria;p__Pseudomonadota;c__Gammaproteobacteria;o__Lysobacterales;f__Lysobacteraceae;g__Lysobacter;s__	g__Lysobacter
11d5a3c3d44ccc850a625d02475fc071	d__Bacteria;p__Fusobacteriota;c__Fusobacteriia;o__Fusobacteriales;f__Fusobacteriaceae;g__Fusobacterium;s__	g__Fusobacterium
030dc6f14c3e2fa43aa824e100d5754d	d__Bacteria;p__Bacteroidota;c__Bacteroidia;o__Bacteroidales;f__Prevotellaceae;g__Hoylesella;s__	g__Hoylesella
0c73cfdd82c0daff3bed2eb96b75832e	d__Bacteria;p__Bacteroidota;c__Bacteroidia;o__Flavobacteriales;f__Flavobacteriaceae;g__Flavobacterium;s__	g__Flavobacterium
3b307bb57d9af28bf95d2b13347f31d1	d__Bacteria;p__Bacillota;c__Clostridia;o__Lachnospirales;f__Lachnospiraceae;g__Stomatobaculum;s__	g__Stomatobaculum
b7da073d721dc98af9740b265299ee0f	d__Bacteria;p__Fusobacteriota;c__Fusobacteriia;o__Fusobacteriales;f__Leptotrichiaceae;g__Leptotrichia;s__	g__Leptotrichia
709b2f6602c4983a9bc660b7c39151b1	d__Bacteria;p__Bacteroidota;c__Bacteroidia;o__Bacteroidales;f__Prevotellaceae;g__Segatella;s__	g__Segatella
61cc7c1ba97657bba6b2db1948a17552	d__Bacteria;p__Campylobacterota;c__Campylobacteria;o__Campylobacterales;f__Campylobacteraceae;g__Campylobacter;s__	g__Campylobacter
a39eb0a6983e7d3edc6ac227b3fdd662	d__Bacteria;p__Bacillota;c__Bacilli;o__Staphylococcales;f__Gemellaceae;g__Gemella;s__	g__Gemella
f332df6b460a6b097e037fc31b59aff8	d__Bacteria;p__Fusobacteriota;c__Fusobacteriia;o__Fusobacteriales;f__Leptotrichiaceae;g__Leptotrichia;s__	g__Leptotrichia
8ed70d49e659d13ab2dac4ddfac4ad1a	d__Bacteria;p__Bacteroidota;c__Bacteroidia;o__Bacteroidales;f__Prevotellaceae;g__Hoylesella;s__	g__Hoylesella
c87387ab756a230e7e414cf346391ea4	d__Bacteria;p__Bacillota;c__Clostridia;o__Peptostreptococcales-Tissierellales;f__Peptostreptococcaceae;g__Filifactor;s__	g__Filifactor
5c2471c42e6b5b07f45f69d08b145d0b	d__Bacteria;p__Bacteroidota;c__Bacteroidia;o__Bacteroidales;f__Prevotellaceae;g__Segatella;s__	g__Segatella
1960051b4c9c90567def6dcb9bfc2def	d__Bacteria;p__Bacillota;c__Clostridia;o__Lachnospirales;f__Lachnospiraceae;g__Incertae_Sedis;s__	g__Incertae_Sedis
1ca0eff53e415c596d0b1cf5b555cf12	d__Bacteria;p__Pseudomonadota;c__Gammaproteobacteria;o__Enterobacterales;f__Pasteurellaceae;g__Haemophilus;s__	g__Haemophilus
40ac59ed9407fb7614657738d8de462d	d__Bacteria;p__Bacteroidota;c__Bacteroidia;o__Bacteroidales;f__Prevotellaceae;g__Incertae_Sedis;s__	g__Incertae_Sedis
cfe3214a0e37583d6a910e2c4edb52f8	d__Bacteria;p__Pseudomonadota;c__Gammaproteobacteria;o__Enterobacterales;f__Pasteurellaceae;g__Haemophilus;s__	g__Haemophilus
86878104d225141d3c776ef17529ca4b	d__Bacteria;p__Bacillota;c__Negativicutes;o__Veillonellales-Selenomonadales;f__Veillonellaceae;g__Megasphaera;s__	g__Megasphaera
9973f084e374ddf3d6726e300e0c5ab7	d__Bacteria;p__Bacillota;c__Negativicutes;o__Veillonellales-Selenomonadales;f__Selenomonadaceae;g__Selenomonas;s__	g__Selenomonas
b5c70bb591ec40c2723c62c9040d68ba	d__Bacteria;p__Bacillota;c__Negativicutes;o__Veillonellales-Selenomonadales;f__Selenomonadaceae;g__Selenomonas;s__	g__Selenomonas
831255c83b465cf0719806bf598959fc	d__Bacteria;p__Bacteroidota;c__Bacteroidia;o__Bacteroidales;f__Prevotellaceae;g__Prevotella;s__	g__Prevotella
99e0e5dd0d27f74448a25c5f3bab5d86	d__Bacteria;p__Bacteroidota;c__Bacteroidia;o__Bacteroidales;f__Porphyromonadaceae;g__Porphyromonas;s__	g__Porphyromonas
57588dad0681bbe6c2453e56621da3fe	d__Bacteria;p__Bacteroidota;c__Bacteroidia;o__Bacteroidales;f__Prevotellaceae;g__Prevotella;s__	g__Prevotella
76533511bc93b76122992e56105044dd	d__Bacteria;p__Bacillota;c__Bacilli;o__Lactobacillales;f__Streptococcaceae;g__Streptococcus;s__	g__Streptococcus
cf46228411ce58e9343310ae2e8e14d8	d__Bacteria;p__Bacteroidota;c__Bacteroidia;o__Bacteroidales;f__Prevotellaceae;g__Prevotella;s__	g__Prevotella
1a52be90b601b4c069d8a46efcc46332	d__Bacteria;p__Bacteroidota;c__Bacteroidia;o__Bacteroidales;f__Prevotellaceae;g__Segatella;s__	g__Segatella
08993b4ebc56c4916eccf8a6e814c8fc	d__Bacteria;p__Bacillota;c__Negativicutes;o__Veillonellales-Selenomonadales;f__Veillonellaceae;g__Veillonella;s__	g__Veillonella
cb67a41c050ab9f8f9e03f91bc7c542d	d__Bacteria;p__Bacillota;c__Clostridia;o__Peptostreptococcales-Tissierellales;f__Family_XI;g__W5053;s__	g__W5053
a264739484e22a9bfd41097cfe579c78	d__Bacteria;p__Actinomycetota;c__Coriobacteriia;o__Coriobacteriales;f__Atopobiaceae;g__Lancefieldella;s__	g__Lancefieldella
948e78a2a3cc0cf36de5a7476eefaa14	d__Bacteria;p__Bacteroidota;c__Bacteroidia;o__Bacteroidales;f__Porphyromonadaceae;g__Porphyromonas;s__	g__Porphyromonas
3b94d9d11459421405ca166b0814a630	d__Bacteria;p__Bacillota;c__Clostridia;o__Lachnospirales;f__Lachnospiraceae;g__Incertae_Sedis;s__	g__Incertae_Sedis
9a52ccdf69ce2931b11553946e33f821	d__Bacteria;p__Fusobacteriota;c__Fusobacteriia;o__Fusobacteriales;f__Leptotrichiaceae;g__Leptotrichia;s__	g__Leptotrichia
a67cb3fb1b18821c9ac0f05bd0ba26b1	d__Bacteria;p__Bacteroidota;c__Bacteroidia;o__Bacteroidales;f__Porphyromonadaceae;g__Porphyromonas;s__	g__Porphyromonas
1cea19391381562b456975e4a92a424e	d__Bacteria;p__Actinomycetota;c__Actinobacteria;o__Actinomycetales;f__Actinomycetaceae;g__Actinomyces;s__	g__Actinomyces
07b43bd3e3dbaa0274123cad42cb62f5	d__Bacteria;p__Bacillota;c__Negativicutes;o__Veillonellales-Selenomonadales;f__Selenomonadaceae;g__Selenomonas;s__	g__Selenomonas
9939ed14b5893e656e3363f538fa3912	d__Bacteria;p__Spirochaetota;c__Spirochaetia;o__Spirochaetales;f__Spirochaetaceae;g__Treponema;s__	g__Treponema
23ad2dabce4a63e163a274bdded91cf4	d__Bacteria;p__Actinomycetota;c__Rubrobacteria;o__Rubrobacterales;f__Rubrobacteriaceae;g__Rubrobacter;s__	g__Rubrobacter
7dafae6236043ea2e56fd3a59f1a2971	d__Bacteria;p__Pseudomonadota;c__Gammaproteobacteria;o__Burkholderiales;f__Neisseriaceae;g__Neisseria;s__	g__Neisseria
32e10f98008602d9650200832dd27f54	d__Bacteria;p__Pseudomonadota;c__Gammaproteobacteria;o__Burkholderiales;f__Burkholderiaceae;g__Lautropia;s__	g__Lautropia
344af027dc58f26268e175fbe92cda9c	d__Bacteria;p__Fusobacteriota;c__Fusobacteriia;o__Fusobacteriales;f__Fusobacteriaceae;g__Fusobacterium;s__	g__Fusobacterium
aefd48b3ad4729ba392b3505418a7336	d__Bacteria;p__Bacillota;c__Bacilli;o__Lactobacillales;f__Streptococcaceae;g__Streptococcus;s__	g__Streptococcus
deb6b4495010674c5ece6687ab07ac12	d__Bacteria;p__Patescibacteria;c__Saccharimonadia;o__Saccharimonadales;f__Saccharimonadaceae;g__Incertae_Sedis;s__	g__Incertae_Sedis
643d606d30e0cd894df578b1a2f2a6b4	d__Bacteria;p__Bacteroidota;c__Bacteroidia;o__Bacteroidales;f__Prevotellaceae;g__Paraprevotella;s__	g__Paraprevotella
7d60335c359eb7aad86c57e99db96b3b	d__Bacteria;p__Bacillota;c__Bacilli;o__Staphylococcales;f__Gemellaceae;g__Gemella;s__	g__Gemella
c243bfa07ac31cb1df45938ad94903bf	d__Bacteria;p__Bacillota;c__Clostridia;o__Lachnospirales;f__Lachnospiraceae;g__Oribacterium;s__	g__Oribacterium
edbe334b391a6718a141a47d7aa1672d	d__Bacteria;p__Bacillota;c__Bacilli;o__Lactobacillales;f__Streptococcaceae;g__Streptococcus;s__	g__Streptococcus
170f612ac6db2386082aa62ba9105a61	d__Bacteria;p__Pseudomonadota;c__Gammaproteobacteria;o__Burkholderiales;f__Neisseriaceae;g__Neisseria;s__	g__Neisseria
157ba9d2b318f400b654ab995f7d7d4e	d__Bacteria;p__Pseudomonadota;c__Gammaproteobacteria;o__Pseudomonadales;f__Moraxellaceae;g__Acinetobacter;s__	g__Acinetobacter
2e119ce67894fe00027176e52f17a225	d__Bacteria;p__Pseudomonadota;c__Gammaproteobacteria;o__Enterobacterales;f__Aeromonadaceae;g__Aeromonas;s__	g__Aeromonas
e1bcfb5e0d41704466efdc7a1627e635	d__Bacteria;p__Pseudomonadota;c__Gammaproteobacteria;o__Enterobacterales;f__Yersiniaceae;g__Serratia;s__	g__Serratia
03171824aa6209a67275df613fc99b6d	d__Bacteria;p__Fusobacteriota;c__Fusobacteriia;o__Fusobacteriales;f__Fusobacteriaceae;g__Fusobacterium;s__	g__Fusobacterium
e0ec880b06af8ae1cabb4376cdf142ad	d__Bacteria;p__Bacillota;c__Bacilli;o__Bacillales;f__Bacillaceae;g__Bacillus;s__	g__Bacillus
b1ad00b32238fed10a7e396ea0cea644	d__Bacteria;p__Bacillota;c__Clostridia;o__Peptostreptococcales-Tissierellales;f__Family_XI;g__Peptoniphilus;s__	g__Peptoniphilus
0a6ab66592480e287d6b8efc41b1022c	d__Bacteria;p__Spirochaetota;c__Spirochaetia;o__Spirochaetales;f__Spirochaetaceae;g__Treponema;s__	g__Treponema
166198dcf4f3bbae1158359bcf3d3ae0	d__Bacteria;p__Pseudomonadota;c__Alphaproteobacteria;o__Hyphomicrobiales;f__Rhizobiaceae;g__Ensifer;s__	g__Ensifer
6cee8d002805d176842c1049259747c7	d__Bacteria;p__Bacteroidota;c__Bacteroidia;o__Flavobacteriales;f__Flavobacteriaceae;g__Capnocytophaga;s__	g__Capnocytophaga
bb301055cd42b0185c76ee14cfad707f	d__Bacteria;p__Fusobacteriota;c__Fusobacteriia;o__Fusobacteriales;f__Fusobacteriaceae;g__Fusobacterium;s__	g__Fusobacterium
72d6a14491e52ccb6b828958d03dfa06	d__Bacteria;p__Bacillota;c__Bacilli;o__Paenibacillales;f__Paenibacillaceae;g__Paenibacillus;s__	g__Paenibacillus
a2b76263db5353503af655943fce333d	d__Bacteria;p__Bacillota;c__Negativicutes;o__Veillonellales-Selenomonadales;f__Veillonellaceae;g__Veillonella;s__	g__Veillonella
e7606428e59d6211c751dd58093f9864	d__Bacteria;p__Actinomycetota;c__Actinobacteria;o__Actinomycetales;f__Actinomycetaceae;g__Schaalia;s__	g__Schaalia
6b6d13f1332283e053c18c3b7774b85c	d__Bacteria;p__Bacteroidota;c__Bacteroidia;o__Bacteroidales;f__Prevotellaceae;g__Segatella;s__	g__Segatella
5bc9fc9d2ddd1366211eba59ba5e1d48	d__Bacteria;p__Bacillota;c__Clostridia;o__Clostridia_vadinBB60_group;f__Incertae_Sedis;g__Incertae_Sedis;s__	g__Incertae_Sedis
582d09ceda6d3fa3d701bb6f99c99b75	d__Bacteria;p__Bacteroidota;c__Bacteroidia;o__Bacteroidales;f__Prevotellaceae;g__Incertae_Sedis;s__	g__Incertae_Sedis
bff4309dc657f779c66c28e5ba6a593e	d__Bacteria;p__Pseudomonadota;c__Gammaproteobacteria;o__Pseudomonadales;f__Pseudomonadaceae;g__Pseudomonas;s__	g__Pseudomonas
d3864fc0d139ae33e32888b486ee19cb	d__Bacteria;p__Bacillota;c__Clostridia;o__Lachnospirales;f__Lachnospiraceae;g__Roseburia;s__	g__Roseburia
9f33710fb4e9825f5f158ce5956371bc	d__Bacteria;p__Bacillota;c__Bacilli;o__RF39;f__Incertae_Sedis;g__Incertae_Sedis;s__	g__Incertae_Sedis
0668925208812ea239ce363a4a1c26e8	d__Bacteria;p__Bacillota;c__Clostridia;o__Lachnospirales;f__Lachnospiraceae;g__Oribacterium;s__	g__Oribacterium
44a2c6295039d9f0f3c01f2c99651e2f	d__Bacteria;p__Bacteroidota;c__Bacteroidia;o__Bacteroidales;f__Prevotellaceae;g__Alloprevotella;s__	g__Alloprevotella
b87dca9772642393b00e9a67390cd2d9	d__Bacteria;p__Pseudomonadota;c__Gammaproteobacteria;o__Pseudomonadales;f__Pseudomonadaceae;g__Pseudomonas;s__	g__Pseudomonas
f46b210f0257040944d7d2f9c26c3c74	d__Bacteria;p__Patescibacteria;c__Gracilibacteria;o__Absconditabacteriales_(SR1);f__Incertae_Sedis;g__Incertae_Sedis;s__	g__Incertae_Sedis
a46956619780061ab15aa6497217e0b5	d__Bacteria;p__Pseudomonadota;c__Gammaproteobacteria;o__Pseudomonadales;f__Moraxellaceae;g__Moraxella;s__	g__Moraxella
8a26a9966359b543dd37b895bc5d7069	d__Bacteria;p__Actinomycetota;c__Actinobacteria;o__Propionibacteriales;f__Propionibacteriaceae;g__Arachnia;s__	g__Arachnia
69c02bab7d31ecf6e2f8264058c63525	d__Bacteria;p__Pseudomonadota;c__Gammaproteobacteria;o__Pseudomonadales;f__Pseudomonadaceae;g__Pseudomonas;s__	g__Pseudomonas
8bd07cbc9397ce8ee4dbfa3f48250b8b	d__Bacteria;p__Actinomycetota;c__Actinobacteria;o__Propionibacteriales;f__Propionibacteriaceae;g__Tessaracoccus;s__	g__Tessaracoccus
7495aefac0ba6388e59cf2ed5a0b78e9	d__Bacteria;p__Fusobacteriota;c__Fusobacteriia;o__Fusobacteriales;f__Fusobacteriaceae;g__Fusobacterium;s__	g__Fusobacterium
44eb603ac11f6bad4a83878080a29a69	d__Bacteria;p__Bacillota;c__Clostridia;o__Peptostreptococcales-Tissierellales;f__Family_XI;g__Ezakiella;s__	g__Ezakiella
4849ebeb7e7a11220d7f32bd7d1cd304	d__Bacteria;p__Bacillota;c__Clostridia;o__Lachnospirales;f__Lachnospiraceae;g__Incertae_Sedis;s__	g__Incertae_Sedis
5db60f04cb4400d4c715bc8afc0d8659	d__Bacteria;p__Pseudomonadota;c__Gammaproteobacteria;o__Burkholderiales;f__Comamonadaceae	Unclassified
f4dc960617fcffbf46ef069247af4021	d__Bacteria;p__Bacillota;c__Negativicutes;o__Veillonellales-Selenomonadales;f__Selenomonadaceae;g__Selenomonas;s__	g__Selenomonas
b0724e236626ab7f258d7ae13385f209	d__Bacteria;p__Patescibacteria;c__Saccharimonadia;o__Saccharimonadales;f__Saccharimonadaceae;g__Candidatus_Saccharimonas;s__	g__Candidatus_Saccharimonas
0dea7be1e56d386113c1ba0044285af7	d__Bacteria;p__Actinomycetota;c__Actinobacteria;o__Micrococcales;f__Micrococcaceae;g__Rothia;s__	g__Rothia
2231f7ecb075af352a37e4055f7478f1	d__Bacteria;p__Spirochaetota;c__Spirochaetia;o__Spirochaetales;f__Spirochaetaceae;g__Treponema;s__	g__Treponema
7da538c25af7c5806652cab7ecd87da6	d__Bacteria;p__Fusobacteriota;c__Fusobacteriia;o__Fusobacteriales;f__Leptotrichiaceae;g__Pseudoleptotrichia;s__	g__Pseudoleptotrichia
de6e0d8afaf528329cd46ccef912568c	d__Bacteria;p__Bacillota;c__Clostridia;o__Peptostreptococcales-Tissierellales;f__Peptostreptococcaceae;g__[Eubacterium]_yurii_group;s__	g__[Eubacterium]_yurii_group
710984bc444c3584b264076ff1c8ade4	d__Bacteria;p__Bacteroidota;c__Bacteroidia;o__Bacteroidales;f__Prevotellaceae;g__Segatella;s__	g__Segatella
dd60fcfa39f84b59fffc585cd25f3930	d__Bacteria;p__Pseudomonadota;c__Gammaproteobacteria;o__Burkholderiales;f__Oxalobacteraceae;g__Noviherbaspirillum;s__	g__Noviherbaspirillum
e26cccace39ffc677139e4dc92f14bc3	d__Bacteria;p__Actinomycetota;c__Actinobacteria;o__Actinomycetales;f__Actinomycetaceae;g__Schaalia;s__	g__Schaalia
cb507e62eca7b9d34999e746efcb6f10	d__Bacteria;p__Fusobacteriota;c__Fusobacteriia;o__Fusobacteriales;f__Leptotrichiaceae;g__Leptotrichia;s__	g__Leptotrichia
e7b83da20c7afebde7520bca256b9351	d__Bacteria;p__Bacteroidota;c__Bacteroidia;o__Flavobacteriales;f__Weeksellaceae;g__Bergeyella;s__	g__Bergeyella
2134b01b9a2fb38e1103c8027fed7289	d__Bacteria;p__Bacillota;c__Negativicutes;o__Veillonellales-Selenomonadales;f__Selenomonadaceae;g__Selenomonas;s__	g__Selenomonas
fab97a4ef535bdbf1a5f6c7204f63528	d__Bacteria;p__Bacillota;c__Negativicutes;o__Veillonellales-Selenomonadales;f__Veillonellaceae;g__Veillonella;s__	g__Veillonella
ab41c02dfabdb20e470f28be9ab0880c	d__Bacteria;p__Campylobacterota;c__Campylobacteria;o__Campylobacterales;f__Campylobacteraceae;g__Campylobacter;s__	g__Campylobacter
78a97057ac8bcbea0a29d14f81ba1a27	d__Bacteria;p__Bacteroidota;c__Bacteroidia;o__Bacteroidales;f__Prevotellaceae;g__Incertae_Sedis;s__	g__Incertae_Sedis
58ef0261649ab6c6fb080ee50584c1cb	d__Bacteria;p__Bacillota;c__Negativicutes;o__Veillonellales-Selenomonadales;f__Selenomonadaceae;g__Selenomonas;s__	g__Selenomonas
08ff9ffdbfe5776e22521859d352f053	d__Bacteria;p__Fusobacteriota;c__Fusobacteriia;o__Fusobacteriales;f__Fusobacteriaceae;g__Fusobacterium;s__	g__Fusobacterium
7f82920b5556ed6a6f05c8e12ed1f83f	d__Bacteria;p__Actinomycetota;c__Actinobacteria;o__Propionibacteriales;f__Propionibacteriaceae;g__Propioniciclava;s__	g__Propioniciclava
a18220fb286088f5337dc39497294dc9	d__Bacteria;p__Bacillota;c__Bacilli;o__Lactobacillales;f__Carnobacteriaceae;g__Granulicatella;s__	g__Granulicatella
06d99a5919e62fba65f3a04002544170	d__Bacteria;p__Bacteroidota;c__Bacteroidia;o__Flavobacteriales;f__Flavobacteriaceae;g__Capnocytophaga;s__	g__Capnocytophaga
c7db4ebcf880ea394e164fbb7de9ab66	d__Bacteria;p__Pseudomonadota;c__Gammaproteobacteria;o__Burkholderiales;f__Comamonadaceae;g__Incertae_Sedis;s__	g__Incertae_Sedis
7e64b712958392de0195707023eb4688	d__Bacteria;p__Bacillota;c__Bacilli;o__Staphylococcales;f__Gemellaceae;g__Gemella;s__	g__Gemella
26c8ccb049e57dacd2c71802de7800ae	d__Bacteria;p__Bacillota;c__Clostridia;o__Lachnospirales;f__Lachnospiraceae;g__Tyzzerella;s__	g__Tyzzerella
0ac81d9eaa3507062dc1c6fa01be41fc	d__Bacteria;p__Actinomycetota;c__Actinobacteria;o__Micrococcales;f__Cellulomonadaceae;g__Actinotalea;s__	g__Actinotalea
b40ab2a6292c346f80cb6a1cde1db757	d__Bacteria;p__Actinomycetota;c__Actinobacteria;o__Mycobacteriales;f__Corynebacteriaceae;g__Corynebacterium;s__	g__Corynebacterium
6e5aa1d187f2e4a64b5eec09d05de0d6	d__Bacteria;p__Pseudomonadota;c__Gammaproteobacteria;o__Pseudomonadales;f__Pseudomonadaceae;g__Pseudomonas;s__	g__Pseudomonas
d92638664110583b421ff8ea47480a6a	d__Bacteria;p__Pseudomonadota;c__Gammaproteobacteria;o__Lysobacterales;f__Lysobacteraceae;g__Stenotrophomonas;s__	g__Stenotrophomonas
ebd57d089f09e4981fdb91e627b8ddb9	d__Bacteria;p__Spirochaetota;c__Spirochaetia;o__Spirochaetales;f__Spirochaetaceae;g__Treponema;s__	g__Treponema
f91643b41e5fb89513ca599774a32093	d__Bacteria;p__Fusobacteriota;c__Fusobacteriia;o__Fusobacteriales;f__Fusobacteriaceae;g__Fusobacterium;s__	g__Fusobacterium
abfc1793a4de8f8e1caf901219a2b8c8	d__Bacteria;p__Bacillota;c__Bacilli;o__Staphylococcales;f__Gemellaceae;g__Gemella;s__	g__Gemella
5afe296af4f3ede6bc43f5ddbf835b8a	d__Bacteria;p__Bacteroidota;c__Bacteroidia;o__Bacteroidales;f__Prevotellaceae;g__Incertae_Sedis;s__	g__Incertae_Sedis
7811f3efef23eaed574f0760dcb83fbb	d__Bacteria;p__Bacillota;c__Clostridia;o__Lachnospirales;f__Lachnospiraceae;g__Oribacterium;s__	g__Oribacterium
55680c5fac71fb010ae54565a5ee79d2	d__Bacteria;p__Bacteroidota;c__Bacteroidia;o__Bacteroidales;f__Prevotellaceae;g__Hoylesella;s__	g__Hoylesella
36ffd3600cca5898f5d6b2d2c740031c	d__Bacteria;p__Bacteroidota;c__Bacteroidia;o__Bacteroidales;f__Prevotellaceae;g__Prevotella;s__	g__Prevotella
31fc9bfc7d40e7a1b2c6aae8193dd482	d__Bacteria;p__Actinomycetota;c__Actinobacteria;o__Actinomycetales;f__Actinomycetaceae;g__Actinomyces;s__	g__Actinomyces
c101d21e14bc24e61a6874833c84870b	d__Bacteria;p__Bacillota;c__Bacilli;o__Lactobacillales;f__Streptococcaceae;g__Streptococcus;s__	g__Streptococcus
5df7b27fcd246a80269eccdeb95b554c	d__Bacteria;p__Fusobacteriota;c__Fusobacteriia;o__Fusobacteriales;f__Leptotrichiaceae;g__Leptotrichia;s__	g__Leptotrichia
7c9a315420fc091f9f69a596faab7bf2	d__Bacteria;p__Pseudomonadota;c__Gammaproteobacteria;o__Lysobacterales;f__Lysobacteraceae;g__Vulcaniibacterium;s__	g__Vulcaniibacterium
b49747c9161fe84b66531d0f184694fe	d__Bacteria;p__Pseudomonadota;c__Gammaproteobacteria;o__Burkholderiales;f__Burkholderiaceae;g__Lautropia;s__	g__Lautropia
23418244342711a293d02f2b1cd52f93	d__Bacteria;p__Pseudomonadota;c__Gammaproteobacteria;o__Burkholderiales;f__Neisseriaceae;g__Neisseria;s__	g__Neisseria
4595db49426fb88614f6d6e90d952ae9	d__Bacteria;p__Bacillota;c__Clostridia;o__Lachnospirales;f__Lachnospiraceae;g__Blautia;s__	g__Blautia
8b12b25b540763e7428e6a277818441b	d__Bacteria;p__Bacillota;c__Negativicutes;o__Veillonellales-Selenomonadales;f__Selenomonadaceae;g__Selenomonas;s__	g__Selenomonas
a537090fb9a4ed7cbb736832dbd6ae0d	d__Bacteria;p__Pseudomonadota;c__Gammaproteobacteria;o__Pseudomonadales;f__Pseudomonadaceae;g__Pseudomonas;s__	g__Pseudomonas
57285fad27273cfb1366d5c2e981a698	d__Bacteria;p__Bacillota;c__Clostridia;o__Lachnospirales;f__Lachnospiraceae;g__Johnsonella;s__	g__Johnsonella
e900350bd22f386871f8513769ed1ea5	d__Bacteria;p__Pseudomonadota;c__Alphaproteobacteria;o__Hyphomicrobiales;f__Beijerinckiaceae;g__Microvirga;s__	g__Microvirga
bdbe8a07f4742edf5185f8b7ed18b116	d__Bacteria;p__Bacillota;c__Negativicutes;o__Veillonellales-Selenomonadales;f__Selenomonadaceae;g__Selenomonas;s__	g__Selenomonas
f8db0ca91c9641dae35a219f597ea403	d__Bacteria;p__Fibrobacterota;c__Fibrobacteria;o__Fibrobacterales;f__Fibrobacteraceae;g__Incertae_Sedis;s__	g__Incertae_Sedis
08c52902af3b9fe26498e7e9a1262e4e	d__Bacteria;p__Bacillota;c__Negativicutes;o__Veillonellales-Selenomonadales;f__Veillonellaceae;g__Veillonella;s__	g__Veillonella
3359b72af1fdf95d62d519f2c6af65b1	d__Bacteria;p__Bacillota;c__Clostridia;o__Oscillospirales;f__Ruminococcaceae;g__Incertae_Sedis;s__	g__Incertae_Sedis
d66193bbc1b207e8e5f2112d469db7b7	d__Bacteria;p__Fusobacteriota;c__Fusobacteriia;o__Fusobacteriales;f__Fusobacteriaceae;g__Fusobacterium;s__	g__Fusobacterium
f3c39883f39bbfa546b27536ed129b66	d__Bacteria;p__Spirochaetota;c__Spirochaetia;o__Spirochaetales;f__Spirochaetaceae;g__Treponema;s__	g__Treponema
01a719a6c295aa8a8cefac88b9bb3db7	d__Bacteria;p__Fusobacteriota;c__Fusobacteriia;o__Fusobacteriales;f__Leptotrichiaceae;g__Leptotrichia;s__	g__Leptotrichia
35cd15d83fcd0e93488dd7cf315f1dd7	d__Bacteria;p__Pseudomonadota;c__Gammaproteobacteria;o__Enterobacterales;f__Succinivibrionaceae;g__Succinivibrio;s__	g__Succinivibrio
b92645953176588238aa09401492a55a	d__Bacteria;p__Bacteroidota;c__Bacteroidia;o__Flavobacteriales;f__Weeksellaceae;g__Bergeyella;s__	g__Bergeyella
c3d4cde1fefab50869535171600db4ac	d__Bacteria;p__Actinomycetota;c__Actinobacteria;o__Mycobacteriales;f__Corynebacteriaceae;g__Corynebacterium;s__	g__Corynebacterium
e065af20fd834a4da6577fb5ae616ce3	d__Bacteria;p__Bacteroidota;c__Bacteroidia;o__Bacteroidales;f__Prevotellaceae;g__Incertae_Sedis;s__	g__Incertae_Sedis
2446b21bdab2aa59da6160cc2854e590	d__Bacteria;p__Spirochaetota;c__Spirochaetia;o__Spirochaetales;f__Spirochaetaceae;g__Treponema;s__	g__Treponema
cd3df7f4f4c639083b13ccf0b6f748c9	d__Bacteria;p__Patescibacteria;c__Saccharimonadia;o__Saccharimonadales;f__Saccharimonadaceae;g__Candidatus_Saccharimonas;s__	g__Candidatus_Saccharimonas
df59a343b8823fc63baa2f047559cc0b	d__Bacteria;p__Actinomycetota;c__Actinobacteria;o__Mycobacteriales;f__Corynebacteriaceae;g__Corynebacterium;s__	g__Corynebacterium
99d423dc2f8d90641b035c9085860e59	d__Bacteria;p__Bacillota;c__Clostridia;o__Peptostreptococcales-Tissierellales;f__Peptostreptococcaceae;g__Peptoanaerobacter;s__	g__Peptoanaerobacter
fc1b003646ee16b22d7a04e952621f6a	d__Bacteria;p__Bacteroidota;c__Bacteroidia;o__Bacteroidales;f__Paludibacteraceae;g__Paludibacter;s__	g__Paludibacter
6a286870e6a1050d3c0b8649067af6a1	d__Bacteria;p__Bacteroidota;c__Bacteroidia;o__Bacteroidales;f__Prevotellaceae;g__Incertae_Sedis;s__	g__Incertae_Sedis
fde730674093eebd74e50cbd932ead31	d__Bacteria;p__Pseudomonadota;c__Gammaproteobacteria;o__Burkholderiales;f__Oxalobacteraceae;g__Massilia;s__	g__Massilia
c4e7641bfbcbd46d6c25d9cfd6ff9f43	d__Bacteria;p__Fusobacteriota;c__Fusobacteriia;o__Fusobacteriales;f__Leptotrichiaceae;g__Pseudoleptotrichia;s__	g__Pseudoleptotrichia
50b9c672b1d0c748dd43fdca589464c6	d__Bacteria;p__Pseudomonadota;c__Gammaproteobacteria;o__Burkholderiales;f__Oxalobacteraceae;g__Massilia;s__	g__Massilia
8ee5c147bc8ddb5513d681a24f284393	d__Bacteria;p__Fusobacteriota;c__Fusobacteriia;o__Fusobacteriales;f__Fusobacteriaceae;g__Fusobacterium;s__	g__Fusobacterium
b817dac108a808c9e57c96464dea4718	d__Bacteria;p__Pseudomonadota;c__Gammaproteobacteria;o__Enterobacterales;f__Pasteurellaceae;g__Aggregatibacter;s__	g__Aggregatibacter
84dc112905d0e92360f562087a42388c	d__Bacteria;p__Pseudomonadota;c__Gammaproteobacteria;o__Enterobacterales;f__Pasteurellaceae;g__Haemophilus;s__	g__Haemophilus
119aad7c72a6cb0510f02285e45ba115	d__Bacteria;p__Bacillota;c__Negativicutes;o__Veillonellales-Selenomonadales;f__Selenomonadaceae;g__Selenomonas;s__	g__Selenomonas
326f82a27747d1f0fe71abdba6c29c7f	d__Bacteria;p__Bacteroidota;c__Bacteroidia;o__Bacteroidales;f__Prevotellaceae;g__Incertae_Sedis;s__	g__Incertae_Sedis
4246d6359de249fbc08244b60beb8271	d__Bacteria;p__Patescibacteria;c__Saccharimonadia;o__Saccharimonadales;f__Incertae_Sedis;g__Incertae_Sedis;s__	g__Incertae_Sedis
ae813af1c8004e0dcb6a827ceb0c7a1d	d__Bacteria;p__Deinococcota;c__Deinococci;o__Deinococcales;f__Deinococcaceae;g__Deinococcus;s__	g__Deinococcus
496c7f420d420ef741d2708cef5c922c	d__Bacteria;p__Patescibacteria;c__Saccharimonadia;o__Saccharimonadales;f__Incertae_Sedis;g__Incertae_Sedis;s__	g__Incertae_Sedis
2c2373750fc3a8ed30208e3eaf666bd4	d__Bacteria;p__Actinomycetota;c__Actinobacteria;o__Micrococcales;f__Micrococcaceae;g__Kocuria;s__	g__Kocuria
8deb6aa116ae70804d1f36c20c18c38f	d__Bacteria;p__Bacillota;c__Bacilli;o__Lactobacillales;f__Streptococcaceae;g__Streptococcus;s__	g__Streptococcus
928632d620a6f6af44494d569b2b7b2d	d__Bacteria;p__Bacillota;c__Negativicutes;o__Veillonellales-Selenomonadales;f__Selenomonadaceae;g__Selenomonas;s__	g__Selenomonas
c40eedd356551536f262a6c466844037	d__Bacteria;p__Spirochaetota;c__Spirochaetia;o__Spirochaetales;f__Spirochaetaceae;g__Treponema;s__	g__Treponema
e65930bf11580e019450ee43591d99e5	d__Bacteria;p__Bacteroidota;c__Bacteroidia;o__Bacteroidales;f__Prevotellaceae;g__Prevotella;s__	g__Prevotella
3c5f98e32eb24d418090f2d7f9f17015	d__Bacteria;p__Bacillota;c__Clostridia;o__Peptostreptococcales-Tissierellales;f__Anaerovoracaceae;g__Aminipila;s__	g__Aminipila
04be702b895fe5ed0568344daf564276	d__Bacteria;p__Bacillota;c__Bacilli;o__Staphylococcales;f__Staphylococcaceae;g__Staphylococcus;s__	g__Staphylococcus
d22b5661430e751b3578461d90397c2a	d__Bacteria;p__Bacillota;c__Bacilli;o__Bacillales;f__Bacillaceae;g__Bacillus;s__	g__Bacillus
3a75925726daaf39d658ab308d3a267b	d__Bacteria;p__Fusobacteriota;c__Fusobacteriia;o__Fusobacteriales;f__Fusobacteriaceae;g__Fusobacterium;s__	g__Fusobacterium
88b9fe8d279de8df155c139af25de062	d__Bacteria;p__Pseudomonadota;c__Gammaproteobacteria;o__Burkholderiales;f__Neisseriaceae;g__Neisseria;s__	g__Neisseria
427f5142ae52662b7db0bdd5689461f0	d__Bacteria;p__Bacillota;c__Bacilli;o__Lactobacillales;f__Enterococcaceae;g__Enterococcus;s__	g__Enterococcus
d4848cd203e995d5512b8fb8dd42c04c	d__Bacteria;p__Bacillota;c__Clostridia;o__Lachnospirales;f__Lachnospiraceae;g__Enterocloster;s__	g__Enterocloster
529955fef4457485fac02b476172cded	d__Bacteria;p__Bacillota;c__Clostridia;o__Christensenellales;f__Christensenellaceae;g__Christensenellaceae_R-7_group;s__	g__Christensenellaceae_R-7_group
67bdbcffd86979474e26d896a14d629f	d__Bacteria;p__Bacteroidota;c__Bacteroidia;o__Bacteroidales;f__Bacteroidaceae;g__Bacteroides;s__	g__Bacteroides
261cef85a2a7cd5ede1507a084fe8d59	d__Bacteria;p__Fusobacteriota;c__Fusobacteriia;o__Fusobacteriales;f__Leptotrichiaceae;g__Incertae_Sedis;s__	g__Incertae_Sedis
30ab791a2769cc4b240ab0244f235b5a	d__Bacteria;p__Bacillota;c__Clostridia;o__Lachnospirales;f__Lachnospiraceae;g__Shuttleworthia;s__	g__Shuttleworthia
97be0c58771c1b840cfb4775c967edc8	d__Bacteria;p__Actinomycetota;c__Actinobacteria;o__Propionibacteriales;f__Propionibacteriaceae;g__Arachnia;s__	g__Arachnia
07d313706ba0c85687c8d95b664b84bc	d__Bacteria;p__Bacillota;c__Bacilli;o__Lactobacillales;f__Streptococcaceae;g__Streptococcus;s__	g__Streptococcus
cf46e9d7faac0eff90343faf64487f14	d__Bacteria;p__Bacteroidota;c__Bacteroidia;o__Bacteroidales;f__Prevotellaceae;g__Incertae_Sedis;s__	g__Incertae_Sedis
6c19e4afc2d4fb44bcd50a364dc6df46	d__Bacteria;p__Fusobacteriota;c__Fusobacteriia;o__Fusobacteriales;f__Leptotrichiaceae;g__Leptotrichia;s__	g__Leptotrichia
e0e377957fc260495ea679821d28191b	d__Bacteria;p__Pseudomonadota;c__Alphaproteobacteria;o__Sphingomonadales;f__Sphingomonadaceae;g__Erythrobacter;s__	g__Erythrobacter
30bdb2fae59061b6328cced819734507	d__Bacteria;p__Bacillota;c__Bacilli;o__Bacillales;f__Bacillaceae;g__Mesobacillus;s__	g__Mesobacillus
2899ca208cd6fe088e1bb60390635040	d__Bacteria;p__Bacillota;c__Negativicutes;o__Veillonellales-Selenomonadales;f__Selenomonadaceae;g__Selenomonas;s__	g__Selenomonas
00b7898fe878c5b9a2e8187774a1e506	d__Bacteria;p__Bacillota;c__Negativicutes;o__Veillonellales-Selenomonadales;f__Selenomonadaceae;g__Selenomonas;s__	g__Selenomonas
c36a03c0c699c33c729a438444ff111e	d__Bacteria;p__Bacillota;c__Bacilli;o__Mycoplasmatales;f__Mycoplasmataceae;g__Mycoplasma;s__	g__Mycoplasma
c0bcad61260973fc2cdf5dbcd15d9968	d__Bacteria;p__Pseudomonadota;c__Gammaproteobacteria;o__Enterobacterales;f__Pasteurellaceae;g__Actinobacillus;s__	g__Actinobacillus
0cfd86c3c766059298a5d8d7abf38bd4	d__Bacteria;p__Bacteroidota;c__Bacteroidia;o__Sphingobacteriales;f__Lentimicrobiaceae;g__Lentimicrobium;s__	g__Lentimicrobium
7aeb30d55cf93c37106e00cdc8884a2e	d__Bacteria;p__Fusobacteriota;c__Fusobacteriia;o__Fusobacteriales;f__Fusobacteriaceae;g__Fusobacterium;s__	g__Fusobacterium
b0324f375a258e87a21ed3e7518c715a	d__Bacteria;p__Bacillota;c__Clostridia;o__Oscillospirales;f__Ruminococcaceae;g__Ruminococcus;s__	g__Ruminococcus
b7ad745435732873b5682f6215cfcf9d	d__Bacteria;p__Bacteroidota;c__Bacteroidia;o__Bacteroidales;f__Prevotellaceae;g__Prevotella;s__	g__Prevotella
9243bc95f3bb4eba8fabc522fa335a7f	d__Bacteria;p__Bacteroidota;c__Bacteroidia;o__Bacteroidales;f__Bacteroidaceae;g__Bacteroides;s__	g__Bacteroides
bd6f3e4fbbda33979fcde2f651439706	d__Bacteria;p__Pseudomonadota;c__Alphaproteobacteria;o__Sphingomonadales;f__Sphingomonadaceae;g__Qipengyuania;s__	g__Qipengyuania
4a00758bfb9b1277be5b99373863f10a	d__Bacteria;p__Actinomycetota;c__Actinobacteria;o__Actinomycetales;f__Actinomycetaceae;g__Actinomyces;s__	g__Actinomyces
2ad9436c7b095376d9e4179201d191c4	d__Bacteria;p__Pseudomonadota;c__Gammaproteobacteria;o__Enterobacterales;f__Pasteurellaceae;g__Haemophilus;s__	g__Haemophilus
6cb0e90f4660c0716127bf7c7c13935c	d__Bacteria;p__Bacillota;c__Bacilli;o__Staphylococcales;f__Staphylococcaceae;g__Staphylococcus;s__	g__Staphylococcus
de8892eef1056bf917535efdbc03c488	d__Bacteria;p__Bacillota;c__Clostridia;o__Peptostreptococcales-Tissierellales;f__Peptostreptococcaceae;g__Filifactor;s__	g__Filifactor
a017bc41c77f59581680c303b6185ac8	d__Bacteria;p__Bacillota;c__Negativicutes;o__Veillonellales-Selenomonadales;f__Selenomonadaceae;g__Selenomonas;s__	g__Selenomonas
8c36be7bc010ba267ec3c08d1c353241	d__Bacteria;p__Fusobacteriota;c__Fusobacteriia;o__Fusobacteriales;f__Leptotrichiaceae;g__Leptotrichia;s__	g__Leptotrichia
46b9f2f74edf4ea47b1eaa686063b2e3	d__Bacteria;p__Actinomycetota;c__Actinobacteria;o__Actinomycetales;f__Actinomycetaceae;g__Actinomyces;s__	g__Actinomyces
47f251666b243997946d6998cc1ad63d	d__Bacteria;p__Pseudomonadota;c__Gammaproteobacteria;o__Burkholderiales;f__Neisseriaceae;g__Kingella;s__	g__Kingella
6114834b66b6df4a9a55d09ea52889ac	d__Bacteria;p__Bacteroidota;c__Bacteroidia;o__Chitinophagales;f__Chitinophagaceae;g__Flavisolibacter;s__	g__Flavisolibacter
fd9477fc104c4571c4d0c15a33e3bd65	d__Bacteria;p__Bacteroidota;c__Bacteroidia;o__Bacteroidales;f__Prevotellaceae;g__Incertae_Sedis;s__	g__Incertae_Sedis
d266f56372915adfaaaf26cac6469b7e	d__Bacteria;p__Bacteroidota;c__Bacteroidia;o__Bacteroidales;f__Prevotellaceae;g__Segatella;s__	g__Segatella
4009595eac9730c1ee9580bee1ae0665	d__Bacteria;p__Bacillota;c__Bacilli;o__Staphylococcales;f__Gemellaceae;g__Gemella;s__	g__Gemella
9617c687f54396f96ba72a5da91073e9	d__Bacteria;p__Fusobacteriota;c__Fusobacteriia;o__Fusobacteriales;f__Leptotrichiaceae;g__Pseudoleptotrichia;s__	g__Pseudoleptotrichia
4da737f35df2f6fe05efe6d7224756e0	d__Bacteria;p__Bacillota;c__Bacilli;o__Bacillales;f__Bacillaceae;g__Bacillus;s__	g__Bacillus
ff77c421476162defb720133b5f811fd	d__Bacteria;p__Pseudomonadota;c__Gammaproteobacteria;o__Enterobacterales;f__Pasteurellaceae;g__Haemophilus;s__	g__Haemophilus
80b5c348f4f859ba5c1e4eae07078d11	d__Bacteria;p__Bacteroidota;c__Bacteroidia;o__Bacteroidales;f__Prevotellaceae;g__Prevotella;s__	g__Prevotella
7c2cd8ca1e263387f7c738812a75b5bb	d__Bacteria;p__Bacillota;c__Clostridia;o__Lachnospirales;f__Defluviitaleaceae;g__Defluviitaleaceae_UCG-011;s__	g__Defluviitaleaceae_UCG-011
29b9b0c2d3a36ff404bfba4cb63aca1e	d__Bacteria;p__Actinomycetota;c__Actinobacteria;o__Micrococcales;f__Intrasporangiaceae;g__Janibacter;s__	g__Janibacter
47d74904a190fe918c6eea86295320d2	d__Bacteria;p__Bacteroidota;c__Bacteroidia;o__Bacteroidales;f__Bacteroidaceae;g__Bacteroides;s__	g__Bacteroides
bbf43bc480e64b95ceaa89cd365870a2	d__Bacteria;p__Pseudomonadota;c__Gammaproteobacteria;o__Burkholderiales;f__Oxalobacteraceae;g__Massilia;s__	g__Massilia
8ac2b67c79adb6724b4b10ccb62f2db4	d__Bacteria;p__Bacteroidota;c__Bacteroidia;o__Bacteroidales;f__Tannerellaceae;g__Tannerella;s__	g__Tannerella
bcfe9ab1bc7160e6a5b91f1f6c950360	d__Bacteria;p__Bacteroidota;c__Bacteroidia;o__Bacteroidales;f__Prevotellaceae;g__Alloprevotella;s__	g__Alloprevotella
76193d9626cee551e62c74d5af0884ea	d__Bacteria;p__Patescibacteria;c__Saccharimonadia;o__Saccharimonadales;f__Incertae_Sedis;g__Incertae_Sedis;s__	g__Incertae_Sedis
f5107a00f9a9bdbf0240f2ef63fc4719	d__Bacteria;p__Bacillota;c__Clostridia;o__Lachnospirales;f__Lachnospiraceae;g__Catonella;s__	g__Catonella
e6e30797586485f6942c6982dc316644	d__Bacteria;p__Bacillota;c__Bacilli;o__Paenibacillales;f__Paenibacillaceae;g__Paenibacillus;s__	g__Paenibacillus
ea91a8e3223766d410498ebb09f5ecd4	d__Bacteria;p__Bacillota;c__Negativicutes;o__Veillonellales-Selenomonadales;f__Selenomonadaceae;g__Selenomonas;s__	g__Selenomonas
4d68f1b3f706ef89175359f0216199f3	d__Bacteria;p__Bacillota;c__Clostridia;o__Lachnospirales;f__Lachnospiraceae;g__Enterocloster;s__	g__Enterocloster
ca51346f886e2c1d5f6cce73841e1146	d__Bacteria;p__Bacillota;c__Negativicutes;o__Veillonellales-Selenomonadales;f__Selenomonadaceae;g__Selenomonas;s__	g__Selenomonas
4900078ae4cbbd7ed71822e4b6f1032b	d__Bacteria;p__Actinomycetota;c__Actinobacteria;o__Micrococcales;f__Microbacteriaceae;g__Microbacterium;s__	g__Microbacterium
ed88654090ba6e09180c2471e19be506	d__Bacteria;p__Bacillota;c__Bacilli;o__Staphylococcales;f__Gemellaceae;g__Gemella;s__	g__Gemella
655b53e97fbe7fea0167e60ba6408cef	d__Bacteria;p__Pseudomonadota;c__Gammaproteobacteria;o__Pseudomonadales;f__Moraxellaceae;g__Acinetobacter;s__	g__Acinetobacter
67ad7653adc8e4922a5923472b2a5c60	d__Bacteria;p__Bacteroidota;c__Bacteroidia;o__Bacteroidales;f__Prevotellaceae;g__Alloprevotella;s__	g__Alloprevotella
7c58bd5cf0782e9f7510179e4f460a9e	d__Bacteria;p__Bacteroidota;c__Bacteroidia;o__Bacteroidales;f__Prevotellaceae;g__Hoylesella;s__	g__Hoylesella
4c685a900f21adc39eecd17cc3accb04	d__Bacteria;p__Bacillota;c__Negativicutes;o__Veillonellales-Selenomonadales;f__Selenomonadaceae;g__Selenomonas;s__	g__Selenomonas
5577ac82b9b10a663f6ebe71c2fe62e7	d__Bacteria;p__Bacillota;c__Negativicutes;o__Veillonellales-Selenomonadales;f__Veillonellaceae;g__Veillonella;s__	g__Veillonella
113a7141126a07ac39888f04d11e413a	d__Bacteria;p__Fusobacteriota;c__Fusobacteriia;o__Fusobacteriales;f__Fusobacteriaceae;g__Fusobacterium;s__	g__Fusobacterium
057fb641ca26cc019b4fa707f04ef2c3	d__Bacteria;p__Fusobacteriota;c__Fusobacteriia;o__Fusobacteriales;f__Leptotrichiaceae;g__Pseudoleptotrichia;s__	g__Pseudoleptotrichia
22b9c342dc6898ea408d136e2208c3db	d__Bacteria;p__Bacillota;c__Bacilli;o__Lactobacillales;f__Streptococcaceae;g__Streptococcus;s__	g__Streptococcus
9221744e95706cf6493bcd86cd904a47	d__Bacteria;p__Bacillota;c__Clostridia;o__Lachnospirales;f__Lachnospiraceae;g__Catonella;s__	g__Catonella
b789eeb78b27fb572f865b623013d3e4	d__Bacteria;p__Spirochaetota;c__Spirochaetia;o__Spirochaetales;f__Spirochaetaceae;g__Treponema;s__	g__Treponema
7d4f9d994231eda289bdbc50426dda4e	d__Bacteria;p__Bacillota;c__Negativicutes;o__Veillonellales-Selenomonadales;f__Veillonellaceae;g__Veillonella;s__	g__Veillonella
2c08b8a72d17e3ff3828a16572bc6b56	d__Bacteria;p__Bacillota;c__Negativicutes;o__Veillonellales-Selenomonadales;f__Selenomonadaceae;g__Selenomonas;s__	g__Selenomonas
08135439d312c5bdb27840a374c9fa92	d__Bacteria;p__Pseudomonadota;c__Gammaproteobacteria;o__Pseudomonadales;f__Moraxellaceae;g__Acinetobacter;s__	g__Acinetobacter
8031123282bc402e88b8383acaf0e194	d__Bacteria;p__Pseudomonadota;c__Alphaproteobacteria;o__Acetobacterales;f__Acetobacteraceae;g__Incertae_Sedis;s__	g__Incertae_Sedis
b90df1098adb4a0628d30c492c1e0127	d__Bacteria;p__Bacillota;c__Bacilli;o__Erysipelotrichales;f__Erysipelatoclostridiaceae;g__UCG-004;s__	g__UCG-004
70d55baf78e9ac4d0babeac5dcbae5c2	d__Bacteria;p__Bacteroidota;c__Bacteroidia;o__Bacteroidales;f__Bacteroidaceae;g__Bacteroides;s__	g__Bacteroides
1e2bd9c8e7271e2914d9963eab3c80f7	d__Bacteria;p__Pseudomonadota;c__Gammaproteobacteria;o__Lysobacterales;f__Lysobacteraceae;g__Pseudoxanthomonas;s__	g__Pseudoxanthomonas
20fab4ecb7295a21f82f3bf1c28296db	d__Bacteria;p__Pseudomonadota;c__Gammaproteobacteria;o__Burkholderiales;f__Comamonadaceae;g__Ramlibacter;s__	g__Ramlibacter
d4f0a0583a42f0befbfc8d5c31970edf	d__Bacteria;p__Spirochaetota;c__Spirochaetia;o__Spirochaetales;f__Spirochaetaceae;g__Treponema;s__	g__Treponema
bccb4aff97701130b48448bbd3ee3168	d__Bacteria;p__Spirochaetota;c__Spirochaetia;o__Spirochaetales;f__Spirochaetaceae;g__Treponema;s__	g__Treponema
a3a3c9afd68802bbb1cff80a9da1682f	d__Bacteria;p__Actinomycetota;c__Actinobacteria;o__Actinomycetales;f__Actinomycetaceae;g__Actinomyces;s__	g__Actinomyces
2736f20268341a369c6b3a531fb54651	d__Bacteria;p__Actinomycetota;c__Actinobacteria;o__Micrococcales;f__Microbacteriaceae;g__Microbacterium;s__	g__Microbacterium
bbacc5eb8656a607f409c9124cf66370	d__Bacteria;p__Bacteroidota;c__Bacteroidia;o__Bacteroidales;f__Porphyromonadaceae;g__Porphyromonas;s__	g__Porphyromonas
31c7bc067538dcf7916e8b7cbefa44e5	d__Bacteria;p__Bacillota;c__Clostridia;o__Lachnospirales;f__Lachnospiraceae;g__Anaerostipes;s__	g__Anaerostipes
5676268763ccdfcf2c788fc4fd8c89c0	d__Bacteria;p__Patescibacteria;c__Saccharimonadia;o__Saccharimonadales;f__Incertae_Sedis;g__Incertae_Sedis;s__	g__Incertae_Sedis
c18b3d084bc38b0d3aa5061331468145	d__Bacteria;p__Fusobacteriota;c__Fusobacteriia;o__Fusobacteriales;f__Leptotrichiaceae;g__Pseudoleptotrichia;s__	g__Pseudoleptotrichia
b05d8315ee8a6a88e0a6dc29486f5a4b	d__Bacteria;p__Pseudomonadota;c__Alphaproteobacteria;o__Caulobacterales;f__Caulobacteraceae;g__Brevundimonas;s__	g__Brevundimonas
f2a33433927b63d4edb0b30cf83ba5ee	d__Bacteria;p__Bacteroidota;c__Bacteroidia;o__Bacteroidales;f__Tannerellaceae;g__Parabacteroides;s__	g__Parabacteroides
554039a052f1fb253bc9e58953795615	d__Bacteria;p__Fusobacteriota;c__Fusobacteriia;o__Fusobacteriales;f__Leptotrichiaceae;g__Leptotrichia;s__	g__Leptotrichia
4931b0dee04f8ab02c601a14483924d4	d__Bacteria;p__Fusobacteriota;c__Fusobacteriia;o__Fusobacteriales;f__Leptotrichiaceae;g__Pseudoleptotrichia;s__	g__Pseudoleptotrichia
9933f943888c72c0b62278d84adc6a24	d__Bacteria;p__Pseudomonadota;c__Gammaproteobacteria;o__Enterobacterales;f__Pasteurellaceae;g__Haemophilus;s__	g__Haemophilus
88054ec4fd56a26d9a396648e6a25e9e	d__Bacteria;p__Actinomycetota;c__Actinobacteria;o__Actinomycetales;f__Actinomycetaceae;g__Schaalia;s__	g__Schaalia
0c7349834ac01e2618db5c1984b5cf19	d__Bacteria;p__Actinomycetota;c__Actinobacteria;o__Actinomycetales;f__Actinomycetaceae;g__Schaalia;s__	g__Schaalia
877d13c9b560059b8f9a672a662a20da	d__Bacteria;p__Bacteroidota;c__Bacteroidia;o__Bacteroidales;f__Prevotellaceae;g__Hoylesella;s__	g__Hoylesella
825e56884a63818a5ad8b567152e1099	d__Bacteria;p__Bacteroidota;c__Bacteroidia;o__Bacteroidales;f__Porphyromonadaceae;g__Porphyromonas;s__	g__Porphyromonas
b647b515de3e8899dce536d37b87346c	d__Bacteria;p__Pseudomonadota;c__Gammaproteobacteria;o__Burkholderiales;f__Oxalobacteraceae;g__Massilia;s__	g__Massilia
a45f91739efb163bbb0fce9eb0bdf26f	d__Bacteria;p__Campylobacterota;c__Campylobacteria;o__Campylobacterales;f__Campylobacteraceae;g__Campylobacter;s__	g__Campylobacter
426c48a8157cf1c183bf9c4efcb40c8b	d__Bacteria;p__Bacillota;c__Bacilli;o__Brevibacillales;f__Brevibacillaceae;g__Brevibacillus;s__	g__Brevibacillus
30439fa91f613ba0de53a48148b9b324	d__Bacteria;p__Bacteroidota;c__Bacteroidia;o__Bacteroidales;f__Prevotellaceae;g__Segatella;s__	g__Segatella
ac8195c3decdfd4fdf2113d253050c4b	d__Bacteria;p__Pseudomonadota;c__Gammaproteobacteria;o__Pseudomonadales;f__Moraxellaceae;g__Alkanindiges;s__	g__Alkanindiges
b37ac7e0ebd47025e1912f5e590d1cda	d__Bacteria;p__Pseudomonadota;c__Gammaproteobacteria;o__Enterobacterales;f__Pasteurellaceae;g__Haemophilus;s__	g__Haemophilus
d282a8763dd43a3ee2f8e1e3f0d14ebf	d__Bacteria;p__Bacteroidota;c__Bacteroidia;o__Bacteroidales;f__Prevotellaceae;g__Alloprevotella;s__	g__Alloprevotella
6322f5038aa0bf6ddf1f3d8f27a9e091	d__Bacteria;p__Fusobacteriota;c__Fusobacteriia;o__Fusobacteriales;f__Leptotrichiaceae;g__Leptotrichia;s__	g__Leptotrichia
9de9b112171b3809eb8fd4bd21edc1f7	d__Bacteria;p__Pseudomonadota;c__Gammaproteobacteria;o__Burkholderiales;f__Neisseriaceae;g__Neisseria;s__	g__Neisseria
a35a3dc1a0879a42f8f85976752250c1	d__Bacteria;p__Bacteroidota;c__Bacteroidia;o__Bacteroidales;f__Porphyromonadaceae;g__Porphyromonas;s__	g__Porphyromonas
2be796673dcde38cafd51bc427f99b1a	d__Bacteria;p__Bacillota;c__Negativicutes;o__Veillonellales-Selenomonadales;f__Veillonellaceae;g__Veillonella;s__	g__Veillonella
b38ae6d02772c64d2bddbe21028be3dd	d__Bacteria;p__Fusobacteriota;c__Fusobacteriia;o__Fusobacteriales;f__Fusobacteriaceae;g__Fusobacterium;s__	g__Fusobacterium
c8d9fba8d0a0135aad7fa6c528e12079	d__Bacteria;p__Pseudomonadota;c__Gammaproteobacteria;o__Pseudomonadales;f__Moraxellaceae;g__Acinetobacter;s__	g__Acinetobacter
f132c1135b3fb256f700ad8dcdbaf731	d__Bacteria;p__Spirochaetota;c__Spirochaetia;o__Spirochaetales;f__Spirochaetaceae;g__Treponema;s__	g__Treponema
687655e047de23c6937fc79dc3a13152	d__Bacteria;p__Pseudomonadota;c__Alphaproteobacteria;o__Caulobacterales;f__Caulobacteraceae;g__Brevundimonas;s__	g__Brevundimonas
d2474153d133c9125312791f343fd5a7	d__Bacteria;p__Fusobacteriota;c__Fusobacteriia;o__Fusobacteriales;f__Fusobacteriaceae;g__Fusobacterium;s__	g__Fusobacterium
f910f7aa24b31f411c92bc7348a258fb	d__Bacteria;p__Actinomycetota;c__Coriobacteriia;o__Coriobacteriales;f__Eggerthellaceae;g__Gordonibacter;s__	g__Gordonibacter
47a542dc056e590f7d6ed660f77e2788	d__Bacteria;p__Bacteroidota;c__Bacteroidia;o__Bacteroidales;f__Prevotellaceae;g__Incertae_Sedis;s__	g__Incertae_Sedis
2c76619223d91060f4a145480f67aabe	d__Bacteria;p__Bacillota;c__Negativicutes;o__Veillonellales-Selenomonadales;f__Selenomonadaceae;g__Selenomonas;s__	g__Selenomonas
fcf895a61cf46be04b9295126082c20f	d__Bacteria;p__Bacillota;c__Negativicutes;o__Veillonellales-Selenomonadales;f__Selenomonadaceae;g__Selenomonas;s__	g__Selenomonas
fae20646be364e2203278c20526ec931	d__Bacteria;p__Fusobacteriota;c__Fusobacteriia;o__Fusobacteriales;f__Fusobacteriaceae;g__Fusobacterium;s__	g__Fusobacterium
237a3eddfe68636d6f52392bc9e05a2d	d__Bacteria;p__Fusobacteriota;c__Fusobacteriia;o__Fusobacteriales;f__Fusobacteriaceae;g__Fusobacterium;s__	g__Fusobacterium
7023e8db2af1ddcb72417f9383729ff8	d__Bacteria;p__Bacteroidota;c__Bacteroidia;o__Bacteroidales;f__Prevotellaceae;g__Hoylesella;s__	g__Hoylesella
7a1a7d3362a2f4e3bb2b0f088b9a6b84	d__Bacteria;p__Bacillota;c__Bacilli;o__Erysipelotrichales;f__Erysipelotrichaceae;g__[Clostridium]_innocuum_group;s__	g__[Clostridium]_innocuum_group
7b6cf08b6602525d23e012b949495429	d__Bacteria;p__Actinomycetota;c__Actinobacteria;o__Mycobacteriales;f__Corynebacteriaceae;g__Lawsonella;s__	g__Lawsonella
136a69c5c02ec26194ce2918f6fc34b7	d__Bacteria;p__Campylobacterota;c__Campylobacteria;o__Campylobacterales;f__Campylobacteraceae;g__Campylobacter;s__	g__Campylobacter
5bafbc12b8599aa7443914b205b4b5f6	d__Bacteria;p__Bacteroidota;c__Bacteroidia;o__Bacteroidales;f__Prevotellaceae;g__Incertae_Sedis;s__	g__Incertae_Sedis
c9b793faa693385f65f7161ab8f4fd7c	d__Bacteria;p__Bacillota;c__Bacilli;o__Bacillales;f__Bacillaceae;g__Mesobacillus;s__	g__Mesobacillus
bc17be276b7d848c550cd90509c6e5b7	d__Bacteria;p__Bacteroidota;c__Bacteroidia;o__Bacteroidales;f__Porphyromonadaceae;g__Porphyromonas;s__	g__Porphyromonas
9dc2626bc6cbfbfbd2ea80926e2ff92a	d__Bacteria;p__Fusobacteriota;c__Fusobacteriia;o__Fusobacteriales;f__Fusobacteriaceae;g__Fusobacterium;s__	g__Fusobacterium
ef7309d821efa2c91f30ccb9eee086fc	d__Bacteria;p__Actinomycetota;c__Coriobacteriia;o__Coriobacteriales;f__Atopobiaceae;g__Olsenella;s__	g__Olsenella
5cffcdfb1a914327412e14e3c63fb3e6	d__Bacteria;p__Actinomycetota;c__Actinobacteria;o__Micrococcales;f__Micrococcaceae;g__Kocuria;s__	g__Kocuria
760c4b2ee7f0bdea995b110630f044ba	d__Bacteria;p__Bacteroidota;c__Bacteroidia;o__Bacteroidales;f__Porphyromonadaceae;g__Porphyromonas;s__	g__Porphyromonas
59858d6e46cfe4cb6b2b1c2e7bde93d4	d__Bacteria;p__Bacillota;c__Negativicutes;o__Veillonellales-Selenomonadales;f__Selenomonadaceae;g__Selenomonas;s__	g__Selenomonas
8284e49d85420140d35b3c9e89ed7f59	d__Bacteria;p__Pseudomonadota;c__Gammaproteobacteria;o__Enterobacterales;f__Pasteurellaceae;g__Haemophilus;s__	g__Haemophilus
be0a6b25aa67b8ba8b19b913871ee5dd	d__Bacteria;p__Bacteroidota;c__Bacteroidia;o__Bacteroidales;f__Prevotellaceae;g__Hoylesella;s__	g__Hoylesella
b5472a12b933a3e5ee7b8017e06a874f	d__Bacteria;p__Bacillota;c__Clostridia;o__Lachnospirales;f__Lachnospiraceae;g__Stomatobaculum;s__	g__Stomatobaculum
06f5587194058690234b0af24a1b20e8	d__Bacteria;p__Actinomycetota;c__Coriobacteriia;o__Coriobacteriales;f__Eggerthellaceae;g__Slackia;s__	g__Slackia
76fca7b02854e523c84e457c6c249418	d__Bacteria;p__Spirochaetota;c__Spirochaetia;o__Spirochaetales;f__Spirochaetaceae;g__Treponema;s__	g__Treponema
a48ea0a34d1a0e237e8c97cc7b38b933	d__Bacteria;p__Actinomycetota;c__Actinobacteria;o__Actinomycetales;f__Actinomycetaceae;g__Schaalia;s__	g__Schaalia
a08962753ed6af19d908b2bb7c94bb15	d__Bacteria;p__Bacillota;c__Negativicutes;o__Veillonellales-Selenomonadales;f__Selenomonadaceae;g__Selenomonas;s__	g__Selenomonas
dff6cd8e41f1c29da57c5ad61625eb2e	d__Bacteria;p__Fusobacteriota;c__Fusobacteriia;o__Fusobacteriales;f__Leptotrichiaceae;g__Pseudoleptotrichia;s__	g__Pseudoleptotrichia
4743122883ef813219c91c3de02dd82b	d__Bacteria;p__Bacillota;c__Clostridia;o__Lachnospirales;f__Lachnospiraceae;g__Stomatobaculum;s__	g__Stomatobaculum
5903286a27aeaa8a22c70542ade2ba40	d__Bacteria;p__Bacillota;c__Clostridia;o__Peptococcales;f__Peptococcaceae;g__Peptococcus;s__	g__Peptococcus
8293f140919b2ad47fd175fa693b873b	d__Bacteria;p__Actinomycetota;c__Actinobacteria;o__Micrococcales;f__Intrasporangiaceae;g__Janibacter;s__	g__Janibacter
3fef2dfb75fc074e26b0d6a045cf4601	d__Bacteria;p__Actinomycetota;c__Actinobacteria;o__Actinomycetales;f__Actinomycetaceae;g__Actinomyces;s__	g__Actinomyces
63c93dfb87d56f3eb104061347fb9e2f	d__Bacteria;p__Actinomycetota;c__Actinobacteria;o__Micrococcales;f__Dermabacteraceae;g__Brachybacterium;s__	g__Brachybacterium
8fa8ac5477a000ac29f1140a2e4a9328	d__Bacteria;p__Pseudomonadota;c__Gammaproteobacteria;o__Cardiobacteriales;f__Cardiobacteriaceae;g__Cardiobacterium;s__	g__Cardiobacterium
70f19e176a615a84cd8fe2f182052f23	d__Bacteria;p__Bacillota;c__Negativicutes;o__Veillonellales-Selenomonadales;f__Selenomonadaceae;g__Selenomonas;s__	g__Selenomonas
d05390cea935aaee9abcedad219b38a3	d__Bacteria;p__Bacteroidota;c__Bacteroidia;o__Bacteroidales;f__Prevotellaceae;g__Hoylesella;s__	g__Hoylesella
548d41d3245cb88d3ab78957d6138ea2	d__Bacteria;p__Fusobacteriota;c__Fusobacteriia;o__Fusobacteriales;f__Leptotrichiaceae;g__Pseudoleptotrichia;s__	g__Pseudoleptotrichia
07630419ea4bcf9d0041b6b49689acaf	d__Bacteria;p__Bacillota;c__Negativicutes;o__Veillonellales-Selenomonadales;f__Veillonellaceae;g__Dialister;s__	g__Dialister
b99f6428c34143bbb68a93091648acec	d__Bacteria;p__Bacteroidota;c__Bacteroidia;o__Bacteroidales;f__Prevotellaceae;g__Alloprevotella;s__	g__Alloprevotella
4c2dbc2cc0924d176baff74a99601a4d	d__Bacteria;p__Bacteroidota;c__Bacteroidia;o__Bacteroidales;f__Prevotellaceae;g__Alloprevotella;s__	g__Alloprevotella
488012c4413b1e02ec5d18a19063826e	d__Bacteria;p__Bacteroidota;c__Bacteroidia;o__Bacteroidales;f__Prevotellaceae;g__Prevotella;s__	g__Prevotella
e1d4666dbae85a9af6393f4f1a8519ef	d__Bacteria;p__Pseudomonadota;c__Alphaproteobacteria;o__Acetobacterales;f__Acetobacteraceae;g__Roseomonas;s__	g__Roseomonas
496fb54fcc2554538a2cd86f0b57bb26	d__Bacteria;p__Bacillota;c__Clostridia;o__Lachnospirales;f__Lachnospiraceae;g__Roseburia;s__	g__Roseburia
684486dd7df6b1082de2a28202868d4c	d__Bacteria;p__Bacillota;c__Negativicutes;o__Veillonellales-Selenomonadales;f__Selenomonadaceae;g__Selenomonas;s__	g__Selenomonas
d527b0abd694be88dd6208cfb9aa01af	d__Bacteria;p__Bacillota;c__Negativicutes;o__Veillonellales-Selenomonadales;f__Veillonellaceae;g__Veillonella;s__	g__Veillonella
6c6da7faf13665f166f2e4a856630eb3	d__Bacteria;p__Bacillota;c__Clostridia;o__Peptostreptococcales-Tissierellales;f__Anaerovoracaceae;g__Incertae_Sedis;s__	g__Incertae_Sedis
8a616d6dfd0c5be2b07a2de74c48b23d	d__Bacteria;p__Bacillota;c__Clostridia;o__Lachnospirales;f__Lachnospiraceae;g__Johnsonella;s__	g__Johnsonella
8d59d8a59f5a5a54531772f2a141c960	d__Bacteria;p__Bacteroidota;c__Bacteroidia;o__Bacteroidales;f__Prevotellaceae;g__Incertae_Sedis;s__	g__Incertae_Sedis
82d6f4c191de1a91a783218c75685c6b	d__Bacteria;p__Bacteroidota;c__Bacteroidia;o__Bacteroidales;f__Prevotellaceae;g__Alloprevotella;s__	g__Alloprevotella
2627c72db2d72ed3f85e093b46b120b2	d__Bacteria;p__Bacteroidota;c__Bacteroidia;o__Bacteroidales;f__Prevotellaceae;g__Alloprevotella;s__	g__Alloprevotella
819579640746db332d73e60ce0cbd6de	d__Bacteria;p__Bacillota;c__Clostridia;o__Lachnospirales;f__Lachnospiraceae;g__Johnsonella;s__	g__Johnsonella
1e68716d2e65bdc6fb9b1e13d09bd18b	d__Bacteria;p__Campylobacterota;c__Campylobacteria;o__Campylobacterales;f__Campylobacteraceae;g__Campylobacter;s__	g__Campylobacter
e48528fd7ea4d6592e83088aa981aeae	d__Bacteria;p__Bacillota;c__Bacilli;o__Lactobacillales;f__Streptococcaceae;g__Streptococcus;s__	g__Streptococcus
744817a66f0a26e72768917325019027	d__Bacteria;p__Bacteroidota;c__Bacteroidia;o__Bacteroidales;f__Porphyromonadaceae;g__Porphyromonas;s__	g__Porphyromonas
01b0f54f655f9cb73c4c3e63da763f03	d__Bacteria;p__Bacteroidota;c__Bacteroidia;o__Bacteroidales;f__Incertae_Sedis;g__Phocaeicola;s__	g__Phocaeicola
d6971310164f968a778a7d83d88c19a5	d__Bacteria;p__Actinomycetota;c__Actinobacteria;o__Actinomycetales;f__Actinomycetaceae;g__Actinomyces;s__	g__Actinomyces
24dedfdfd46695df90a5cd55b6332bd7	d__Bacteria;p__Bacillota;c__Bacilli;o__Brevibacillales;f__Brevibacillaceae;g__Brevibacillus;s__	g__Brevibacillus
927d48d3ff700a734412cfbe42af4125	d__Bacteria;p__Actinomycetota;c__Actinobacteria;o__Actinomycetales;f__Actinomycetaceae;g__Actinomyces;s__	g__Actinomyces
8f5861dd05ff347032a565cd7ad31870	d__Bacteria;p__Bacillota;c__Clostridia;o__Peptostreptococcales-Tissierellales;f__Family_XI;g__Fenollaria;s__	g__Fenollaria
91eee4fd568bdb8860d7b1462f6caf18	d__Bacteria;p__Fusobacteriota;c__Fusobacteriia;o__Fusobacteriales;f__Leptotrichiaceae;g__Pseudoleptotrichia;s__	g__Pseudoleptotrichia
3dde2038226bb9e5ce3c61f4297a548b	d__Bacteria;p__Bacillota;c__Clostridia;o__Lachnospirales;f__Lachnospiraceae;g__Blautia;s__	g__Blautia
e31c716050be00a29f2ad35d811785a5	d__Bacteria;p__Pseudomonadota;c__Alphaproteobacteria;o__Sphingomonadales;f__Sphingomonadaceae;g__Sphingomonas;s__	g__Sphingomonas
425b4a1c527d44d95659676bb9a919ab	d__Bacteria;p__Bacillota;c__Negativicutes;o__Veillonellales-Selenomonadales;f__Veillonellaceae;g__Veillonella;s__	g__Veillonella
41d5ac97e026bc1e9caecf68d5c083e9	d__Bacteria;p__Pseudomonadota;c__Gammaproteobacteria;o__Burkholderiales;f__Neisseriaceae;g__Neisseria;s__	g__Neisseria
ca478ce573b44aa37b83e6843e90317d	d__Bacteria;p__Bacillota;c__Clostridia;o__Peptostreptococcales-Tissierellales;f__Family_XI;g__Parvimonas;s__	g__Parvimonas
7d2fc2b946841c563ec6d3e95fda8cc3	d__Bacteria;p__Patescibacteria;c__Saccharimonadia;o__Saccharimonadales;f__Saccharimonadaceae;g__Incertae_Sedis;s__	g__Incertae_Sedis
a0d59a336ce3fd9bd7e290b99e986e57	d__Bacteria;p__Fusobacteriota;c__Fusobacteriia;o__Fusobacteriales;f__Leptotrichiaceae;g__Leptotrichia;s__	g__Leptotrichia
13a391d63515c88b27a63ba24dbd7e64	d__Bacteria;p__Pseudomonadota;c__Gammaproteobacteria;o__Burkholderiales;f__Oxalobacteraceae;g__Massilia;s__	g__Massilia
2391a4ac18f9382ac23703e10b46b520	d__Bacteria;p__Bacteroidota;c__Bacteroidia;o__Bacteroidales;f__Prevotellaceae;g__Xylanibacter;s__	g__Xylanibacter
608ebe0051f9a43473d71082ad13908a	d__Bacteria;p__Bacteroidota;c__Bacteroidia;o__Bacteroidales;f__Prevotellaceae;g__Prevotella;s__	g__Prevotella
4741dd1179e83502ecb0d6f4ee060efd	d__Bacteria;p__Bacteroidota;c__Bacteroidia;o__Bacteroidales;f__Prevotellaceae;g__Prevotella;s__	g__Prevotella
36c0cea0151f79d2a2790d0fd5a6d964	d__Bacteria;p__Bacillota;c__Negativicutes;o__Veillonellales-Selenomonadales;f__Selenomonadaceae;g__Selenomonas;s__	g__Selenomonas
0a37eb82f9619bf6c2a964b3c8088514	d__Bacteria;p__Pseudomonadota;c__Gammaproteobacteria;o__Burkholderiales;f__Neisseriaceae;g__Neisseria;s__	g__Neisseria
a1d907df764e3bb6e84a55f3a16d7ff5	d__Bacteria;p__Patescibacteria;c__Saccharimonadia;o__Saccharimonadales;f__Saccharimonadaceae;g__TM7x;s__	g__TM7x
9a3a9a1c236e066335b116c8bcd9c176	d__Bacteria;p__Bacteroidota;c__Bacteroidia;o__Bacteroidales;f__Prevotellaceae;g__Hoylesella;s__	g__Hoylesella
4b9aa83dd2faf0fde6d55a983598efad	d__Bacteria;p__Bacteroidota;c__Bacteroidia;o__Bacteroidales;f__Bacteroidaceae;g__Bacteroides;s__	g__Bacteroides
23b7cc4020b84cea1d5879efbd9bfb16	d__Bacteria;p__Bacteroidota;c__Bacteroidia;o__Bacteroidales;f__Prevotellaceae;g__Incertae_Sedis;s__	g__Incertae_Sedis
9c25a5909cb4aa82e763497664ae7959	d__Bacteria;p__Bacillota;c__Bacilli;o__Staphylococcales;f__Gemellaceae;g__Gemella;s__	g__Gemella
8637fcdbdbca3d5b89c6e96756d3441f	d__Bacteria;p__Bacillota;c__Negativicutes;o__Veillonellales-Selenomonadales;f__Selenomonadaceae;g__Incertae_Sedis;s__	g__Incertae_Sedis
ecf25674ccfcaa6841f5f70578ac3e35	d__Bacteria;p__Bacillota;c__Clostridia;o__Lachnospirales;f__Lachnospiraceae;g__Johnsonella;s__	g__Johnsonella
3ffc316c2b3ded74193d79b8fa04d56f	d__Bacteria;p__Bacteroidota;c__Bacteroidia;o__Flavobacteriales;f__Weeksellaceae;g__Chryseobacterium;s__	g__Chryseobacterium
dfc8b8d490869f7f169d6c3edf07803f	d__Bacteria;p__Bacteroidota;c__Bacteroidia;o__Flavobacteriales;f__Flavobacteriaceae;g__Capnocytophaga;s__	g__Capnocytophaga
4516aa60a483dd8c7bbc57098c45f1a5	d__Bacteria;p__Bacillota;c__Clostridia;o__Oscillospirales;f__Ruminococcaceae;g__Faecalibacterium;s__	g__Faecalibacterium
5bc2ecb72c6e9cf88fac4da8702b7e13	d__Bacteria;p__Pseudomonadota;c__Gammaproteobacteria;o__Burkholderiales;f__Oxalobacteraceae;g__Noviherbaspirillum;s__	g__Noviherbaspirillum
f3e888735fbfb66dfac9a3acab3ac3bd	d__Bacteria;p__Bacillota;c__Bacilli;o__Brevibacillales;f__Brevibacillaceae;g__Brevibacillus;s__	g__Brevibacillus
4cc835d67b5ea24fc22433a160b251c7	d__Bacteria;p__Bacteroidota;c__Bacteroidia;o__Bacteroidales;f__Tannerellaceae;g__Parabacteroides;s__	g__Parabacteroides
be13073498518b892a04cf4560560281	d__Bacteria;p__Bacillota;c__Negativicutes;o__Veillonellales-Selenomonadales;f__Selenomonadaceae;g__Selenomonas;s__	g__Selenomonas
8462d04767d035222ad64d5b86c8651c	d__Bacteria;p__Bacillota;c__Clostridia;o__Lachnospirales;f__Lachnospiraceae;g__Blautia;s__	g__Blautia
bc88f7f4e0f8e7e6fc48633abd3aa2bf	d__Bacteria;p__Bacteroidota;c__Bacteroidia;o__Bacteroidales;f__Prevotellaceae;g__Incertae_Sedis;s__	g__Incertae_Sedis
7aa1dd1c7f220c20a46d5238ac94b7a3	d__Bacteria;p__Bacteroidota;c__Bacteroidia;o__Bacteroidales;f__Prevotellaceae;g__Segatella;s__	g__Segatella
8f1ac9cd1be2610edaa7de3affd1e5ce	d__Bacteria;p__Pseudomonadota;c__Gammaproteobacteria;o__Burkholderiales;f__Neisseriaceae;g__Neisseria;s__	g__Neisseria
52e18f1bb6c24c3ff1d634d0dc56acb7	d__Bacteria;p__Bacillota;c__Bacilli;o__Staphylococcales;f__Gemellaceae;g__Gemella;s__	g__Gemella
594d2547a78994b4b2600211cbb1476d	d__Bacteria;p__Bacteroidota;c__Bacteroidia;o__Bacteroidales;f__Porphyromonadaceae;g__Porphyromonas;s__	g__Porphyromonas
cfa144a7fa346c2a80464aee7ee1755e	d__Bacteria;p__Bacillota;c__Clostridia;o__Peptostreptococcales-Tissierellales;f__Family_XI;g__Parvimonas;s__	g__Parvimonas
69bc97ac63ead0d061fcaa4eada2ec34	d__Bacteria;p__Bacillota;c__Clostridia;o__Lachnospirales;f__Lachnospiraceae;g__Incertae_Sedis;s__	g__Incertae_Sedis
4098133cda84f1db1fc251ff1ff72f16	d__Bacteria;p__Bacillota;c__Negativicutes;o__Veillonellales-Selenomonadales;f__Selenomonadaceae;g__Selenomonas;s__	g__Selenomonas
c22f0292f6f9d30da691f4a22423bea9	d__Bacteria;p__Spirochaetota;c__Spirochaetia;o__Spirochaetales;f__Spirochaetaceae;g__Treponema;s__	g__Treponema
f14141d03c23f3658014090c72c23866	d__Bacteria;p__Bacillota;c__Bacilli;o__Lactobacillales;f__Lactobacillaceae;g__Lactobacillus;s__	g__Lactobacillus
c01cde8408730cd52f4541e332c4d4f7	d__Bacteria;p__Bacteroidota;c__Bacteroidia;o__Bacteroidales;f__Porphyromonadaceae;g__Porphyromonas;s__	g__Porphyromonas
34bf30cbaef8da32007d57be55c2418d	d__Bacteria;p__Actinomycetota;c__Actinobacteria;o__Actinomycetales;f__Actinomycetaceae;g__Schaalia;s__	g__Schaalia
7334907caa969299206009559e7cf8fd	d__Bacteria;p__Actinomycetota;c__Actinobacteria;o__Propionibacteriales;f__Propionibacteriaceae;g__Propioniciclava;s__	g__Propioniciclava
c3d289ea1ceec3902efc25789806adf1	d__Bacteria;p__Bacteroidota;c__Bacteroidia;o__Bacteroidales;f__Prevotellaceae;g__Prevotella;s__	g__Prevotella
e273e230341672c229debc056bcd2522	d__Bacteria;p__Bacillota;c__Negativicutes;o__Veillonellales-Selenomonadales;f__Selenomonadaceae;g__Selenomonas;s__	g__Selenomonas
632e80d64f4954728fb4ae3c796f7dba	d__Bacteria;p__Bacteroidota;c__Bacteroidia;o__Bacteroidales;f__Paludibacteraceae;g__F0058;s__	g__F0058
55675d2a6d607413fc6a43f60486d48f	d__Bacteria;p__Bacillota;c__Clostridia;o__Peptostreptococcales-Tissierellales;f__Peptostreptococcaceae;g__Incertae_Sedis;s__	g__Incertae_Sedis
a3cde477b27cf93c9f40f18de6bca03b	d__Bacteria;p__Pseudomonadota;c__Gammaproteobacteria;o__Enterobacterales;f__Pasteurellaceae;g__Actinobacillus;s__	g__Actinobacillus
927948a3ccf40d7671afc0d5334d3eb6	d__Bacteria;p__Bacteroidota;c__Bacteroidia;o__Bacteroidales;f__Prevotellaceae;g__Segatella;s__	g__Segatella
7c937fa064c20af2f7a69f077583b318	d__Bacteria;p__Spirochaetota;c__Spirochaetia;o__Spirochaetales;f__Spirochaetaceae;g__Treponema;s__	g__Treponema
3075f54c5119effbdbb10883656c16a0	d__Bacteria;p__Bacillota;c__Negativicutes;o__Veillonellales-Selenomonadales;f__Selenomonadaceae;g__Selenomonas;s__	g__Selenomonas
e26321cd62970c10c90c38e2010242b1	d__Bacteria;p__Bacteroidota;c__Bacteroidia;o__Sphingobacteriales;f__Lentimicrobiaceae;g__Lentimicrobium;s__	g__Lentimicrobium
f6043100dad4d4fef4e3221332337eb9	d__Bacteria;p__Bacillota;c__Clostridia;o__Lachnospirales;f__Defluviitaleaceae;g__Defluviitaleaceae_UCG-011;s__	g__Defluviitaleaceae_UCG-011
9a7223999826a256d29d76f5424131f8	d__Bacteria;p__Pseudomonadota;c__Gammaproteobacteria;o__Burkholderiales;f__Burkholderiaceae;g__Lautropia;s__	g__Lautropia
27a759c8da41b9ce772b0d618fcf324d	d__Bacteria;p__Pseudomonadota;c__Gammaproteobacteria;o__Burkholderiales;f__Neisseriaceae;g__Eikenella;s__	g__Eikenella
9ef5a20469c4949dfe0b30b5629c7fd2	d__Bacteria;p__Pseudomonadota;c__Gammaproteobacteria;o__Enterobacterales;f__Pasteurellaceae;g__Haemophilus;s__	g__Haemophilus
dba1919d8bd1435a29e99cdfea12b1b5	d__Bacteria;p__Fusobacteriota;c__Fusobacteriia;o__Fusobacteriales;f__Leptotrichiaceae;g__Leptotrichia;s__	g__Leptotrichia
13f7a1ef880f3b73eeffa18951ffe96f	d__Bacteria;p__Bacillota;c__Bacilli;o__Lactobacillales;f__Streptococcaceae;g__Streptococcus;s__	g__Streptococcus
9807ec586912246d63fa99d8f3337fef	d__Bacteria;p__Actinomycetota;c__Actinobacteria;o__Actinomycetales;f__Actinomycetaceae;g__Schaalia;s__	g__Schaalia
edb9c3e3c175df80a20dec355d36a259	d__Bacteria;p__Bacteroidota;c__Bacteroidia;o__Flavobacteriales;f__Weeksellaceae;g__Bergeyella;s__	g__Bergeyella
1d390e98aebd14d0a41565e54c0c9682	d__Bacteria;p__Bacillota;c__Clostridia;o__Lachnospirales;f__Lachnospiraceae;g__Blautia;s__	g__Blautia
9268d4a26b4b22cdba50679968ca5db6	d__Bacteria;p__Bacillota;c__Negativicutes;o__Veillonellales-Selenomonadales;f__Selenomonadaceae;g__Selenomonas;s__	g__Selenomonas
a044f0034923d477504b6c43fad82ca2	d__Bacteria;p__Actinomycetota;c__Actinobacteria;o__Actinomycetales;f__Actinomycetaceae;g__Schaalia;s__	g__Schaalia
9cce6aabbfd925399bf1111383f9d0a5	d__Bacteria;p__Pseudomonadota;c__Gammaproteobacteria;o__Pseudomonadales;f__Moraxellaceae;g__Acinetobacter;s__	g__Acinetobacter
0e76a1a712c6b05406d67d1978e81b76	d__Bacteria;p__Bacillota;c__Negativicutes;o__Veillonellales-Selenomonadales;f__Selenomonadaceae;g__Selenomonas;s__	g__Selenomonas
5cd2c2530b47225fe4ea5762dc9fbfbd	d__Bacteria;p__Bacillota;c__Negativicutes;o__Veillonellales-Selenomonadales;f__Selenomonadaceae;g__Selenomonas;s__	g__Selenomonas
c5e28dc880c1ce17ddfe97f429595a7b	d__Bacteria;p__Bacillota;c__Negativicutes;o__Veillonellales-Selenomonadales;f__Selenomonadaceae;g__Selenomonas;s__	g__Selenomonas
2c3b902746c694700ef035e81fdf0b17	d__Bacteria;p__Bacteroidota;c__Bacteroidia;o__Bacteroidales;f__Prevotellaceae;g__Alloprevotella;s__	g__Alloprevotella
67061bf2887ea44ff051895481bc7d5c	d__Bacteria;p__Actinomycetota;c__Actinobacteria;o__Mycobacteriales;f__Corynebacteriaceae;g__Lawsonella;s__	g__Lawsonella
517dfac97252198b53d10fdfeab13f1c	d__Bacteria;p__Bacillota;c__Negativicutes;o__Veillonellales-Selenomonadales;f__Selenomonadaceae;g__Selenomonas;s__	g__Selenomonas
b8411b5c322e7ec7c81cd237c98fe04d	d__Bacteria;p__Pseudomonadota;c__Gammaproteobacteria;o__Burkholderiales;f__Oxalobacteraceae;g__Noviherbaspirillum;s__	g__Noviherbaspirillum
c5882da0cb548cc250228298792e5e01	d__Bacteria;p__Bacteroidota;c__Bacteroidia;o__Bacteroidales;f__Prevotellaceae;g__Segatella;s__	g__Segatella
41253e0990a349587301a33b16d29bca	d__Bacteria;p__Bacteroidota;c__Bacteroidia;o__Bacteroidales;f__Bacteroidaceae;g__Bacteroides;s__	g__Bacteroides
e763f268c467033b4c6d38da3f26f988	d__Bacteria;p__Pseudomonadota;c__Gammaproteobacteria;o__Enterobacterales;f__Pasteurellaceae;g__Aggregatibacter;s__	g__Aggregatibacter
9b687de9be4f704b467cda05c8dbe5ff	d__Bacteria;p__Actinomycetota;c__Actinobacteria;o__Actinomycetales;f__Actinomycetaceae;g__Mobiluncus;s__	g__Mobiluncus
db23cb9a125cb61be00aaa2c80d9237a	d__Bacteria;p__Spirochaetota;c__Spirochaetia;o__Spirochaetales;f__Spirochaetaceae;g__Treponema;s__	g__Treponema
b768cc7f226f800d713410ee6c16a388	d__Bacteria;p__Bacillota;c__Bacilli;o__Acholeplasmatales;f__Acholeplasmataceae;g__Acholeplasma;s__	g__Acholeplasma
eac428195f0a6d739b894b3cca7e0b6a	d__Bacteria;p__Actinomycetota;c__Actinobacteria;o__Micrococcales;f__Dermabacteraceae;g__Brachybacterium;s__	g__Brachybacterium
7485e08144075231be72130735696dfe	d__Bacteria;p__Pseudomonadota;c__Gammaproteobacteria;o__Cardiobacteriales;f__Cardiobacteriaceae;g__Cardiobacterium;s__	g__Cardiobacterium
bd8d8184aa2b83dcf5ceda01887c2589	d__Bacteria;p__Bacillota;c__Bacilli;o__RF39;f__Incertae_Sedis;g__Incertae_Sedis;s__	g__Incertae_Sedis
0bf3de42fa205eae225c4b6c5727d4c3	d__Bacteria;p__Spirochaetota;c__Spirochaetia;o__Spirochaetales;f__Spirochaetaceae;g__Treponema;s__	g__Treponema
33c642e8183dc5b388a68b9e361a6e40	d__Bacteria;p__Pseudomonadota;c__Alphaproteobacteria;o__Sphingomonadales;f__Sphingomonadaceae;g__Erythrobacter;s__	g__Erythrobacter
c5b27776f2781ee77299c2ff9ee5dc7e	d__Bacteria;p__Pseudomonadota;c__Alphaproteobacteria;o__Caulobacterales;f__Caulobacteraceae;g__Brevundimonas;s__	g__Brevundimonas
307ce0ea1136d4a873d9b8069e3086e5	d__Bacteria;p__Pseudomonadota;c__Gammaproteobacteria;o__Lysobacterales;f__Lysobacteraceae;g__Thermomonas;s__	g__Thermomonas
9abac5298e43703b56cb23e92782471b	d__Bacteria;p__Actinomycetota;c__Coriobacteriia;o__Coriobacteriales;f__Atopobiaceae;g__Olsenella;s__	g__Olsenella
317f124806dcf44684a9c324485d6570	d__Bacteria;p__Synergistota;c__Synergistia;o__Synergistales;f__Synergistaceae;g__Incertae_Sedis;s__	g__Incertae_Sedis
7164ad876f486024421db7693b6f99b9	d__Bacteria;p__Campylobacterota;c__Campylobacteria;o__Campylobacterales;f__Campylobacteraceae;g__Campylobacter;s__	g__Campylobacter
255bdb0ab71b3d3dfab41f98bb26df06	d__Bacteria;p__Bacillota;c__Clostridia;o__Oscillospirales;f__Butyricicoccaceae;g__Agathobaculum;s__	g__Agathobaculum
59bb67d7fbbbafae18438eeb6ab00b3e	d__Bacteria;p__Actinomycetota;c__Coriobacteriia;o__Coriobacteriales;f__Coriobacteriaceae;g__Collinsella;s__	g__Collinsella
492e2c76bc629ca9748abb84bfecfe88	d__Bacteria;p__Actinomycetota;c__Actinobacteria;o__Mycobacteriales;f__Corynebacteriaceae;g__Corynebacterium;s__	g__Corynebacterium
d9f3f61085e27d5fd33697926bea18d2	d__Bacteria;p__Bacteroidota;c__Bacteroidia;o__Bacteroidales;f__Prevotellaceae;g__Alloprevotella;s__	g__Alloprevotella
ee54b4e87897aa8e9c04e7d96fdf8490	d__Bacteria;p__Bacillota;c__Bacilli;o__Lactobacillales;f__Streptococcaceae;g__Streptococcus;s__	g__Streptococcus
200a6383f61be294dddf101dc35549d7	d__Bacteria;p__Bacteroidota;c__Bacteroidia;o__Chitinophagales;f__Chitinophagaceae;g__Cnuella;s__	g__Cnuella
6bad44024ea516a8ff026d50bfbdff72	d__Bacteria;p__Bacteroidota;c__Bacteroidia;o__Bacteroidales;f__Prevotellaceae;g__Prevotella;s__	g__Prevotella
0db21076d3d2b935599d211da69f6773	d__Bacteria;p__Bacillota;c__Clostridia;o__Lachnospirales;f__Lachnospiraceae;g__Enterocloster;s__	g__Enterocloster
b24aadee9a22976aeff52f5c5b8dd79f	d__Bacteria;p__Pseudomonadota;c__Alphaproteobacteria;o__Hyphomicrobiales;f__Beijerinckiaceae;g__Bosea;s__	g__Bosea
22e867f21dad1be2f53aaa8d69982eaa	d__Bacteria;p__Bacteroidota;c__Bacteroidia;o__Bacteroidales;f__Prevotellaceae;g__Hoylesella;s__	g__Hoylesella
cccd56225eb8bc799ec01282683cb7ed	d__Bacteria;p__Fusobacteriota;c__Fusobacteriia;o__Fusobacteriales;f__Leptotrichiaceae;g__Pseudoleptotrichia;s__	g__Pseudoleptotrichia
0541860ade3b391bcd095db9a7db69f0	d__Bacteria;p__Fusobacteriota;c__Fusobacteriia;o__Fusobacteriales;f__Fusobacteriaceae;g__Fusobacterium;s__	g__Fusobacterium
a867cdb3553392e8f3bf434a414d98ad	d__Bacteria;p__Fusobacteriota;c__Fusobacteriia;o__Fusobacteriales;f__Leptotrichiaceae;g__Leptotrichia;s__	g__Leptotrichia
d57fd4ee4dee886fe273dc1b4282f61f	d__Bacteria;p__Synergistota;c__Synergistia;o__Synergistales;f__Synergistaceae;g__Pyramidobacter;s__	g__Pyramidobacter
91f7eb7e954ed9b9ba4ff8e01d053f54	d__Bacteria;p__Bacillota;c__Bacilli;o__Brevibacillales;f__Brevibacillaceae;g__Brevibacillus;s__	g__Brevibacillus
f87f2bb60d68c6409cd779f80c08f7c7	d__Bacteria;p__Actinomycetota;c__Actinobacteria;o__Micrococcales;f__Micrococcaceae;g__Micrococcus;s__	g__Micrococcus
f03d21b51708fe7be31ba8ff091497c1	d__Bacteria;p__Bacillota;c__Bacilli;o__Lactobacillales;f__Streptococcaceae;g__Streptococcus;s__	g__Streptococcus
9c1623eed537bf87e8b59dd6af95a6a7	d__Bacteria;p__Bacillota;c__Negativicutes;o__Veillonellales-Selenomonadales;f__Selenomonadaceae;g__Selenomonas;s__	g__Selenomonas
94f2dd27cf4e1e35ef7b881f9f6c13e1	d__Bacteria;p__Bacteroidota;c__Bacteroidia;o__Bacteroidales;f__Prevotellaceae;g__Incertae_Sedis;s__	g__Incertae_Sedis
1b4e0b4fe5f801252fd95fa547c4e3b9	d__Bacteria;p__Fusobacteriota;c__Fusobacteriia;o__Fusobacteriales;f__Leptotrichiaceae;g__Leptotrichia;s__	g__Leptotrichia
1e05a444583cffd064a1391174e1ce0a	d__Bacteria;p__Spirochaetota;c__Spirochaetia;o__Spirochaetales;f__Spirochaetaceae;g__Treponema;s__	g__Treponema
ae6799d68a8ca007bb4d7366816e6b9b	d__Bacteria;p__Actinomycetota;c__Actinobacteria;o__Actinomycetales;f__Actinomycetaceae;g__Actinomyces;s__	g__Actinomyces
f48d59c33aca76e40ff01e9445109de3	d__Bacteria;p__Actinomycetota;c__Actinobacteria;o__Mycobacteriales;f__Corynebacteriaceae;g__Corynebacterium;s__	g__Corynebacterium
560a6764f8198c1a3787b3b492e5100c	d__Bacteria;p__Bacteroidota;c__Bacteroidia;o__Bacteroidales;f__Prevotellaceae;g__Incertae_Sedis;s__	g__Incertae_Sedis
25d4f45d306bc90c5cbe06dd260189b3	d__Bacteria;p__Pseudomonadota;c__Alphaproteobacteria;o__Rhodobacterales;f__Paracoccaceae;g__Paracoccus;s__	g__Paracoccus
73483626c1d831ac6cf3bcba84562990	d__Bacteria;p__Pseudomonadota;c__Alphaproteobacteria;o__Caulobacterales;f__Caulobacteraceae;g__Brevundimonas;s__	g__Brevundimonas
529176c7ac9db723ed856a59330d7225	d__Bacteria;p__Actinomycetota;c__Actinobacteria;o__Actinomycetales;f__Actinomycetaceae;g__Schaalia;s__	g__Schaalia
bde0171101998eec0c81b2b62848a1a5	d__Bacteria;p__Bacillota;c__Bacilli;o__Lactobacillales;f__Lactobacillaceae;g__Limosilactobacillus;s__	g__Limosilactobacillus
a03c083d40fedbdedc69515a52488143	d__Bacteria;p__Bacillota;c__Clostridia;o__Lachnospirales;f__Lachnospiraceae;g__Lachnospiraceae_NK3A20_group;s__	g__Lachnospiraceae_NK3A20_group
0773e0ae3db8095b9870293032a8fd99	d__Bacteria;p__Bacillota;c__Bacilli;o__Erysipelotrichales;f__Erysipelotrichaceae;g__Erysipelotrichaceae_UCG-006;s__	g__Erysipelotrichaceae_UCG-006
b91488e25b4a3848d69478c8130ae3b4	d__Bacteria;p__Bacteroidota;c__Bacteroidia;o__Chitinophagales;f__Chitinophagaceae;g__Cnuella;s__	g__Cnuella
a986d63c607b36e3004731d5f60dc0a2	d__Bacteria;p__Pseudomonadota;c__Gammaproteobacteria;o__Burkholderiales;f__Oxalobacteraceae;g__Noviherbaspirillum;s__	g__Noviherbaspirillum
d0abc06fbff936a91a88d411f723992c	d__Bacteria;p__Pseudomonadota;c__Gammaproteobacteria;o__Burkholderiales;f__Neisseriaceae;g__Eikenella;s__	g__Eikenella
009a0df71afeb8bfa9ba578f5a804573	d__Bacteria;p__Bacteroidota;c__Bacteroidia;o__Bacteroidales;f__Tannerellaceae;g__Parabacteroides;s__	g__Parabacteroides
d5afaac53315b7a8ec9d6ab7008a813e	d__Bacteria;p__Fusobacteriota;c__Fusobacteriia;o__Fusobacteriales;f__Leptotrichiaceae;g__Pseudoleptotrichia;s__	g__Pseudoleptotrichia
30da9c655d0d23022bb9f3e55a7b36c5	d__Bacteria;p__Bacillota;c__Negativicutes;o__Veillonellales-Selenomonadales;f__Selenomonadaceae;g__Selenomonas;s__	g__Selenomonas
6ac4d404b574de4ab06712bb38b6e859	d__Bacteria;p__Bacteroidota;c__Bacteroidia;o__Flavobacteriales;f__Weeksellaceae;g__Chryseobacterium;s__	g__Chryseobacterium
0b9d6ae30698fe3144a187eaaafdaef8	d__Bacteria;p__Thermodesulfobacteriota;c__Desulfovibrionia;o__Desulfovibrionales;f__Desulfovibrionaceae;g__Bilophila;s__	g__Bilophila
3fdfba341fe055c6116dc95692319844	d__Bacteria;p__Fusobacteriota;c__Fusobacteriia;o__Fusobacteriales;f__Fusobacteriaceae;g__Fusobacterium;s__	g__Fusobacterium
dc1b75af6b5e22c9722b19d97ffcce8a	d__Bacteria;p__Bacillota;c__Clostridia;o__Lachnospirales;f__Lachnospiraceae;g__Anaerobutyricum;s__	g__Anaerobutyricum
02b2bd53aa10e442111c4ed3352b46f5	d__Bacteria;p__Bacteroidota;c__Bacteroidia;o__Bacteroidales;f__Porphyromonadaceae;g__Porphyromonas;s__	g__Porphyromonas
5812aa7c8551c6bb30212e0bfe190c3a	d__Bacteria;p__Bacteroidota;c__Bacteroidia;o__Bacteroidales;f__Prevotellaceae;g__Hoylesella;s__	g__Hoylesella
72dd02c9a290d41dfdb13853e067045d	d__Bacteria;p__Pseudomonadota;c__Gammaproteobacteria;o__Enterobacterales;f__Pasteurellaceae;g__Haemophilus;s__	g__Haemophilus
cb8eec368dba976f0a24de3b0c9d262a	d__Bacteria;p__Actinomycetota;c__Actinobacteria;o__Actinomycetales;f__Actinomycetaceae;g__Schaalia;s__	g__Schaalia
87c636f89ce388ab69ce23fd4175e097	d__Bacteria;p__Fusobacteriota;c__Fusobacteriia;o__Fusobacteriales;f__Fusobacteriaceae;g__Fusobacterium;s__	g__Fusobacterium
954e3a092e95d97e87d67ccf09170a2c	d__Bacteria;p__Bacillota;c__Clostridia;o__Lachnospirales;f__Lachnospiraceae;g__Mediterraneibacter;s__	g__Mediterraneibacter
5aeb428feaa7fd9d8de10df4dea7da82	d__Bacteria;p__Pseudomonadota;c__Alphaproteobacteria;o__Hyphomicrobiales;f__Rhizobiaceae;g__Rhizobium;s__	g__Rhizobium
f077450876ac417ca09d329b324f2981	d__Bacteria;p__Fusobacteriota;c__Fusobacteriia;o__Fusobacteriales;f__Leptotrichiaceae;g__Pseudoleptotrichia;s__	g__Pseudoleptotrichia
b671f3b3eb760269cd9f7731b6fc855f	d__Bacteria;p__Actinomycetota;c__Actinobacteria;o__Micrococcales;f__Micrococcaceae;g__Kocuria;s__	g__Kocuria
849acbcae476c73f6328766984ea4051	d__Bacteria;p__Bacillota;c__Bacilli;o__Bacillales;f__Bacillaceae;g__Metabacillus;s__	g__Metabacillus
1d657ee245f46f23aec2d9f93a8412f0	d__Bacteria;p__Pseudomonadota;c__Alphaproteobacteria;o__Rhodobacterales;f__Paracoccaceae;g__Paracoccus;s__	g__Paracoccus
7813f85526b47b24f9c6b5ba4e943afc	d__Bacteria;p__Bacillota;c__Negativicutes;o__Veillonellales-Selenomonadales;f__Veillonellaceae;g__Veillonella;s__	g__Veillonella
38ff7dae2912ab4e570cb3a4065d0781	d__Bacteria;p__Bacillota;c__Bacilli;o__Brevibacillales;f__Brevibacillaceae;g__Brevibacillus;s__	g__Brevibacillus
a393c83e93f11589fbaaf0be3410846f	d__Bacteria;p__Pseudomonadota;c__Gammaproteobacteria;o__Burkholderiales;f__Neisseriaceae;g__Neisseria;s__	g__Neisseria
4a7a4813b0e0cac8daeb99b59edd44a6	d__Bacteria;p__Pseudomonadota;c__Alphaproteobacteria;o__Sphingomonadales;f__Sphingomonadaceae;g__Sphingomonas;s__	g__Sphingomonas
d5795c471d338ad16ce94fd07271fc82	d__Bacteria;p__Bacillota;c__Negativicutes;o__Veillonellales-Selenomonadales;f__Selenomonadaceae;g__Selenomonas;s__	g__Selenomonas
575abc11aa4c593a76e4526d6531aba5	d__Bacteria;p__Bacillota;c__Clostridia;o__Lachnospirales;f__Lachnospiraceae;g__Oribacterium;s__	g__Oribacterium
9a18e750ff8f4793417898f94b573a18	d__Bacteria;p__Pseudomonadota;c__Gammaproteobacteria;o__Burkholderiales;f__Oxalobacteraceae;g__Noviherbaspirillum;s__	g__Noviherbaspirillum
50953ba81ac1649a44617c787febce84	d__Bacteria;p__Spirochaetota;c__Spirochaetia;o__Spirochaetales;f__Spirochaetaceae;g__Treponema;s__	g__Treponema
73dbe891630f0f29a7bdac5c6167f547	d__Bacteria;p__Pseudomonadota;c__Gammaproteobacteria;o__Enterobacterales;f__Pasteurellaceae;g__Haemophilus;s__	g__Haemophilus
956d69e967d3d919dda2bddfd4ca0cce	d__Bacteria;p__Actinomycetota;c__Actinobacteria;o__Actinomycetales;f__Actinomycetaceae;g__Actinomyces;s__	g__Actinomyces
e00a0e1f7cbfdf395e798c80794cbe6e	d__Bacteria;p__Bacteroidota;c__Bacteroidia;o__Bacteroidales;f__Prevotellaceae;g__Hoylesella;s__	g__Hoylesella
58c914777b91bf32be641b45ccf7031e	d__Bacteria;p__Actinomycetota;c__Actinobacteria;o__Micrococcales;f__Micrococcaceae;g__Kocuria;s__	g__Kocuria
7744afb15a4b8a6163534ce639e356ef	d__Bacteria;p__Bacteroidota;c__Bacteroidia;o__Flavobacteriales;f__Flavobacteriaceae;g__Capnocytophaga;s__	g__Capnocytophaga
2cc019c8e4ef580b791261c362a7a54b	d__Bacteria;p__Actinomycetota;c__Actinobacteria;o__Actinomycetales;f__Actinomycetaceae;g__Actinomyces;s__	g__Actinomyces
bf5a09fbaabed1c944f5e2de9105f25d	d__Bacteria;p__Bacteroidota;c__Bacteroidia;o__Bacteroidales;f__Muribaculaceae;g__Incertae_Sedis;s__	g__Incertae_Sedis
d2d510b160046c26f8dca421886b4b35	d__Bacteria;p__Bacillota;c__Negativicutes;o__Veillonellales-Selenomonadales;f__Selenomonadaceae;g__Selenomonas;s__	g__Selenomonas
4028dcc2da3b18ba1a237ce56c7aa4a8	d__Bacteria;p__Bacillota;c__Clostridia;o__Peptococcales;f__Peptococcaceae;g__Peptococcus;s__	g__Peptococcus
e973915ef36b42e1041647e733820670	d__Bacteria;p__Bacillota;c__Clostridia;o__Peptostreptococcales-Tissierellales;f__Family_XI;g__W5053;s__	g__W5053
9ee8b05e3289c41b33fbdf5ef2b1f399	d__Bacteria;p__Bacteroidota;c__Bacteroidia;o__Bacteroidales;f__Paludibacteraceae;g__F0058;s__	g__F0058
b71213f294c94188a4d4c77b873255e6	d__Bacteria;p__Pseudomonadota;c__Gammaproteobacteria;o__Burkholderiales;f__Sutterellaceae;g__Sutterella;s__	g__Sutterella
18a6f28a319341cc1e7c43cdbce73fbd	d__Bacteria;p__Pseudomonadota;c__Gammaproteobacteria;o__Burkholderiales;f__Neisseriaceae;g__Eikenella;s__	g__Eikenella
53972e180543dad9791ae3cf2db9a53a	d__Bacteria;p__Planctomycetota;c__Planctomycetes;o__Pirellulales;f__Pirellulaceae;g__Incertae_Sedis;s__	g__Incertae_Sedis
ceb8c1944cda5636ff6d42b24a6a67d7	d__Bacteria;p__Bacillota;c__Clostridia;o__Peptostreptococcales-Tissierellales;f__Anaerovoracaceae;g__Hornefia;s__	g__Hornefia
8bfa7d3ad4a99cf76c5bc69aad1f06f6	d__Bacteria;p__Bacteroidota;c__Bacteroidia;o__Bacteroidales;f__Prevotellaceae;g__Prevotella;s__	g__Prevotella
68698b6bf73c9a7a633a960bf17d2d24	d__Bacteria;p__Bacteroidota;c__Bacteroidia;o__Bacteroidales;f__Paludibacteraceae;g__F0058;s__	g__F0058
54b320d8d51006f376576a1f2afe717d	d__Bacteria;p__Fusobacteriota;c__Fusobacteriia;o__Fusobacteriales;f__Fusobacteriaceae;g__Fusobacterium;s__	g__Fusobacterium
f35f43095925faad5b2c3f4ca51ec16d	d__Bacteria;p__Fusobacteriota;c__Fusobacteriia;o__Fusobacteriales;f__Leptotrichiaceae;g__Pseudoleptotrichia;s__	g__Pseudoleptotrichia
0a8add32442cb74e6888d4dde9210136	d__Bacteria;p__Spirochaetota;c__Spirochaetia;o__Spirochaetales;f__Spirochaetaceae;g__Treponema;s__	g__Treponema
3a71614ba3b2324aee9851437d77399f	d__Bacteria;p__Pseudomonadota;c__Gammaproteobacteria;o__Burkholderiales;f__Neisseriaceae;g__Alysiella;s__	g__Alysiella
36c16bfebfda359c4c871e1d101f3127	d__Bacteria;p__Bacteroidota;c__Bacteroidia;o__Bacteroidales;f__Prevotellaceae;g__Segatella;s__	g__Segatella
a21a7c00b3b7e3b1742a05173354d9e9	d__Bacteria;p__Bacillota;c__Negativicutes;o__Veillonellales-Selenomonadales;f__Selenomonadaceae;g__Selenomonas;s__	g__Selenomonas
cced5dbfbaba1fe46280b62992b4ac00	d__Bacteria;p__Bacteroidota;c__Bacteroidia;o__Bacteroidales;f__Porphyromonadaceae;g__Porphyromonas;s__	g__Porphyromonas
d35f15bb679733c5fd438f321c7f2e83	d__Bacteria;p__Bacteroidota;c__Bacteroidia;o__Bacteroidales;f__Porphyromonadaceae;g__Porphyromonas;s__	g__Porphyromonas
075b83c8f2a5ffe71342a7aa66852e6d	d__Bacteria;p__Fusobacteriota;c__Fusobacteriia;o__Fusobacteriales;f__Fusobacteriaceae;g__Fusobacterium;s__	g__Fusobacterium
a53adccafa58a423128d4fa063f6928e	d__Bacteria;p__Bacteroidota;c__Bacteroidia;o__Bacteroidales;f__Prevotellaceae;g__Prevotella;s__	g__Prevotella
02ceaf2a85dd3a888aaeddd062888058	d__Bacteria;p__Actinomycetota;c__Actinobacteria;o__Actinomycetales;f__Actinomycetaceae;g__Actinomyces;s__	g__Actinomyces
26bf7b328305edb003830ad5c37cfe52	d__Bacteria;p__Fusobacteriota;c__Fusobacteriia;o__Fusobacteriales;f__Leptotrichiaceae;g__Pseudoleptotrichia;s__	g__Pseudoleptotrichia
6d3d27da479c8fd585cbc26568aab1ff	d__Bacteria;p__Bacteroidota;c__Bacteroidia;o__Bacteroidales;f__Prevotellaceae;g__Segatella;s__	g__Segatella
fbcef1c86290b3f739698e93240eeac7	d__Bacteria;p__Bacillota;c__Negativicutes;o__Veillonellales-Selenomonadales;f__Veillonellaceae;g__Veillonella;s__	g__Veillonella
f332320d868dc10fea5d470ae5b5140b	d__Bacteria;p__Pseudomonadota;c__Alphaproteobacteria;o__Hyphomicrobiales;f__Beijerinckiaceae;g__Microvirga;s__	g__Microvirga
151004f4bc42b5658e5bafe0e6dd6552	d__Bacteria;p__Fusobacteriota;c__Fusobacteriia;o__Fusobacteriales;f__Leptotrichiaceae;g__Pseudoleptotrichia;s__	g__Pseudoleptotrichia
425e9e1829306055f7684fe227667e9f	d__Bacteria;p__Pseudomonadota;c__Gammaproteobacteria;o__Burkholderiales;f__Neisseriaceae;g__Neisseria;s__	g__Neisseria
b6d6fa60474e245778a0cb92a7f3759d	d__Bacteria;p__Bacillota;c__Bacilli;o__Staphylococcales;f__Gemellaceae;g__Gemella;s__	g__Gemella
70dcd699d2466e190dc119a0a2c301df	d__Bacteria;p__Fusobacteriota;c__Fusobacteriia;o__Fusobacteriales;f__Leptotrichiaceae;g__Leptotrichia;s__	g__Leptotrichia
3f3ff0c466ab872e4be90beb1307fd82	d__Bacteria;p__Pseudomonadota;c__Alphaproteobacteria;o__Sphingomonadales;f__Sphingomonadaceae;g__Qipengyuania;s__	g__Qipengyuania
72f0931d81a150c949beffb14c051148	d__Bacteria;p__Bacteroidota;c__Bacteroidia;o__Bacteroidales;f__Prevotellaceae;g__Segatella;s__	g__Segatella
dd73931d6ab1395c3415ed04dee9f4c9	d__Bacteria;p__Bacteroidota;c__Bacteroidia;o__Bacteroidales;f__Prevotellaceae;g__Hoylesella;s__	g__Hoylesella
6face191cb17feeea64b3b670f2c9d47	d__Bacteria;p__Bacillota;c__Negativicutes;o__Veillonellales-Selenomonadales;f__Selenomonadaceae;g__Selenomonas;s__	g__Selenomonas
4ee5ea11dac327127cc8da1cccc02f92	d__Bacteria;p__Bacillota;c__Negativicutes;o__Veillonellales-Selenomonadales;f__Selenomonadaceae;g__Selenomonas;s__	g__Selenomonas
ba274d10f4134dfde0f672405496b534	d__Bacteria;p__Bacillota;c__Negativicutes;o__Veillonellales-Selenomonadales;f__Selenomonadaceae;g__Selenomonas;s__	g__Selenomonas
27a8b0fdf4c19808e5c0adfc60ae019f	d__Bacteria;p__Pseudomonadota;c__Gammaproteobacteria;o__Pseudomonadales;f__Moraxellaceae;g__Acinetobacter;s__	g__Acinetobacter
b5342480ce8359ebef2716fe24a155e0	d__Bacteria;p__Bacteroidota;c__Bacteroidia;o__Flavobacteriales;f__Flavobacteriaceae;g__Capnocytophaga;s__	g__Capnocytophaga
f3ff5fd47bf4f757a819d55762ca7953	d__Bacteria;p__Bacillota;c__Clostridia;o__Lachnospirales;f__Lachnospiraceae;g__Johnsonella;s__	g__Johnsonella
2f664b85c9857bf51dccd58cf6c47230	d__Bacteria;p__Bacillota;c__Negativicutes;o__Veillonellales-Selenomonadales;f__Selenomonadaceae;g__Selenomonas;s__	g__Selenomonas
0e0725e7e0147c5fd5822931083eb99d	d__Bacteria;p__Actinomycetota;c__Actinobacteria;o__Micrococcales;f__Micrococcaceae;g__Kocuria;s__	g__Kocuria
9ef0cbc51b4da5071e9139d2b1624b7b	d__Bacteria;p__Bacteroidota;c__Bacteroidia;o__Bacteroidales;f__Prevotellaceae;g__Segatella;s__	g__Segatella
84dac6485f881092bbd2934697c6d290	d__Bacteria;p__Bacillota;c__Negativicutes;o__Veillonellales-Selenomonadales;f__Selenomonadaceae;g__Selenomonas;s__	g__Selenomonas
892fd158cbaff4aebaf96fa687d752ed	d__Bacteria;p__Bacillota;c__Clostridia;o__Lachnospirales;f__Lachnospiraceae;g__Johnsonella;s__	g__Johnsonella
5855839a289a821c4b842241427af5b5	d__Bacteria;p__Pseudomonadota;c__Gammaproteobacteria;o__Salinisphaerales;f__Nevskiaceae;g__Nevskia;s__	g__Nevskia
6003aa27ce94b9f19bf8b1e2ac9704a4	d__Bacteria;p__Bacillota;c__Clostridia;o__Peptostreptococcales-Tissierellales;f__Peptostreptococcaceae;g__Peptostreptococcus;s__	g__Peptostreptococcus
d83dd11c7f9513e8798c6abe94fc4a57	d__Bacteria;p__Bacillota;c__Bacilli;o__Erysipelotrichales;f__Erysipelotrichaceae;g__Solobacterium;s__	g__Solobacterium
df829f8d3288011e9fbef9d3511e2e4c	d__Bacteria;p__Bacillota;c__Bacilli;o__Lactobacillales;f__Lactobacillaceae;g__Weissella;s__	g__Weissella
c87cbb54685ec2849f1704fce7c7f9bd	d__Bacteria;p__Pseudomonadota;c__Gammaproteobacteria;o__Burkholderiales;f__Oxalobacteraceae;g__Massilia;s__	g__Massilia
6de3ca5a30a1b160cdd1346b67675afa	d__Bacteria;p__Bacteroidota;c__Bacteroidia;o__Chitinophagales;f__Chitinophagaceae;g__Lacibacter;s__	g__Lacibacter
a48198271aee8c0e602e7c2c4eeff18f	d__Bacteria;p__Pseudomonadota;c__Gammaproteobacteria;o__Pseudomonadales;f__Moraxellaceae;g__Acinetobacter;s__	g__Acinetobacter
f47044ea82bc68c1a283a199257cdfce	d__Bacteria;p__Spirochaetota;c__Spirochaetia;o__Spirochaetales;f__Spirochaetaceae;g__Treponema;s__	g__Treponema
4bad8ff3beacd8bce7448b73b4c4e2be	d__Bacteria;p__Bacteroidota;c__Bacteroidia;o__Bacteroidales;f__Prevotellaceae;g__Prevotella;s__	g__Prevotella
04798b37fbd88345bb51afca1b992757	d__Bacteria;p__Bacteroidota;c__Bacteroidia;o__Chitinophagales;f__Chitinophagaceae;g__Cnuella;s__	g__Cnuella
f30d5ca28e7b91b96683a451191bcc26	d__Bacteria;p__Bacillota;c__Clostridia;o__Lachnospirales;f__Lachnospiraceae;g__Stomatobaculum;s__	g__Stomatobaculum
bb9f6f6e7e0371f0c19c4f0669f53546	d__Bacteria;p__Patescibacteria;c__Saccharimonadia;o__Saccharimonadales;f__Incertae_Sedis;g__Incertae_Sedis;s__	g__Incertae_Sedis
101c48cfe83f8cce71719a4514fcb35b	d__Bacteria;p__Bacillota;c__Bacilli;o__Staphylococcales;f__Staphylococcaceae;g__Staphylococcus;s__	g__Staphylococcus
a60729eeae333844894c4a8389f6593e	d__Bacteria;p__Bacillota;c__Clostridia;o__Peptostreptococcales-Tissierellales;f__Family_XI;g__Peptoniphilus;s__	g__Peptoniphilus
346737b7f7c3c6f9155efcaa4af4f494	d__Bacteria;p__Bacillota;c__Negativicutes;o__Veillonellales-Selenomonadales;f__Selenomonadaceae;g__Selenomonas;s__	g__Selenomonas
c4eafd4700bbda0e469257de9d6b9236	d__Bacteria;p__Pseudomonadota;c__Gammaproteobacteria;o__Burkholderiales;f__Neisseriaceae;g__Alysiella;s__	g__Alysiella
b9c60b3b4c1901e944d5a952bd05cc82	d__Bacteria;p__Actinomycetota;c__Actinobacteria;o__Actinomycetales;f__Actinomycetaceae;g__Actinomyces;s__	g__Actinomyces
15d90b7836808815aae9d0b0d50416c5	d__Bacteria;p__Bacteroidota;c__Bacteroidia;o__Bacteroidales;f__Prevotellaceae;g__Prevotella;s__	g__Prevotella
687115c117781342a7475d4be3d20a4d	d__Bacteria;p__Bacillota;c__Clostridia;o__Lachnospirales;f__Lachnospiraceae;g__Enterocloster;s__	g__Enterocloster
724190db86ae08d12e995fd1df87e554	d__Bacteria;p__Bacillota;c__Clostridia;o__Peptostreptococcales-Tissierellales;f__Anaerovoracaceae;g__[Eubacterium]_sulci_group;s__	g__[Eubacterium]_sulci_group
a3e58f0885a53e822b3a5a444d9f18eb	d__Bacteria;p__Bacteroidota;c__Bacteroidia;o__Bacteroidales;f__Prevotellaceae;g__Prevotella;s__	g__Prevotella
7cc55c19799014f5dd4f248b84c6a390	d__Bacteria;p__Bacillota;c__Negativicutes;o__Veillonellales-Selenomonadales;f__Selenomonadaceae;g__Selenomonas;s__	g__Selenomonas
8b3563327ac8354ccc947ddcdd566701	d__Bacteria;p__Bacillota;c__Clostridia;o__Lachnospirales;f__Lachnospiraceae;g__Stomatobaculum;s__	g__Stomatobaculum
cbcc7b433fbb6f9630e358106625d13e	d__Bacteria;p__Bacteroidota;c__Bacteroidia;o__Bacteroidales;f__Prevotellaceae;g__Segatella;s__	g__Segatella
b679fddec3506821595dd2c915b07db1	d__Bacteria;p__Pseudomonadota;c__Alphaproteobacteria;o__Caulobacterales;f__Caulobacteraceae;g__Brevundimonas;s__	g__Brevundimonas
37020b47521b3745084f867b8c1f7bc3	d__Bacteria;p__Actinomycetota;c__Actinobacteria;o__Bifidobacteriales;f__Bifidobacteriaceae;g__Bifidobacterium;s__	g__Bifidobacterium
a50038bad2025296498f30093da07e0b	d__Bacteria;p__Pseudomonadota;c__Gammaproteobacteria;o__Burkholderiales;f__Oxalobacteraceae;g__Massilia;s__	g__Massilia
cc4e45bf60365c75e8cc93fd643d0492	d__Bacteria;p__Bacillota;c__Negativicutes;o__Veillonellales-Selenomonadales;f__Selenomonadaceae;g__Selenomonas;s__	g__Selenomonas
eb17cdb3b6a77837b24efce6e3a49cc2	d__Bacteria;p__Bacillota;c__Negativicutes;o__Veillonellales-Selenomonadales;f__Selenomonadaceae;g__Selenomonas;s__	g__Selenomonas
27e1477a25b8c4bd77257b5012d91335	d__Bacteria;p__Bacillota;c__Clostridia;o__Lachnospirales;f__Lachnospiraceae;g__Lachnoanaerobaculum;s__	g__Lachnoanaerobaculum
7ad5bea4acd4a7fa0f36626c0b171a30	d__Bacteria;p__Bacillota;c__Negativicutes;o__Veillonellales-Selenomonadales;f__Selenomonadaceae;g__Selenomonas;s__	g__Selenomonas
ab67b98446d3a234e38285052aebd2ae	d__Bacteria;p__Actinomycetota;c__Actinobacteria;o__Actinomycetales;f__Actinomycetaceae;g__Actinomyces;s__	g__Actinomyces
da7ac3b6d53731d08a8e13fd9d260c6b	d__Bacteria;p__Actinomycetota;c__Actinobacteria;o__Actinomycetales;f__Actinomycetaceae;g__Schaalia;s__	g__Schaalia
c1663573d28338d4bdde6362cfab6ed8	d__Bacteria;p__Bacteroidota;c__Bacteroidia;o__Flavobacteriales;f__Weeksellaceae;g__Bergeyella;s__	g__Bergeyella
4f8285827d64ed44a3a48f09c8deb2fb	d__Bacteria;p__Bacillota;c__Clostridia;o__Peptostreptococcales-Tissierellales;f__Family_XI;g__Peptoniphilus;s__	g__Peptoniphilus
691402f7a754ec748f38f1624ca528b5	d__Bacteria;p__Actinomycetota;c__Actinobacteria;o__Micrococcales;f__Dermabacteraceae;g__Brachybacterium;s__	g__Brachybacterium
72450a47f61f482c5cea74544ebab045	d__Bacteria;p__Bacteroidota;c__Bacteroidia;o__Bacteroidales;f__Prevotellaceae;g__Prevotella;s__	g__Prevotella
3bef8fa263abff3379558313331b7205	d__Bacteria;p__Fusobacteriota;c__Fusobacteriia;o__Fusobacteriales;f__Leptotrichiaceae;g__Pseudoleptotrichia;s__	g__Pseudoleptotrichia
65d49098ddce38e5db40cb84725f193b	d__Bacteria;p__Pseudomonadota;c__Gammaproteobacteria;o__Burkholderiales;f__Neisseriaceae;g__Eikenella;s__	g__Eikenella
b89f2bd056873ca76ba50092c21def31	d__Bacteria;p__Actinomycetota;c__Actinobacteria;o__Propionibacteriales;f__Nocardioidaceae;g__Nocardioides;s__	g__Nocardioides
65de290adc97e4a45421504691bcde4c	d__Bacteria;p__Pseudomonadota;c__Alphaproteobacteria;o__Caulobacterales;f__Caulobacteraceae;g__Phenylobacterium;s__	g__Phenylobacterium
792d226dfad589cb25623185e46bc30a	d__Bacteria;p__Bacteroidota;c__Bacteroidia;o__Bacteroidales;f__Prevotellaceae;g__Segatella;s__	g__Segatella
ef74f2c494844b34f9657c28628bc738	d__Bacteria;p__Bacillota;c__Clostridia;o__Lachnospirales;f__Lachnospiraceae;g__Anaerobutyricum;s__	g__Anaerobutyricum
f9a62a9e07d6f039689f94ba26553d65	d__Bacteria;p__Bacillota;c__Bacilli;o__Staphylococcales;f__Staphylococcaceae;g__Staphylococcus;s__	g__Staphylococcus
0d6a37eb326fdbb997f27780b406740d	d__Bacteria;p__Bacteroidota;c__Bacteroidia;o__Bacteroidales;f__Rikenellaceae;g__Rikenellaceae_RC9_gut_group;s__	g__Rikenellaceae_RC9_gut_group
d5efaef1c67fe453cfa5d6d2f8a68042	d__Bacteria;p__Pseudomonadota;c__Alphaproteobacteria;o__Rhodobacterales;f__Paracoccaceae;g__Paracoccus;s__	g__Paracoccus
343b4ce2b7fb31ac7c37bfff51bbbbd1	d__Bacteria;p__Actinomycetota;c__Coriobacteriia;o__Coriobacteriales;f__Eggerthellaceae;g__Slackia;s__	g__Slackia
5cba73c09a59a9d8fee873d1bca0828c	d__Bacteria;p__Bacillota;c__Negativicutes;o__Veillonellales-Selenomonadales;f__Selenomonadaceae;g__Selenomonas;s__	g__Selenomonas
5183ec6e79704daf5df2ec0e5b3aea8b	d__Bacteria;p__Bacteroidota;c__Bacteroidia;o__Bacteroidales;f__Prevotellaceae;g__Hoylesella;s__	g__Hoylesella
5931d3c7f46b862484802df94ddf55cd	d__Bacteria;p__Fusobacteriota;c__Fusobacteriia;o__Fusobacteriales;f__Leptotrichiaceae;g__Leptotrichia;s__	g__Leptotrichia
778f152882dbd10732c5278dad98ed11	d__Bacteria;p__Bacillota;c__Negativicutes;o__Veillonellales-Selenomonadales;f__Selenomonadaceae;g__Selenomonas;s__	g__Selenomonas
0bb543155b612df6be80da76efef1621	d__Bacteria;p__Actinomycetota;c__Actinobacteria;o__Mycobacteriales;f__Corynebacteriaceae;g__Corynebacterium;s__	g__Corynebacterium
a3a213d56d8452bf912ca32d8dc140e2	d__Bacteria;p__Bacillota;c__Negativicutes;o__Veillonellales-Selenomonadales;f__Veillonellaceae;g__Veillonella;s__	g__Veillonella
3d47410cb10d02faefcc790429aaea4a	d__Bacteria;p__Bacteroidota;c__Bacteroidia;o__Bacteroidales;f__Prevotellaceae;g__Segatella;s__	g__Segatella
bb6a1b70dda1452b72e0c7a5465c6c2d	d__Bacteria;p__Actinomycetota;c__Actinobacteria;o__Micrococcales;f__Brevibacteriaceae;g__Brevibacterium;s__	g__Brevibacterium
aa40fc4eacb22719c0198a2bf783a000	d__Bacteria;p__Bacteroidota;c__Bacteroidia;o__Bacteroidales;f__Prevotellaceae;g__Prevotella;s__	g__Prevotella
0ca1de0b0d71831974a9aa9516f27dfc	d__Bacteria;p__Pseudomonadota;c__Gammaproteobacteria;o__Lysobacterales;f__Lysobacteraceae;g__Stenotrophomonas;s__	g__Stenotrophomonas
8079023c17459826ca87414629f5b5a4	d__Bacteria;p__Bacteroidota;c__Bacteroidia;o__Bacteroidales;f__Prevotellaceae;g__Incertae_Sedis;s__	g__Incertae_Sedis
579db16824544fee85a9e8881e328885	d__Bacteria;p__Bacillota;c__Negativicutes;o__Veillonellales-Selenomonadales;f__Selenomonadaceae;g__Selenomonas;s__	g__Selenomonas
8246da9790ddf9f4d822a2082104f12a	d__Bacteria;p__Bacteroidota;c__Bacteroidia;o__Flavobacteriales;f__Flavobacteriaceae;g__Capnocytophaga;s__	g__Capnocytophaga
4038e7ad803307ca9da219523871a310	d__Bacteria;p__Bacillota;c__Negativicutes;o__Veillonellales-Selenomonadales;f__Selenomonadaceae;g__Selenomonas;s__	g__Selenomonas
fda62421165b888ba28a4c100362029b	d__Bacteria;p__Bacillota;c__Clostridia;o__Peptostreptococcales-Tissierellales;f__Peptostreptococcaceae;g__[Eubacterium]_yurii_group;s__	g__[Eubacterium]_yurii_group
fd4122f08f57b38e1d8f9122aae574e5	d__Bacteria;p__Synergistota;c__Synergistia;o__Synergistales;f__Synergistaceae;g__Fretibacterium;s__	g__Fretibacterium
e32fc05ce7315f1735252c0ecf992012	d__Bacteria;p__Pseudomonadota;c__Gammaproteobacteria;o__Salinisphaerales;f__Nevskiaceae;g__Nevskia;s__	g__Nevskia
b4325cdc5de5764062ea40efb7aafc3d	d__Bacteria;p__Spirochaetota;c__Spirochaetia;o__Spirochaetales;f__Spirochaetaceae;g__Treponema;s__	g__Treponema
1832ae74bc6ccfe7e32c3fdb9bbe4bd8	d__Bacteria;p__Fusobacteriota;c__Fusobacteriia;o__Fusobacteriales;f__Leptotrichiaceae;g__Pseudoleptotrichia;s__	g__Pseudoleptotrichia
61a31a3af5a1c02bc61a21dfacf011ce	d__Bacteria;p__Bacteroidota;c__Bacteroidia;o__Bacteroidales;f__Prevotellaceae;g__Segatella;s__	g__Segatella
0519ed95e3ceabb6677c7574de9f1a58	d__Bacteria;p__Bacteroidota;c__Bacteroidia;o__Bacteroidales;f__Tannerellaceae;g__Parabacteroides;s__	g__Parabacteroides
e58e0abb3f47f6db5b2f14c146e374d9	d__Bacteria;p__Bacteroidota;c__Bacteroidia;o__Bacteroidales;f__Prevotellaceae;g__Incertae_Sedis;s__	g__Incertae_Sedis
52aec4e42b4ca054f146fd33de521244	d__Bacteria;p__Actinomycetota;c__Actinobacteria;o__Mycobacteriales;f__Corynebacteriaceae;g__Corynebacterium;s__	g__Corynebacterium
f279158c2862fea6f94f0ff301cd367a	d__Bacteria;p__Pseudomonadota;c__Gammaproteobacteria;o__Burkholderiales;f__Neisseriaceae;g__Eikenella;s__	g__Eikenella
5e18738d9a92ac3a2ecf79adad6eea2e	d__Bacteria;p__Bacillota;c__Clostridia;o__Peptostreptococcales-Tissierellales;f__Anaerovoracaceae;g__Hornefia;s__	g__Hornefia
9352e570a182123f48d92df829d0fcf0	d__Bacteria;p__Bacillota;c__Bacilli;o__Erysipelotrichales;f__Erysipelatoclostridiaceae;g__Catenibacterium;s__	g__Catenibacterium
828f809ae595ad21e054ebd510a57426	d__Bacteria;p__Bacillota;c__Bacilli;o__Bacillales;f__Bacillaceae;g__Bacillus;s__	g__Bacillus
38066da3a32b928971aa49e6a5504d6d	d__Bacteria;p__Fusobacteriota;c__Fusobacteriia;o__Fusobacteriales;f__Leptotrichiaceae;g__Pseudoleptotrichia;s__	g__Pseudoleptotrichia
0a0814f61d925c35779af80a2bb86879	d__Bacteria;p__Bacillota;c__Negativicutes;o__Veillonellales-Selenomonadales;f__Veillonellaceae;g__Dialister;s__	g__Dialister
5ce650a9b120eca5d18a43fecdd133fc	d__Bacteria;p__Fusobacteriota;c__Fusobacteriia;o__Fusobacteriales;f__Leptotrichiaceae;g__Pseudoleptotrichia;s__	g__Pseudoleptotrichia
051669229be6fdf2b60f426395e42028	d__Bacteria;p__Fusobacteriota;c__Fusobacteriia;o__Fusobacteriales;f__Leptotrichiaceae;g__Leptotrichia;s__	g__Leptotrichia
46145d3e1edca9425e2b002dda332140	d__Bacteria;p__Pseudomonadota;c__Alphaproteobacteria;o__Hyphomicrobiales;f__Pleomorphomonadaceae;g__Chthonobacter;s__	g__Chthonobacter
5869f8b9ae6b4fb7d6157e8955ac505a	d__Bacteria;p__Bacillota;c__Bacilli;o__Brevibacillales;f__Brevibacillaceae;g__Brevibacillus;s__	g__Brevibacillus
8a4d866d436dd4753c80ea364c1677ee	d__Bacteria;p__Spirochaetota;c__Spirochaetia;o__Spirochaetales;f__Spirochaetaceae;g__Treponema;s__	g__Treponema
f4c7b8aff0a889b09c308468957ca988	d__Bacteria;p__Bacteroidota;c__Bacteroidia;o__Sphingobacteriales;f__Sphingobacteriaceae;g__Pedobacter;s__	g__Pedobacter
d71a332139ba298d3a4c02fa85483882	d__Bacteria;p__Bacillota;c__Negativicutes;o__Veillonellales-Selenomonadales;f__Veillonellaceae;g__Anaeroglobus;s__	g__Anaeroglobus
ab209dafceecfd4761392beb5e47fd27	d__Bacteria;p__Fusobacteriota;c__Fusobacteriia;o__Fusobacteriales;f__Leptotrichiaceae;g__Streptobacillus;s__	g__Streptobacillus
7102b4d4df96976788ad7df8343818b8	d__Bacteria;p__Bacteroidota;c__Bacteroidia;o__Bacteroidales;f__Prevotellaceae;g__Hoylesella;s__	g__Hoylesella
9c8fe4f590ed08b997a8ca49bb3bb647	d__Bacteria;p__Actinomycetota;c__Actinobacteria;o__Mycobacteriales;f__Nocardiaceae;g__Rhodococcus;s__	g__Rhodococcus
c234f298161ce6a2c941c7aa6105d50f	d__Bacteria;p__Bacillota;c__Bacilli;o__Bacillales;f__Bacillaceae;g__Bacillus;s__	g__Bacillus
56f64606e09e340fbc106ce82d571ed8	d__Bacteria;p__Bacillota;c__Bacilli;o__Brevibacillales;f__Brevibacillaceae;g__Brevibacillus;s__	g__Brevibacillus
739bad66819dcb54c2e672cd372d536f	d__Bacteria;p__Fusobacteriota;c__Fusobacteriia;o__Fusobacteriales;f__Leptotrichiaceae;g__Leptotrichia;s__	g__Leptotrichia
b7cc9e5c43461f4c376cd96f777319dd	d__Bacteria;p__Bacteroidota;c__Bacteroidia;o__Bacteroidales;f__Prevotellaceae;g__Prevotella;s__	g__Prevotella
e78b398df5dd107cec0c69bbb88307e9	d__Bacteria;p__Bacillota;c__Negativicutes;o__Veillonellales-Selenomonadales;f__Selenomonadaceae;g__Selenomonas;s__	g__Selenomonas
a2384fb19ec710984135aecd427794a5	d__Bacteria;p__Actinomycetota;c__Actinobacteria;o__Bifidobacteriales;f__Bifidobacteriaceae;g__Alloscardovia;s__	g__Alloscardovia
dfdf099b3d751e698b3231b4607e3f49	d__Bacteria;p__Actinomycetota;c__Actinobacteria;o__Actinomycetales;f__Actinomycetaceae;g__Schaalia;s__	g__Schaalia
d5388d445ac1d1293ea49ba61619a13c	d__Bacteria;p__Pseudomonadota;c__Alphaproteobacteria;o__Rhodobacterales;f__Paracoccaceae;g__Incertae_Sedis;s__	g__Incertae_Sedis
a8a85a39b353253ce68e687bf6c36e3e	d__Bacteria;p__Bacillota;c__Bacilli;o__Staphylococcales;f__Staphylococcaceae;g__Staphylococcus;s__	g__Staphylococcus
4dd5f90de65aa35367a08b3486017fdb	d__Bacteria;p__Bacillota;c__Negativicutes;o__Veillonellales-Selenomonadales;f__Selenomonadaceae;g__Selenomonas;s__	g__Selenomonas
4b0086a0b7484ee580af538b4f27031b	d__Bacteria;p__Bacillota;c__Clostridia;o__Peptostreptococcales-Tissierellales;f__Family_XI;g__Peptoniphilus;s__	g__Peptoniphilus
9d4d3f18452ecbc8c359ae9ab84c67ac	d__Bacteria;p__Campylobacterota;c__Campylobacteria;o__Campylobacterales;f__Campylobacteraceae;g__Campylobacter;s__	g__Campylobacter
6fccfd872b46e650eb693b1d2e80a363	d__Bacteria;p__Pseudomonadota;c__Gammaproteobacteria;o__Pseudomonadales;f__Moraxellaceae;g__Acinetobacter;s__	g__Acinetobacter
c27ad79848adcd406bf90804cb13ec9b	d__Bacteria;p__Pseudomonadota;c__Gammaproteobacteria;o__Enterobacterales;f__Enterobacteriaceae;g__Klebsiella;s__	g__Klebsiella
e6b701724e0bf31ddd9bc90006eaa611	d__Bacteria;p__Patescibacteria;c__Saccharimonadia;o__Saccharimonadales;f__Saccharimonadaceae;g__Candidatus_Saccharimonas;s__	g__Candidatus_Saccharimonas
5e8d9b9c95b6ebbfd7b6c4c5b0a03f49	d__Bacteria;p__Bacteroidota;c__Bacteroidia;o__Bacteroidales;f__Prevotellaceae;g__Incertae_Sedis;s__	g__Incertae_Sedis
60e0a40456ca4c81abab3d2095f1a2d3	d__Bacteria;p__Pseudomonadota;c__Alphaproteobacteria;o__Caulobacterales;f__Caulobacteraceae;g__Brevundimonas;s__	g__Brevundimonas
5d859ca6a7650c379310b94028a65bc2	d__Bacteria;p__Fusobacteriota;c__Fusobacteriia;o__Fusobacteriales;f__Fusobacteriaceae;g__Fusobacterium;s__	g__Fusobacterium
024d9465395fd0610e28d778e7401562	d__Bacteria;p__Pseudomonadota;c__Alphaproteobacteria;o__Rhodobacterales;f__Paracoccaceae;g__Paracoccus;s__	g__Paracoccus
4e97103edd5f6b644b759d75bea5bf7d	d__Bacteria;p__Bacillota;c__Bacilli;o__Erysipelotrichales;f__Erysipelotrichaceae;g__Erysipelothrix;s__	g__Erysipelothrix
57cd215225b39f47a6d8a65fd983b437	d__Bacteria;p__Bacteroidota;c__Bacteroidia;o__Bacteroidales;f__Prevotellaceae;g__Prevotella;s__	g__Prevotella
db74de4d5fe3c9dd1b5eef3e546d86d0	d__Bacteria;p__Fusobacteriota;c__Fusobacteriia;o__Fusobacteriales;f__Fusobacteriaceae;g__Fusobacterium;s__	g__Fusobacterium
2ee5f807f5e2bdc189e41fdb132f478d	d__Bacteria;p__Patescibacteria;c__Saccharimonadia;o__Saccharimonadales;f__Incertae_Sedis;g__Incertae_Sedis;s__	g__Incertae_Sedis
238fc992cfc9520bad4344999ced8ddb	d__Bacteria;p__Actinomycetota;c__Actinobacteria;o__Propionibacteriales;f__Propionibacteriaceae;g__Propionibacterium;s__	g__Propionibacterium
574577072b9c142d08ec9b01e5193bcb	d__Bacteria;p__Bacteroidota;c__Bacteroidia;o__Bacteroidales;f__Prevotellaceae;g__Prevotella;s__	g__Prevotella
bbb33ca9aef0123384134cd0b6feacc3	d__Bacteria;p__Bacteroidota;c__Bacteroidia;o__Bacteroidales;f__Prevotellaceae;g__Incertae_Sedis;s__	g__Incertae_Sedis
482a7af9a7b68732fba264db1b485e7e	d__Bacteria;p__Fusobacteriota;c__Fusobacteriia;o__Fusobacteriales;f__Leptotrichiaceae;g__Leptotrichia;s__	g__Leptotrichia
654b9658eebfc07e3a2877750c249366	d__Bacteria;p__Bacteroidota;c__Bacteroidia;o__Bacteroidales;f__Paludibacteraceae;g__F0058;s__	g__F0058
b91332e18dfc35c8006c31269a718a9a	d__Bacteria;p__Actinomycetota;c__Actinobacteria;o__Micrococcales;f__Dermabacteraceae;g__Brachybacterium;s__	g__Brachybacterium
2154ca4bd4a395e7edbf415eb331144f	d__Bacteria;p__Actinomycetota;c__Actinobacteria;o__Actinomycetales;f__Actinomycetaceae;g__Schaalia;s__	g__Schaalia
0a7243a320becc1058a6f66d0ecb40cc	d__Bacteria;p__Pseudomonadota;c__Gammaproteobacteria;o__Burkholderiales;f__Oxalobacteraceae;g__Massilia;s__	g__Massilia
60b12a66021e624697536071002eb346	d__Bacteria;p__Bacteroidota;c__Bacteroidia;o__Bacteroidales;f__Paludibacteraceae;g__Paludibacter;s__	g__Paludibacter
9823735c746d978959660b854740bf44	d__Bacteria;p__Actinomycetota;c__Actinobacteria;o__Micrococcales;f__Microbacteriaceae;g__Microbacterium;s__	g__Microbacterium
98f0f2995390cc0cde84cf251af59e52	d__Bacteria;p__Bacillota;c__Negativicutes;o__Veillonellales-Selenomonadales;f__Veillonellaceae;g__Veillonella;s__	g__Veillonella
a99c0ce6a4fa68f16d6bbb400eac1084	d__Bacteria;p__Bacillota;c__Clostridia;o__Lachnospirales;f__Lachnospiraceae;g__Howardella;s__	g__Howardella
bb85bba6b334e5c04835377817dbaf8f	d__Bacteria;p__Bacteroidota;c__Bacteroidia;o__Bacteroidales;f__Bacteroidaceae;g__Bacteroides;s__	g__Bacteroides
176af46a004c04175314b4ac8912268e	d__Bacteria;p__Bacteroidota;c__Bacteroidia;o__Bacteroidales;f__Prevotellaceae;g__Segatella;s__	g__Segatella
fe9f36f554d04e2cf19a66d1a30c9945	d__Bacteria;p__Pseudomonadota;c__Gammaproteobacteria;o__Burkholderiales;f__Comamonadaceae;g__Hydrogenophaga;s__	g__Hydrogenophaga
3fcece66cb6c435d6b6becb3ddecffc0	d__Bacteria;p__Actinomycetota;c__Actinobacteria;o__Actinomycetales;f__Actinomycetaceae;g__Schaalia;s__	g__Schaalia
015a2295ae1716e4be66954d04efed99	d__Bacteria;p__Bacteroidota;c__Bacteroidia;o__Bacteroidales;f__Prevotellaceae;g__Prevotella;s__	g__Prevotella
3f3281da9a3efec969ebd1af7c528545	d__Bacteria;p__Actinomycetota;c__Actinobacteria;o__Micrococcales;f__Micrococcaceae;g__Micrococcus;s__	g__Micrococcus
3a478931b12e27b06ee91657e6bfbc15	d__Bacteria;p__Bacteroidota;c__Bacteroidia;o__Bacteroidales;f__Prevotellaceae;g__Segatella;s__	g__Segatella
e5fdaacebf836b2ff2b78853a272e344	d__Bacteria;p__Bacteroidota;c__Bacteroidia;o__Bacteroidales;f__Prevotellaceae;g__Prevotella;s__	g__Prevotella
16684adccf4a4d35facc56a79870aaa9	d__Bacteria;p__Bacillota;c__Bacilli;o__Erysipelotrichales;f__Erysipelatoclostridiaceae;g__Thomasclavelia;s__	g__Thomasclavelia
16ac4c5c39b45dd0cc493df9cd85be0b	d__Bacteria;p__Bacteroidota;c__Bacteroidia;o__Bacteroidales;f__Prevotellaceae;g__Prevotella;s__	g__Prevotella
793e7940836d340745bc3ebb18588a38	d__Bacteria;p__Pseudomonadota;c__Alphaproteobacteria;o__Rhodobacterales;f__Paracoccaceae;g__Paracoccus;s__	g__Paracoccus
02014c4dc74af5c4e3d98a58415b712a	d__Bacteria;p__Campylobacterota;c__Campylobacteria;o__Campylobacterales;f__Campylobacteraceae;g__Campylobacter;s__	g__Campylobacter
5e10aeed4faf64358cdb04c7331c688d	d__Bacteria;p__Bacillota;c__Negativicutes;o__Veillonellales-Selenomonadales;f__Selenomonadaceae;g__Selenomonas;s__	g__Selenomonas
31c0cc5d0093f1046025254c7461837c	d__Bacteria;p__Bacillota;c__Negativicutes;o__Veillonellales-Selenomonadales;f__Selenomonadaceae;g__Selenomonas;s__	g__Selenomonas
8c93bc0efa4a075f07b31cf379b20e6e	d__Bacteria;p__Pseudomonadota;c__Gammaproteobacteria;o__Enterobacterales;f__Morganellaceae;g__Morganella;s__	g__Morganella
6a84b87f91a1a27af44223cd5c596289	d__Bacteria;p__Bacteroidota;c__Bacteroidia;o__Bacteroidales;f__Prevotellaceae;g__Alloprevotella;s__	g__Alloprevotella
ac334ffac26f28dffaca8d649c05c700	d__Bacteria;p__Bacteroidota;c__Bacteroidia;o__Sphingobacteriales;f__Lentimicrobiaceae;g__Lentimicrobium;s__	g__Lentimicrobium
8565809e8ec077cd71ded9633bde2870	d__Bacteria;p__Actinomycetota;c__Actinobacteria;o__Mycobacteriales;f__Corynebacteriaceae;g__Corynebacterium;s__	g__Corynebacterium
838a89ecf529069cc8fc573152819136	d__Bacteria;p__Pseudomonadota;c__Gammaproteobacteria;o__Lysobacterales;f__Lysobacteraceae;g__Thermomonas;s__	g__Thermomonas
998ab327bfd3c9e86be4ef3a9bc073eb	d__Bacteria;p__Patescibacteria;c__Saccharimonadia;o__Saccharimonadales;f__Incertae_Sedis;g__Incertae_Sedis;s__	g__Incertae_Sedis
8613782744f5f22f33414663a4ea51f7	d__Bacteria;p__Pseudomonadota;c__Alphaproteobacteria;o__Rhodobacterales;f__Paracoccaceae;g__Paracoccus;s__	g__Paracoccus
98600313c1c0708249c6fab2ae6015a6	d__Bacteria;p__Bacillota;c__Negativicutes;o__Veillonellales-Selenomonadales;f__Selenomonadaceae;g__Selenomonas;s__	g__Selenomonas
e2b504d4626c82975ca7ae8d285e965c	d__Bacteria;p__Patescibacteria;c__Saccharimonadia;o__Saccharimonadales;f__Incertae_Sedis;g__Incertae_Sedis;s__	g__Incertae_Sedis
45043e00fd9cd563bac3608c9ecaf02a	d__Bacteria;p__Bacillota;c__Clostridia;o__Lachnospirales;f__Lachnospiraceae;g__Shuttleworthia;s__	g__Shuttleworthia
2bbb1ea3c205bc3f140e21b8b2150739	d__Bacteria;p__Patescibacteria;c__Saccharimonadia;o__Saccharimonadales;f__Saccharimonadaceae;g__Incertae_Sedis;s__	g__Incertae_Sedis
12f4e84cb0d228f935579fd6f0594224	d__Bacteria;p__Bacillota;c__Negativicutes;o__Veillonellales-Selenomonadales;f__Selenomonadaceae;g__Selenomonas;s__	g__Selenomonas
0973b03193c86abf09519bae2cb4ce62	d__Bacteria;p__Bacillota;c__Clostridia;o__Peptostreptococcales-Tissierellales;f__Anaerovoracaceae;g__[Eubacterium]_saphenum_group;s__	g__[Eubacterium]_saphenum_group
d95d66ae186a8eaf2a1254c82224290a	d__Bacteria;p__Patescibacteria;c__Saccharimonadia;o__Saccharimonadales;f__Saccharimonadaceae;g__TM7x;s__	g__TM7x
fa4cc63ad359d00b8059426e371bc57c	d__Bacteria;p__Bacillota;c__Clostridia;o__Lachnospirales;f__Lachnospiraceae;g__Johnsonella;s__	g__Johnsonella
2ba35dbd1a0c931fa581e3ace45a48e7	d__Bacteria;p__Spirochaetota;c__Spirochaetia;o__Spirochaetales;f__Spirochaetaceae;g__Treponema;s__	g__Treponema
c0b1509ed9dd5b69ad481b0797406fd9	d__Bacteria;p__Bacteroidota;c__Bacteroidia;o__Bacteroidales;f__Prevotellaceae;g__Segatella;s__	g__Segatella
d207b6552c8534c2d8285691b38dff4d	d__Bacteria;p__Bacillota;c__Negativicutes;o__Veillonellales-Selenomonadales;f__Selenomonadaceae;g__Selenomonas;s__	g__Selenomonas
ecaae7fa9d1d5b6df4f63d59315a2305	d__Bacteria;p__Actinomycetota;c__Actinobacteria;o__Micrococcales;f__Microbacteriaceae	Unclassified
838bb4ac1f1c281671fd79c8f3ed6e81	d__Bacteria;p__Actinomycetota;c__Actinobacteria;o__Actinomycetales;f__Actinomycetaceae;g__Actinomyces;s__	g__Actinomyces
37079495e2ac2d2e36b82a49679680cc	d__Bacteria;p__Bacteroidota;c__Bacteroidia;o__Bacteroidales;f__Prevotellaceae;g__Prevotella;s__	g__Prevotella
ee92d1a909ed5e2aee3f074851316312	d__Bacteria;p__Bacillota;c__Negativicutes;o__Veillonellales-Selenomonadales;f__Selenomonadaceae;g__Selenomonas;s__	g__Selenomonas
05fafcc76412edec77c53f7dce960fc5	d__Bacteria;p__Actinomycetota;c__Actinobacteria;o__Propionibacteriales;f__Propionibacteriaceae;g__Cutibacterium;s__	g__Cutibacterium
c6d08203ce1e9da2df6654d7a8f7af60	d__Bacteria;p__Bacillota;c__Clostridia;o__Peptostreptococcales-Tissierellales;f__Anaerovoracaceae;g__[Eubacterium]_sulci_group;s__	g__[Eubacterium]_sulci_group
34e080b26a712ec296c74190e58eced3	d__Bacteria;p__Bacteroidota;c__Bacteroidia;o__Bacteroidales;f__Prevotellaceae;g__Incertae_Sedis;s__	g__Incertae_Sedis
615e98f95754768b3a97483cecdf7830	d__Bacteria;p__Pseudomonadota;c__Gammaproteobacteria;o__Pseudomonadales;f__Moraxellaceae;g__Acinetobacter;s__	g__Acinetobacter
3981d9783fe1e9e6c7c6cbd4c0db84d6	d__Bacteria;p__Actinomycetota;c__Actinobacteria;o__Mycobacteriales;f__Corynebacteriaceae;g__Lawsonella;s__	g__Lawsonella
9f24dcf984cfa45ef1ca3f1efbe0d9f0	d__Bacteria;p__Bacillota;c__Bacilli;o__Lactobacillales;f__Aerococcaceae;g__Abiotrophia;s__	g__Abiotrophia
c287da853235f9a98089163fdca87226	d__Bacteria;p__Bacillota;c__Clostridia;o__Lachnospirales;f__Lachnospiraceae;g__Coprococcus;s__	g__Coprococcus
8233f70d6fe7241eefac532e99475311	d__Bacteria;p__Bacteroidota;c__Bacteroidia;o__Flavobacteriales;f__Weeksellaceae;g__Cloacibacterium;s__	g__Cloacibacterium
4c7a497eca1fa3081f152adbbce602fb	d__Bacteria;p__Pseudomonadota;c__Gammaproteobacteria;o__Burkholderiales;f__Comamonadaceae;g__Delftia;s__	g__Delftia
da442268e6c7c6edebda4cefe2db70c6	d__Bacteria;p__Spirochaetota;c__Spirochaetia;o__Spirochaetales;f__Spirochaetaceae;g__Treponema;s__	g__Treponema
5481dfdbd4ad1bf5077fb6b7080671e4	d__Bacteria;p__Actinomycetota;c__Actinobacteria;o__Micrococcales;f__Dermacoccaceae;g__Kytococcus;s__	g__Kytococcus
906d0229f80de8ef048439f7918baf41	d__Bacteria;p__Bacillota;c__Negativicutes;o__Veillonellales-Selenomonadales;f__Selenomonadaceae;g__Selenomonas;s__	g__Selenomonas
a9e2932002ec18ad07e6910e6b1585f7	d__Bacteria;p__Fusobacteriota;c__Fusobacteriia;o__Fusobacteriales;f__Fusobacteriaceae;g__Fusobacterium;s__	g__Fusobacterium
a18ae96ecc8bf88e0ecb6595225bba01	d__Bacteria;p__Bacteroidota;c__Bacteroidia;o__Bacteroidales;f__Prevotellaceae;g__Prevotella;s__	g__Prevotella
a27821bc364e7a97cde1285c81820aa8	d__Bacteria;p__Pseudomonadota;c__Gammaproteobacteria;o__Enterobacterales;f__Pasteurellaceae;g__Haemophilus;s__	g__Haemophilus
ef80ceb39bacd0e35ebfd6239e233fda	d__Bacteria;p__Bacteroidota;c__Bacteroidia;o__Bacteroidales;f__Prevotellaceae;g__Segatella;s__	g__Segatella
71f2d707d77bec299bc82a4335a2aee8	d__Bacteria;p__Bacillota;c__Negativicutes;o__Veillonellales-Selenomonadales;f__Veillonellaceae;g__Megasphaera;s__	g__Megasphaera
96685252bfd802c46760d1b7df3940bb	d__Bacteria;p__Actinomycetota;c__Actinobacteria;o__Actinomycetales;f__Actinomycetaceae;g__Schaalia;s__	g__Schaalia
83c60d6c4ace976c16b54d41b14692b6	d__Bacteria;p__Patescibacteria;c__Saccharimonadia;o__Saccharimonadales;f__Incertae_Sedis;g__Incertae_Sedis;s__	g__Incertae_Sedis
580a11993399ebc06494e61e70a90137	d__Bacteria;p__Actinomycetota;c__Actinobacteria;o__Micrococcales;f__Micrococcaceae;g__Micrococcus;s__	g__Micrococcus
5edfe6d85aeed8b9cac1de662cee6a01	d__Bacteria;p__Actinomycetota;c__Actinobacteria;o__Micrococcales;f__Dermabacteraceae;g__Brachybacterium;s__	g__Brachybacterium
30bff4eb2387f1a62608012f272bc731	d__Bacteria;p__Bacillota;c__Negativicutes;o__Veillonellales-Selenomonadales;f__Veillonellaceae;g__Veillonella;s__	g__Veillonella
9fd944b60ec63ff4c85b3da3ebd73b10	d__Bacteria;p__Bacteroidota;c__Bacteroidia;o__Bacteroidales;f__Prevotellaceae;g__Segatella;s__	g__Segatella
572be56789b840dc21f0dfad380396b3	d__Bacteria;p__Bacteroidota;c__Bacteroidia;o__Bacteroidales;f__Bacteroidaceae;g__Bacteroides;s__	g__Bacteroides
8df3bed50da4808fc50b9f4f02892225	d__Bacteria;p__Pseudomonadota;c__Gammaproteobacteria;o__Enterobacterales;f__Pasteurellaceae;g__Aggregatibacter;s__	g__Aggregatibacter
a4583bbe687287bbc5d9f41058cd1eab	d__Bacteria;p__Bacillota;c__Clostridia;o__Oscillospirales;f__Ruminococcaceae;g__Ruminococcus;s__	g__Ruminococcus
0e593b1d3ba894dd8bab44a470a214fe	d__Bacteria;p__Actinomycetota;c__Actinobacteria;o__Micrococcales;f__Demequinaceae;g__Demequina;s__	g__Demequina
c1721e0170ecc339dfe35765db95994d	d__Bacteria;p__Bacillota;c__Negativicutes;o__Veillonellales-Selenomonadales;f__Veillonellaceae;g__Veillonella;s__	g__Veillonella
3dbec2e62ff483112040fa14c1109625	d__Bacteria;p__Bacillota;c__Bacilli;o__Mycoplasmatales;f__Mycoplasmataceae;g__Mycoplasma;s__	g__Mycoplasma
e93602091947ce6c72f4e993896f874b	d__Bacteria;p__Bacillota;c__Bacilli;o__Paenibacillales;f__Paenibacillaceae;g__Ammoniphilus;s__	g__Ammoniphilus
1da5afef50f3bd2d81ede9b92025d6de	d__Bacteria;p__Bacteroidota;c__Bacteroidia;o__Bacteroidales;f__Bacteroidaceae;g__Bacteroides;s__	g__Bacteroides
9b37df497daf1a587bbcff176166b04d	d__Bacteria;p__Fusobacteriota;c__Fusobacteriia;o__Fusobacteriales;f__Leptotrichiaceae;g__Pseudoleptotrichia;s__	g__Pseudoleptotrichia
3c5d26eb5572a266d0bb8ee8d2e87536	d__Bacteria;p__Bacillota;c__Bacilli;o__Bacillales;f__Bacillaceae;g__Metabacillus;s__	g__Metabacillus
a3d8762b2c203a316e4b3349d687f1e3	d__Bacteria;p__Bacillota;c__Clostridia;o__Lachnospirales;f__Lachnospiraceae;g__Extibacter;s__	g__Extibacter
b1668015736f4100967e6c398b5e2692	d__Bacteria;p__Fusobacteriota;c__Fusobacteriia;o__Fusobacteriales;f__Leptotrichiaceae;g__Pseudoleptotrichia;s__	g__Pseudoleptotrichia
f5dfb569e39ea048dc57cafa93e696c9	d__Bacteria;p__Bacillota;c__Negativicutes;o__Veillonellales-Selenomonadales;f__Selenomonadaceae;g__Selenomonas;s__	g__Selenomonas
4067bceac4b163c36c144da9b79ee55d	d__Bacteria;p__Pseudomonadota;c__Gammaproteobacteria;o__Pseudomonadales;f__Moraxellaceae;g__Acinetobacter;s__	g__Acinetobacter
1e9d9747d18532851cd2e82bd44b08c0	d__Bacteria;p__Fusobacteriota;c__Fusobacteriia;o__Fusobacteriales;f__Leptotrichiaceae;g__Pseudoleptotrichia;s__	g__Pseudoleptotrichia
99e678a795cc52434bc164a15c986d3e	d__Bacteria;p__Actinomycetota;c__Actinobacteria;o__Mycobacteriales;f__Corynebacteriaceae;g__Corynebacterium;s__	g__Corynebacterium
9700a6c07b3055ed86aeaacc1b58a776	d__Bacteria;p__Bacillota;c__Bacilli;o__Lactobacillales;f__Carnobacteriaceae;g__Granulicatella;s__	g__Granulicatella
41b2ad25f613d5aa31a2e56510b71cf5	d__Bacteria;p__Pseudomonadota;c__Gammaproteobacteria;o__Burkholderiales;f__Oxalobacteraceae;g__Massilia;s__	g__Massilia
0584b045912c57a3a6fa8efad49276aa	d__Bacteria;p__Bacillota;c__Bacilli;o__Staphylococcales;f__Staphylococcaceae;g__Staphylococcus;s__	g__Staphylococcus
5a35b0adc0bee70b84282a236719125a	d__Bacteria;p__Bacillota;c__Negativicutes;o__Veillonellales-Selenomonadales;f__Selenomonadaceae;g__Selenomonas;s__	g__Selenomonas
2c074bde272810863e747057e37dc782	d__Bacteria;p__Bacteroidota;c__Bacteroidia;o__Bacteroidales;f__Prevotellaceae;g__Hoylesella;s__	g__Hoylesella
2336aaac07ae7d6c99126869c4224a3d	d__Bacteria;p__Bacillota;c__Bacilli;o__Staphylococcales;f__Gemellaceae;g__Gemella;s__	g__Gemella
3ee87a30de22b9c0ff1828711bb29078	d__Bacteria;p__Pseudomonadota;c__Alphaproteobacteria;o__Sphingomonadales;f__Sphingomonadaceae;g__Sphingomonas;s__	g__Sphingomonas
ca82f775fc867debc11e348b042925e0	d__Bacteria;p__Spirochaetota;c__Spirochaetia;o__Spirochaetales;f__Spirochaetaceae;g__Treponema;s__	g__Treponema
8cfc4522912394e0b480c465f65c8a1f	d__Bacteria;p__Pseudomonadota;c__Gammaproteobacteria;o__Burkholderiales;f__Oxalobacteraceae;g__Massilia;s__	g__Massilia
2642b8121f6b0765759a1ec044fc010b	d__Bacteria;p__Bacteroidota;c__Bacteroidia;o__Flavobacteriales;f__Weeksellaceae;g__Cloacibacterium;s__	g__Cloacibacterium
7af00553e37e4d72ae3a5e2196d9085d	d__Bacteria;p__Bacteroidota;c__Bacteroidia;o__Bacteroidales;f__Prevotellaceae;g__Prevotella;s__	g__Prevotella
bb3af2240ee76914154813b503ffa0dd	d__Bacteria;p__Actinomycetota;c__Actinobacteria;o__Actinomycetales;f__Actinomycetaceae;g__Schaalia;s__	g__Schaalia
c0b18d6459fdef542bdd232b35f81a14	d__Bacteria;p__Bacteroidota;c__Bacteroidia;o__Flavobacteriales;f__Weeksellaceae;g__Bergeyella;s__	g__Bergeyella
b5f7888432623a0d4f4f1a1478a35d3e	d__Bacteria;p__Actinomycetota;c__Actinobacteria;o__Mycobacteriales;f__Corynebacteriaceae;g__Corynebacterium;s__	g__Corynebacterium
71f97bea4c0ec16a8e212311ddc15b67	d__Bacteria;p__Bacillota;c__Clostridia;o__Peptostreptococcales-Tissierellales;f__Anaerovoracaceae;g__[Eubacterium]_saphenum_group;s__	g__[Eubacterium]_saphenum_group
c96ea72b875f8823798f69446347bb60	d__Bacteria;p__Bacillota;c__Negativicutes;o__Veillonellales-Selenomonadales;f__Selenomonadaceae;g__Selenomonas;s__	g__Selenomonas
51ca56fe5f6074015fd65e6410ee7f2f	d__Bacteria;p__Pseudomonadota;c__Gammaproteobacteria;o__Enterobacterales;f__Pasteurellaceae;g__Aggregatibacter;s__	g__Aggregatibacter
af9a11d809d6b7077e8b0ffd391dcd55	d__Bacteria;p__Bacillota;c__Clostridia;o__Lachnospirales;f__Lachnospiraceae;g__Extibacter;s__	g__Extibacter
7c883cfb7222a4b5d60e4a942d3dcfe2	d__Bacteria;p__Actinomycetota;c__Actinobacteria;o__Micrococcales;f__Micrococcaceae;g__Rothia;s__	g__Rothia
a39cf6bcff0b89605ac76a80a58aa7ee	d__Bacteria;p__Bacteroidota;c__Bacteroidia;o__Flavobacteriales;f__Weeksellaceae;g__Chryseobacterium;s__	g__Chryseobacterium
461811630efb6f80b0c1153896c32575	d__Bacteria;p__Bacillota;c__Bacilli;o__Paenibacillales;f__Paenibacillaceae;g__Paenibacillus;s__	g__Paenibacillus
72a33e9f05e635a778f4af9eb928b460	d__Bacteria;p__Actinomycetota;c__Actinobacteria;o__Actinomycetales;f__Actinomycetaceae;g__Actinomyces;s__	g__Actinomyces
bd4f7358dab73b126966a2fb67e8b5ba	d__Bacteria;p__Bacteroidota;c__Bacteroidia;o__Bacteroidales;f__Bacteroidaceae;g__Bacteroides;s__	g__Bacteroides
b6181754e235bdbb1d792c568a85c2bd	d__Bacteria;p__Bacteroidota;c__Bacteroidia;o__Bacteroidales;f__Prevotellaceae;g__Hoylesella;s__	g__Hoylesella
dfefecb54f6a00a2878e2300a70c7382	d__Bacteria;p__Bacteroidota;c__Bacteroidia;o__Flavobacteriales;f__Weeksellaceae;g__Chryseobacterium;s__	g__Chryseobacterium
d4fb9fc581b592f21e572cbe30013ef1	d__Bacteria;p__Fusobacteriota;c__Fusobacteriia;o__Fusobacteriales;f__Fusobacteriaceae;g__Fusobacterium;s__	g__Fusobacterium
e4b61dc1f80f592abb48581f846699df	d__Bacteria;p__Bacillota;c__Clostridia;o__Peptostreptococcales-Tissierellales;f__Family_XI;g__Incertae_Sedis;s__	g__Incertae_Sedis
78f35aba5c124fb3edd3e7f6fc07bd2e	d__Bacteria;p__Bacteroidota;c__Bacteroidia;o__Bacteroidales;f__Prevotellaceae;g__Hoylesella;s__	g__Hoylesella
1075d706c27a86cefc7c381be5c82b6e	d__Bacteria;p__Bacteroidota;c__Bacteroidia;o__Bacteroidales;f__Prevotellaceae;g__Hoylesella;s__	g__Hoylesella
b808c77a4162a51414a4344eba91c280	d__Bacteria;p__Bacteroidota;c__Bacteroidia;o__Bacteroidales;f__F082;g__Incertae_Sedis;s__	g__Incertae_Sedis
5cc8c6a8543dac5a0ff64154c822964e	d__Bacteria;p__Bacillota;c__Negativicutes;o__Veillonellales-Selenomonadales;f__Selenomonadaceae;g__Selenomonas;s__	g__Selenomonas
6ac094a1b2149cbdc3e2af6af9de5d6f	d__Bacteria;p__Bacillota;c__Negativicutes;o__Veillonellales-Selenomonadales;f__Selenomonadaceae;g__Megamonas;s__	g__Megamonas
81faaa92f5dd84af2143b671a9514426	d__Bacteria;p__Actinomycetota;c__Actinobacteria;o__Actinomycetales;f__Actinomycetaceae;g__Actinomyces;s__	g__Actinomyces
80220ce3584080d76e7d0228d389d94f	d__Bacteria;p__Cyanobacteriota;c__Cyanobacteriia;o__Cyanobacteriales;f__Incertae_Sedis;g__Incertae_Sedis;s__	g__Incertae_Sedis
cbc0c30fb9f8a01dfeadbf1688c38683	d__Bacteria;p__Campylobacterota;c__Campylobacteria;o__Campylobacterales;f__Arcobacteraceae;g__Arcobacter;s__	g__Arcobacter
0d5d819852db373f5e716631cd45a195	d__Bacteria;p__Bacillota;c__Clostridia;o__Peptostreptococcales-Tissierellales;f__Family_XI;g__Ezakiella;s__	g__Ezakiella
f5969603b7333a995433f6b5b2330090	d__Bacteria;p__Bacillota;c__Clostridia;o__Peptostreptococcales-Tissierellales;f__Family_XI;g__Peptoniphilus;s__	g__Peptoniphilus
b692c11008ae4af1c51e1a89c5195dc8	d__Bacteria;p__Actinomycetota;c__Actinobacteria;o__Propionibacteriales;f__Propionibacteriaceae;g__Cutibacterium;s__	g__Cutibacterium
146b0780721a6c351b9246264906cc13	d__Bacteria;p__Bacillota;c__Negativicutes;o__Veillonellales-Selenomonadales;f__Selenomonadaceae;g__Megamonas;s__	g__Megamonas
8ca5821de1f2af154935a9fbd5ddf46d	d__Bacteria;p__Actinomycetota;c__Coriobacteriia;o__Coriobacteriales;f__Eggerthellaceae;g__Cryptobacterium;s__	g__Cryptobacterium
0decc952ab10b2cd7dabbdbedd204625	d__Bacteria;p__Bacillota;c__Clostridia;o__Peptostreptococcales-Tissierellales;f__Anaerovoracaceae;g__Mogibacterium;s__	g__Mogibacterium
48a4cd9d8271823665893457c555acf5	d__Bacteria;p__Bacillota;c__Clostridia;o__Lachnospirales;f__Lachnospiraceae;g__Incertae_Sedis;s__	g__Incertae_Sedis
e95f51b351f2993458cd8fe8a4e5d48c	d__Bacteria;p__Pseudomonadota;c__Alphaproteobacteria;o__Sphingomonadales;f__Sphingomonadaceae;g__Altererythrobacter;s__	g__Altererythrobacter
4ef1d8d77acfe6dfe01fda65aca17041	d__Bacteria;p__Bacillota;c__Negativicutes;o__Veillonellales-Selenomonadales;f__Veillonellaceae;g__Dialister;s__	g__Dialister
8e58987e969e8abc3cd01850bb2d8b76	d__Bacteria;p__Pseudomonadota;c__Gammaproteobacteria;o__Enterobacterales;f__Pasteurellaceae;g__Haemophilus;s__	g__Haemophilus
fdcaaaf497d55ad95c741bea904864bb	d__Bacteria;p__Bacillota;c__Clostridia;o__Lachnospirales;f__Defluviitaleaceae;g__Defluviitaleaceae_UCG-011;s__	g__Defluviitaleaceae_UCG-011
16cb8b02798a8b642d5e6848fc3bc4f5	d__Bacteria;p__Bacillota;c__Bacilli;o__Paenibacillales;f__Paenibacillaceae;g__Paenibacillus;s__	g__Paenibacillus
766cf74b47d8bcb453fa5d911b71b819	d__Bacteria;p__Bacillota;c__Clostridia;o__Peptostreptococcales-Tissierellales;f__Peptostreptococcaceae;g__Peptostreptococcus;s__	g__Peptostreptococcus
394cb85a4f7422ed46984e7118e06db7	d__Bacteria;p__Bacteroidota;c__Bacteroidia;o__Bacteroidales;f__Tannerellaceae;g__Tannerella;s__	g__Tannerella
60b21b6529df8618e3e0daa09e8e38f0	d__Bacteria;p__Bacteroidota;c__Bacteroidia;o__Cytophagales;f__Spirosomataceae;g__Dyadobacter;s__	g__Dyadobacter
3f2a7e8a2c63a396ec19b18bea45e883	d__Bacteria;p__Bacteroidota;c__Bacteroidia;o__Flavobacteriales;f__Weeksellaceae;g__Cloacibacterium;s__	g__Cloacibacterium
66ebf9d266f05f16f1896d81fd2c5402	d__Bacteria;p__Bacillota;c__Bacilli;o__Bacillales;f__Bacillaceae;g__Bacillus;s__	g__Bacillus
bcb06056690de5dc482d033f9df9f379	d__Bacteria;p__Bacteroidota;c__Bacteroidia;o__Sphingobacteriales;f__Lentimicrobiaceae;g__Lentimicrobium;s__	g__Lentimicrobium
2db5ff795ad81b820216c1b79a1df48a	d__Bacteria;p__Bacillota;c__Clostridia;o__Lachnospirales;f__Lachnospiraceae;g__Coprococcus;s__	g__Coprococcus
daeaca69af6a13fbef7db9fd858f47f5	d__Bacteria;p__Bacillota;c__Negativicutes;o__Veillonellales-Selenomonadales;f__Veillonellaceae;g__Veillonella;s__	g__Veillonella
d382be1248895d04a59e9eaf6984de19	d__Bacteria;p__Pseudomonadota;c__Alphaproteobacteria;o__Sphingomonadales;f__Sphingomonadaceae;g__Qipengyuania;s__	g__Qipengyuania
c2a91dbc1fc2b4bc47b3e7b3c69f8171	d__Bacteria;p__Pseudomonadota;c__Alphaproteobacteria;o__Sphingomonadales;f__Sphingomonadaceae;g__Sphingomonas;s__	g__Sphingomonas
849c8179a62919a1b5c4766d089df22c	d__Bacteria;p__Pseudomonadota;c__Alphaproteobacteria;o__Rhodobacterales;f__Paracoccaceae;g__Paracoccus;s__	g__Paracoccus
e25d6100d06044795e1dc8e28baaa32e	d__Bacteria;p__Actinomycetota;c__Actinobacteria;o__Actinomycetales;f__Actinomycetaceae;g__Schaalia;s__	g__Schaalia
400ef329b2c43b49217289537bb77633	d__Bacteria;p__Bacillota;c__Clostridia;o__Lachnospirales;f__Lachnospiraceae;g__Blautia;s__	g__Blautia
b2d06876a876d2e5a1e33e5152af1af5	d__Bacteria;p__Bacillota;c__Bacilli;o__Bacillales;f__Planococcaceae;g__Chryseomicrobium;s__	g__Chryseomicrobium
80ce3b976a60524ad7b0a47566a8431b	d__Bacteria;p__Bacteroidota;c__Bacteroidia;o__Bacteroidales;f__Prevotellaceae;g__Hoylesella;s__	g__Hoylesella
0acb22187523eed169737b623b90be01	d__Bacteria;p__Bacillota;c__Negativicutes;o__Veillonellales-Selenomonadales;f__Selenomonadaceae;g__Selenomonas;s__	g__Selenomonas
212c2df81fe7c7d037f580a9838de5f9	d__Bacteria;p__Pseudomonadota;c__Gammaproteobacteria;o__Burkholderiales;f__Comamonadaceae;g__Acidovorax;s__	g__Acidovorax
6a57339163b1db2da81ab332dc9b1823	d__Bacteria;p__Bacillota;c__Clostridia;o__Oscillospirales;f__[Eubacterium]_coprostanoligenes_group;g__Incertae_Sedis;s__	g__Incertae_Sedis
32b6e029a2a5a41dbb64fd570c4be740	d__Bacteria;p__Bacillota;c__Bacilli;o__Lactobacillales;f__Carnobacteriaceae;g__Granulicatella;s__	g__Granulicatella
1e546c003b6fedce9f5186bb5a68af0d	d__Bacteria;p__Pseudomonadota;c__Gammaproteobacteria;o__Enterobacterales;f__Pasteurellaceae;g__Haemophilus;s__	g__Haemophilus
9431735e86cc35dc71c586b5d8280f47	d__Bacteria;p__Bacteroidota;c__Bacteroidia;o__Bacteroidales;f__Prevotellaceae;g__Alloprevotella;s__	g__Alloprevotella
3388926998c1531d93394876b6b3370c	d__Bacteria;p__Deinococcota;c__Deinococci;o__Deinococcales;f__Deinococcaceae;g__Deinococcus;s__	g__Deinococcus
7d44a545cecc0bcd22af16fdda8654a9	d__Bacteria;p__Bacteroidota;c__Bacteroidia;o__Flavobacteriales;f__Flavobacteriaceae;g__Capnocytophaga;s__	g__Capnocytophaga
1922a3b3c999d50facde4d99df21de69	d__Bacteria;p__Spirochaetota;c__Spirochaetia;o__Spirochaetales;f__Spirochaetaceae;g__Treponema;s__	g__Treponema
0aac0678d87883c933351355735a7ece	d__Bacteria;p__Actinomycetota;c__Coriobacteriia;o__Coriobacteriales;f__Atopobiaceae;g__Lancefieldella;s__	g__Lancefieldella
2fa5f8208c269b9a0808567d50f42f3f	d__Bacteria;p__Bacteroidota;c__Bacteroidia;o__Bacteroidales;f__Prevotellaceae;g__Hoylesella;s__	g__Hoylesella
e0ea24ac942dbb8d42793aed60002b25	d__Bacteria;p__Pseudomonadota;c__Gammaproteobacteria;o__Enterobacterales;f__Yersiniaceae;g__Serratia;s__	g__Serratia
032fb28c0ad1f7931fd66b650401bbd4	d__Bacteria;p__Spirochaetota;c__Spirochaetia;o__Spirochaetales;f__Spirochaetaceae;g__Treponema;s__	g__Treponema
a38eb735c9d29f6c2938d61de10759fa	d__Bacteria;p__Bacteroidota;c__Bacteroidia;o__Bacteroidales;f__Prevotellaceae;g__Segatella;s__	g__Segatella
4c333c2a30b90c7b0bf1ba02f1591e8c	d__Bacteria;p__Bacillota;c__Bacilli;o__Lactobacillales;f__Streptococcaceae;g__Streptococcus;s__	g__Streptococcus
aae6d1068335a69ab8ecbb71b38b44e9	d__Bacteria;p__Bacillota;c__Negativicutes;o__Veillonellales-Selenomonadales;f__Veillonellaceae;g__Veillonella;s__	g__Veillonella
03918b39684becf9250142770a4edbd9	d__Bacteria;p__Bacillota;c__Negativicutes;o__Veillonellales-Selenomonadales;f__Veillonellaceae;g__Veillonella;s__	g__Veillonella
9ee06c215230cf8ff30e79f42875f878	d__Bacteria;p__Bacillota;c__Clostridia;o__Peptostreptococcales-Tissierellales;f__Family_XI;g__Murdochiella;s__	g__Murdochiella
601fca8164f5b9a3163cb54542c7dcc3	d__Bacteria;p__Pseudomonadota;c__Alphaproteobacteria;o__Caulobacterales;f__Caulobacteraceae;g__Brevundimonas;s__	g__Brevundimonas
79b9a20e74cd8f301c1396417cbcddc5	d__Bacteria;p__Bacillota;c__Negativicutes;o__Veillonellales-Selenomonadales;f__Selenomonadaceae;g__Selenomonas;s__	g__Selenomonas
ec95bf18ef6991f6ded37b12eaf87813	d__Bacteria;p__Actinomycetota;c__Actinobacteria;o__Actinomycetales;f__Actinomycetaceae;g__Actinomyces;s__	g__Actinomyces
0ce45601c2da01fe600d2a788a079782	d__Bacteria;p__Pseudomonadota;c__Alphaproteobacteria;o__Rhodobacterales;f__Paracoccaceae;g__Paracoccus;s__	g__Paracoccus
b9465e04f555e5a40fbe865ff776d4b9	d__Bacteria;p__Pseudomonadota;c__Gammaproteobacteria;o__Burkholderiales;f__Neisseriaceae;g__Alysiella;s__	g__Alysiella
afe40cdb2728983c39e68fe7c748bd83	d__Bacteria;p__Bacteroidota;c__Bacteroidia;o__Bacteroidales;f__Prevotellaceae;g__Alloprevotella;s__	g__Alloprevotella
ed33362719ab6a0c6c29376eb376396f	d__Bacteria;p__Spirochaetota;c__Spirochaetia;o__Spirochaetales;f__Spirochaetaceae;g__Treponema;s__	g__Treponema
edaba7d3771573b9ae27b0de0d596041	d__Bacteria;p__Spirochaetota;c__Spirochaetia;o__Spirochaetales;f__Spirochaetaceae;g__Treponema;s__	g__Treponema
3c34f77eb95bdd46225de31afdbb743c	d__Bacteria;p__Actinomycetota;c__Actinobacteria;o__Micrococcales;f__Micrococcaceae;g__Micrococcus;s__	g__Micrococcus
cc014a39ba629d6ae6e51ebdab77e148	d__Bacteria;p__Pseudomonadota;c__Gammaproteobacteria;o__Burkholderiales;f__Neisseriaceae;g__Neisseria;s__	g__Neisseria
d482173cd7b35ee0c780bb9bcb07ead1	d__Bacteria;p__Bacteroidota;c__Bacteroidia;o__Bacteroidales;f__Prevotellaceae;g__Hoylesella;s__	g__Hoylesella
7569ae73287bc9287dc49b4c8fdaef98	d__Bacteria;p__Pseudomonadota;c__Alphaproteobacteria;o__Rhodobacterales;f__Paracoccaceae;g__Paracoccus;s__	g__Paracoccus
412146f90debe681c2e0b7c73116020c	d__Bacteria;p__Bacillota;c__Negativicutes;o__Veillonellales-Selenomonadales;f__Selenomonadaceae;g__Selenomonas;s__	g__Selenomonas
07bd284f36dbaaeeda57c8992cd51302	d__Bacteria;p__Bacteroidota;c__Bacteroidia;o__Bacteroidales;f__Prevotellaceae;g__Segatella;s__	g__Segatella
3561bb4537ce2068c75ae6986fe5df1a	d__Bacteria;p__Pseudomonadota;c__Gammaproteobacteria;o__Enterobacterales;f__Aeromonadaceae;g__Aeromonas;s__	g__Aeromonas
ba549422782782c49cc6b503fbd394c9	d__Bacteria;p__Bacillota;c__Negativicutes;o__Veillonellales-Selenomonadales;f__Selenomonadaceae;g__Selenomonas;s__	g__Selenomonas
fd7575e2e1162127689250d39e8b6745	d__Bacteria;p__Pseudomonadota;c__Gammaproteobacteria;o__Pseudomonadales;f__Moraxellaceae;g__Acinetobacter;s__	g__Acinetobacter
6813b06aedf169fa38b6a80fb4324e46	d__Bacteria;p__Bacillota;c__Negativicutes;o__Veillonellales-Selenomonadales;f__Selenomonadaceae;g__Selenomonas;s__	g__Selenomonas
76932bb0d9b5db760c30ecf5fa7324fb	d__Bacteria;p__Patescibacteria;c__Gracilibacteria;o__Absconditabacteriales_(SR1);f__Incertae_Sedis;g__Incertae_Sedis;s__	g__Incertae_Sedis
96de0f5bdec7a436c657e40b70bdfd39	d__Bacteria;p__Actinomycetota;c__Actinobacteria;o__Mycobacteriales;f__Corynebacteriaceae;g__Corynebacterium;s__	g__Corynebacterium
3ea33f0e1952081b6fcbd49d16f34ada	d__Bacteria;p__Bacillota;c__Clostridia;o__Clostridia_UCG-014;f__Incertae_Sedis;g__Incertae_Sedis;s__	g__Incertae_Sedis
79cff365aad9f34351a091d6fbade6f9	d__Bacteria;p__Patescibacteria;c__Gracilibacteria;o__Incertae_Sedis;f__Incertae_Sedis;g__Incertae_Sedis;s__	g__Incertae_Sedis
726985df7acfba2e436f45d88b3a8206	d__Bacteria;p__Actinomycetota;c__Actinobacteria;o__Micrococcales;f__Micrococcaceae;g__Rothia;s__	g__Rothia
b2f3738cbec217d35e8ac80ff6fa242b	d__Bacteria;p__Pseudomonadota;c__Gammaproteobacteria;o__Enterobacterales;f__Yersiniaceae;g__Serratia;s__	g__Serratia
de188197783653dba7ceae77c4bbf024	d__Bacteria;p__Pseudomonadota;c__Gammaproteobacteria;o__Enterobacterales;f__Pasteurellaceae;g__Actinobacillus;s__	g__Actinobacillus
27c984c6cb3cf96921c962ba868d53ad	d__Bacteria;p__Bacteroidota;c__Bacteroidia;o__Bacteroidales;f__Porphyromonadaceae;g__Porphyromonas;s__	g__Porphyromonas
705c4a491c7317076d52132e0d42cef3	d__Bacteria;p__Pseudomonadota;c__Gammaproteobacteria;o__Burkholderiales;f__Neisseriaceae;g__Eikenella;s__	g__Eikenella
2b15687163c6bccf5d00375b298fa3e5	d__Bacteria;p__Bacillota;c__Clostridia;o__Lachnospirales;f__Lachnospiraceae;g__Blautia;s__	g__Blautia
4dabe2309d1c15a45600aa8889f29291	d__Bacteria;p__Bacillota;c__Clostridia;o__Eubacteriales;f__Eubacteriaceae;g__Pseudoramibacter;s__	g__Pseudoramibacter
2ea738b6e9fd67e2839aae9f4dbec005	d__Bacteria;p__Synergistota;c__Synergistia;o__Synergistales;f__Synergistaceae;g__Fretibacterium;s__	g__Fretibacterium
4b66adeaae33521048dba7f7d59fdac9	d__Bacteria;p__Bacillota;c__Bacilli;o__Staphylococcales;f__Gemellaceae;g__Gemella;s__	g__Gemella
d067a3f7dc131cf40417d191d9f4c48f	d__Bacteria;p__Bacillota;c__Bacilli;o__Paenibacillales;f__Paenibacillaceae;g__Paenibacillus;s__	g__Paenibacillus
19b244c78fc29a4590a4a3c80d2fd1bb	d__Bacteria;p__Bacillota;c__Clostridia;o__Lachnospirales;f__Lachnospiraceae;g__Lachnoanaerobaculum;s__	g__Lachnoanaerobaculum
e71ead76c700e2e1dfe666a9afc8b730	d__Bacteria;p__Bacillota;c__Clostridia;o__Lachnospirales;f__Lachnospiraceae;g__Tyzzerella;s__	g__Tyzzerella
715a84bfbb71ae05e3162c8e4bd20129	d__Bacteria;p__Bacillota;c__Clostridia;o__Peptococcales;f__Peptococcaceae;g__Peptococcus;s__	g__Peptococcus
df1ae7fd3a039b102a1b3f3bd17c00b7	d__Bacteria;p__Bacillota;c__Bacilli;o__Staphylococcales;f__Staphylococcaceae;g__Staphylococcus;s__	g__Staphylococcus
8270ef16a97526023e95ac0236c92f78	d__Bacteria;p__Bacillota;c__Bacilli;o__Staphylococcales;f__Staphylococcaceae;g__Staphylococcus;s__	g__Staphylococcus
4a76e7d8677853f45aca0df40c87a578	d__Bacteria;p__Actinomycetota;c__Coriobacteriia;o__Coriobacteriales;f__Coriobacteriaceae;g__Collinsella;s__	g__Collinsella
969f7c28e2c78864a4cb63f6480c4b11	d__Bacteria;p__Bacteroidota;c__Bacteroidia;o__Bacteroidales;f__Prevotellaceae;g__Segatella;s__	g__Segatella
0b410bccd96ccf96afdb00bdc8cae985	d__Bacteria;p__Bacillota;c__Bacilli;o__Lactobacillales;f__Streptococcaceae;g__Streptococcus;s__	g__Streptococcus
1a4675cef8a008835deefa0ddb0fc49c	d__Bacteria;p__Bacillota;c__Clostridia;o__Peptostreptococcales-Tissierellales;f__Anaerovoracaceae;g__Family_XIII_UCG-001;s__	g__Family_XIII_UCG-001
ef920ec4cce72f74f619cdd95423bc49	d__Bacteria;p__Bacillota;c__Negativicutes;o__Veillonellales-Selenomonadales;f__Selenomonadaceae;g__Selenomonas;s__	g__Selenomonas
49e69bbc6b0920c83b7ca3be758015bc	d__Bacteria;p__Bacillota;c__Clostridia;o__Peptostreptococcales-Tissierellales;f__Anaerovoracaceae;g__S5-A14a;s__	g__S5-A14a
c744dbf4d0be6018d89c253e590dfa6b	d__Bacteria;p__Bacillota;c__Negativicutes;o__Veillonellales-Selenomonadales;f__Selenomonadaceae;g__Selenomonas;s__	g__Selenomonas
9c5bc9633006ca493bf954e97e0b3739	d__Bacteria;p__Pseudomonadota;c__Gammaproteobacteria;o__Burkholderiales;f__Neisseriaceae;g__Neisseria;s__	g__Neisseria
bd50f739b6f809dd8cfc398c458813a6	d__Bacteria;p__Pseudomonadota;c__Gammaproteobacteria;o__Pseudomonadales;f__Moraxellaceae;g__Acinetobacter;s__	g__Acinetobacter
d282c86191447328c9a947f35ed1eeed	d__Bacteria;p__Bacillota;c__Bacilli;o__Lactobacillales;f__Streptococcaceae;g__Streptococcus;s__	g__Streptococcus
fb8eb7525b645005856d680d4510c27c	d__Bacteria;p__Pseudomonadota;c__Gammaproteobacteria;o__Burkholderiales;f__Neisseriaceae;g__Alysiella;s__	g__Alysiella
e78cfca6332ec8059716cb500aef8b5b	d__Bacteria;p__Pseudomonadota;c__Gammaproteobacteria;o__Burkholderiales;f__Rhodocyclaceae;g__Thauera;s__	g__Thauera
5161108667dc092037d7d99381442540	d__Bacteria;p__Bacillota;c__Bacilli;o__Lactobacillales;f__Carnobacteriaceae;g__Granulicatella;s__	g__Granulicatella
c6781f7d89ddf01aac07e9090f70d19e	d__Bacteria;p__Bacteroidota;c__Bacteroidia;o__Bacteroidales;f__Porphyromonadaceae;g__Porphyromonas;s__	g__Porphyromonas
634a1b5f3973eeeb48907e20d3ea3dbd	d__Bacteria;p__Bacillota;c__Clostridia;o__Peptostreptococcales-Tissierellales;f__Anaerovoracaceae;g__[Eubacterium]_sulci_group;s__	g__[Eubacterium]_sulci_group
6443699f4cb11bd99c415f11d225a74d	d__Bacteria;p__Bacteroidota;c__Bacteroidia;o__Bacteroidales;f__Prevotellaceae;g__Incertae_Sedis;s__	g__Incertae_Sedis
54502a6ad3fcd5973023d4a59ed1605d	d__Bacteria;p__Pseudomonadota;c__Alphaproteobacteria;o__Caulobacterales;f__Caulobacteraceae;g__Asticcacaulis;s__	g__Asticcacaulis
5eb7987a5487bb176d3d805e22af92de	d__Bacteria;p__Bacteroidota;c__Bacteroidia;o__Bacteroidales;f__Prevotellaceae;g__Hoylesella;s__	g__Hoylesella
e61fdfd4592f0509016fe1c02e865faa	d__Bacteria;p__Bacillota;c__Negativicutes;o__Veillonellales-Selenomonadales;f__Selenomonadaceae;g__Selenomonas;s__	g__Selenomonas
10b7dc8487a149e829f4c0faafc851f7	d__Bacteria;p__Bacillota;c__Clostridia;o__Peptostreptococcales-Tissierellales;f__Anaerovoracaceae;g__[Eubacterium]_sulci_group;s__	g__[Eubacterium]_sulci_group
5bcd69e7e6afaae2c17463a8d00391d0	d__Bacteria;p__Bacteroidota;c__Bacteroidia;o__Chitinophagales;f__Chitinophagaceae;g__Sediminibacterium;s__	g__Sediminibacterium
1ea50fbf03ad894eb980e901c658b9d3	d__Bacteria;p__Bacteroidota;c__Bacteroidia;o__Flavobacteriales;f__Flavobacteriaceae;g__Capnocytophaga;s__	g__Capnocytophaga
fddd4040c40b741a820417452907a1e9	d__Bacteria;p__Fusobacteriota;c__Fusobacteriia;o__Fusobacteriales;f__Leptotrichiaceae;g__Pseudoleptotrichia;s__	g__Pseudoleptotrichia
57b73675cabcad73338d0412ff41e7e5	d__Bacteria;p__Bacillota;c__Negativicutes;o__Veillonellales-Selenomonadales;f__Veillonellaceae;g__Veillonella;s__	g__Veillonella
1e54f354c8bede6e0156b32fd0438f74	d__Bacteria;p__Pseudomonadota;c__Alphaproteobacteria;o__Rhodobacterales;f__Paracoccaceae;g__Paracoccus;s__	g__Paracoccus
2ce4aff0fd7b9e6d0fa0f7d05cc7269b	d__Bacteria;p__Bacillota;c__Bacilli;o__Bacillales;f__Bacillaceae;g__Mesobacillus;s__	g__Mesobacillus
e771e26852e87278597156666affe24b	d__Bacteria;p__Bacillota;c__Negativicutes;o__Veillonellales-Selenomonadales;f__Selenomonadaceae;g__Selenomonas;s__	g__Selenomonas
494e65560668c776b1b9e745b349c50d	d__Bacteria;p__Bacillota;c__Clostridia;o__Oscillospirales;f__Oscillospiraceae;g__UCG-002;s__	g__UCG-002
6638ef4b5632b8c20933b0909662ab1a	d__Bacteria;p__Bacillota;c__Bacilli;o__Lactobacillales;f__Streptococcaceae;g__Streptococcus;s__	g__Streptococcus
78da537dba24e02e12c05ac14fe0c650	d__Bacteria;p__Bacteroidota;c__Bacteroidia;o__Bacteroidales;f__Prevotellaceae;g__Alloprevotella;s__	g__Alloprevotella
deaf9360834e71e0ddb872bf20ba741b	d__Bacteria;p__Bacillota;c__Clostridia;o__Lachnospirales;f__Lachnospiraceae;g__Lachnoanaerobaculum;s__	g__Lachnoanaerobaculum
5da29d9b826c751b20831927b255c158	d__Bacteria;p__Bacillota;c__Bacilli;o__Paenibacillales;f__Paenibacillaceae;g__Paenibacillus;s__	g__Paenibacillus
c36cee9a50e9bc8ef82d873df2020c55	d__Bacteria;p__Bacteroidota;c__Bacteroidia;o__Cytophagales;f__Spirosomataceae;g__Dyadobacter;s__	g__Dyadobacter
7465483b0a443ac96b9073402bcfddb2	d__Bacteria;p__Bacteroidota;c__Bacteroidia;o__Bacteroidales;f__Porphyromonadaceae;g__Porphyromonas;s__	g__Porphyromonas
b654e836fe476f8cb6c3c911550c5ee7	d__Bacteria;p__Bacillota;c__Clostridia;o__Peptostreptococcales-Tissierellales;f__Family_XI;g__Parvimonas;s__	g__Parvimonas
a3cbbc55f9a3ce8ff4fafee459241185	d__Bacteria;p__Bacillota;c__Bacilli;o__Lactobacillales;f__Streptococcaceae;g__Streptococcus;s__	g__Streptococcus
9f0f44a8ba5b3940b594f4a2d7822f9e	d__Bacteria;p__Actinomycetota;c__Actinobacteria;o__Mycobacteriales;f__Corynebacteriaceae;g__Corynebacterium;s__	g__Corynebacterium
5a2b51f6e88fa0550897dc32dbf7901f	d__Bacteria;p__Bacteroidota;c__Bacteroidia;o__Bacteroidales;f__Prevotellaceae;g__Segatella;s__	g__Segatella
c3188521b26db0b2781c6a51419154b4	d__Bacteria;p__Thermodesulfobacteriota;c__Desulfovibrionia;o__Desulfovibrionales;f__Desulfovibrionaceae;g__Desulfovibrio;s__	g__Desulfovibrio
4ef95442855d7692cec10b71b680d78e	d__Bacteria;p__Pseudomonadota;c__Alphaproteobacteria;o__Rhodobacterales;f__Paracoccaceae;g__Thioclava;s__	g__Thioclava
f491e0aa3516f4acc12c23c94bb5de1e	d__Bacteria;p__Actinomycetota;c__Actinobacteria;o__Propionibacteriales;f__Propionibacteriaceae;g__Arachnia;s__	g__Arachnia
42d3e4a2aefa52420e06ddac54056085	d__Bacteria;p__Cyanobacteriota;c__Cyanobacteriia;o__Cyanobacteriales;f__Chroococcidiopsaceae;g__Myxosarcina_SAG_30.84;s__	g__Myxosarcina_SAG_30.84
5d6adb4ab3bcfa8bfaf617f737b6f5a4	d__Bacteria;p__Pseudomonadota;c__Gammaproteobacteria;o__Burkholderiales;f__Neisseriaceae;g__Bergeriella;s__	g__Bergeriella
02cfac9ea36fbe4b4a369d774272feed	d__Bacteria;p__Bacillota;c__Negativicutes;o__Veillonellales-Selenomonadales;f__Selenomonadaceae;g__Selenomonas;s__	g__Selenomonas
9691be9b363494bdd6615b086e5a5234	d__Bacteria;p__Bacteroidota;c__Bacteroidia;o__Flavobacteriales;f__Flavobacteriaceae;g__Capnocytophaga;s__	g__Capnocytophaga
c2d95f2ff39dbf03c98ed238509d7a1b	d__Bacteria;p__Pseudomonadota;c__Alphaproteobacteria;o__Caulobacterales;f__Caulobacteraceae;g__Phenylobacterium;s__	g__Phenylobacterium
3af0fa5d5ed8be05e4e4aef4af77124a	d__Bacteria;p__Actinomycetota;c__Actinobacteria;o__Mycobacteriales;f__Corynebacteriaceae;g__Corynebacterium;s__	g__Corynebacterium
3835e304a2d4a518f6e249be5e14f50a	d__Bacteria;p__Actinomycetota;c__Actinobacteria;o__Mycobacteriales;f__Corynebacteriaceae;g__Corynebacterium;s__	g__Corynebacterium
03e9ce366fd7b48925db306711ff3582	d__Bacteria;p__Bacteroidota;c__Bacteroidia;o__Bacteroidales;f__Prevotellaceae;g__Prevotella;s__	g__Prevotella
a4f0f449bc1fd3897f3ff57b3040ed0c	d__Bacteria;p__Fusobacteriota;c__Fusobacteriia;o__Fusobacteriales;f__Fusobacteriaceae;g__Fusobacterium;s__	g__Fusobacterium
9395bf26f64bbdcb63a2c6dc4603e741	d__Bacteria;p__Spirochaetota;c__Spirochaetia;o__Spirochaetales;f__Spirochaetaceae;g__Treponema;s__	g__Treponema
87bfff53b6f6785cdec40932aef7761f	d__Bacteria;p__Fusobacteriota;c__Fusobacteriia;o__Fusobacteriales;f__Fusobacteriaceae;g__Fusobacterium;s__	g__Fusobacterium
7cd9384da165c88fc04e74b5e45cc00b	d__Bacteria;p__Bacteroidota;c__Bacteroidia;o__Sphingobacteriales;f__Lentimicrobiaceae;g__Lentimicrobium;s__	g__Lentimicrobium
dce7e3d51701eca70a78df6a02c5acdd	d__Bacteria;p__Fusobacteriota;c__Fusobacteriia;o__Fusobacteriales;f__Fusobacteriaceae;g__Fusobacterium;s__	g__Fusobacterium
641046434fb22e832782c9502273aed7	d__Bacteria;p__Bacteroidota;c__Bacteroidia;o__Bacteroidales;f__Prevotellaceae;g__Prevotella;s__	g__Prevotella
2e526b3dae03887c4ee1955507c34887	d__Bacteria;p__Bacillota;c__Clostridia;o__Peptostreptococcales-Tissierellales;f__Anaerovoracaceae;g__[Eubacterium]_sulci_group;s__	g__[Eubacterium]_sulci_group
10d245209b9832768e1454c745f6a128	d__Bacteria;p__Pseudomonadota;c__Alphaproteobacteria;o__Rhodobacterales;f__Paracoccaceae;g__Cereibacter;s__	g__Cereibacter
0fb219ac2e7ba463d38135b668d0c619	d__Bacteria;p__Pseudomonadota;c__Gammaproteobacteria;o__Burkholderiales;f__Sutterellaceae;g__Sutterella;s__	g__Sutterella
73a33113a5fe54bc56c16af9940c6dee	d__Bacteria;p__Bacteroidota;c__Bacteroidia;o__Bacteroidales;f__Tannerellaceae;g__Tannerella;s__	g__Tannerella
9fad9c48d550ec2a072a0757efb7e3c8	d__Bacteria;p__Bacillota;c__Negativicutes;o__Veillonellales-Selenomonadales;f__Veillonellaceae;g__Veillonella;s__	g__Veillonella
cdb4b53fc090448de6b0cac85ed615ae	d__Bacteria;p__Bacteroidota;c__Bacteroidia;o__Bacteroidales;f__Prevotellaceae;g__Hoylesella;s__	g__Hoylesella
9a3fa8999e2c8a243aa5a1e1a8a4bd35	d__Bacteria;p__Bacteroidota;c__Bacteroidia;o__Bacteroidales;f__Prevotellaceae;g__Segatella;s__	g__Segatella
73cf1c5fbb58063b36fb8de8c8507fb4	d__Bacteria;p__Actinomycetota;c__Coriobacteriia;o__Coriobacteriales;f__Atopobiaceae;g__Olsenella;s__	g__Olsenella
d6512d9fa2125f8123abe1eec5d49db9	d__Bacteria;p__Actinomycetota;c__Actinobacteria;o__Actinomycetales;f__Actinomycetaceae;g__Actinomyces;s__	g__Actinomyces
bb5c67e54f168ce10381bf984403af4c	d__Bacteria;p__Bacillota;c__Clostridia;o__Peptostreptococcales-Tissierellales;f__Peptostreptococcaceae;g__[Eubacterium]_yurii_group;s__	g__[Eubacterium]_yurii_group
649da073b5cd8c71f8bd70c079f879b8	d__Bacteria;p__Fusobacteriota;c__Fusobacteriia;o__Fusobacteriales;f__Fusobacteriaceae;g__Fusobacterium;s__	g__Fusobacterium
fa9d292eb2aabe12a9d5680ba0a2b334	d__Bacteria;p__Actinomycetota;c__Actinobacteria;o__Mycobacteriales;f__Corynebacteriaceae;g__Corynebacterium;s__	g__Corynebacterium
2fec54f0c0f307169196798d6d94595c	d__Bacteria;p__Bacillota;c__Bacilli;o__Lactobacillales;f__Carnobacteriaceae;g__Carnobacterium;s__	g__Carnobacterium
2964cab2d6c26f28792ad7b3902daffb	d__Bacteria;p__Bacillota;c__Clostridia;o__Lachnospirales;f__Lachnospiraceae;g__Lachnospiraceae_NK4A136_group;s__	g__Lachnospiraceae_NK4A136_group
c96bf50cbf9c12bab2563a91c97d75b4	d__Bacteria;p__Bacillota;c__Clostridia;o__Christensenellales;f__Christensenellaceae;g__Christensenellaceae_R-7_group;s__	g__Christensenellaceae_R-7_group
14ab91c193690e04f59e0d886ad3e20f	d__Bacteria;p__Bacteroidota;c__Bacteroidia;o__Cytophagales;f__Hymenobacteraceae;g__Rufibacter;s__	g__Rufibacter
e8af3325ecbd47a4d5df420fe0c5a290	d__Bacteria;p__Bacillota;c__Negativicutes;o__Veillonellales-Selenomonadales;f__Selenomonadaceae;g__Selenomonas;s__	g__Selenomonas
dadb5abab2d755ecc9b46533130a900e	d__Bacteria;p__Bacillota;c__Clostridia;o__Oscillospirales;f__Oscillospiraceae;g__Saccharofermentans;s__	g__Saccharofermentans
e4994b1b9934df0a00091833d9df4773	d__Bacteria;p__Pseudomonadota;c__Gammaproteobacteria;o__Enterobacterales;f__Pasteurellaceae;g__Haemophilus;s__	g__Haemophilus
0e1734b01c78ae04bb3bccfc89882021	d__Bacteria;p__Bacteroidota;c__Bacteroidia;o__Bacteroidales;f__Prevotellaceae;g__Hoylesella;s__	g__Hoylesella
f359d6b12d6df77fce3684238719e6c2	d__Bacteria;p__Pseudomonadota;c__Alphaproteobacteria;o__Sphingomonadales;f__Sphingomonadaceae;g__Sphingomonas;s__	g__Sphingomonas
365e6237598007d7201c0874650b0814	d__Bacteria;p__Bacteroidota;c__Bacteroidia;o__Bacteroidales;f__Prevotellaceae;g__Incertae_Sedis;s__	g__Incertae_Sedis
8889cea0bc44d96c90512b43303a5507	d__Bacteria;p__Bacillota;c__Bacilli;o__Staphylococcales;f__Staphylococcaceae;g__Staphylococcus;s__	g__Staphylococcus
68077071c38b67a6d5353a0261bd5c56	d__Bacteria;p__Actinomycetota;c__Actinobacteria;o__Actinomycetales;f__Actinomycetaceae;g__F0332;s__	g__F0332
8035636404153c07a720c23dd46c3b6d	d__Bacteria;p__Pseudomonadota;c__Gammaproteobacteria;o__Burkholderiales;f__Burkholderiaceae;g__Lautropia;s__	g__Lautropia
2f065daea1d28f81e6ed0af2e5a19980	d__Bacteria;p__Patescibacteria;c__Saccharimonadia;o__Saccharimonadales;f__Incertae_Sedis;g__Incertae_Sedis;s__	g__Incertae_Sedis
e7132ae22172600543dd9010d5898974	d__Bacteria;p__Bacillota;c__Negativicutes;o__Veillonellales-Selenomonadales;f__Selenomonadaceae;g__Selenomonas;s__	g__Selenomonas
c10d1575eb09a7fbbf87c5f0996cd5ab	d__Bacteria;p__Actinomycetota;c__Actinobacteria;o__Mycobacteriales;f__Corynebacteriaceae;g__Corynebacterium;s__	g__Corynebacterium
9b21392530867c2c33e12dfc40948a47	d__Bacteria;p__Planctomycetota;c__Planctomycetes;o__Gemmatales;f__Gemmataceae;g__Gemmata;s__	g__Gemmata
a14ef1bc3aa685031eb2bca453376e6b	d__Bacteria;p__Actinomycetota;c__Actinobacteria;o__Actinomycetales;f__Actinomycetaceae;g__Schaalia;s__	g__Schaalia
cfc36979466e344ff4321f71ea377c75	d__Bacteria;p__Bacteroidota;c__Bacteroidia;o__Bacteroidales;f__Rikenellaceae;g__Rikenellaceae_RC9_gut_group;s__	g__Rikenellaceae_RC9_gut_group
1e53c5452fb08deb5caf6f01b6b1be3e	d__Bacteria;p__Pseudomonadota;c__Gammaproteobacteria;o__Lysobacterales;f__Lysobacteraceae;g__Stenotrophomonas;s__	g__Stenotrophomonas
d3a415bd5b2747371ef4484a9cc77a1b	d__Bacteria;p__Pseudomonadota;c__Gammaproteobacteria;o__Enterobacterales;f__Pasteurellaceae;g__Haemophilus;s__	g__Haemophilus
92a2a8025cb85123547551d2266a1106	d__Bacteria;p__Pseudomonadota;c__Gammaproteobacteria;o__Pseudomonadales;f__Pseudomonadaceae;g__Pseudomonas;s__	g__Pseudomonas
a96fc4a135c966cb9f25cd2c824db0b4	d__Bacteria;p__Bacillota;c__Clostridia;o__Lachnospirales;f__Lachnospiraceae;g__Catonella;s__	g__Catonella
cb6c2cb64f95d7b9f5f980c8142bce54	d__Bacteria;p__Actinomycetota;c__Actinobacteria;o__Mycobacteriales;f__Corynebacteriaceae;g__Corynebacterium;s__	g__Corynebacterium
edc06e5f20535c71071803ccc27290d8	d__Bacteria;p__Bacillota;c__Clostridia;o__Lachnospirales;f__Lachnospiraceae;g__Dorea;s__	g__Dorea
7313261f49870946a1a8db2fefbba111	d__Bacteria;p__Actinomycetota;c__Actinobacteria;o__Micrococcales;f__Micrococcaceae;g__Rothia;s__	g__Rothia
b280665a8f753938d190b6c5d73f30e9	d__Bacteria;p__Pseudomonadota;c__Gammaproteobacteria;o__Burkholderiales;f__Oxalobacteraceae;g__Massilia;s__	g__Massilia
820c5c9d650bba622927fcbdc19a74c1	d__Bacteria;p__Bacillota;c__Negativicutes;o__Veillonellales-Selenomonadales;f__Selenomonadaceae;g__Selenomonas;s__	g__Selenomonas
c52b8b3f55d39f44d9ad7c39d15e9db3	d__Bacteria;p__Pseudomonadota;c__Gammaproteobacteria;o__Burkholderiales;f__Neisseriaceae;g__Incertae_Sedis;s__	g__Incertae_Sedis
b33c231b17b838159740449bf62b1508	d__Bacteria;p__Bacteroidota;c__Bacteroidia;o__Bacteroidales;f__Rikenellaceae;g__Rikenellaceae_RC9_gut_group;s__	g__Rikenellaceae_RC9_gut_group
91ff4737c66431cf09bf36435cfa4660	d__Bacteria;p__Bacteroidota;c__Bacteroidia;o__Bacteroidales;f__Prevotellaceae;g__Leyella;s__	g__Leyella
059c25428f3a33fcc2796a17f87e2eab	d__Bacteria;p__Bacteroidota;c__Bacteroidia;o__Chitinophagales;f__Chitinophagaceae;g__Cnuella;s__	g__Cnuella
64e772aad265217d766e2ed0b42ea509	d__Bacteria;p__Bacteroidota;c__Bacteroidia;o__Flavobacteriales;f__Weeksellaceae;g__Bergeyella;s__	g__Bergeyella
369c9d7bacc2a0a510da7ca1481891a9	d__Bacteria;p__Bacillota;c__Negativicutes;o__Veillonellales-Selenomonadales;f__Selenomonadaceae;g__Selenomonas;s__	g__Selenomonas
800d89387dc4bf77fdefb9c6e84c5acf	d__Bacteria;p__Bacteroidota;c__Bacteroidia;o__Bacteroidales;f__Prevotellaceae;g__Segatella;s__	g__Segatella
ba65372815e2198ef3410365115e8a3f	d__Bacteria;p__Bacteroidota;c__Bacteroidia;o__Bacteroidales;f__Prevotellaceae;g__Alloprevotella;s__	g__Alloprevotella
e2111aca455b28f8213102c060c874de	d__Bacteria;p__Bacteroidota;c__Bacteroidia;o__Bacteroidales;f__Prevotellaceae;g__Segatella;s__	g__Segatella
bcd5cfd3d6436dfaffbfc4b594f3dcc2	d__Bacteria;p__Bacteroidota;c__Bacteroidia;o__Bacteroidales;f__Prevotellaceae;g__Incertae_Sedis;s__	g__Incertae_Sedis
ab5fac0867497c1a59192d3cdb9e50d1	d__Bacteria;p__Actinomycetota;c__Actinobacteria;o__Mycobacteriales;f__Nocardiaceae;g__Rhodococcus;s__	g__Rhodococcus
a89eb6655a187202398d0d1ce5635bb3	d__Bacteria;p__Bacteroidota;c__Bacteroidia;o__Bacteroidales;f__Prevotellaceae;g__Prevotella;s__	g__Prevotella
13cbdb23634b0364e82decb75b08c27d	d__Bacteria;p__Bacillota;c__Bacilli;o__Bacillales;f__Bacillaceae;g__Metabacillus;s__	g__Metabacillus
8969a11616cd865d10ab8d781f2122e5	d__Bacteria;p__Bacteroidota;c__Bacteroidia;o__Chitinophagales;f__Chitinophagaceae;g__Terrimonas;s__	g__Terrimonas
d28f63cef2db349f890d1bde42716077	d__Bacteria;p__Fusobacteriota;c__Fusobacteriia;o__Fusobacteriales;f__Fusobacteriaceae;g__Fusobacterium;s__	g__Fusobacterium
553be3d115c8fab1b8638e2941590bc8	d__Bacteria;p__Fusobacteriota;c__Fusobacteriia;o__Fusobacteriales;f__Leptotrichiaceae;g__Leptotrichia;s__	g__Leptotrichia
a8dfd41c24b03c7fc3a8eea9cbfa008a	d__Bacteria;p__Bacteroidota;c__Bacteroidia;o__Sphingobacteriales;f__Lentimicrobiaceae;g__Lentimicrobium;s__	g__Lentimicrobium
2f0c72a057fce86f89a25d0299f6e528	d__Bacteria;p__Campylobacterota;c__Campylobacteria;o__Campylobacterales;f__Campylobacteraceae;g__Campylobacter;s__	g__Campylobacter
f2ca7b10e08f279428aad6fe8f177d20	d__Bacteria;p__Bacillota;c__Negativicutes;o__Veillonellales-Selenomonadales;f__Selenomonadaceae;g__Selenomonas;s__	g__Selenomonas
2aaf7f8006f09cfa6e271544d7796397	d__Bacteria;p__Actinomycetota;c__Actinobacteria;o__Actinomycetales;f__Actinomycetaceae;g__Schaalia;s__	g__Schaalia
3781d00bd3030bded8547049ea8165ee	d__Bacteria;p__Bacillota;c__Clostridia;o__Peptostreptococcales-Tissierellales;f__Peptostreptococcaceae;g__Peptostreptococcus;s__	g__Peptostreptococcus
f664a73e7de6e00ff70e013369499cbd	d__Bacteria;p__Bacillota;c__Clostridia;o__Lachnospirales;f__Lachnospiraceae;g__Lachnospira;s__	g__Lachnospira
624a8e309f6e079672fe0e434b449521	d__Bacteria;p__Patescibacteria;c__Saccharimonadia;o__Saccharimonadales;f__Saccharimonadaceae;g__TM7x;s__	g__TM7x
60c6037ffc63d9158333e98583ab339d	d__Bacteria;p__Bacillota;c__Clostridia;o__Lachnospirales;f__Lachnospiraceae;g__Johnsonella;s__	g__Johnsonella
58995b055f488b808f2fba4e5103c002	d__Bacteria;p__Pseudomonadota;c__Gammaproteobacteria;o__Enterobacterales;f__Erwiniaceae;g__Pantoea;s__	g__Pantoea
86b142a7cb904008fc5cb3f1625209da	d__Bacteria;p__Bacteroidota;c__Bacteroidia;o__Bacteroidales;f__Prevotellaceae;g__Prevotella;s__	g__Prevotella
49d9f67de662406e565458e196b6d205	d__Bacteria;p__Pseudomonadota;c__Gammaproteobacteria;o__Burkholderiales;f__Oxalobacteraceae;g__Massilia;s__	g__Massilia
f026d655022fd35d3b9b4711b4e870b4	d__Bacteria;p__Bacteroidota;c__Bacteroidia;o__Flavobacteriales;f__Flavobacteriaceae;g__Capnocytophaga;s__	g__Capnocytophaga
49cc35ec96979efcc2f065fe75ae3e78	d__Bacteria;p__Bacillota;c__Clostridia;o__Lachnospirales;f__Lachnospiraceae;g__Lachnoanaerobaculum;s__	g__Lachnoanaerobaculum
15b64f8d8a6e24444d7cc5cbaac4729c	d__Bacteria;p__Bacteroidota;c__Bacteroidia;o__Flavobacteriales;f__Weeksellaceae;g__Chryseobacterium;s__	g__Chryseobacterium
319f7343351da6ccc09bbdfbc859cb91	d__Bacteria;p__Bacteroidota;c__Bacteroidia;o__Bacteroidales;f__Prevotellaceae;g__Segatella;s__	g__Segatella
7f2f880297854dc4ea86a19c0f4a9034	d__Bacteria;p__Bacillota;c__Negativicutes;o__Veillonellales-Selenomonadales;f__Selenomonadaceae;g__Selenomonas;s__	g__Selenomonas
02de9d9e2b4480e19f20b3031e5c4411	d__Bacteria;p__Bacillota;c__Negativicutes;o__Veillonellales-Selenomonadales;f__Veillonellaceae;g__Dialister;s__	g__Dialister
c44ef4abb1716c8c5cfef97e159c9dab	d__Bacteria;p__Bacteroidota;c__Bacteroidia;o__Bacteroidales;f__Prevotellaceae;g__Hoylesella;s__	g__Hoylesella
59fc36d67d69394969e61fe3ea19a48b	d__Bacteria;p__Bacteroidota;c__Bacteroidia;o__Bacteroidales;f__Prevotellaceae;g__Segatella;s__	g__Segatella
748f00c2a9398a5a4ada0fd4c132fa2c	d__Bacteria;p__Actinomycetota;c__Actinobacteria;o__Mycobacteriales;f__Corynebacteriaceae;g__Corynebacterium;s__	g__Corynebacterium
aee890231b812a1279aa6e2b58fb6876	d__Bacteria;p__Actinomycetota;c__Coriobacteriia;o__Coriobacteriales;f__Atopobiaceae;g__Olsenella;s__	g__Olsenella
4c92d7e53749a47d368e6ab156cf34cf	d__Bacteria;p__Bacteroidota;c__Bacteroidia;o__Chitinophagales;f__Chitinophagaceae;g__Incertae_Sedis;s__	g__Incertae_Sedis
34136a56878e50743fe78ed00a21cff9	d__Bacteria;p__Pseudomonadota;c__Gammaproteobacteria;o__Enterobacterales;f__Pasteurellaceae;g__Aggregatibacter;s__	g__Aggregatibacter
4c78f2b033493674124d9f29411610e0	d__Bacteria;p__Bacteroidota;c__Bacteroidia;o__Bacteroidales;f__Prevotellaceae;g__Incertae_Sedis;s__	g__Incertae_Sedis
b04448305e303eccc93aae28e7ccd2ec	d__Bacteria;p__Bacteroidota;c__Bacteroidia;o__Bacteroidales;f__Muribaculaceae;g__Incertae_Sedis;s__	g__Incertae_Sedis
79ea1701322e31ec0d6dc9eac58472af	d__Bacteria;p__Bacteroidota;c__Bacteroidia;o__Bacteroidales;f__Prevotellaceae;g__Hoylesella;s__	g__Hoylesella
fe63e7ebe4017d6e9119921e00ad50e0	d__Bacteria;p__Actinomycetota;c__Actinobacteria;o__Mycobacteriales;f__Corynebacteriaceae;g__Corynebacterium;s__	g__Corynebacterium
8fa09e37eabe4bfd2c8e8f38c93b10a0	d__Bacteria;p__Patescibacteria;c__Saccharimonadia;o__Saccharimonadales;f__Incertae_Sedis;g__Incertae_Sedis;s__	g__Incertae_Sedis
55a870c7bca8386ad29b9e028e42b8ee	d__Bacteria;p__Pseudomonadota;c__Gammaproteobacteria;o__Burkholderiales;f__Neisseriaceae;g__Neisseria;s__	g__Neisseria
2bc9e87bb9a9366984e8a69a27f7d9b1	d__Bacteria;p__Actinomycetota;c__Actinobacteria;o__Propionibacteriales;f__Propionibacteriaceae	Unclassified
479c984fd797b0a7eac531226911af1b	d__Bacteria;p__Bacteroidota;c__Bacteroidia;o__Bacteroidales;f__Rikenellaceae;g__Rikenellaceae_RC9_gut_group;s__	g__Rikenellaceae_RC9_gut_group
1b5a2a3c6cfbe72297747e8c9cc393a4	d__Bacteria;p__Bacillota;c__Clostridia;o__Lachnospirales;f__Lachnospiraceae;g__Oribacterium;s__	g__Oribacterium
abd106a67137ee4367e03ec682e84a28	d__Bacteria;p__Actinomycetota;c__Actinobacteria;o__Micrococcales;f__Micrococcaceae;g__Arthrobacter;s__	g__Arthrobacter
c5bcf0e13f4516935249b25ce5180592	d__Bacteria;p__Fusobacteriota;c__Fusobacteriia;o__Fusobacteriales;f__Fusobacteriaceae;g__Fusobacterium;s__	g__Fusobacterium
20cac722e4c79ef8e001ba1a17ef9533	d__Bacteria;p__Actinomycetota;c__Actinobacteria;o__Mycobacteriales;f__Corynebacteriaceae;g__Corynebacterium;s__	g__Corynebacterium
e35ba087e91f1bd663dacc2c341266a5	d__Bacteria;p__Fusobacteriota;c__Fusobacteriia;o__Fusobacteriales;f__Leptotrichiaceae;g__Leptotrichia;s__	g__Leptotrichia
93b015e2804451cafc5eb0082b80cb9e	d__Bacteria;p__Bacillota;c__Bacilli;o__Erysipelotrichales;f__Erysipelotrichaceae;g__Solobacterium;s__	g__Solobacterium
1349d0563106de57c94842708e21d9b3	d__Bacteria;p__Actinomycetota;c__Actinobacteria;o__Actinomycetales;f__Actinomycetaceae;g__Schaalia;s__	g__Schaalia
0fc94d616c9d19e20d59e987d19c9139	d__Bacteria;p__Fusobacteriota;c__Fusobacteriia;o__Fusobacteriales;f__Fusobacteriaceae;g__Fusobacterium;s__	g__Fusobacterium
2d16a2f468ab09ff46e886abe779db2b	d__Bacteria;p__Synergistota;c__Synergistia;o__Synergistales;f__Synergistaceae;g__Fretibacterium;s__	g__Fretibacterium
d48b5fefdf319dd7fe6417eba7b93029	d__Bacteria;p__Synergistota;c__Synergistia;o__Synergistales;f__Synergistaceae;g__Fretibacterium;s__	g__Fretibacterium
f3a84d30d8f0330c7ca0a475469ee259	d__Bacteria;p__Bacillota;c__Negativicutes;o__Veillonellales-Selenomonadales;f__Selenomonadaceae;g__Selenomonas;s__	g__Selenomonas
814d09886eeba70679de02fd359662b9	d__Bacteria;p__Bacillota;c__Negativicutes;o__Veillonellales-Selenomonadales;f__Selenomonadaceae;g__Selenomonas;s__	g__Selenomonas
6d8113fd7abf10201bf0fc5c8a5530d4	d__Bacteria;p__Bacteroidota;c__Bacteroidia;o__Bacteroidales;f__Prevotellaceae;g__Hoylesella;s__	g__Hoylesella
d5104e9f2cd064b14388475513db4b4d	d__Bacteria;p__Bacillota;c__Negativicutes;o__Veillonellales-Selenomonadales;f__Veillonellaceae;g__Veillonella;s__	g__Veillonella
4123db869b5cda921b672a269284858f	d__Bacteria;p__Spirochaetota;c__Spirochaetia;o__Spirochaetales;f__Spirochaetaceae;g__Treponema;s__	g__Treponema
e09a09915cee288b8160b696380fa48a	d__Bacteria;p__Bacillota;c__Bacilli;o__Lactobacillales;f__Lactobacillaceae;g__Ligilactobacillus;s__	g__Ligilactobacillus
2bea9874acc007dcf57ca2dfb1992b5f	d__Bacteria;p__Actinomycetota;c__Actinobacteria;o__Actinomycetales;f__Actinomycetaceae;g__Schaalia;s__	g__Schaalia
9ea59dd2f5ca23454729d705fdb040f0	d__Bacteria;p__Bacteroidota;c__Bacteroidia;o__Bacteroidales;f__Prevotellaceae;g__Segatella;s__	g__Segatella
e72bad3022cc07dc6b00e2d113027d02	d__Bacteria;p__Patescibacteria;c__Saccharimonadia;o__Saccharimonadales;f__Incertae_Sedis;g__Incertae_Sedis;s__	g__Incertae_Sedis
7c889166d3f0bc9d51498f365e6678a1	d__Bacteria;p__Pseudomonadota;c__Gammaproteobacteria;o__Burkholderiales;f__Comamonadaceae	Unclassified
39cff95cb165f9f440d15ca20e689d6b	d__Bacteria;p__Pseudomonadota;c__Gammaproteobacteria;o__Enterobacterales;f__Pasteurellaceae;g__Haemophilus;s__	g__Haemophilus
31aafce2dfe8edd9afc9a34102ad4bd8	d__Bacteria;p__Bacteroidota;c__Bacteroidia;o__Bacteroidales;f__Prevotellaceae;g__Hoylesella;s__	g__Hoylesella
e736aef326b56a831c7344356591c496	d__Bacteria;p__Pseudomonadota;c__Gammaproteobacteria;o__Burkholderiales;f__Oxalobacteraceae;g__Massilia;s__	g__Massilia
412bd2a5ed996e6ad1e9bdd14000fce0	d__Bacteria;p__Actinomycetota;c__Actinobacteria;o__Propionibacteriales;f__Propionibacteriaceae;g__Cutibacterium;s__	g__Cutibacterium
3c891ebbccce7c61eba218af18d1380a	d__Bacteria;p__Fusobacteriota;c__Fusobacteriia;o__Fusobacteriales;f__Leptotrichiaceae;g__Leptotrichia;s__	g__Leptotrichia
f5f998a060cbe1d99a7e4494c188b70f	d__Bacteria;p__Bacillota;c__Bacilli;o__Lactobacillales;f__Enterococcaceae;g__Enterococcus;s__	g__Enterococcus
6cd52a30e634f9dedfdcd3b3f41b1a74	d__Bacteria;p__Bacillota;c__Negativicutes;o__Veillonellales-Selenomonadales;f__Selenomonadaceae;g__Incertae_Sedis;s__	g__Incertae_Sedis
e2c0553559ff5f64a7f45cde6622bd33	d__Bacteria;p__Actinomycetota;c__Acidimicrobiia;o__Microtrichales;f__Ilumatobacteraceae;g__Incertae_Sedis;s__	g__Incertae_Sedis
04f3eaa4b91a4a4b37eeddc4d6d31c0b	d__Bacteria;p__Bacillota;c__Bacilli;o__Bacillales;f__Bacillaceae;g__Halobacillus;s__	g__Halobacillus
3fd0c1aebeadfd9c4f8a66a6680b310f	d__Bacteria;p__Bacillota;c__Clostridia;o__Oscillospirales;f__Oscillospiraceae;g__UCG-005;s__	g__UCG-005
310fe0bb6e43b0e9a121300ab9965916	d__Bacteria;p__Bacillota;c__Negativicutes;o__Veillonellales-Selenomonadales;f__Selenomonadaceae;g__Selenomonas;s__	g__Selenomonas
1a473575c5f54bf630a93226bf1b914e	d__Bacteria;p__Bacteroidota;c__Bacteroidia;o__Bacteroidales;f__Prevotellaceae;g__Prevotella;s__	g__Prevotella
bf37c87f8841a9f1a2cd20db4fa18b74	d__Bacteria;p__Bacillota;c__Clostridia;o__Oscillospirales;f__Oscillospiraceae;g__UCG-002;s__	g__UCG-002
139b483d3e3345bdf5af3afaabc8eb27	d__Bacteria;p__Actinomycetota;c__Actinobacteria;o__Actinomycetales;f__Actinomycetaceae;g__Schaalia;s__	g__Schaalia
273376654b27175399dd62c3d6ddbc98	d__Bacteria;p__Actinomycetota;c__Actinobacteria;o__Micrococcales;f__Micrococcaceae;g__Micrococcus;s__	g__Micrococcus
9455808de629bb1e74af4ee55d77ed3f	d__Bacteria;p__Spirochaetota;c__Spirochaetia;o__Spirochaetales;f__Spirochaetaceae;g__Treponema;s__	g__Treponema
21d29ef95b11b26d19c0e33ebfeb9563	d__Bacteria;p__Bacteroidota;c__Bacteroidia;o__Bacteroidales;f__Prevotellaceae;g__Segatella;s__	g__Segatella
5ef164d979ba84d7246674465666dd7e	d__Bacteria;p__Bacteroidota;c__Bacteroidia;o__Bacteroidales;f__Prevotellaceae;g__Prevotella;s__	g__Prevotella
c7e47548e0ef71959bfc489cd09f9c93	d__Bacteria;p__Actinomycetota;c__Actinobacteria;o__Micrococcales;f__Micrococcaceae;g__Rothia;s__	g__Rothia
f6d4bbc7a395ffa917e9b628338d544c	d__Bacteria;p__Pseudomonadota;c__Alphaproteobacteria;o__Micavibrionales;f__Incertae_Sedis;g__Incertae_Sedis;s__	g__Incertae_Sedis
f3d5be187907d2a17bb34ed54dbe0daa	d__Bacteria;p__Patescibacteria;c__Saccharimonadia;o__Saccharimonadales;f__Saccharimonadaceae;g__TM7x;s__	g__TM7x
1086648c829c6a1a07db9f15d263d67b	d__Bacteria;p__Bacillota;c__Negativicutes;o__Veillonellales-Selenomonadales;f__Selenomonadaceae;g__Selenomonas;s__	g__Selenomonas
aae5284b880e5cec71f62d0bafac17a4	d__Bacteria;p__Pseudomonadota;c__Gammaproteobacteria;o__Enterobacterales;f__Pasteurellaceae;g__Actinobacillus;s__	g__Actinobacillus
ff01080679270f49d6355ee46d24f9dd	d__Bacteria;p__Bacillota;c__Negativicutes;o__Veillonellales-Selenomonadales;f__Selenomonadaceae;g__Selenomonas;s__	g__Selenomonas
88d5ca47e5a071e2efc7b2032410dd22	d__Bacteria;p__Bacteroidota;c__Bacteroidia;o__Bacteroidales;f__Prevotellaceae;g__Segatella;s__	g__Segatella
274df2c16d1353a8af3c21cf1625a3a4	d__Bacteria;p__Actinomycetota;c__Actinobacteria;o__Actinomycetales;f__Actinomycetaceae;g__Schaalia;s__	g__Schaalia
06ac319503697277407bb65368fe9efa	d__Bacteria;p__Bacillota;c__Negativicutes;o__Veillonellales-Selenomonadales;f__Veillonellaceae;g__Veillonella;s__	g__Veillonella
30353158dbd5511239909b64d71df179	d__Bacteria;p__Verrucomicrobiota;c__Verrucomicrobiia;o__Verrucomicrobiales;f__Rubritaleaceae;g__Luteolibacter;s__	g__Luteolibacter
b7939c5282f5a860f7f572f38e14477b	d__Bacteria;p__Actinomycetota;c__Actinobacteria;o__Mycobacteriales;f__Corynebacteriaceae;g__Corynebacterium;s__	g__Corynebacterium
c974975dc39b8859472a18e27ba2ce91	d__Bacteria;p__Actinomycetota;c__Actinobacteria;o__Actinomycetales;f__Actinomycetaceae;g__Actinomyces;s__	g__Actinomyces
f8865dbb60bcc541e3343ada2e1b60e0	d__Bacteria;p__Bacillota;c__Clostridia;o__Lachnospirales;f__Lachnospiraceae;g__Incertae_Sedis;s__	g__Incertae_Sedis
c0ca01bf00d937876a3da4c0e0519b70	d__Bacteria;p__Pseudomonadota;c__Alphaproteobacteria;o__Rhodobacterales;f__Paracoccaceae;g__Limibaculum;s__	g__Limibaculum
2b20d38c2edd677f5b5b0bc8280bdcf4	d__Bacteria;p__Bacteroidota;c__Bacteroidia;o__Bacteroidales;f__Prevotellaceae;g__Hoylesella;s__	g__Hoylesella
6a1566cf876bb87030bbbf872ba2a9e3	d__Bacteria;p__Fusobacteriota;c__Fusobacteriia;o__Fusobacteriales;f__Fusobacteriaceae;g__Fusobacterium;s__	g__Fusobacterium
2c64870535cd7a78cb583719a0db3cc4	d__Bacteria;p__Bacillota;c__Clostridia;o__Oscillospirales;f__UCG-010;g__Incertae_Sedis;s__	g__Incertae_Sedis
4db64fb4eebb7550be27c313a28f4f77	d__Bacteria;p__Fusobacteriota;c__Fusobacteriia;o__Fusobacteriales;f__Fusobacteriaceae;g__Fusobacterium;s__	g__Fusobacterium
3a3e88dfbb605a05e117d55d70419a48	d__Bacteria;p__Bacteroidota;c__Bacteroidia;o__Sphingobacteriales;f__Lentimicrobiaceae;g__Lentimicrobium;s__	g__Lentimicrobium
04d09c908484c72777a644b740baedf2	d__Bacteria;p__Bacteroidota;c__Bacteroidia;o__Bacteroidales;f__Prevotellaceae;g__Incertae_Sedis;s__	g__Incertae_Sedis
09319ac323f77f615ddb75ed744ac20e	d__Bacteria;p__Bacteroidota;c__Bacteroidia;o__Bacteroidales;f__Tannerellaceae;g__Parabacteroides;s__	g__Parabacteroides
23efc3bfeb45e91b43e711eb74e93650	d__Bacteria;p__Actinomycetota;c__Actinobacteria;o__Bifidobacteriales;f__Bifidobacteriaceae;g__Parascardovia;s__	g__Parascardovia
85a28f7230556f4dd9bb5bab815b12ab	d__Bacteria;p__Bacillota;c__Clostridia;o__Oscillospirales;f__Oscillospiraceae;g__UCG-005;s__	g__UCG-005
08e67048a03d9122a8937639f73c3125	d__Bacteria;p__Bacteroidota;c__Bacteroidia;o__Bacteroidales;f__Prevotellaceae;g__Hoylesella;s__	g__Hoylesella
8039834c8ada7b76b142d08d260dc689	d__Bacteria;p__Pseudomonadota;c__Alphaproteobacteria;o__Hyphomicrobiales;f__Beijerinckiaceae;g__Microvirga;s__	g__Microvirga
8dc9f2f8d07ad2d94cb97317ad9e1da2	d__Bacteria;p__Bacteroidota;c__Bacteroidia;o__Bacteroidales;f__Prevotellaceae;g__Alloprevotella;s__	g__Alloprevotella
2366064adbada58ff2641cade100e6b9	d__Bacteria;p__Bacteroidota;c__Bacteroidia;o__Bacteroidales;f__Prevotellaceae;g__Hoylesella;s__	g__Hoylesella
6e3cc2a7b3bcceda2a9a0c63fefd2199	d__Bacteria;p__Pseudomonadota;c__Gammaproteobacteria;o__Enterobacterales;f__Morganellaceae;g__Morganella;s__	g__Morganella
2b86fb399b1cd94e9a7a15e1545257d5	d__Bacteria;p__Bacteroidota;c__Bacteroidia;o__Bacteroidales;f__Prevotellaceae;g__Xylanibacter;s__	g__Xylanibacter
175cfdec4af33047661d0b9c1f381f25	d__Bacteria;p__Fusobacteriota;c__Fusobacteriia;o__Fusobacteriales;f__Fusobacteriaceae;g__Fusobacterium;s__	g__Fusobacterium
4e03f9f2f4ef3419b1ad407b8c2cad71	d__Bacteria;p__Bacillota;c__Clostridia;o__Peptostreptococcales-Tissierellales;f__Family_XI;g__Parvimonas;s__	g__Parvimonas
1ae24239af34938268167f0b6d85b6e0	d__Bacteria;p__Pseudomonadota;c__Alphaproteobacteria;o__Rhodobacterales;f__Paracoccaceae;g__Paracoccus;s__	g__Paracoccus
de0d8c6f8ad9bb0150a0b72cea80d3e7	d__Bacteria;p__Pseudomonadota;c__Gammaproteobacteria;o__Burkholderiales;f__Oxalobacteraceae;g__Noviherbaspirillum;s__	g__Noviherbaspirillum
9d66b8d453854660d33788e1467adff7	d__Bacteria;p__Bacillota;c__Bacilli;o__Lactobacillales;f__Streptococcaceae;g__Streptococcus;s__	g__Streptococcus
0051e902a90f0636124621cac2fac2ef	d__Bacteria;p__Bacillota;c__Negativicutes;o__Veillonellales-Selenomonadales;f__Selenomonadaceae;g__Selenomonas;s__	g__Selenomonas
f6094ee5aa97f36d4449c147d524dcd8	d__Bacteria;p__Pseudomonadota;c__Gammaproteobacteria;o__Pseudomonadales;f__Moraxellaceae;g__Acinetobacter;s__	g__Acinetobacter
82dbf7a5dba414abce2994e8eb6d58ea	d__Bacteria;p__Bacillota;c__Clostridia;o__Peptostreptococcales-Tissierellales;f__Family_XI;g__Anaerococcus;s__	g__Anaerococcus
4e19807a2d0bea2c4ca31aa8462c0d51	d__Bacteria;p__Patescibacteria;c__Saccharimonadia;o__Saccharimonadales;f__Saccharimonadaceae;g__Incertae_Sedis;s__	g__Incertae_Sedis
2288521e0eb3a6d2190a5eff2938a3f0	d__Bacteria;p__Fusobacteriota;c__Fusobacteriia;o__Fusobacteriales;f__Leptotrichiaceae;g__Leptotrichia;s__	g__Leptotrichia
608f3de99f99ffae5101788e81eebc11	d__Bacteria;p__Bacillota;c__Negativicutes;o__Veillonellales-Selenomonadales;f__Selenomonadaceae;g__Selenomonas;s__	g__Selenomonas
f1a74bf5fe42dcad445902112a88dd72	d__Bacteria;p__Pseudomonadota;c__Gammaproteobacteria;o__Burkholderiales;f__Neisseriaceae;g__Eikenella;s__	g__Eikenella
d9e860fe2abe43e5f1b6142818a3e073	d__Bacteria;p__Bacteroidota;c__Bacteroidia;o__Bacteroidales;f__Prevotellaceae;g__Incertae_Sedis;s__	g__Incertae_Sedis
3cd7627e259c30b8c3dc253964149ab2	d__Bacteria;p__Actinomycetota;c__Actinobacteria;o__Actinomycetales;f__Actinomycetaceae;g__Schaalia;s__	g__Schaalia
48d0964281b140f0e7db36f9f60e7738	d__Bacteria;p__Bacteroidota;c__Bacteroidia;o__Bacteroidales;f__Incertae_Sedis;g__Phocaeicola;s__	g__Phocaeicola
c96c19ee99f267b063cee8b5196a61ec	d__Bacteria;p__Pseudomonadota;c__Gammaproteobacteria;o__Burkholderiales;f__Oxalobacteraceae;g__Noviherbaspirillum;s__	g__Noviherbaspirillum
8d3d41f0684384bdbe1739b115f0b1ed	d__Bacteria;p__Bacillota;c__Clostridia;o__Lachnospirales;f__Lachnospiraceae;g__Johnsonella;s__	g__Johnsonella
042a9792da36e84a22697a5be8fb69e9	d__Bacteria;p__Bacillota;c__Negativicutes;o__Veillonellales-Selenomonadales;f__Selenomonadaceae;g__Incertae_Sedis;s__	g__Incertae_Sedis
6aff304c88af90da1618072085d0c936	d__Bacteria;p__Bacillota;c__Clostridia;o__Clostridia_UCG-014;f__Incertae_Sedis;g__Incertae_Sedis;s__	g__Incertae_Sedis
5a17e6ef79eae7a7b10c885081c93c27	d__Bacteria;p__Bacillota;c__Bacilli;o__Erysipelotrichales;f__Erysipelotrichaceae;g__Solobacterium;s__	g__Solobacterium
b818316fd3d1fdc5a9971426a2fc69fa	d__Bacteria;p__Bacteroidota;c__Bacteroidia;o__Bacteroidales;f__Prevotellaceae;g__Hoylesella;s__	g__Hoylesella
f4e6a0275be3000710cccf944e3a5597	d__Bacteria;p__Bacillota;c__Clostridia;o__Oscillospirales;f__Ruminococcaceae;g__Incertae_Sedis;s__	g__Incertae_Sedis
a925205cacffbc864e25e265facaa28c	d__Bacteria;p__Bacillota;c__Clostridia;o__Lachnospirales;f__Lachnospiraceae;g__Oribacterium;s__	g__Oribacterium
a43eb5cd46b1ca24d9050d50b25a1c18	d__Bacteria;p__Bacteroidota;c__Bacteroidia;o__Flavobacteriales;f__Flavobacteriaceae;g__Capnocytophaga;s__	g__Capnocytophaga
d32cfb8c6c4b86c71b34587ba248d4b5	d__Bacteria;p__Bacillota;c__Negativicutes;o__Veillonellales-Selenomonadales;f__Selenomonadaceae;g__Selenomonas;s__	g__Selenomonas
158d8889b6d0e448fe533f8100c15187	d__Bacteria;p__Bacillota;c__Clostridia;o__Clostridia_vadinBB60_group;f__Incertae_Sedis;g__Incertae_Sedis;s__	g__Incertae_Sedis
14a693f88ce335f167a1e8fbbd104715	d__Bacteria;p__Bacteroidota;c__Bacteroidia;o__Bacteroidales;f__Prevotellaceae;g__Prevotella;s__	g__Prevotella
559c1b70e10e282eb2a30fc94a8368e9	d__Bacteria;p__Bacteroidota;c__Bacteroidia;o__Cytophagales;f__Spirosomataceae;g__Dyadobacter;s__	g__Dyadobacter
c1ee1ff12dfa03db852386be3249a377	d__Bacteria;p__Bacillota;c__Bacilli;o__Lactobacillales;f__Enterococcaceae;g__Enterococcus;s__	g__Enterococcus
499bc95dfd81d7afc79685199319a4f2	d__Bacteria;p__Pseudomonadota;c__Alphaproteobacteria;o__Rhodobacterales;f__Paracoccaceae;g__Paracoccus;s__	g__Paracoccus
acbbde100988ca1b6df73f19e8e85b19	d__Bacteria;p__Bacteroidota;c__Bacteroidia;o__Bacteroidales;f__Prevotellaceae;g__Prevotella;s__	g__Prevotella
e390ed4a798221f41f836d2d59ff6c1c	d__Bacteria;p__Pseudomonadota;c__Gammaproteobacteria;o__Burkholderiales;f__Neisseriaceae;g__Neisseria;s__	g__Neisseria
c66ebe9b40ff108d02fbb069fce68c4a	d__Bacteria;p__Bacteroidota;c__Bacteroidia;o__Bacteroidales;f__Prevotellaceae;g__Incertae_Sedis;s__	g__Incertae_Sedis
075f3ec2c17bc04d6de67b3869b461b5	d__Bacteria;p__Bacteroidota;c__Bacteroidia;o__Bacteroidales;f__Prevotellaceae;g__Incertae_Sedis;s__	g__Incertae_Sedis
5225764c4ea4caf3af9db6b8e7e71018	d__Bacteria;p__Actinomycetota;c__Actinobacteria;o__Actinomycetales;f__Actinomycetaceae;g__Schaalia;s__	g__Schaalia
82c448c1808ec28bd3b550b0460519cb	d__Bacteria;p__Bacillota;c__Clostridia;o__Lachnospirales;f__Lachnospiraceae;g__Hungatella;s__	g__Hungatella
00d46933c75ef5cd272296fb3f47f692	d__Bacteria;p__Pseudomonadota;c__Gammaproteobacteria;o__Burkholderiales;f__Oxalobacteraceae;g__Noviherbaspirillum;s__	g__Noviherbaspirillum
9db2817f5c42be6a7bcbca662959982d	d__Bacteria;p__Pseudomonadota;c__Alphaproteobacteria;o__Hyphomicrobiales;f__Xanthobacteraceae;g__Bradyrhizobium;s__	g__Bradyrhizobium
53d60d112a037658573c713b6ce33cb5	d__Bacteria;p__Bacteroidota;c__Bacteroidia;o__Flavobacteriales;f__Flavobacteriaceae;g__Capnocytophaga;s__	g__Capnocytophaga
e4386c5e51b37a2db6bd73919055f305	d__Bacteria;p__Bacillota;c__Negativicutes;o__Veillonellales-Selenomonadales;f__Veillonellaceae;g__Veillonella;s__	g__Veillonella
b6050afdd650614f64c1bd32dbe872d6	d__Bacteria;p__Bacteroidota;c__Bacteroidia;o__Flavobacteriales;f__Weeksellaceae;g__Chryseobacterium;s__	g__Chryseobacterium
fd4fb53c8a3d702e4d0a0bf17f8bd9bb	d__Bacteria;p__Deinococcota;c__Deinococci;o__Deinococcales;f__Deinococcaceae;g__Deinococcus;s__	g__Deinococcus
0a324b2a7195060c36692e89452ac981	d__Bacteria;p__Bacillota;c__Negativicutes;o__Veillonellales-Selenomonadales;f__Selenomonadaceae;g__Selenomonas;s__	g__Selenomonas
fb8079b8f862324a0b6343d44f6fe319	d__Bacteria;p__Patescibacteria;c__Saccharimonadia;o__Saccharimonadales;f__Saccharimonadaceae;g__Incertae_Sedis;s__	g__Incertae_Sedis
dcd5e3c549002b405020c191269a82d1	d__Bacteria;p__Bacteroidota;c__Bacteroidia;o__Chitinophagales;f__Saprospiraceae;g__Incertae_Sedis;s__	g__Incertae_Sedis
e363db6312f34caf94417ecc47592687	d__Bacteria;p__Pseudomonadota;c__Alphaproteobacteria;o__Rhodobacterales;f__Paracoccaceae;g__Paracoccus;s__	g__Paracoccus
7e2f644d754228248475f4335f140752	d__Bacteria;p__Pseudomonadota;c__Gammaproteobacteria;o__Enterobacterales;f__Idiomarinaceae;g__Pseudidiomarina;s__	g__Pseudidiomarina
f7a2ce0509b0ac673fa31f45edcb7725	d__Bacteria;p__Bacteroidota;c__Bacteroidia;o__Bacteroidales;f__Prevotellaceae;g__Prevotella;s__	g__Prevotella
47dc134e422d7f2ebbe532181792f16a	d__Bacteria;p__Bacteroidota;c__Bacteroidia;o__Bacteroidales;f__Prevotellaceae;g__Alloprevotella;s__	g__Alloprevotella
b114389a9a6822b396b8e328242cc1bb	d__Bacteria;p__Bacillota;c__Bacilli;o__Lactobacillales;f__Carnobacteriaceae;g__Granulicatella;s__	g__Granulicatella
e895314c0841d5df48ff7fa5038a614e	d__Bacteria;p__Bacillota;c__Clostridia;o__Lachnospirales;f__Lachnospiraceae;g__Lachnoanaerobaculum;s__	g__Lachnoanaerobaculum
7854da004130b608c6b43e3741c5b925	d__Bacteria;p__Pseudomonadota;c__Alphaproteobacteria;o__Sphingomonadales;f__Sphingomonadaceae	Unclassified
ad04032ec7a7cc3365ab751a14e11538	d__Bacteria;p__Pseudomonadota;c__Gammaproteobacteria;o__Burkholderiales;f__Neisseriaceae;g__Neisseria;s__	g__Neisseria
be20a0e31e7107e6fd34f5d8472b6108	d__Bacteria;p__Bacillota;c__Clostridia;o__Oscillospirales;f__Oscillospiraceae;g__Incertae_Sedis;s__	g__Incertae_Sedis
2eb41c2f0ef4e56794b4e2b554078057	d__Bacteria;p__Actinomycetota;c__Actinobacteria;o__Actinomycetales;f__Actinomycetaceae;g__F0332;s__	g__F0332
ec053b895144cd6afacbc56c2dcbaa5b	d__Bacteria;p__Actinomycetota;c__Actinobacteria;o__Micrococcales;f__Micrococcaceae;g__Micrococcus;s__	g__Micrococcus
2866e3f09c6aeb52ce45d678dc8f6272	d__Bacteria;p__Bacteroidota;c__Bacteroidia;o__Flavobacteriales;f__Weeksellaceae;g__Empedobacter;s__	g__Empedobacter
291601708b18b116d67a738589797d64	d__Bacteria;p__Bacteroidota;c__Bacteroidia;o__Flavobacteriales;f__Flavobacteriaceae;g__Capnocytophaga;s__	g__Capnocytophaga
35db4bf509bfba1b535f5c31f12cb7ad	d__Bacteria;p__Bacillota;c__Clostridia;o__Lachnospirales;f__Lachnospiraceae;g__Incertae_Sedis;s__	g__Incertae_Sedis
12e19f24083e3eb7f9bb1cb25d369b88	d__Bacteria;p__Bacteroidota;c__Bacteroidia;o__Bacteroidales;f__Prevotellaceae;g__Prevotella;s__	g__Prevotella
68a912830eb56e3c4853a8ecdf0a66a9	d__Bacteria;p__Bacteroidota;c__Bacteroidia;o__Bacteroidales;f__Porphyromonadaceae;g__Porphyromonas;s__	g__Porphyromonas
63cf2686ba764a8f89de422715bd9a1b	d__Bacteria;p__Actinomycetota;c__Actinobacteria;o__Micrococcales;f__Micrococcaceae;g__Rothia;s__	g__Rothia
d987ea00be2d0b7202a3e30053ea4a8f	d__Bacteria;p__Pseudomonadota;c__Gammaproteobacteria;o__Pseudomonadales;f__Pseudomonadaceae;g__Pseudomonas;s__	g__Pseudomonas
7311179995c05269b851fe94ca53e308	d__Bacteria;p__Bacteroidota;c__Bacteroidia;o__Bacteroidales;f__Prevotellaceae;g__Prevotella;s__	g__Prevotella
a51990714bc11cd0e36d9c3cb9d4eaf1	d__Bacteria;p__Bacillota;c__Clostridia;o__Oscillospirales;f__Oscillospiraceae;g__NK4A214_group;s__	g__NK4A214_group
ac1d4e46240660a75dd561498d1c50df	d__Bacteria;p__Bacillota;c__Clostridia;o__Oscillospirales;f__Oscillospiraceae;g__UCG-005;s__	g__UCG-005
3436412c42e4dc4d9c69a9ed5ff1d8ad	d__Bacteria;p__Actinomycetota;c__Actinobacteria;o__Mycobacteriales;f__Corynebacteriaceae;g__Corynebacterium;s__	g__Corynebacterium
b2c25b2ac1e1d8a45e52d667afeec73c	d__Bacteria;p__Bacteroidota;c__Bacteroidia;o__Sphingobacteriales;f__Lentimicrobiaceae;g__Lentimicrobium;s__	g__Lentimicrobium
5eb42a12445fcf7ae9a0b4a8cf77915c	d__Bacteria;p__Actinomycetota;c__Actinobacteria;o__Micrococcales;f__Brevibacteriaceae;g__Brevibacterium;s__	g__Brevibacterium
0d8e1475a2e1bea880c34e1c027cb25d	d__Bacteria;p__Bacillota;c__Negativicutes;o__Veillonellales-Selenomonadales;f__Veillonellaceae;g__Veillonella;s__	g__Veillonella
919d2f6545b1af4e32ec74cf7ad406c6	d__Bacteria;p__Bacillota;c__Clostridia;o__Lachnospirales;f__Lachnospiraceae;g__Lachnospiraceae_FE2018_group;s__	g__Lachnospiraceae_FE2018_group
4316913f49a32f7e2e154bee476b7e07	d__Bacteria;p__Actinomycetota;c__Actinobacteria;o__Actinomycetales;f__Actinomycetaceae;g__Actinomyces;s__	g__Actinomyces
41beaabf9e712c4a2cff28299dad768d	d__Bacteria;p__Bacillota;c__Clostridia;o__Peptostreptococcales-Tissierellales;f__Peptostreptococcaceae;g__Filifactor;s__	g__Filifactor
c0e64bfe98cdf960e394c7253e6f4538	d__Bacteria;p__Bacteroidota;c__Bacteroidia;o__Chitinophagales;f__Chitinophagaceae;g__Puia;s__	g__Puia
e85d042b8c32fce2247377ed1e2d752d	d__Bacteria;p__Pseudomonadota;c__Gammaproteobacteria;o__Pseudomonadales;f__Moraxellaceae;g__Acinetobacter;s__	g__Acinetobacter
fa46792d50b44484ca406c3420c9ad82	d__Bacteria;p__Patescibacteria;c__Saccharimonadia;o__Saccharimonadales;f__Saccharimonadaceae;g__TM7a;s__	g__TM7a
7d127002fb8e84625d4cce262aff84d8	d__Bacteria;p__Actinomycetota;c__Actinobacteria;o__Actinomycetales;f__Actinomycetaceae;g__Schaalia;s__	g__Schaalia
b2bd92c0d0da8cee71bda36cec7f5874	d__Bacteria;p__Spirochaetota;c__Spirochaetia;o__Spirochaetales;f__Spirochaetaceae;g__Treponema;s__	g__Treponema
cba69665bcab8a2333608e6235cecc2f	d__Bacteria;p__Bacteroidota;c__Bacteroidia;o__Bacteroidales;f__Prevotellaceae;g__Prevotella;s__	g__Prevotella
945fb5825dd6683985761b84e8d51962	d__Bacteria;p__Bacillota;c__Negativicutes;o__Veillonellales-Selenomonadales;f__Veillonellaceae;g__Veillonella;s__	g__Veillonella
0389156b332078f7425f0fcfb4632399	d__Bacteria;p__Pseudomonadota;c__Gammaproteobacteria;o__Burkholderiales;f__Neisseriaceae;g__Neisseria;s__	g__Neisseria
4d90a89c104e389b681c8cebceca0cea	d__Bacteria;p__Actinomycetota;c__Actinobacteria;o__Micrococcales;f__Micrococcaceae;g__Glutamicibacter;s__	g__Glutamicibacter
b94950aa2b0f59074ca623322392575d	d__Bacteria;p__Actinomycetota;c__Actinobacteria;o__Propionibacteriales;f__Propionibacteriaceae;g__Aestuariimicrobium;s__	g__Aestuariimicrobium
1d79e5a9feac465c978e84fd32168091	d__Bacteria;p__Fusobacteriota;c__Fusobacteriia;o__Fusobacteriales;f__Fusobacteriaceae;g__Fusobacterium;s__	g__Fusobacterium
5fc8ebf8d49daeb9c8dfdbdcee7b5e75	d__Bacteria;p__Bacillota;c__Bacilli;o__Exiguobacterales;f__Exiguobacteraceae;g__Exiguobacterium;s__	g__Exiguobacterium
2d75ad5677883fdb3fb40d3421d18391	d__Bacteria;p__Fusobacteriota;c__Fusobacteriia;o__Fusobacteriales;f__Fusobacteriaceae;g__Fusobacterium;s__	g__Fusobacterium
1fbd9f52804578252f052ae83ffac040	d__Bacteria;p__Bacteroidota;c__Bacteroidia;o__Bacteroidales;f__Prevotellaceae;g__Hoylesella;s__	g__Hoylesella
7ad072c9f4f8c383b249ef025d7a14c9	d__Bacteria;p__Actinomycetota;c__Actinobacteria;o__Actinomycetales;f__Actinomycetaceae;g__Actinomyces;s__	g__Actinomyces
8635978207cbddd62c216e5a908c4f52	d__Bacteria;p__Pseudomonadota;c__Gammaproteobacteria;o__Pseudomonadales;f__Moraxellaceae;g__Acinetobacter;s__	g__Acinetobacter
d050639d37c976d0b6a04641d5d5799f	d__Bacteria;p__Bacillota;c__Clostridia;o__Oscillospirales;f__Oscillospiraceae;g__Incertae_Sedis;s__	g__Incertae_Sedis
0cdbe4a79d56f6081bec08b57b345d6f	d__Bacteria;p__Pseudomonadota;c__Gammaproteobacteria;o__Pseudomonadales;f__Moraxellaceae;g__Acinetobacter;s__	g__Acinetobacter
e3c821581b6dc5f209c49a1999f2a8f8	d__Bacteria;p__Bacteroidota;c__Bacteroidia;o__Bacteroidales;f__Prevotellaceae;g__Segatella;s__	g__Segatella
de14cc687fce63884adaad99e8021ab4	d__Bacteria;p__Pseudomonadota;c__Gammaproteobacteria;o__Pseudomonadales;f__Moraxellaceae;g__Acinetobacter;s__	g__Acinetobacter
42c7afd4ecd1809e5e35ad6b148bd707	d__Bacteria;p__Spirochaetota;c__Spirochaetia;o__Spirochaetales;f__Spirochaetaceae;g__Treponema;s__	g__Treponema
2c3481f16d9f61b7c9f919ce08a07f92	d__Bacteria;p__Bacillota;c__Negativicutes;o__Veillonellales-Selenomonadales;f__Veillonellaceae;g__Veillonella;s__	g__Veillonella
80d09ea202b281f137399eceaa985e48	d__Bacteria;p__Bacillota;c__Bacilli;o__Bacillales;f__Bacillaceae;g__Aeribacillus;s__	g__Aeribacillus
53e1de6ce8e4776f971217acb11c543e	d__Bacteria;p__Bacillota;c__Negativicutes;o__Veillonellales-Selenomonadales;f__Veillonellaceae;g__Megasphaera;s__	g__Megasphaera
f2bd548d5f4160d252ea45fc8f17eac4	d__Bacteria;p__Bacillota;c__Bacilli;o__Mycoplasmatales;f__Mycoplasmataceae;g__Mycoplasma;s__	g__Mycoplasma
b1f88a127c40b1fbcc97c750736fdfd5	d__Bacteria;p__Bacillota;c__Clostridia;o__Lachnospirales;f__Lachnospiraceae;g__Incertae_Sedis;s__	g__Incertae_Sedis
0aa6767415c3c1d08d147c80b16ec596	d__Bacteria;p__Pseudomonadota;c__Gammaproteobacteria;o__Pseudomonadales;f__Moraxellaceae;g__Acinetobacter;s__	g__Acinetobacter
16e064f5708b864102deba0c143d9a40	d__Bacteria;p__Actinomycetota;c__Actinobacteria;o__Micrococcales;f__Micrococcaceae;g__Rothia;s__	g__Rothia
7c7721f943e6f8d857f10a716d355498	d__Bacteria;p__Bacteroidota;c__Bacteroidia;o__Bacteroidales;f__Tannerellaceae;g__Tannerella;s__	g__Tannerella
26f549910e90941a559a7a15d5da9913	d__Bacteria;p__Bacteroidota;c__Bacteroidia;o__Bacteroidales;f__Prevotellaceae;g__Prevotella;s__	g__Prevotella
6277790181b19174541f4c1dbffd0531	d__Bacteria;p__Bacillota;c__Clostridia;o__Oscillospirales;f__UCG-010;g__Incertae_Sedis;s__	g__Incertae_Sedis
99a5c016de4cc8114d139ff97a02fe81	d__Bacteria;p__Bacillota;c__Clostridia;o__Lachnospirales;f__Lachnospiraceae;g__Lachnoanaerobaculum;s__	g__Lachnoanaerobaculum
b0a42ba762e48c39cbe440b5b8e29bf1	d__Bacteria;p__Pseudomonadota;c__Gammaproteobacteria;o__Burkholderiales;f__Comamonadaceae;g__Aquabacterium;s__	g__Aquabacterium
03b35f99a8f826c73dcfcb29785e2ee2	d__Bacteria;p__Bacteroidota;c__Bacteroidia;o__Bacteroidales;f__Prevotellaceae;g__Hoylesella;s__	g__Hoylesella
a091b78231142d650dc2df25bf118217	d__Bacteria;p__Fusobacteriota;c__Fusobacteriia;o__Fusobacteriales;f__Leptotrichiaceae;g__Leptotrichia;s__	g__Leptotrichia
4fa8ac2e5928b5ba75ff212232249ecb	d__Bacteria;p__Pseudomonadota;c__Gammaproteobacteria;o__Burkholderiales;f__Sutterellaceae;g__Sutterella;s__	g__Sutterella
bb94f1f17e14d9832cbaf900d8304c47	d__Bacteria;p__Bacteroidota;c__Bacteroidia;o__Bacteroidales;f__Porphyromonadaceae;g__Porphyromonas;s__	g__Porphyromonas
ae685ec84b2265b9d4abe18050a406e5	d__Bacteria;p__Spirochaetota;c__Spirochaetia;o__Spirochaetales;f__Spirochaetaceae;g__Treponema;s__	g__Treponema
9d48f64b064699116eda753f9bd0dbe9	d__Bacteria;p__Fusobacteriota;c__Fusobacteriia;o__Fusobacteriales;f__Fusobacteriaceae;g__Fusobacterium;s__	g__Fusobacterium
7602bae54fde749edbad8708ba43529b	d__Bacteria;p__Campylobacterota;c__Campylobacteria;o__Campylobacterales;f__Campylobacteraceae;g__Campylobacter;s__	g__Campylobacter
a519a24296a617f68d5bda755f0b7fec	d__Bacteria;p__Pseudomonadota;c__Gammaproteobacteria;o__Enterobacterales;f__Pasteurellaceae;g__Haemophilus;s__	g__Haemophilus
2bd4cbb75a5f42ca437c60f9e60579f1	d__Bacteria;p__Bacillota;c__Negativicutes;o__Veillonellales-Selenomonadales;f__Selenomonadaceae;g__Selenomonas;s__	g__Selenomonas
9bae7e01fbf76af17f72a73b6d9f8843	d__Bacteria;p__Pseudomonadota;c__Gammaproteobacteria;o__Burkholderiales;f__Neisseriaceae;g__Kingella;s__	g__Kingella
66f49b53d1b281977412290951cb1dd8	d__Bacteria;p__Bacteroidota;c__Bacteroidia;o__Flavobacteriales;f__Weeksellaceae;g__Bergeyella;s__	g__Bergeyella
2bd7f1d66d1e1b6af684a0dfb76a1b9f	d__Bacteria;p__Pseudomonadota;c__Alphaproteobacteria;o__Sphingomonadales;f__Sphingomonadaceae;g__Sphingomonas;s__	g__Sphingomonas
5b5f11100dc97bddf8af7b5f254b13f9	d__Bacteria;p__Bacillota;c__Clostridia;o__Oscillospirales;f__Butyricicoccaceae;g__Agathobaculum;s__	g__Agathobaculum
f24efe4eefa249066ca2b3bae4df3f3a	d__Bacteria;p__Pseudomonadota;c__Gammaproteobacteria;o__Burkholderiales;f__Burkholderiaceae;g__Ralstonia;s__	g__Ralstonia
fc5cdf2116c72436a8de8ea75ed4e069	d__Bacteria;p__Bacillota;c__Negativicutes;o__Veillonellales-Selenomonadales;f__Veillonellaceae;g__Veillonella;s__	g__Veillonella
f796a7da32b452d62f18aa623e9d41db	d__Bacteria;p__Bacteroidota;c__Bacteroidia;o__Bacteroidales;f__Porphyromonadaceae;g__Porphyromonas;s__	g__Porphyromonas
331187ca554de081d132f36d65633d4a	d__Bacteria;p__Bacillota;c__Negativicutes;o__Veillonellales-Selenomonadales;f__Veillonellaceae;g__Veillonella;s__	g__Veillonella
76bd2de47a7f22cd0eb1d358e323fdaf	d__Bacteria;p__Pseudomonadota;c__Gammaproteobacteria;o__Enterobacterales;f__Aeromonadaceae;g__Aeromonas;s__	g__Aeromonas
ca54de7535fc4f040248a82a14c18d8d	d__Bacteria;p__Fusobacteriota;c__Fusobacteriia;o__Fusobacteriales;f__Leptotrichiaceae;g__Streptobacillus;s__	g__Streptobacillus
debfcfa3e07c5636d86857f438958df0	d__Bacteria;p__Pseudomonadota;c__Alphaproteobacteria;o__Rhodobacterales;f__Paracoccaceae;g__Incertae_Sedis;s__	g__Incertae_Sedis
842c4b034c49f128fd20b9206b8cc072	d__Bacteria;p__Actinomycetota;c__Actinobacteria;o__Mycobacteriales;f__Dietziaceae;g__Dietzia;s__	g__Dietzia
c7f7b9c5dba66d5d74ffe7ac0def7777	d__Bacteria;p__Pseudomonadota;c__Gammaproteobacteria;o__Pseudomonadales;f__Moraxellaceae;g__Acinetobacter;s__	g__Acinetobacter
082f467cc27f2a32e4afffd576cb9c03	d__Bacteria;p__Synergistota;c__Synergistia;o__Synergistales;f__Synergistaceae;g__Fretibacterium;s__	g__Fretibacterium
a3572a5fd3c661995eefcfd3a407e595	d__Bacteria;p__Bacteroidota;c__Bacteroidia;o__Bacteroidales;f__Prevotellaceae;g__Segatella;s__	g__Segatella
60eac7c5d1c5dc02342977bdac6a12ef	d__Bacteria;p__Fibrobacterota;c__Fibrobacteria;o__Fibrobacterales;f__Fibrobacteraceae;g__Incertae_Sedis;s__	g__Incertae_Sedis
5c6c978e614fd674eff6c8f26c596572	d__Bacteria;p__Bacteroidota;c__Bacteroidia;o__Flavobacteriales;f__Flavobacteriaceae;g__Flavobacterium;s__	g__Flavobacterium
07c3160551922faa7be5740ea3adc189	d__Bacteria;p__Pseudomonadota;c__Gammaproteobacteria;o__Burkholderiales;f__Burkholderiaceae;g__Ralstonia;s__	g__Ralstonia
d262098085501db61dbb6eebb6157704	d__Bacteria;p__Bacillota;c__Clostridia;o__Lachnospirales;f__Lachnospiraceae;g__Roseburia;s__	g__Roseburia
c82c67c124a6e3abd87c8993860aa733	d__Bacteria;p__Pseudomonadota;c__Gammaproteobacteria;o__Pseudomonadales;f__Moraxellaceae;g__Acinetobacter;s__	g__Acinetobacter
0ae6e52e5ebf368b2b72ff627d148f17	d__Bacteria;p__Bacteroidota;c__Bacteroidia;o__Bacteroidales;f__Bacteroidaceae;g__Bacteroides;s__	g__Bacteroides
f2c33156cd43a5c10488e04b7141d529	d__Bacteria;p__Fusobacteriota;c__Fusobacteriia;o__Fusobacteriales;f__Leptotrichiaceae;g__Leptotrichia;s__	g__Leptotrichia
6127039c2a66ec5995f4b9cd2fbf5fce	d__Bacteria;p__Campylobacterota;c__Campylobacteria;o__Campylobacterales;f__Campylobacteraceae;g__Campylobacter;s__	g__Campylobacter
7cd12ec504ac518558427496920a3a8a	d__Bacteria;p__Pseudomonadota;c__Gammaproteobacteria;o__Enterobacterales;f__Idiomarinaceae;g__Pseudidiomarina;s__	g__Pseudidiomarina
8d4de6b32b7920c2ab72efca7f22be1d	d__Bacteria;p__Bacillota;c__Clostridia;o__Lachnospirales;f__Lachnospiraceae;g__Incertae_Sedis;s__	g__Incertae_Sedis
129bd468f87c2bd660953bfd09abd5ae	d__Bacteria;p__Actinomycetota;c__Actinobacteria;o__Bifidobacteriales;f__Bifidobacteriaceae;g__Gardnerella;s__	g__Gardnerella
aace38916bea9c570481627b73fd1d36	d__Bacteria;p__Bacillota;c__Bacilli;o__Erysipelotrichales;f__Erysipelatoclostridiaceae;g__Catenibacterium;s__	g__Catenibacterium
4a502d191200e66a24da4a6b727af04f	d__Bacteria;p__Actinomycetota;c__Actinobacteria;o__Actinomycetales;f__Actinomycetaceae;g__Schaalia;s__	g__Schaalia
52c9498a33730d91e3614567d3d3b1a0	d__Bacteria;p__Bacillota;c__Negativicutes;o__Veillonellales-Selenomonadales;f__Veillonellaceae;g__Veillonella;s__	g__Veillonella
b16737082daf2d29844bcf450cf88912	d__Bacteria;p__Bacteroidota;c__Bacteroidia;o__Bacteroidales;f__Prevotellaceae;g__Segatella;s__	g__Segatella
90f6d5615542790cb8cd00ef7c57fe3a	d__Bacteria;p__Bacteroidota;c__Bacteroidia;o__Bacteroidales;f__Porphyromonadaceae;g__Porphyromonas;s__	g__Porphyromonas
8074bde1428d06ef117fb5f887caeec8	d__Bacteria;p__Actinomycetota;c__Actinobacteria;o__Micrococcales;f__Dermatophilaceae;g__Kineosphaera;s__	g__Kineosphaera
53135483d6ca71160cf3b876ffa9e336	d__Bacteria;p__Pseudomonadota;c__Alphaproteobacteria;o__Sphingomonadales;f__Sphingomonadaceae;g__Sphingomonas;s__	g__Sphingomonas
304766e996533ece945eda3371071404	d__Bacteria;p__Patescibacteria;c__Saccharimonadia;o__Saccharimonadales;f__Saccharimonadaceae;g__TM7a;s__	g__TM7a
b1570acac4df11b57f50aff89778a336	d__Bacteria;p__Pseudomonadota;c__Gammaproteobacteria;o__Lysobacterales;f__Lysobacteraceae;g__Thermomonas;s__	g__Thermomonas
9312196cf379f8a47ed5c8a2a574d242	d__Bacteria;p__Actinomycetota;c__Actinobacteria;o__Micrococcales;f__Dermabacteraceae;g__Dermabacter;s__	g__Dermabacter
86a598120081e51e58f4ff465686d218	d__Bacteria;p__Pseudomonadota;c__Gammaproteobacteria;o__Burkholderiales;f__Comamonadaceae;g__Ramlibacter;s__	g__Ramlibacter
968d94acc290131b9171ba81b0e2df2c	d__Bacteria;p__Bacteroidota;c__Bacteroidia;o__Bacteroidales;f__Prevotellaceae;g__Segatella;s__	g__Segatella
73a99772c20bc6180ffc283e2aa01c39	d__Bacteria;p__Actinomycetota;c__Actinobacteria;o__Actinomycetales;f__Actinomycetaceae;g__Schaalia;s__	g__Schaalia
b0e163dfcbc8f98a2507b3c40dad39c9	d__Bacteria;p__Pseudomonadota;c__Alphaproteobacteria;o__Sphingomonadales;f__Sphingomonadaceae;g__Novosphingobium;s__	g__Novosphingobium
a1dee33eed1d2f985519c63ccbb496d7	d__Bacteria;p__Bacteroidota;c__Bacteroidia;o__Flavobacteriales;f__Weeksellaceae;g__Chryseobacterium;s__	g__Chryseobacterium
4f5fe517a4f87c122f768a41c8c7ab7a	d__Bacteria;p__Pseudomonadota;c__Alphaproteobacteria;o__Rhodobacterales;f__Paracoccaceae;g__Rubellimicrobium;s__	g__Rubellimicrobium
7953beb3b1cef704276cacf8d8936453	d__Bacteria;p__Bacillota;c__Bacilli;o__Paenibacillales;f__Paenibacillaceae;g__Paenibacillus;s__	g__Paenibacillus
2ac9d1f36d44db696792e1a3550ec479	d__Bacteria;p__Bacillota;c__Bacilli;o__Staphylococcales;f__Staphylococcaceae;g__Staphylococcus;s__	g__Staphylococcus
cd20c8bfdc95350a9eec5f04dfa0ffcc	d__Bacteria;p__Actinomycetota;c__Actinobacteria;o__Micrococcales;f__Microbacteriaceae;g__Microbacterium;s__	g__Microbacterium
62a4e30d5422776c9c9092428690c9b2	d__Bacteria;p__Bacillota;c__Bacilli;o__Bacillales;f__Bacillaceae;g__Anoxybacillus;s__	g__Anoxybacillus
070e8dd905f122f16d7cbe7872683f49	d__Bacteria;p__Bacillota;c__Bacilli;o__Bacillales;f__Bacillaceae;g__Bacillus;s__	g__Bacillus
77578b427a75b590b28676a2e3080ff4	d__Bacteria;p__Pseudomonadota;c__Gammaproteobacteria;o__Enterobacterales;f__Pasteurellaceae;g__Haemophilus;s__	g__Haemophilus
33150469ad77c181bb9ea0426e89605c	d__Bacteria;p__Planctomycetota;c__Planctomycetes;o__Gemmatales;f__Gemmataceae;g__Gemmata;s__	g__Gemmata
8712204d5cadf561a18ddad38b7d7492	d__Bacteria;p__Pseudomonadota;c__Gammaproteobacteria;o__Lysobacterales;f__Lysobacteraceae;g__Lysobacter;s__	g__Lysobacter
d23e87244d894eeedca37b52cab1d645	d__Bacteria;p__Pseudomonadota;c__Gammaproteobacteria;o__Pseudomonadales;f__Pseudomonadaceae;g__Pseudomonas;s__	g__Pseudomonas
d57e229f074a6fd9033cc6f0de93d51c	d__Bacteria;p__Actinomycetota;c__Actinobacteria;o__Actinomycetales;f__Actinomycetaceae;g__Actinomyces;s__	g__Actinomyces
a9840ed86b9e1327bb106e355e3c029a	d__Bacteria;p__Pseudomonadota;c__Alphaproteobacteria;o__Hyphomicrobiales;f__Rhizobiaceae;g__Pseudochrobactrum;s__	g__Pseudochrobactrum
f832a534cab19e1089b7cc9c6b966d23	d__Bacteria;p__Pseudomonadota;c__Gammaproteobacteria;o__Burkholderiales;f__Oxalobacteraceae;g__Noviherbaspirillum;s__	g__Noviherbaspirillum
365b30835f746c4c28818b974b2d12f7	d__Bacteria;p__Campylobacterota;c__Campylobacteria;o__Campylobacterales;f__Campylobacteraceae;g__Campylobacter;s__	g__Campylobacter
751d45b724610155ade313ddd1760d16	d__Bacteria;p__Bacteroidota;c__Bacteroidia;o__Bacteroidales;f__Prevotellaceae;g__Leyella;s__	g__Leyella
0edfed32c2ae2c9a4927925e905cbc70	d__Bacteria;p__Pseudomonadota;c__Alphaproteobacteria;o__Hyphomicrobiales;f__Rhizobiaceae;g__Rhizobium;s__	g__Rhizobium
35d201d94d8b87d08fddba337a9d066b	d__Bacteria;p__Bacillota;c__Negativicutes;o__Veillonellales-Selenomonadales;f__Veillonellaceae;g__Veillonella;s__	g__Veillonella
a0f0096093ead50162860be8daed6017	d__Bacteria;p__Actinomycetota;c__Actinobacteria;o__Actinomycetales;f__Actinomycetaceae;g__Actinomyces;s__	g__Actinomyces
120b9872c1635d2949bae3c63d2c94ad	d__Bacteria;p__Bacillota;c__Negativicutes;o__Veillonellales-Selenomonadales;f__Veillonellaceae;g__Anaeroglobus;s__	g__Anaeroglobus
9922b538db47c0a7f9e0bc68982c2142	d__Bacteria;p__Bacteroidota;c__Bacteroidia;o__Bacteroidales;f__Prevotellaceae;g__Segatella;s__	g__Segatella
504db62c8951fe159edefa7977e58f07	d__Bacteria;p__Bacteroidota;c__Bacteroidia;o__Chitinophagales;f__Chitinophagaceae	Unclassified
c6d04c6fece7a1554c7f08d95d6a5c5a	d__Bacteria;p__Bacteroidota;c__Bacteroidia;o__Bacteroidales;f__Rikenellaceae;g__Rikenellaceae_RC9_gut_group;s__	g__Rikenellaceae_RC9_gut_group
8ce1d664ef22a82712f95acac8123b3c	d__Bacteria;p__Bacillota;c__Negativicutes;o__Veillonellales-Selenomonadales;f__Selenomonadaceae;g__Selenomonas;s__	g__Selenomonas
7d6b0cee0681cf480037103c4296e80b	d__Bacteria;p__Pseudomonadota;c__Gammaproteobacteria;o__Enterobacterales;f__Pasteurellaceae;g__Actinobacillus;s__	g__Actinobacillus
b3719db46989c1041e53d24f84cffe16	d__Bacteria;p__Bacillota;c__Clostridia;o__Peptostreptococcales-Tissierellales;f__Family_XI;g__Incertae_Sedis;s__	g__Incertae_Sedis
0062bb2dc33da6dfca18449110efcf12	d__Bacteria;p__Campylobacterota;c__Campylobacteria;o__Campylobacterales;f__Campylobacteraceae;g__Campylobacter;s__	g__Campylobacter
1ae2d0c6d49e7a441217702557390f87	d__Bacteria;p__Spirochaetota;c__Spirochaetia;o__Spirochaetales;f__Spirochaetaceae;g__Treponema;s__	g__Treponema
a709bc819b97cf40390ef1eddb853408	d__Bacteria;p__Patescibacteria;c__Saccharimonadia;o__Saccharimonadales;f__Saccharimonadaceae;g__TM7a;s__	g__TM7a
31839b4e6c440a917936a3eb69eb96a9	d__Bacteria;p__Bacillota;c__Clostridia;o__Lachnospirales;f__Lachnospiraceae;g__Johnsonella;s__	g__Johnsonella
8f566f859cfa9784f4df34b8e1dfd9cc	d__Bacteria;p__Pseudomonadota;c__Gammaproteobacteria;o__Pseudomonadales;f__Moraxellaceae;g__Acinetobacter;s__	g__Acinetobacter
52da8d0c6616555fdb70a513487e855d	d__Bacteria;p__Pseudomonadota;c__Gammaproteobacteria;o__Burkholderiales;f__Oxalobacteraceae;g__Massilia;s__	g__Massilia
6d5bf48e6c2562d2b39c259ea702dcd4	d__Bacteria;p__Bacteroidota;c__Bacteroidia;o__Bacteroidales;f__Prevotellaceae;g__Hoylesella;s__	g__Hoylesella
e0fdcad2da0377b827e91e0d4584a596	d__Bacteria;p__Pseudomonadota;c__Gammaproteobacteria;o__Pseudomonadales;f__Halomonadaceae;g__Halomonas;s__	g__Halomonas
cd902aa9b85eb950ecda4522cc02e9b4	d__Bacteria;p__Bacillota;c__Clostridia;o__Lachnospirales;f__Lachnospiraceae;g__Moryella;s__	g__Moryella
cc106459875b7d8136ab193c20a28e91	d__Bacteria;p__Pseudomonadota;c__Gammaproteobacteria;o__Burkholderiales;f__Oxalobacteraceae;g__Noviherbaspirillum;s__	g__Noviherbaspirillum
510ed0353a188d3432c5f13f7786eaf8	d__Bacteria;p__Bacillota;c__Bacilli;o__Bacillales;f__Bacillaceae;g__Fermentibacillus;s__	g__Fermentibacillus
16cbb61ea9b15f5c8ef2c34f28488ef2	d__Bacteria;p__Fusobacteriota;c__Fusobacteriia;o__Fusobacteriales;f__Fusobacteriaceae;g__Fusobacterium;s__	g__Fusobacterium
27771ee811d9b47155e2365f4a873f88	d__Bacteria;p__Bacillota;c__Negativicutes;o__Veillonellales-Selenomonadales;f__Selenomonadaceae;g__Selenomonas;s__	g__Selenomonas
970f128646d0d7944578056a68638a63	d__Bacteria;p__Chloroflexota;c__Anaerolineae;o__Anaerolineales;f__Anaerolineaceae;g__Anaerolinea;s__	g__Anaerolinea
9718762b6a9736035718fb1e841a8ef5	d__Bacteria;p__Pseudomonadota;c__Gammaproteobacteria;o__Burkholderiales;f__Neisseriaceae;g__Neisseria;s__	g__Neisseria
ecd87fd86048781caa7b94752e9ee37c	d__Bacteria;p__Bacillota;c__Clostridia;o__Lachnospirales;f__Lachnospiraceae;g__Lachnoanaerobaculum;s__	g__Lachnoanaerobaculum
efd35c8910d25683f2d320023e53ef35	d__Bacteria;p__Pseudomonadota;c__Gammaproteobacteria;o__Burkholderiales;f__Comamonadaceae;g__Aquabacterium;s__	g__Aquabacterium
0f890307ffe19b854562e5d3ce70830b	d__Bacteria;p__Actinomycetota;c__Actinobacteria;o__Mycobacteriales;f__Corynebacteriaceae;g__Corynebacterium;s__	g__Corynebacterium
e75873358df392803ada4e516cd62684	d__Bacteria;p__Bacillota;c__Bacilli;o__Lactobacillales;f__Streptococcaceae;g__Streptococcus;s__	g__Streptococcus
a84ba64f0864b97de45acbd68eafc536	d__Bacteria;p__Bacillota;c__Negativicutes;o__Veillonellales-Selenomonadales;f__Veillonellaceae;g__Veillonella;s__	g__Veillonella
e6511b425982b94a078f83af8cb99e63	d__Bacteria;p__Fusobacteriota;c__Fusobacteriia;o__Fusobacteriales;f__Leptotrichiaceae;g__Pseudoleptotrichia;s__	g__Pseudoleptotrichia
24e05a9d7d3654623a109e341ad2f291	d__Bacteria;p__Bacteroidota;c__Bacteroidia;o__Cytophagales;f__Hymenobacteraceae;g__Pontibacter;s__	g__Pontibacter
e7b7a5a818b18e5d580c2610697665af	d__Bacteria;p__Pseudomonadota;c__Alphaproteobacteria;o__Rhodobacterales;f__Paracoccaceae;g__Paracoccus;s__	g__Paracoccus
fd14bd389d1d25d7b68e9cfb9aa715fb	d__Bacteria;p__Bacillota;c__Negativicutes;o__Veillonellales-Selenomonadales;f__Selenomonadaceae;g__Selenomonas;s__	g__Selenomonas
c7840ac35a78c28dce54ce64654c3d1b	d__Bacteria;p__Pseudomonadota;c__Gammaproteobacteria;o__Burkholderiales;f__Neisseriaceae;g__Neisseria;s__	g__Neisseria
525770515c523c0a0571cc7d7df815d4	d__Bacteria;p__Bacillota;c__Negativicutes;o__Veillonellales-Selenomonadales;f__Selenomonadaceae;g__Selenomonas;s__	g__Selenomonas
9e5c7db76de513321652d9d1014a9ef9	d__Bacteria;p__Bacillota;c__Clostridia;o__Peptostreptococcales-Tissierellales;f__Anaerovoracaceae;g__Family_XIII_UCG-001;s__	g__Family_XIII_UCG-001
f75f2cdd29ab1d08a7569f16014e4365	d__Bacteria;p__Bacillota;c__Negativicutes;o__Veillonellales-Selenomonadales;f__Veillonellaceae;g__Dialister;s__	g__Dialister
94da6d2ab1f02ede7b10b5ebe654583e	d__Bacteria;p__Pseudomonadota;c__Alphaproteobacteria;o__Sphingomonadales;f__Sphingomonadaceae;g__Sphingomonas;s__	g__Sphingomonas
f262b4f55a129cba148ee2866dab91b2	d__Bacteria;p__Actinomycetota;c__Actinobacteria;o__Actinomycetales;f__Actinomycetaceae;g__Actinomyces;s__	g__Actinomyces
300823fa64b70ecfd531f1692530d035	d__Bacteria;p__Bacteroidota;c__Bacteroidia;o__Bacteroidales;f__Bacteroidaceae;g__Bacteroides;s__	g__Bacteroides
f206fa860d6a0e4142ae8ca0518bd4de	d__Bacteria;p__Bacillota;c__Clostridia;o__Oscillospirales;f__Oscillospiraceae;g__Oscillibacter;s__	g__Oscillibacter
7ac22ca52fb6c14e450b1402b8e209b5	d__Bacteria;p__Fusobacteriota;c__Fusobacteriia;o__Fusobacteriales;f__Leptotrichiaceae;g__Leptotrichia;s__	g__Leptotrichia
579bd133bebca82e5751e168ebfa7848	d__Bacteria;p__Bacillota;c__Bacilli;o__RF39;f__Incertae_Sedis;g__Incertae_Sedis;s__	g__Incertae_Sedis
57cd7557472e6b1646571d0fee79f31b	d__Bacteria;p__Actinomycetota;c__Actinobacteria;o__Micrococcales;f__Micrococcaceae;g__Micrococcus;s__	g__Micrococcus
fab00b1561ead6630126ef3c1fa6252e	d__Bacteria;p__Pseudomonadota;c__Gammaproteobacteria;o__Burkholderiales;f__Neisseriaceae;g__Eikenella;s__	g__Eikenella
3218e1dfddf4c88c0e38ff51ec68132e	d__Bacteria;p__Actinomycetota;c__Actinobacteria;o__Micrococcales;f__Micrococcaceae;g__Kocuria;s__	g__Kocuria
7f3977d28b393e8cb288b7ef36c5df05	d__Bacteria;p__Fusobacteriota;c__Fusobacteriia;o__Fusobacteriales;f__Leptotrichiaceae;g__Pseudoleptotrichia;s__	g__Pseudoleptotrichia
f1b53b75ac3c68084dffe691c577aad6	d__Bacteria;p__Patescibacteria;c__Gracilibacteria;o__Incertae_Sedis;f__Incertae_Sedis;g__Incertae_Sedis;s__	g__Incertae_Sedis
9eaff8c3aca7b74962decea682803d9c	d__Bacteria;p__Bacillota;c__Clostridia;o__Peptostreptococcales-Tissierellales;f__Peptostreptococcaceae;g__Intestinibacter;s__	g__Intestinibacter
b604730293f1f5bf0ad2af5b5ecbcc12	d__Bacteria;p__Actinomycetota;c__Actinobacteria;o__Micrococcales;f__Microbacteriaceae;g__Microbacterium;s__	g__Microbacterium
5861651f269bbb5a31a9c8a7acb78437	d__Bacteria;p__Bacillota;c__Bacilli;o__Lactobacillales;f__Streptococcaceae;g__Streptococcus;s__	g__Streptococcus
75967189c9544036ecaafcdaf054d3a5	d__Bacteria;p__Bacillota;c__Clostridia;o__Lachnospirales;f__Lachnospiraceae;g__Catonella;s__	g__Catonella
484036a73e7155b8cb066ded17c1162c	d__Bacteria;p__Bacillota;c__Clostridia;o__Lachnospirales;f__Lachnospiraceae;g__Lachnoanaerobaculum;s__	g__Lachnoanaerobaculum
d3545d9284ac6b46761cc1b49b7a5b46	d__Bacteria;p__Bacteroidota;c__Bacteroidia;o__Flavobacteriales;f__Weeksellaceae;g__Chryseobacterium;s__	g__Chryseobacterium
6680eb05e09e5317628d858e04187dde	d__Bacteria;p__Bacillota;c__Negativicutes;o__Veillonellales-Selenomonadales;f__Selenomonadaceae;g__Selenomonas;s__	g__Selenomonas
5fc34b9a47d7523999155796105e7494	d__Bacteria;p__Bacillota;c__Clostridia;o__Clostridia_vadinBB60_group;f__Incertae_Sedis;g__Incertae_Sedis;s__	g__Incertae_Sedis
d79bf723a9f24e24430945f0dfd17ab6	d__Bacteria;p__Fusobacteriota;c__Fusobacteriia;o__Fusobacteriales;f__Leptotrichiaceae;g__Leptotrichia;s__	g__Leptotrichia
7e5b252dea4555cb155f3bab5d5d451f	d__Bacteria;p__Fusobacteriota;c__Fusobacteriia;o__Fusobacteriales;f__Leptotrichiaceae;g__Leptotrichia;s__	g__Leptotrichia
96d607e046c534c69147af2630617149	d__Bacteria;p__Pseudomonadota;c__Alphaproteobacteria;o__Hyphomicrobiales;f__Hyphomicrobiales_Incertae_Sedis;g__Phreatobacter;s__	g__Phreatobacter
cb5153792eca77b458b7b7e5c4c73693	d__Bacteria;p__Bacteroidota;c__Bacteroidia;o__Bacteroidales;f__Prevotellaceae;g__Hoylesella;s__	g__Hoylesella
97c2eb46655eac413f5ca2026de9295c	d__Bacteria;p__Spirochaetota;c__Spirochaetia;o__Spirochaetales;f__Spirochaetaceae;g__Treponema;s__	g__Treponema
5cffac267cc246e33140125f88509dc2	d__Bacteria;p__Bacteroidota;c__Bacteroidia;o__Bacteroidales;f__Prolixibacteraceae;g__Roseimarinus;s__	g__Roseimarinus
35454914a47811490fa20a3bb1238635	d__Bacteria;p__Pseudomonadota;c__Gammaproteobacteria;o__Pseudomonadales;f__Pseudomonadaceae;g__Pseudomonas;s__	g__Pseudomonas
12c842527a4b24a4487dc186ced6eeb6	d__Bacteria;p__Bacteroidota;c__Bacteroidia;o__Bacteroidales;f__Prevotellaceae;g__Segatella;s__	g__Segatella
542fbe7e44f217c9b8bf3f0970d5c184	d__Bacteria;p__Pseudomonadota;c__Gammaproteobacteria;o__Pseudomonadales;f__Moraxellaceae;g__Acinetobacter;s__	g__Acinetobacter
eee4ae90e7be27691d330c634d3d1fbc	d__Bacteria;p__Bacillota;c__Negativicutes;o__Veillonellales-Selenomonadales;f__Veillonellaceae;g__Veillonella;s__	g__Veillonella
e8a57779df384354b029a6ec58401835	d__Bacteria;p__Bacillota;c__Clostridia;o__Peptococcales;f__Peptococcaceae;g__Peptococcus;s__	g__Peptococcus
9c65f551278bfcda259b0ff00eb0c888	d__Bacteria;p__Bacillota;c__Bacilli;o__Erysipelotrichales;f__Erysipelotrichaceae;g__Erysipelotrichaceae_UCG-006;s__	g__Erysipelotrichaceae_UCG-006
e08a54ae0f63399e627c6ede9afc5026	d__Bacteria;p__Bacteroidota;c__Bacteroidia;o__Chitinophagales;f__Chitinophagaceae;g__Puia;s__	g__Puia
48b532a2b65ed2ed82f7180d420de9ea	d__Bacteria;p__Cyanobacteriota;c__Sericytochromatia;o__Incertae_Sedis;f__Incertae_Sedis;g__Incertae_Sedis;s__	g__Incertae_Sedis
67f156db9395fea7d7e083a6b5f3e6b7	d__Bacteria;p__Pseudomonadota;c__Alphaproteobacteria;o__Hyphomicrobiales;f__Methylopilaceae;g__Methylopila;s__	g__Methylopila
94b1915fe4b81de120b91709bbff9739	d__Bacteria;p__Actinomycetota;c__Actinobacteria;o__Micrococcales;f__Dermatophilaceae;g__Dermatophilus;s__	g__Dermatophilus
17942905d71cd26af17618a46f288f59	d__Bacteria;p__Bacillota;c__Negativicutes;o__Veillonellales-Selenomonadales;f__Selenomonadaceae;g__Selenomonas;s__	g__Selenomonas
18b5a40fddf66827f0b26feec8d7438b	d__Bacteria;p__Actinomycetota;c__Actinobacteria;o__Actinomycetales;f__Actinomycetaceae;g__Schaalia;s__	g__Schaalia
e002a5d7c943c4be2c300607bf36f90c	d__Bacteria;p__Pseudomonadota;c__Gammaproteobacteria;o__Burkholderiales;f__Neisseriaceae;g__Neisseria;s__	g__Neisseria
4df52176f05b173651de55b0c8cca1f5	d__Bacteria;p__Pseudomonadota;c__Alphaproteobacteria;o__Hyphomicrobiales;f__Xanthobacteraceae;g__Xanthobacter;s__	g__Xanthobacter
1d090a8b11b17986a606c62d19bef672	d__Bacteria;p__Actinomycetota;c__Actinobacteria;o__Actinomycetales;f__Actinomycetaceae;g__Actinomyces;s__	g__Actinomyces
881f0333b5361b24bd4cddb4d682aa78	d__Bacteria;p__Fibrobacterota;c__Fibrobacteria;o__Fibrobacterales;f__Fibrobacteraceae;g__Incertae_Sedis;s__	g__Incertae_Sedis
664d9f7015583433c9405c5896067dd9	d__Bacteria;p__Pseudomonadota;c__Gammaproteobacteria;o__Burkholderiales;f__Oxalobacteraceae;g__Noviherbaspirillum;s__	g__Noviherbaspirillum
9ec0a8d1bf1e86bd11ab4bad5509f988	d__Bacteria;p__Actinomycetota;c__Actinobacteria;o__Actinomycetales;f__Actinomycetaceae;g__Actinomyces;s__	g__Actinomyces
02b8ecb973a9500663357e3ee195564c	d__Bacteria;p__Cyanobacteriota;c__Cyanobacteriia;o__Cyanobacteriales;f__Chroococcidiopsaceae;g__Chroococcidiopsis_SAG_2023;s__	g__Chroococcidiopsis_SAG_2023
bb318f0062c373172cc1fdde74cef7e1	d__Bacteria;p__Spirochaetota;c__Spirochaetia;o__Spirochaetales;f__Spirochaetaceae;g__Treponema;s__	g__Treponema
320995cd2b8281d534536937f4054ac0	d__Bacteria;p__Bacteroidota;c__Bacteroidia;o__Bacteroidales;f__Prevotellaceae;g__Alloprevotella;s__	g__Alloprevotella
95935faf42a952704ac04964f6f08246	d__Bacteria;p__Pseudomonadota;c__Gammaproteobacteria;o__Pseudomonadales;f__Moraxellaceae;g__Acinetobacter;s__	g__Acinetobacter
9c1205777795ac913515c1ed0002064f	d__Bacteria;p__Gemmatimonadota;c__Longimicrobiia;o__Longimicrobiales;f__Longimicrobiaceae;g__Incertae_Sedis;s__	g__Incertae_Sedis
2868fe1000acc29460d0201131e19cd7	d__Bacteria;p__Pseudomonadota;c__Gammaproteobacteria;o__Burkholderiales;f__Comamonadaceae;g__Incertae_Sedis;s__	g__Incertae_Sedis
5a67e3e1aa27300a6f0fba1897e91072	d__Bacteria;p__Bacillota;c__Clostridia;o__Lachnospirales;f__Lachnospiraceae;g__Lachnoanaerobaculum;s__	g__Lachnoanaerobaculum
78c2b8e06a58a133919d9e5fd0cd2da1	d__Bacteria;p__Bacillota;c__Clostridia;o__Lachnospirales;f__Lachnospiraceae;g__Hungatella;s__	g__Hungatella
10f308fd559a91c067d2e037f6058338	d__Bacteria;p__Bacillota;c__Bacilli;o__Lactobacillales;f__Streptococcaceae;g__Streptococcus;s__	g__Streptococcus
81ca7642f649e260bacf00ad2e3110e5	d__Bacteria;p__Bacteroidota;c__Bacteroidia;o__Bacteroidales;f__Porphyromonadaceae;g__Porphyromonas;s__	g__Porphyromonas
b4d4f36b51f0fea50c6f46c397edf231	d__Bacteria;p__Actinomycetota;c__Actinobacteria;o__Bifidobacteriales;f__Bifidobacteriaceae;g__Bifidobacterium;s__	g__Bifidobacterium
7e3e1dcbdba8c6cff436f253ddfb5e13	d__Bacteria;p__Bacteroidota;c__Bacteroidia;o__Bacteroidales;f__Porphyromonadaceae;g__Porphyromonas;s__	g__Porphyromonas
cd9fbbb0f3a73ec3d7f7e22f47e5d5e3	d__Bacteria;p__Spirochaetota;c__Spirochaetia;o__Spirochaetales;f__Spirochaetaceae;g__Treponema;s__	g__Treponema
54ff2372b566ecda5050f3f3e1137848	d__Bacteria;p__Bacillota;c__Bacilli;o__Lactobacillales;f__Carnobacteriaceae;g__Granulicatella;s__	g__Granulicatella
6ea2380a528d39aca995e17b561e6580	d__Bacteria;p__Bacillota;c__Negativicutes;o__Veillonellales-Selenomonadales;f__Veillonellaceae;g__Veillonella;s__	g__Veillonella
68eb6e428cac943f1e8c92569a8497e6	d__Bacteria;p__Bacillota;c__Bacilli;o__Lactobacillales;f__Streptococcaceae;g__Streptococcus;s__	g__Streptococcus
ccb500f51c16c6aa65ef42f609ee4117	d__Bacteria;p__Pseudomonadota;c__Gammaproteobacteria;o__Cardiobacteriales;f__Cardiobacteriaceae;g__Cardiobacterium;s__	g__Cardiobacterium
d6f0887a417f458adec6b279d3e25a89	d__Bacteria;p__Pseudomonadota;c__Gammaproteobacteria;o__Burkholderiales;f__Comamonadaceae;g__Comamonas;s__	g__Comamonas
d00f36aad955082f3e090eb4e7c9e642	d__Bacteria;p__Pseudomonadota;c__Gammaproteobacteria;o__Pseudomonadales;f__Moraxellaceae;g__Acinetobacter;s__	g__Acinetobacter
516365c3beaed8879312130bb250c07c	d__Bacteria;p__Bacillota;c__Bacilli;o__Erysipelotrichales;f__Erysipelatoclostridiaceae;g__Eggerthia;s__	g__Eggerthia
a13c9cf5717e2ad0dde1cad870cc9abf	d__Bacteria;p__Bacillota;c__Clostridia;o__Peptostreptococcales-Tissierellales;f__Family_XI;g__Peptoniphilus;s__	g__Peptoniphilus
92312cdc11ad089cf09f985dbec82087	d__Bacteria;p__Patescibacteria;c__Saccharimonadia;o__Saccharimonadales;f__Saccharimonadaceae;g__TM7x;s__	g__TM7x
b8d1c38e5079061fd019204d9449f438	d__Bacteria;p__Bacillota;c__Negativicutes;o__Veillonellales-Selenomonadales;f__Selenomonadaceae;g__Selenomonas;s__	g__Selenomonas
5606ab8a5cc2afb9ceb323ae4267ec2b	d__Bacteria;p__Bacteroidota;c__Bacteroidia;o__Bacteroidales;f__Prevotellaceae;g__Hoylesella;s__	g__Hoylesella
c5ff7c1f2eb3067b4eea51a2acd1eb1c	d__Bacteria;p__Bacillota;c__Negativicutes;o__Veillonellales-Selenomonadales;f__Selenomonadaceae;g__Selenomonas;s__	g__Selenomonas
bac337e1409daf025ce42073dc804596	d__Bacteria;p__Campylobacterota;c__Campylobacteria;o__Campylobacterales;f__Campylobacteraceae;g__Campylobacter;s__	g__Campylobacter
83fda9002398d9e4e5c8960c241e20ea	d__Bacteria;p__Bacillota;c__Bacilli;o__Bacillales;f__Bacillaceae;g__Anoxybacillus;s__	g__Anoxybacillus
ab3c8820eb9260d769d4e69d2ec7f41b	d__Bacteria;p__Bacteroidota;c__Bacteroidia;o__Bacteroidales;f__Williamwhitmaniaceae;g__Blvii28_wastewater-sludge_group;s__	g__Blvii28_wastewater-sludge_group
a2ea9ce90906f9c08cf94daccc8fbb91	d__Bacteria;p__Actinomycetota;c__Actinobacteria;o__Micrococcales;f__Bogoriellaceae;g__Georgenia;s__	g__Georgenia
a3c1483c2beb78ee40c5c549de6b7dc0	d__Bacteria;p__Bacillota;c__Bacilli;o__Staphylococcales;f__Gemellaceae;g__Gemella;s__	g__Gemella
f2ed4f1eefc92ea24f56258fc9b81230	d__Bacteria;p__Bacillota;c__Bacilli;o__Staphylococcales;f__Gemellaceae;g__Gemella;s__	g__Gemella
8d59ef67c48f09a63929ce5a996391e9	d__Bacteria;p__Bacillota;c__Bacilli;o__Paenibacillales;f__Paenibacillaceae;g__Paenibacillus;s__	g__Paenibacillus
2b6b74fbaae0313747f6304b12039011	d__Bacteria;p__Pseudomonadota;c__Gammaproteobacteria;o__Lysobacterales;f__Lysobacteraceae;g__Lysobacter;s__	g__Lysobacter
5969dcaf55711b02f9a7b1aee215fff8	d__Bacteria;p__Bacillota;c__Negativicutes;o__Veillonellales-Selenomonadales;f__Veillonellaceae;g__Veillonella;s__	g__Veillonella
d4d0a9b54e2134e0436846afa7e4efc7	d__Bacteria;p__Bacteroidota;c__Bacteroidia;o__Bacteroidales;f__Rikenellaceae;g__Rikenellaceae_RC9_gut_group;s__	g__Rikenellaceae_RC9_gut_group
f97ed65044e3accba9f05f74c27a12ba	d__Bacteria;p__Actinomycetota;c__Actinobacteria;o__Micrococcales;f__Microbacteriaceae;g__Microbacterium;s__	g__Microbacterium
6c46eac6eaaace892f014224be2756d6	d__Bacteria;p__Bacteroidota;c__Bacteroidia;o__Bacteroidales;f__Prevotellaceae;g__Prevotella;s__	g__Prevotella
2e2592c4020ee2846c28393efab8621a	d__Bacteria;p__Pseudomonadota;c__Gammaproteobacteria;o__Burkholderiales;f__Comamonadaceae;g__Caldimonas;s__	g__Caldimonas
66d5d9f8947998d5f49d929f0ad8013b	d__Bacteria;p__Actinomycetota;c__Actinobacteria;o__Bifidobacteriales;f__Bifidobacteriaceae;g__Bifidobacterium;s__	g__Bifidobacterium
05bb4540224a854ef75cd949ad837994	d__Bacteria;p__Pseudomonadota;c__Gammaproteobacteria;o__Burkholderiales;f__Comamonadaceae;g__Ramlibacter;s__	g__Ramlibacter
071b335cd9a4adcf2b141d5a6d796c65	d__Bacteria;p__Fusobacteriota;c__Fusobacteriia;o__Fusobacteriales;f__Leptotrichiaceae;g__Pseudoleptotrichia;s__	g__Pseudoleptotrichia
ce0837f50ab0a7abc73bddc82e8b55e6	d__Bacteria;p__Bacteroidota;c__Bacteroidia;o__Bacteroidales;f__Bacteroidaceae;g__Bacteroides;s__	g__Bacteroides
7b8be4ba9708969faefb48acac6b5aa2	d__Bacteria;p__Bacteroidota;c__Bacteroidia;o__Bacteroidales;f__Bacteroidaceae;g__Bacteroides;s__	g__Bacteroides
b0f7625b727f8a1a26bd41e9ed723b1e	d__Bacteria;p__Bacteroidota;c__Bacteroidia;o__Bacteroidales;f__Prevotellaceae;g__Prevotella;s__	g__Prevotella
5863a6f79a96fd7eb817795f8484a83e	d__Bacteria;p__Bacteroidota;c__Bacteroidia;o__Bacteroidales;f__Prevotellaceae;g__Segatella;s__	g__Segatella
ecf5e008809e1e99df9ee6b091288e9a	d__Bacteria;p__Bacillota;c__Clostridia;o__Lachnospirales;f__Lachnospiraceae;g__Enterocloster;s__	g__Enterocloster
4394468b49611f78b96b64d72449fab5	d__Bacteria;p__Bacillota;c__Bacilli;o__Lactobacillales;f__Lactobacillaceae;g__Limosilactobacillus;s__	g__Limosilactobacillus
99e189af2973473accd990899d88a88e	d__Bacteria;p__Patescibacteria;c__Saccharimonadia;o__Saccharimonadales;f__Incertae_Sedis;g__Incertae_Sedis;s__	g__Incertae_Sedis
fde9fc6b302733b83812b91945c56ee8	d__Bacteria;p__Bacteroidota;c__Bacteroidia;o__Flavobacteriales;f__Weeksellaceae;g__Cloacibacterium;s__	g__Cloacibacterium
b4d01f3b86e0818423b6ae2bb07e30e9	d__Bacteria;p__Bacillota;c__Bacilli;o__Paenibacillales;f__Paenibacillaceae;g__Paenibacillus;s__	g__Paenibacillus
a0f2baee4e0b75d7c8787cdaa72f2cb9	d__Bacteria;p__Bacillota;c__Clostridia;o__Lachnospirales;f__Lachnospiraceae;g__Catenibacillus;s__	g__Catenibacillus
f9b55021477b2b5f9e61ad89c48081d2	d__Bacteria;p__Bacteroidota;c__Bacteroidia;o__Cytophagales;f__Hymenobacteraceae;g__Hymenobacter;s__	g__Hymenobacter
bbc12e640320234559cfae880dce9ebd	d__Bacteria;p__Actinomycetota;c__Coriobacteriia;o__Coriobacteriales;f__Atopobiaceae;g__Lancefieldella;s__	g__Lancefieldella
83c6d0fc8198f057ebcdc84d96c3024f	d__Bacteria;p__Bacillota;c__Clostridia;o__Lachnospirales;f__Lachnospiraceae;g__[Eubacterium]_xylanophilum_group;s__	g__[Eubacterium]_xylanophilum_group
bc887e2799f0d4be6a934120b24fc7e6	d__Bacteria;p__Bacillota;c__Clostridia;o__Lachnospirales;f__Lachnospiraceae;g__Catonella;s__	g__Catonella
1f533529502d0062e2d4e6090086dc35	d__Bacteria;p__Campylobacterota;c__Campylobacteria;o__Campylobacterales;f__Campylobacteraceae;g__Campylobacter;s__	g__Campylobacter
2cc2f2009ac9082b223d9b145e264f9c	d__Bacteria;p__Bacillota;c__Clostridia;o__Peptostreptococcales-Tissierellales;f__Peptostreptococcaceae;g__Peptostreptococcus;s__	g__Peptostreptococcus
368d025a2cccadcc7fa2d38d69b04ead	d__Bacteria;p__Bacteroidota;c__Bacteroidia;o__Bacteroidales;f__Muribaculaceae;g__Incertae_Sedis;s__	g__Incertae_Sedis
f5473f7a417d9045d9e39baf9a34b0e7	d__Bacteria;p__Bacillota;c__Negativicutes;o__Veillonellales-Selenomonadales;f__Selenomonadaceae;g__Selenomonas;s__	g__Selenomonas
e46228dc5fe8212c16ea57d042d2c83c	d__Bacteria;p__Pseudomonadota;c__Gammaproteobacteria;o__Pseudomonadales;f__Pseudomonadaceae;g__Pseudomonas;s__	g__Pseudomonas
d958479322804a9b77ba2f03a39aa6e4	d__Bacteria;p__Bacillota;c__Bacilli;o__Lactobacillales;f__Carnobacteriaceae;g__Granulicatella;s__	g__Granulicatella
4840eb386c34ea6cd2b4cd869b38ef74	d__Bacteria;p__Bacteroidota;c__Bacteroidia;o__Flavobacteriales;f__Flavobacteriaceae;g__Capnocytophaga;s__	g__Capnocytophaga
cab9a0394f6f0639bfb0b038de392219	d__Bacteria;p__Spirochaetota;c__Spirochaetia;o__Spirochaetales;f__Spirochaetaceae;g__Treponema;s__	g__Treponema
b175eb51d0271441a54a0b1308852a66	d__Bacteria;p__Bacteroidota;c__Bacteroidia;o__Bacteroidales;f__Porphyromonadaceae;g__Porphyromonas;s__	g__Porphyromonas
4e8f634f21f91ef61b333892eec13a3d	d__Bacteria;p__Bacillota;c__Clostridia;o__Peptococcales;f__Peptococcaceae;g__Peptococcus;s__	g__Peptococcus
5b14d8715d9fa718b89ce433471e2a4e	d__Bacteria;p__Campylobacterota;c__Campylobacteria;o__Campylobacterales;f__Campylobacteraceae;g__Campylobacter;s__	g__Campylobacter
735e56d4253e23a908d28480e729e800	d__Bacteria;p__Actinomycetota;c__Actinobacteria;o__Micrococcales;f__Microbacteriaceae;g__Curtobacterium;s__	g__Curtobacterium
3e75bb69ad1da6f5f983ba2d3caf0dec	d__Bacteria;p__Actinomycetota;c__Actinobacteria;o__Actinomycetales;f__Actinomycetaceae;g__Actinomyces;s__	g__Actinomyces
7dbaa2c8fd30afd9f1b75c1795743fb6	d__Bacteria;p__Pseudomonadota;c__Gammaproteobacteria;o__Enterobacterales;f__Pasteurellaceae;g__Actinobacillus;s__	g__Actinobacillus
1f38367842fbe1a6e65609ccc7d3f5a2	d__Bacteria;p__Pseudomonadota;c__Alphaproteobacteria;o__Sphingomonadales;f__Sphingomonadaceae;g__Novosphingobium;s__	g__Novosphingobium
0623d481b33b7b3d2244cb7abeb4be7a	d__Bacteria;p__Pseudomonadota;c__Alphaproteobacteria;o__Caulobacterales;f__Caulobacteraceae;g__Brevundimonas;s__	g__Brevundimonas
228bb6237873531b471d0e7d455ecd91	d__Bacteria;p__Pseudomonadota;c__Gammaproteobacteria;o__Lysobacterales;f__Lysobacteraceae;g__Stenotrophomonas;s__	g__Stenotrophomonas
a7a4aa72ed512d8e7274797888723484	d__Bacteria;p__Bacillota;c__Clostridia;o__Lachnospirales;f__Lachnospiraceae;g__Lachnoanaerobaculum;s__	g__Lachnoanaerobaculum
7aadd48320f9d534fe2bfcdbff034f26	d__Bacteria;p__Pseudomonadota;c__Gammaproteobacteria;o__Enterobacterales;f__Alteromonadaceae;g__Rheinheimera;s__	g__Rheinheimera
0194f085b64c17ec3d1f124ad5c00b7b	d__Bacteria;p__Bacteroidota;c__Bacteroidia;o__Flavobacteriales;f__Weeksellaceae;g__Chryseobacterium;s__	g__Chryseobacterium
62974c7abab1b7d0df21ae796ebd2f0a	d__Bacteria;p__Pseudomonadota;c__Gammaproteobacteria;o__Pseudomonadales;f__Moraxellaceae;g__Acinetobacter;s__	g__Acinetobacter
0385d5a5597b0ef1a4347ad40de73148	d__Bacteria;p__Patescibacteria;c__Saccharimonadia;o__Saccharimonadales;f__Incertae_Sedis;g__Incertae_Sedis;s__	g__Incertae_Sedis
532bd52be0f9a99aad2cc4a2e27a2d45	d__Bacteria;p__Pseudomonadota;c__Gammaproteobacteria;o__Burkholderiales;f__Oxalobacteraceae;g__Noviherbaspirillum;s__	g__Noviherbaspirillum
41504f5d1867d0bb69eaa6f1a3b413b9	d__Bacteria;p__Bacteroidota;c__Bacteroidia;o__Bacteroidales;f__Porphyromonadaceae;g__Porphyromonas;s__	g__Porphyromonas
fc849fa9bdd98edb7af774c9a51a8ff8	d__Bacteria;p__Pseudomonadota;c__Gammaproteobacteria;o__Burkholderiales;f__Sutterellaceae;g__Sutterella;s__	g__Sutterella
ffb545933ed31bc0f96b81b9865094b7	d__Bacteria;p__Bacillota;c__Clostridia;o__Lachnospirales;f__Lachnospiraceae;g__Catonella;s__	g__Catonella
4b8ea2dab4074f2422aef38580f9f8f0	d__Bacteria;p__Bacillota;c__Clostridia;o__Lachnospirales;f__Lachnospiraceae;g__Lachnoanaerobaculum;s__	g__Lachnoanaerobaculum
f330a8d2204597dbe97585c4185570bd	d__Bacteria;p__Bacteroidota;c__Bacteroidia;o__Bacteroidales;f__Bacteroidaceae;g__Bacteroides;s__	g__Bacteroides
4a7df39a69d1eff98feba169ec2e40c5	d__Bacteria;p__Bacillota;c__Bacilli;o__Lactobacillales;f__Aerococcaceae;g__Abiotrophia;s__	g__Abiotrophia
b86b04b7a9de121246a4f42369cacaac	d__Bacteria;p__Fusobacteriota;c__Fusobacteriia;o__Fusobacteriales;f__Leptotrichiaceae;g__Leptotrichia;s__	g__Leptotrichia
04b63232e1835d17f4eab4c742e26d97	d__Bacteria;p__Fusobacteriota;c__Fusobacteriia;o__Fusobacteriales;f__Leptotrichiaceae;g__Leptotrichia;s__	g__Leptotrichia
81d50691d7f2414378904dd9cc8771b5	d__Bacteria;p__Bacteroidota;c__Bacteroidia;o__Flavobacteriales;f__Weeksellaceae;g__Chryseobacterium;s__	g__Chryseobacterium
f04d35354108caad3fa5a80ffe7fa2c7	d__Bacteria;p__Bacteroidota;c__Bacteroidia;o__Flavobacteriales;f__Weeksellaceae;g__Bergeyella;s__	g__Bergeyella
7188bbb14fa991b5ac0456190b78aec9	d__Bacteria;p__Spirochaetota;c__Spirochaetia;o__Spirochaetales;f__Spirochaetaceae;g__Treponema;s__	g__Treponema
4fae79835a392916ba59b019bb590095	d__Bacteria;p__Bacteroidota;c__Bacteroidia;o__Bacteroidales;f__Bacteroidaceae;g__Bacteroides;s__	g__Bacteroides
dc117dc20d071a785eac10a04adff241	d__Bacteria;p__Patescibacteria;c__Saccharimonadia;o__Saccharimonadales;f__Saccharimonadaceae;g__TM7x;s__	g__TM7x
ce2083ecdfa1443f91d9f57a525f2f4e	d__Bacteria;p__Actinomycetota;c__Actinobacteria;o__Actinomycetales;f__Actinomycetaceae;g__Actinomyces;s__	g__Actinomyces
dd9e545827c257482e3ef8a601b96a4b	d__Bacteria;p__Bacteroidota;c__Bacteroidia;o__Bacteroidales;f__Prevotellaceae;g__Segatella;s__	g__Segatella
a4bc612238f9ee2c34e7828a0944740f	d__Bacteria;p__Pseudomonadota;c__Gammaproteobacteria;o__Burkholderiales;f__Neisseriaceae;g__Neisseria;s__	g__Neisseria
df569650853c0784e74ac5124d5aea2d	d__Bacteria;p__Bacteroidota;c__Bacteroidia;o__Bacteroidales;f__Prevotellaceae;g__Hoylesella;s__	g__Hoylesella
4753eb90064ac86f8e14c559b36f6f35	d__Bacteria;p__Bacillota;c__Bacilli;o__Lactobacillales;f__Streptococcaceae;g__Streptococcus;s__	g__Streptococcus
71fa4cf2242c6d10dcbb9e78b1f0ebc3	d__Bacteria;p__Bacteroidota;c__Bacteroidia;o__Flavobacteriales;f__Weeksellaceae;g__Bergeyella;s__	g__Bergeyella
e07f13600063b5db1118f9a081f59116	d__Bacteria;p__Pseudomonadota;c__Gammaproteobacteria;o__Burkholderiales;f__Oxalobacteraceae;g__Massilia;s__	g__Massilia
57b8ba41fdd53caa96d27a3d730569ab	d__Bacteria;p__Bacteroidota;c__Bacteroidia;o__Bacteroidales;f__Prevotellaceae;g__Hoylesella;s__	g__Hoylesella
6d651281014c7a131881f051bcccb6b2	d__Bacteria;p__Spirochaetota;c__Spirochaetia;o__Spirochaetales;f__Spirochaetaceae;g__Treponema;s__	g__Treponema
78570700e9d3bb64d4a36cc17f64097f	d__Bacteria;p__Bacillota;c__Negativicutes;o__Veillonellales-Selenomonadales;f__Selenomonadaceae;g__Selenomonas;s__	g__Selenomonas
63ef8cec3204fc08e138638d4a791fa6	d__Bacteria;p__Bacteroidota;c__Bacteroidia;o__Flavobacteriales;f__Weeksellaceae;g__Chryseobacterium;s__	g__Chryseobacterium
b1129e8d4ecd55f5c32a5a08dc0d66f1	d__Bacteria;p__Bacillota;c__Bacilli;o__Paenibacillales;f__Paenibacillaceae;g__Paenibacillus;s__	g__Paenibacillus
4caafb82a891e630cf320ef3a3ab1b46	d__Bacteria;p__Bacteroidota;c__Bacteroidia;o__Bacteroidales;f__Prevotellaceae;g__Hoylesella;s__	g__Hoylesella
edb6869b5dfa874cf28e692a46ecafae	d__Bacteria;p__Bacteroidota;c__Bacteroidia;o__Bacteroidales;f__Porphyromonadaceae;g__Porphyromonas;s__	g__Porphyromonas
676ed8e176b89f0c91dd6b648913372e	d__Bacteria;p__Actinomycetota;c__Actinobacteria;o__Bifidobacteriales;f__Bifidobacteriaceae;g__Alloscardovia;s__	g__Alloscardovia
fa6956a33481d21382e3814e8f144ef6	d__Bacteria;p__Thermodesulfobacteriota;c__Desulfovibrionia;o__Desulfovibrionales;f__Desulfovibrionaceae;g__Desulfovibrio;s__	g__Desulfovibrio
142c8223df2870212421fff0bb268dbf	d__Bacteria;p__Pseudomonadota;c__Gammaproteobacteria;o__Burkholderiales;f__Oxalobacteraceae;g__Massilia;s__	g__Massilia
1312acace59395c74cb14ee24010678f	d__Bacteria;p__Pseudomonadota;c__Gammaproteobacteria;o__Burkholderiales;f__Oxalobacteraceae;g__Massilia;s__	g__Massilia
a3f604396698a3ce559b523300320991	d__Bacteria;p__Actinomycetota;c__Actinobacteria;o__Actinomycetales;f__Actinomycetaceae;g__Schaalia;s__	g__Schaalia
51607f36a85033b67ccaf7fa2a616840	d__Bacteria;p__Actinomycetota;c__Actinobacteria;o__Actinomycetales;f__Actinomycetaceae;g__Actinomyces;s__	g__Actinomyces
3354944bf3a72a2c979e748102ff8290	d__Bacteria;p__Bacteroidota;c__Bacteroidia;o__Bacteroidales;f__Prevotellaceae;g__Segatella;s__	g__Segatella
ec1f48ccd94a74b39082e522e4235e4e	d__Bacteria;p__Pseudomonadota;c__Gammaproteobacteria;o__Enterobacterales;f__Pasteurellaceae;g__Aggregatibacter;s__	g__Aggregatibacter
2edd0ddc204e59221f498cbfcc177d8b	d__Bacteria;p__Bacteroidota;c__Bacteroidia;o__Flavobacteriales;f__Flavobacteriaceae;g__Capnocytophaga;s__	g__Capnocytophaga
7a38832d6f5d7d970d96a06411699fcc	d__Bacteria;p__Campylobacterota;c__Campylobacteria;o__Campylobacterales;f__Campylobacteraceae;g__Campylobacter;s__	g__Campylobacter
bcd29b5fdd62ac2e1b2c016361a8565b	d__Bacteria;p__Bacteroidota;c__Bacteroidia;o__Bacteroidales;f__Prevotellaceae;g__Segatella;s__	g__Segatella
52dea3646e68ad6c5c935f477d3c5c9c	d__Bacteria;p__Bacillota;c__Clostridia;o__Lachnospirales;f__Lachnospiraceae;g__Oribacterium;s__	g__Oribacterium
a54d76ea8976aff497d14940200c6380	d__Bacteria;p__Bacteroidota;c__Bacteroidia;o__Bacteroidales;f__Bacteroidaceae;g__Bacteroides;s__	g__Bacteroides
ac1395c4fadf38f8136d7b1faa3a2c27	d__Bacteria;p__Actinomycetota;c__Actinobacteria;o__Micrococcales;f__Microbacteriaceae;g__Microcella;s__	g__Microcella
69023d08c66f627325cbd2f397433f0d	d__Bacteria;p__Bacteroidota;c__Bacteroidia;o__Bacteroidales;f__Porphyromonadaceae;g__Porphyromonas;s__	g__Porphyromonas
6fe61693da114c10a2dc8fa83e92d0fb	d__Bacteria;p__Bacteroidota;c__Bacteroidia;o__Bacteroidales;f__Prevotellaceae;g__Segatella;s__	g__Segatella
b72973b5b5b4d9b2f5cf42b057ce056b	d__Bacteria;p__Actinomycetota;c__Actinobacteria;o__Mycobacteriales;f__Corynebacteriaceae;g__Corynebacterium;s__	g__Corynebacterium
d277e9c7bbb19ab1500750b90e33a4e6	d__Bacteria;p__Pseudomonadota;c__Alphaproteobacteria;o__Acetobacterales;f__Acetobacteraceae;g__Roseomonas;s__	g__Roseomonas
1275a63d017e3bf5a520a3c275c4e4cd	d__Bacteria;p__Actinomycetota;c__Actinobacteria;o__Mycobacteriales;f__Corynebacteriaceae;g__Corynebacterium;s__	g__Corynebacterium
3925321739d2bca157dc6e9c570c3c6b	d__Bacteria;p__Pseudomonadota;c__Gammaproteobacteria;o__Pseudomonadales;f__Moraxellaceae;g__Acinetobacter;s__	g__Acinetobacter
9781253e710e6f7bb7c1e121ec6a064f	d__Bacteria;p__Bacillota;c__Negativicutes;o__Veillonellales-Selenomonadales;f__Selenomonadaceae;g__Selenomonas;s__	g__Selenomonas
e21d009015cb821c9a2629e6929be91f	d__Bacteria;p__Actinomycetota;c__Actinobacteria;o__Mycobacteriales;f__Corynebacteriaceae;g__Corynebacterium;s__	g__Corynebacterium
36ff3b8d1ea197de2dcfb7e6194f0d2e	d__Bacteria;p__Patescibacteria;c__Saccharimonadia;o__Saccharimonadales;f__Saccharimonadaceae;g__TM7x;s__	g__TM7x
3ec735ea745191358ac2cc87f5755cc5	d__Bacteria;p__Bacteroidota;c__Bacteroidia;o__Bacteroidales;f__Tannerellaceae;g__Tannerella;s__	g__Tannerella
63cb76a0e13c3193c135ad881cb9145e	d__Bacteria;p__Bacteroidota;c__Bacteroidia;o__Bacteroidales;f__Prevotellaceae;g__Hoylesella;s__	g__Hoylesella
0799969f0344b3ba6089015504ba44e3	d__Bacteria;p__Bacteroidota;c__Bacteroidia;o__Bacteroidales;f__Porphyromonadaceae;g__Porphyromonas;s__	g__Porphyromonas
f577cb97756c84fbfce242d02a87e2bb	d__Bacteria;p__Patescibacteria;c__Saccharimonadia;o__Saccharimonadales;f__Saccharimonadaceae;g__TM7a;s__	g__TM7a
e1d098412c88700cbd3c119e7c62f2ca	d__Bacteria;p__Bacillota;c__Bacilli;o__Lactobacillales;f__Aerococcaceae;g__Aerococcus;s__	g__Aerococcus
d877172f23360f014b32a31be45e3e1d	d__Bacteria;p__Bacteroidota;c__Bacteroidia;o__Bacteroidales;f__Prevotellaceae;g__Segatella;s__	g__Segatella
2bf6ddf082916802de4f09480090b84a	d__Bacteria;p__Verrucomicrobiota;c__Verrucomicrobiia;o__Pedosphaerales;f__Pedosphaeraceae;g__DEV114;s__	g__DEV114
e64afb2ca7d2f51d117d7f8cb6fe5e7c	d__Bacteria;p__Pseudomonadota;c__Alphaproteobacteria;o__Hyphomicrobiales;f__Rhizobiaceae;g__Agrobacterium;s__	g__Agrobacterium
8a45a8d91f87e86bf924a608606c2755	d__Bacteria;p__Actinomycetota;c__Actinobacteria;o__Mycobacteriales;f__Corynebacteriaceae;g__Corynebacterium;s__	g__Corynebacterium
653f6588a622f8450edd2c9575a8e4cf	d__Bacteria;p__Patescibacteria;c__Saccharimonadia;o__Saccharimonadales;f__Incertae_Sedis;g__Incertae_Sedis;s__	g__Incertae_Sedis
e038a3fc29cb4de756c887069463a58a	d__Bacteria;p__Spirochaetota;c__Spirochaetia;o__Spirochaetales;f__Spirochaetaceae;g__Treponema;s__	g__Treponema
3e87d6e67e28a48c7d47f1d5b3dba16c	d__Bacteria;p__Bacillota;c__Clostridia;o__Lachnospirales;f__Lachnospiraceae;g__Butyrivibrio;s__	g__Butyrivibrio
1bf87ff877a3a3cffd9173e3ebde52d0	d__Bacteria;p__Fusobacteriota;c__Fusobacteriia;o__Fusobacteriales;f__Leptotrichiaceae;g__Leptotrichia;s__	g__Leptotrichia
ed692c7e07838ba0bcbc0e7fae0c7b61	d__Bacteria;p__Bacteroidota;c__Bacteroidia;o__Bacteroidales;f__Prevotellaceae;g__Segatella;s__	g__Segatella
c064215dabf874049742028a8ca5ffd3	d__Bacteria;p__Bacteroidota;c__Bacteroidia;o__Bacteroidales;f__Prevotellaceae;g__Prevotella;s__	g__Prevotella
613df36823b1a011c9e005064530eff2	d__Bacteria;p__Bacteroidota;c__Bacteroidia;o__Bacteroidales;f__Prevotellaceae;g__Hoylesella;s__	g__Hoylesella
47aecb0dabc258da8ac045ba22fca553	d__Bacteria;p__Bacillota;c__Clostridia;o__Lachnospirales;f__Lachnospiraceae;g__Roseburia;s__	g__Roseburia
9e420a3f4d78fc7cda4d63feb0617c43	d__Bacteria;p__Bacteroidota;c__Bacteroidia;o__Bacteroidales;f__Prevotellaceae;g__Hoylesella;s__	g__Hoylesella
c635305d7760fca8c920b50c09055d3a	d__Bacteria;p__Bacteroidota;c__Bacteroidia;o__Bacteroidales;f__Prevotellaceae;g__Prevotella;s__	g__Prevotella
24a02740ca0b8d844f1c3a27ad73f9e0	d__Bacteria;p__Actinomycetota;c__Actinobacteria;o__Mycobacteriales;f__Corynebacteriaceae;g__Corynebacterium;s__	g__Corynebacterium
964cc682d2c143f29730dc0190ba0733	d__Bacteria;p__Actinomycetota;c__Actinobacteria;o__Actinomycetales;f__Actinomycetaceae;g__Schaalia;s__	g__Schaalia
b9f4b7abb8eeba7ea0b25ba7d8169abf	d__Bacteria;p__Pseudomonadota;c__Gammaproteobacteria;o__Pseudomonadales;f__Moraxellaceae;g__Acinetobacter;s__	g__Acinetobacter
8849033aff1ed94032395f065ab21b21	d__Bacteria;p__Bacteroidota;c__Bacteroidia;o__Bacteroidales;f__Porphyromonadaceae;g__Porphyromonas;s__	g__Porphyromonas
982e083a1c592fefb78becae61bde0df	d__Bacteria;p__Bacteroidota;c__Bacteroidia;o__Bacteroidales;f__Prevotellaceae;g__Segatella;s__	g__Segatella
e6019a65a42f387d79e0d5fe218f9f45	d__Bacteria;p__Bacteroidota;c__Bacteroidia;o__Bacteroidales;f__Prevotellaceae;g__Prevotella;s__	g__Prevotella
ef3987a02f0929ea89ce99942d5028af	d__Bacteria;p__Actinomycetota;c__Actinobacteria;o__Mycobacteriales;f__Corynebacteriaceae;g__Corynebacterium;s__	g__Corynebacterium
3846f7e8bce34387d3c08fa782aed61a	d__Bacteria;p__Bacteroidota;c__Bacteroidia;o__Bacteroidales;f__Prevotellaceae;g__Prevotella;s__	g__Prevotella
a4e247a2fc632b8d86b1f0020b9611c9	d__Bacteria;p__Bacteroidota;c__Bacteroidia;o__Bacteroidales;f__Prevotellaceae;g__Hoylesella;s__	g__Hoylesella
bdc24ad3ed7a690fb6e564f3815bf632	d__Bacteria;p__Campylobacterota;c__Campylobacteria;o__Campylobacterales;f__Campylobacteraceae;g__Campylobacter;s__	g__Campylobacter
a726cfdde534a66df9f5f424626d77fb	d__Bacteria;p__Bacteroidota;c__Bacteroidia;o__Flavobacteriales;f__Weeksellaceae;g__Bergeyella;s__	g__Bergeyella
d264e9bc6c8433766a6155af68d1245b	d__Bacteria;p__Bacillota;c__Bacilli;o__Lactobacillales;f__Streptococcaceae;g__Streptococcus;s__	g__Streptococcus
4614e84cfb3d3ae94d4ca06a0ba492b3	d__Bacteria;p__Bacteroidota;c__Bacteroidia;o__Bacteroidales;f__Porphyromonadaceae;g__Porphyromonas;s__	g__Porphyromonas
48ec7ab9ac5f6c1fd119bae3d1a68cb2	d__Bacteria;p__Spirochaetota;c__Spirochaetia;o__Spirochaetales;f__Spirochaetaceae;g__Treponema;s__	g__Treponema
73cf8bbd367533fe1b1a60132e3abac9	d__Bacteria;p__Pseudomonadota;c__Gammaproteobacteria;o__Burkholderiales;f__Rhodocyclaceae;g__Thauera;s__	g__Thauera
2ddc267756e6e7eb1c30622ef27012f0	d__Bacteria;p__Bacillota;c__Clostridia;o__Oscillospirales;f__Ruminococcaceae;g__Faecalibacterium;s__	g__Faecalibacterium
02f96fb076421a5d92f5c60f1fd37c91	d__Bacteria;p__Patescibacteria;c__Saccharimonadia;o__Saccharimonadales;f__Incertae_Sedis;g__Incertae_Sedis;s__	g__Incertae_Sedis
57378dc53db0a0dd8a8a0d3b4ea0ac5e	d__Bacteria;p__Pseudomonadota;c__Gammaproteobacteria;o__Enterobacterales;f__Enterobacteriaceae;g__Klebsiella;s__	g__Klebsiella
2d1d83fc3990cfb89338d994c1fed9a6	d__Bacteria;p__Bacillota;c__Negativicutes;o__Veillonellales-Selenomonadales;f__Selenomonadaceae;g__Selenomonas;s__	g__Selenomonas
f58780c42d4fdf9e1e64a1bd4667d8e1	d__Bacteria;p__Bacillota;c__Negativicutes;o__Veillonellales-Selenomonadales;f__Veillonellaceae;g__Veillonella;s__	g__Veillonella
b0b0f2d1e069ad3de66058e5e735985e	d__Bacteria;p__Spirochaetota;c__Spirochaetia;o__Spirochaetales;f__Spirochaetaceae;g__Treponema;s__	g__Treponema
25512f0d426179b4a80c4d8d4b71235f	d__Bacteria;p__Fusobacteriota;c__Fusobacteriia;o__Fusobacteriales;f__Fusobacteriaceae;g__Fusobacterium;s__	g__Fusobacterium
723226ad98be58be0715931724913a8d	d__Bacteria;p__Actinomycetota;c__Actinobacteria;o__Mycobacteriales;f__Corynebacteriaceae;g__Corynebacterium;s__	g__Corynebacterium
8850383fafe40bfca2bc2e367beec3cd	d__Bacteria;p__Bacillota;c__Negativicutes;o__Veillonellales-Selenomonadales;f__Selenomonadaceae;g__Selenomonas;s__	g__Selenomonas
d83c3af2f2fde97e04f32f05bbfdf584	d__Bacteria;p__Bacteroidota;c__Bacteroidia;o__Flavobacteriales;f__Flavobacteriaceae;g__Capnocytophaga;s__	g__Capnocytophaga
ea649db476ffd7262e43db55bdd5d287	d__Bacteria;p__Bacteroidota;c__Bacteroidia;o__Flavobacteriales;f__Flavobacteriaceae;g__Capnocytophaga;s__	g__Capnocytophaga
b2a5bc3d2b14b3bacf14c460f392f24a	d__Bacteria;p__Bacillota;c__Negativicutes;o__Veillonellales-Selenomonadales;f__Veillonellaceae;g__Megasphaera;s__	g__Megasphaera
0001ee3bea7dabd3b94ccfff16775b7b	d__Bacteria;p__Bacteroidota;c__Bacteroidia;o__Flavobacteriales;f__Weeksellaceae;g__Bergeyella;s__	g__Bergeyella
5668e7ca8ef36766512a7ee671e01f71	d__Bacteria;p__Bacillota;c__Clostridia;o__Peptostreptococcales-Tissierellales;f__Anaerovoracaceae;g__[Eubacterium]_sulci_group;s__	g__[Eubacterium]_sulci_group
5b232471bac45e286c32dda16d8fce87	d__Bacteria;p__Pseudomonadota;c__Gammaproteobacteria;o__Enterobacterales;f__Pasteurellaceae;g__Actinobacillus;s__	g__Actinobacillus
7da13aa476837ed417da28175eaf3c52	d__Bacteria;p__Pseudomonadota;c__Alphaproteobacteria;o__Rhodospirillales;f__Rhodospirillaceae;g__Novispirillum;s__	g__Novispirillum
25ea222faf8b83a862dae556853f08d2	d__Bacteria;p__Bacteroidota;c__Bacteroidia;o__Bacteroidales;f__Prevotellaceae;g__Alloprevotella;s__	g__Alloprevotella
2d94143791198bd1baec85a62668faae	d__Bacteria;p__Pseudomonadota;c__Gammaproteobacteria;o__Lysobacterales;f__Lysobacteraceae;g__Thermomonas;s__	g__Thermomonas
db8777fa3737b3dfaf5cef3684735452	d__Bacteria;p__Bacteroidota;c__Bacteroidia;o__Bacteroidales;f__Prolixibacteraceae;g__Roseimarinus;s__	g__Roseimarinus
c467cbb2eb65a89804c32a19d99851d5	d__Bacteria;p__Pseudomonadota;c__Gammaproteobacteria;o__Gammaproteobacteria_Incertae_Sedis;f__Unknown_Family;g__Candidatus_Berkiella;s__	g__Candidatus_Berkiella
4b8d9470d27001916fe92c2a6d074df1	d__Bacteria;p__Bacillota;c__Clostridia;o__Oscillospirales;f__Oscillospiraceae;g__Colidextribacter;s__	g__Colidextribacter
4adcb7dacdf4f5fca97b3acf7d992712	d__Bacteria;p__Bacillota;c__Clostridia;o__Lachnospirales;f__Lachnospiraceae;g__Lachnoanaerobaculum;s__	g__Lachnoanaerobaculum
5fe59b49e2140fa88218178206faf074	d__Bacteria;p__Pseudomonadota;c__Alphaproteobacteria;o__Acetobacterales;f__Acetobacteraceae;g__Roseomonas;s__	g__Roseomonas
3a0d6b618a7d7a89fcfbcb37d579e850	d__Bacteria;p__Bacillota;c__Clostridia;o__Lachnospirales;f__Lachnospiraceae;g__Stomatobaculum;s__	g__Stomatobaculum
3f222516a0724a8b9903c4b2b007cea5	d__Bacteria;p__Fusobacteriota;c__Fusobacteriia;o__Fusobacteriales;f__Fusobacteriaceae;g__Fusobacterium;s__	g__Fusobacterium
3bca2f062f71f0233c2ef027d85b1a00	d__Bacteria;p__Pseudomonadota;c__Gammaproteobacteria;o__Enterobacterales;f__Shewanellaceae;g__Shewanella;s__	g__Shewanella
7e3308ba4056b9bee8494fccfd950e2d	d__Bacteria;p__Bacteroidota;c__Bacteroidia;o__Bacteroidales;f__Prevotellaceae;g__Prevotella;s__	g__Prevotella
0c9e1316a6e8f8e188c4bd54d27d7643	d__Bacteria;p__Pseudomonadota;c__Alphaproteobacteria;o__Rhodobacterales;f__Paracoccaceae;g__Palleronia-Pseudomaribius;s__	g__Palleronia-Pseudomaribius
9fee06afa247a05352d0efe5e94ab457	d__Bacteria;p__Bacillota;c__Clostridia;o__Lachnospirales;f__Lachnospiraceae;g__Catonella;s__	g__Catonella
658b134db036b19ecf402bc1f6069f53	d__Bacteria;p__Patescibacteria;c__Gracilibacteria;o__Incertae_Sedis;f__Incertae_Sedis;g__Incertae_Sedis;s__	g__Incertae_Sedis
221ab504f45670350ea29f852fc647f3	d__Bacteria;p__Campylobacterota;c__Campylobacteria;o__Campylobacterales;f__Campylobacteraceae;g__Campylobacter;s__	g__Campylobacter
9ab10a9ba0c9686e9fbf9e7d5fcc3d8a	d__Bacteria;p__Actinomycetota;c__Actinobacteria;o__Actinomycetales;f__Actinomycetaceae;g__Schaalia;s__	g__Schaalia
4dabbcc79f08de3a619e80d2b6d701f6	d__Bacteria;p__Pseudomonadota;c__Gammaproteobacteria;o__Enterobacterales;f__Enterobacteriaceae;g__Enterobacter;s__	g__Enterobacter
476d3433441a1185d790b7c0f0f807f8	d__Bacteria;p__Bacteroidota;c__Bacteroidia;o__Bacteroidales;f__Prevotellaceae;g__Segatella;s__	g__Segatella
b1200a4a032f880153a3fd7c0f328143	d__Bacteria;p__Actinomycetota;c__Actinobacteria;o__Actinomycetales;f__Actinomycetaceae;g__Actinomyces;s__	g__Actinomyces
8180e75c92afa719c4b088fd814d7452	d__Bacteria;p__Bacteroidota;c__Bacteroidia;o__Bacteroidales;f__Rikenellaceae;g__Rikenellaceae_RC9_gut_group;s__	g__Rikenellaceae_RC9_gut_group
7aa9517b5b1c63a2f181900b7b58c561	d__Bacteria;p__Fusobacteriota;c__Fusobacteriia;o__Fusobacteriales;f__Fusobacteriaceae;g__Fusobacterium;s__	g__Fusobacterium
903f4692aef4a498070c90bccb0396c9	d__Bacteria;p__Actinomycetota;c__Actinobacteria;o__Actinomycetales;f__Actinomycetaceae;g__Schaalia;s__	g__Schaalia
f560e61d5f6fefb9216c925f918ee956	d__Bacteria;p__Thermodesulfobacteriota;c__Desulfovibrionia;o__Desulfovibrionales;f__Desulfovibrionaceae;g__Desulfovibrio;s__	g__Desulfovibrio
7e3fa9524bbfc8e9386aaea933e62444	d__Bacteria;p__Actinomycetota;c__Actinobacteria;o__Micrococcales;f__Dermacoccaceae;g__Kytococcus;s__	g__Kytococcus
c7e9a57a10e7c5176e3bed347c624103	d__Bacteria;p__Actinomycetota;c__Actinobacteria;o__Actinomycetales;f__Actinomycetaceae;g__Schaalia;s__	g__Schaalia
493aa609c910c102c790e552b5ee99b7	d__Bacteria;p__Pseudomonadota;c__Gammaproteobacteria;o__Burkholderiales;f__Comamonadaceae;g__Ramlibacter;s__	g__Ramlibacter
b5a04c6bb118b4777673c946a620ce45	d__Bacteria;p__Bacillota;c__Negativicutes;o__Veillonellales-Selenomonadales;f__Selenomonadaceae;g__Selenomonas;s__	g__Selenomonas
aeb12f61d5193dbf1123ace2381bd3d2	d__Bacteria;p__Pseudomonadota;c__Gammaproteobacteria;o__Pseudomonadales;f__Moraxellaceae;g__Acinetobacter;s__	g__Acinetobacter
aa23cd3170e18cbac343afc08aecfb72	d__Bacteria;p__Spirochaetota;c__Spirochaetia;o__Spirochaetales;f__Spirochaetaceae;g__Treponema;s__	g__Treponema
ae7d761864b23c782894535fe9b62dfe	d__Bacteria;p__Bacteroidota;c__Bacteroidia;o__Bacteroidales;f__Prevotellaceae;g__Prevotella;s__	g__Prevotella
f6774631666eff5f849fc44b73ff7dff	d__Bacteria;p__Bacteroidota;c__Bacteroidia;o__Bacteroidales;f__Prevotellaceae;g__Prevotella;s__	g__Prevotella
050338b84e8399a6a85ae91fc89859e8	d__Bacteria;p__Verrucomicrobiota;c__Verrucomicrobiia;o__Verrucomicrobiales;f__Verrucomicrobiaceae;g__Incertae_Sedis;s__	g__Incertae_Sedis
289e5f976a23264ab4f11e9a6210d19b	d__Bacteria;p__Pseudomonadota;c__Gammaproteobacteria;o__Pseudomonadales;f__Moraxellaceae;g__Acinetobacter;s__	g__Acinetobacter
4d93383d0d775f7979f2fbe804ff9997	d__Bacteria;p__Pseudomonadota;c__Gammaproteobacteria;o__Burkholderiales;f__Comamonadaceae;g__Acidovorax;s__	g__Acidovorax
0f1b34e4721f7faf738ac91930bce5a4	d__Bacteria;p__Pseudomonadota;c__Alphaproteobacteria;o__Sphingomonadales;f__Sphingomonadaceae;g__Qinpengyuania;s__	g__Qinpengyuania
f7138a46a84466ed200e5bf274b951f7	d__Bacteria;p__Bacillota;c__Negativicutes;o__Veillonellales-Selenomonadales;f__Selenomonadaceae;g__Selenomonas;s__	g__Selenomonas
b7b0e65b86524918ba64971c193f7eaf	d__Bacteria;p__Bacillota;c__Negativicutes;o__Veillonellales-Selenomonadales;f__Selenomonadaceae;g__Selenomonas;s__	g__Selenomonas
4128aa69a32c7a4ca08c1cc567e931ac	d__Bacteria;p__Pseudomonadota;c__Gammaproteobacteria;o__Lysobacterales;f__Lysobacteraceae;g__Lysobacter;s__	g__Lysobacter
d42666e79bac8193e6afec667bade17b	d__Bacteria;p__Pseudomonadota;c__Gammaproteobacteria;o__Enterobacterales;f__Pasteurellaceae;g__Haemophilus;s__	g__Haemophilus
15b2dd497672e6efe981098308fbdba8	d__Bacteria;p__Pseudomonadota;c__Alphaproteobacteria;o__Hyphomicrobiales;f__Beijerinckiaceae;g__Methylobacterium;s__	g__Methylobacterium
22640146164603b80a6870f5b834a8ed	d__Bacteria;p__Deinococcota;c__Deinococci;o__Thermales;f__Thermaceae;g__Calidithermus;s__	g__Calidithermus
27014387cd2f935b5652adf4ae02e69b	d__Bacteria;p__Bacillota;c__Clostridia;o__Peptostreptococcales-Tissierellales;f__Family_XI;g__Parvimonas;s__	g__Parvimonas
41a3d1dd64279d90b8f8b3b7f4be1c72	d__Bacteria;p__Pseudomonadota;c__Gammaproteobacteria;o__Enterobacterales;f__Pasteurellaceae;g__Haemophilus;s__	g__Haemophilus
115e14edc9d42da325283a7f5e7466e4	d__Bacteria;p__Actinomycetota;c__Actinobacteria;o__Actinomycetales;f__Actinomycetaceae;g__Schaalia;s__	g__Schaalia
6cd05674b1186dc5a8fadf69e57eb2eb	d__Bacteria;p__Bacteroidota;c__Bacteroidia;o__Flavobacteriales;f__Flavobacteriaceae;g__Capnocytophaga;s__	g__Capnocytophaga
996b675b0a41dc32ac5048017f7ffcc1	d__Bacteria;p__Bacillota;c__Bacilli;o__Lactobacillales;f__Streptococcaceae;g__Streptococcus;s__	g__Streptococcus
f3a40a684642ee72934ee24c3c7e633e	d__Bacteria;p__Pseudomonadota;c__Alphaproteobacteria;o__Hyphomicrobiales;f__Beijerinckiaceae;g__Microvirga;s__	g__Microvirga
60915c17ebefb6fb258ecdcff4a01cb2	d__Bacteria;p__Bacteroidota;c__Bacteroidia;o__Flavobacteriales;f__Flavobacteriaceae;g__Capnocytophaga;s__	g__Capnocytophaga
ca9788d50285e3788297db07b04ed009	d__Bacteria;p__Pseudomonadota;c__Gammaproteobacteria;o__Enterobacterales;f__Pasteurellaceae;g__Aggregatibacter;s__	g__Aggregatibacter
efe68647778b48301fa919954855f4d8	d__Bacteria;p__Fusobacteriota;c__Fusobacteriia;o__Fusobacteriales;f__Leptotrichiaceae;g__Leptotrichia;s__	g__Leptotrichia
ba48eddeb0139f74b90c0b93dd8aa7fe	d__Bacteria;p__Actinomycetota;c__Actinobacteria;o__Mycobacteriales;f__Nocardiaceae;g__Gordonia;s__	g__Gordonia
9f68d39ef0d8b72a197c73731e79f42d	d__Bacteria;p__Pseudomonadota;c__Gammaproteobacteria;o__Lysobacterales;f__Lysobacteraceae;g__Lysobacter;s__	g__Lysobacter
9ec84be792e3a89ad612713cc2370136	d__Bacteria;p__Bacteroidota;c__Bacteroidia;o__Bacteroidales;f__Muribaculaceae;g__Incertae_Sedis;s__	g__Incertae_Sedis
1dedf6168635e26c1f3aa0c35fa96e79	d__Bacteria;p__Bacillota;c__Negativicutes;o__Veillonellales-Selenomonadales;f__Veillonellaceae;g__Megasphaera;s__	g__Megasphaera
0b0a07386faa6dbef217a1ab6374c9ba	d__Bacteria;p__Bacillota;c__Bacilli;o__Brevibacillales;f__Brevibacillaceae;g__Brevibacillus;s__	g__Brevibacillus
705deeadd7fc61f5ca36f1462ca78a57	d__Bacteria;p__Fusobacteriota;c__Fusobacteriia;o__Fusobacteriales;f__Fusobacteriaceae;g__Fusobacterium;s__	g__Fusobacterium
1f4bbbbfa2e2e5a5878d05c1233dae43	d__Bacteria;p__Pseudomonadota;c__Gammaproteobacteria;o__Burkholderiales;f__Comamonadaceae;g__Caldimonas;s__	g__Caldimonas
0d206d27f94ebe95b83fb899bc5b07aa	d__Bacteria;p__Bacillota;c__Clostridia;o__Lachnospirales;f__Lachnospiraceae;g__Johnsonella;s__	g__Johnsonella
493a41b8dcfad57361df80c25b711665	d__Bacteria;p__Actinomycetota;c__Actinobacteria;o__Actinomycetales;f__Actinomycetaceae;g__Schaalia;s__	g__Schaalia
bea43b40ec626965f3c2f59d235cdb79	d__Bacteria;p__Bacteroidota;c__Bacteroidia;o__Bacteroidales;f__Prevotellaceae;g__Prevotella;s__	g__Prevotella
d4b5650ae5a89cafc425ea391aca7a4a	d__Bacteria;p__Bacteroidota;c__Bacteroidia;o__Bacteroidales;f__Prevotellaceae;g__Segatella;s__	g__Segatella
69c385ad7b9f22ef22642f8483dc62d2	d__Bacteria;p__Bacteroidota;c__Bacteroidia;o__Bacteroidales;f__Prevotellaceae;g__Segatella;s__	g__Segatella
d0bbff7a69c8c291dbf0fe028c704b8e	d__Bacteria;p__Actinomycetota;c__Actinobacteria;o__Micrococcales;f__Microbacteriaceae;g__Leifsonia;s__	g__Leifsonia
3950723d3fc938fa34dbc40ceaeeab18	d__Bacteria;p__Bacillota;c__Clostridia;o__Christensenellales;f__Christensenellaceae;g__Christensenellaceae_R-7_group;s__	g__Christensenellaceae_R-7_group
6572bc778e4e88d802d6e24cb8c8ea95	d__Bacteria;p__Gemmatimonadota;c__Gemmatimonadia;o__Gemmatimonadales;f__Gemmatimonadaceae;g__Incertae_Sedis;s__	g__Incertae_Sedis
48a401011f765a1ca14b35248a8167a3	d__Bacteria;p__Pseudomonadota;c__Gammaproteobacteria;o__Lysobacterales;f__Lysobacteraceae;g__Lysobacter;s__	g__Lysobacter
e089b71cbaad2c57c9498111377255ca	d__Bacteria;p__Actinomycetota;c__Actinobacteria;o__Bifidobacteriales;f__Bifidobacteriaceae;g__Bifidobacterium;s__	g__Bifidobacterium
7ba72a8f6f80fd45920efa8ea047753a	d__Bacteria;p__Bacillota;c__Bacilli;o__Bacillales;f__Bacillaceae;g__Peribacillus;s__	g__Peribacillus
a5c446ba4520e428a174c23408153b1f	d__Bacteria;p__Bacillota;c__Clostridia;o__Oscillospirales;f__Oscillospiraceae;g__Incertae_Sedis;s__	g__Incertae_Sedis
4d24b79ecbd8f5947f29aed49aa3ac47	d__Bacteria;p__Pseudomonadota;c__Alphaproteobacteria;o__Rhodobacterales;f__Paracoccaceae;g__Gemmobacter;s__	g__Gemmobacter
e3fa265be2c24331f376355679c057ea	d__Bacteria;p__Pseudomonadota;c__Alphaproteobacteria;o__Sphingomonadales;f__Sphingomonadaceae;g__Sphingomonas;s__	g__Sphingomonas
f79f687ba260e2f1b5a77525fe60d74f	d__Bacteria;p__Bacillota;c__Clostridia;o__Lachnospirales;f__Lachnospiraceae;g__Incertae_Sedis;s__	g__Incertae_Sedis
a9370fc00e3a694544ce3b6826933f61	d__Bacteria;p__Actinomycetota;c__Actinobacteria;o__Mycobacteriales;f__Corynebacteriaceae;g__Corynebacterium;s__	g__Corynebacterium
c39122ea83748f103207c619c7b90edf	d__Bacteria;p__Chloroflexota;c__Anaerolineae;o__Anaerolineales;f__Anaerolineaceae;g__Flexilinea;s__	g__Flexilinea
5e349a45b4eccae58c35b85dcdaf46e1	d__Bacteria;p__Bacteroidota;c__Bacteroidia;o__Flavobacteriales;f__Flavobacteriaceae;g__Flavobacterium;s__	g__Flavobacterium
7bd16bb6c06abc032209a3e5e23e16b3	d__Bacteria;p__Bacillota;c__Clostridia;o__Lachnospirales;f__Lachnospiraceae;g__Johnsonella;s__	g__Johnsonella
de28e402628dbe90b6e90b69666d0609	d__Bacteria;p__Bacillota;c__Clostridia;o__Peptostreptococcales-Tissierellales;f__Peptostreptococcaceae;g__Peptostreptococcus;s__	g__Peptostreptococcus
0778b29a2ba488fb61ea16571bd9fbdf	d__Bacteria;p__Actinomycetota;c__Actinobacteria;o__Mycobacteriales;f__Corynebacteriaceae;g__Corynebacterium;s__	g__Corynebacterium
614eeadf3404697bb48dc4cc57f24bd1	d__Bacteria;p__Bacillota;c__Clostridia;o__Lachnospirales;f__Lachnospiraceae;g__Johnsonella;s__	g__Johnsonella
906c2ce23e5fe89eddf8349e2dd937d8	d__Bacteria;p__Pseudomonadota;c__Gammaproteobacteria;o__Pseudomonadales;f__Moraxellaceae;g__Acinetobacter;s__	g__Acinetobacter
c9dba908c8ae4c1ab2943b06d8d0ef44	d__Bacteria;p__Bacteroidota;c__Bacteroidia;o__Bacteroidales;f__Prevotellaceae;g__Prevotella;s__	g__Prevotella
4e46a4cec7e4f3e2b4d9ee28f6dbdbb7	d__Bacteria;p__Bacillota;c__Clostridia;o__Lachnospirales;f__Lachnospiraceae;g__Roseburia;s__	g__Roseburia
be41595779a3fab42d6c06ab27b74415	d__Bacteria;p__Bacillota;c__Clostridia;o__Peptostreptococcales-Tissierellales;f__Peptostreptococcaceae;g__Filifactor;s__	g__Filifactor
a30c4abbe7ceb2fd4c0b7b50435b0086	d__Bacteria;p__Bacillota;c__Negativicutes;o__Veillonellales-Selenomonadales;f__Veillonellaceae;g__Veillonella;s__	g__Veillonella
a31cfcce52c3cbc441713200105c8bf6	d__Bacteria;p__Bacteroidota;c__Bacteroidia;o__Bacteroidales;f__Porphyromonadaceae;g__Porphyromonas;s__	g__Porphyromonas
765d8e13ce7e5b94f31504ede0fcfe85	d__Bacteria;p__Fusobacteriota;c__Fusobacteriia;o__Fusobacteriales;f__Leptotrichiaceae;g__Leptotrichia;s__	g__Leptotrichia
2699c641f5cc45192d6b56cae755ea0b	d__Bacteria;p__Bacillota;c__Clostridia;o__Lachnospirales;f__Lachnospiraceae;g__Oribacterium;s__	g__Oribacterium
3ae3a765d2fe332570dc86b5d35888dc	d__Bacteria;p__Bacteroidota;c__Bacteroidia;o__Bacteroidales;f__Marinifilaceae;g__Incertae_Sedis;s__	g__Incertae_Sedis
85d270a08c6892a330169f76a989d2da	d__Bacteria;p__Fusobacteriota;c__Fusobacteriia;o__Fusobacteriales;f__Leptotrichiaceae;g__Leptotrichia;s__	g__Leptotrichia
9cd1a7d9a0501bb91a69b628378d521f	d__Bacteria;p__Bacteroidota;c__Bacteroidia;o__Bacteroidales;f__Prevotellaceae;g__Hoylesella;s__	g__Hoylesella
7df5b1ce1c84b5c73f0f06d1dcead188	d__Bacteria;p__Bacillota;c__Bacilli;o__Bacillales;f__Bacillaceae;g__Bacillus;s__	g__Bacillus
742a7c35424026a98df1bb1e95c0bc58	d__Bacteria;p__Bacteroidota;c__Bacteroidia;o__Bacteroidales;f__Porphyromonadaceae;g__Porphyromonas;s__	g__Porphyromonas
804f1181a4276561d7ac592e7c7dbb50	d__Bacteria;p__Bacteroidota;c__Bacteroidia;o__Bacteroidales;f__Prevotellaceae;g__Segatella;s__	g__Segatella
df3d6113f855e22f2a6d44e60f01baa7	d__Bacteria;p__Bacillota;c__Clostridia;o__Peptostreptococcales-Tissierellales;f__Peptostreptococcaceae;g__Romboutsia;s__	g__Romboutsia
f6843cd4122be79900e1d6a03c8a8bca	d__Bacteria;p__Pseudomonadota;c__Gammaproteobacteria;o__Enterobacterales;f__Pasteurellaceae;g__Haemophilus;s__	g__Haemophilus
9657ad9c60ed7c8f783c65f1b99747d2	d__Bacteria;p__Actinomycetota;c__Actinobacteria;o__Actinomycetales;f__Actinomycetaceae;g__Schaalia;s__	g__Schaalia
3c28579497aef68cef2d5a03e7d88189	d__Bacteria;p__Pseudomonadota;c__Gammaproteobacteria;o__Pseudomonadales;f__Moraxellaceae;g__Acinetobacter;s__	g__Acinetobacter
e59c0a26103e920d6c31dee73b5f77e2	d__Bacteria;p__Bacteroidota;c__Bacteroidia;o__Bacteroidales;f__Prevotellaceae;g__Prevotella;s__	g__Prevotella
f74217d5c5834071a38906e6d3355211	d__Bacteria;p__Bacillota;c__Clostridia;o__Peptostreptococcales-Tissierellales;f__Family_XI;g__Anaerococcus;s__	g__Anaerococcus
a794c8cad22201c54e505503a0b323b6	d__Bacteria;p__Bacillota;c__Negativicutes;o__Veillonellales-Selenomonadales;f__Selenomonadaceae;g__Selenomonas;s__	g__Selenomonas
acaaf67ecfe7d9df7a6de21508682c3e	d__Bacteria;p__Pseudomonadota;c__Gammaproteobacteria;o__Enterobacterales;f__Yersiniaceae;g__Serratia;s__	g__Serratia
74beb3466b19d300c56dcdf5becf1ae8	d__Bacteria;p__Actinomycetota;c__Actinobacteria;o__Propionibacteriales;f__Propionibacteriaceae;g__Propioniciclava;s__	g__Propioniciclava
ecddbf047a53db1e5e023a002af77ddf	d__Bacteria;p__Bacillota;c__Clostridia;o__Lachnospirales;f__Lachnospiraceae;g__Lachnoanaerobaculum;s__	g__Lachnoanaerobaculum
7566dbebcf7e75db254553edbd8dc7e2	d__Bacteria;p__Bacillota;c__Bacilli;o__Paenibacillales;f__Paenibacillaceae;g__Ammoniphilus;s__	g__Ammoniphilus
d0ce1819d3870ea88283ee48d92763c3	d__Bacteria;p__Pseudomonadota;c__Gammaproteobacteria;o__Enterobacterales;f__Pasteurellaceae;g__Actinobacillus;s__	g__Actinobacillus
54820e8dfd574f503c0f74f32445229a	d__Bacteria;p__Pseudomonadota;c__Gammaproteobacteria;o__Enterobacterales;f__Pasteurellaceae;g__Actinobacillus;s__	g__Actinobacillus
14519dcf91e329c12d24e1926ee91f9d	d__Bacteria;p__Bacillota;c__Bacilli;o__Brevibacillales;f__Brevibacillaceae;g__Brevibacillus;s__	g__Brevibacillus
d3f9b5e88b00304795c58ec817dc4f7f	d__Bacteria;p__Patescibacteria;c__Saccharimonadia;o__Saccharimonadales;f__Incertae_Sedis;g__Incertae_Sedis;s__	g__Incertae_Sedis
4eed22513627e72519266306c95e297d	d__Bacteria;p__Bacillota;c__Clostridia;o__Peptococcales;f__Peptococcaceae;g__Peptococcus;s__	g__Peptococcus
538f41488b4e5fd7999d9066f96daf89	d__Bacteria;p__Pseudomonadota;c__Gammaproteobacteria;o__Enterobacterales;f__Pasteurellaceae;g__Haemophilus;s__	g__Haemophilus
a550bdcea333aa96346c10b4f8c236b8	d__Bacteria;p__Bacteroidota;c__Bacteroidia;o__Bacteroidales;f__Prevotellaceae;g__Segatella;s__	g__Segatella
1bd6b0e6008642207f1090a5d6131fb9	d__Bacteria;p__Bacillota;c__Negativicutes;o__Veillonellales-Selenomonadales;f__Veillonellaceae;g__Veillonella;s__	g__Veillonella
9c18214d076a9bc774ddda7ba6821d22	d__Bacteria;p__Fusobacteriota;c__Fusobacteriia;o__Fusobacteriales;f__Leptotrichiaceae;g__Leptotrichia;s__	g__Leptotrichia
d3ab24d6af4acd19a8ae272310c76d92	d__Bacteria;p__Bacteroidota;c__Bacteroidia;o__Bacteroidales;f__Prevotellaceae;g__Incertae_Sedis;s__	g__Incertae_Sedis
2630e564687204e9cce67555e64fb344	d__Bacteria;p__Bacteroidota;c__Bacteroidia;o__Cytophagales;f__Hymenobacteraceae;g__Pontibacter;s__	g__Pontibacter
14db45a5d7a63311db925384ebad88ba	d__Bacteria;p__Pseudomonadota;c__Gammaproteobacteria;o__Enterobacterales;f__Pasteurellaceae;g__Haemophilus;s__	g__Haemophilus
38004de9d65cc47273824f8b2256b866	d__Bacteria;p__Bacillota;c__Negativicutes;o__Veillonellales-Selenomonadales;f__Veillonellaceae;g__Veillonella;s__	g__Veillonella
33c595d52f9886d1062906f84f79f370	d__Bacteria;p__Spirochaetota;c__Spirochaetia;o__Spirochaetales;f__Spirochaetaceae;g__Treponema;s__	g__Treponema
28190251d46eb73d2c625e2ddbe8ba9a	d__Bacteria;p__Bacillota;c__Negativicutes;o__Veillonellales-Selenomonadales;f__Selenomonadaceae;g__Selenomonas;s__	g__Selenomonas
fd66bda8fa8ff0fe2e2a4d18e2968520	d__Bacteria;p__Bacillota;c__Negativicutes;o__Veillonellales-Selenomonadales;f__Selenomonadaceae;g__Selenomonas;s__	g__Selenomonas
1aedf3114ff4c72e5277fb4476366157	d__Bacteria;p__Bacteroidota;c__Bacteroidia;o__Flavobacteriales;f__Flavobacteriaceae;g__Flavobacterium;s__	g__Flavobacterium
400988410fb4d6aed1e2a439a622ebfa	d__Bacteria;p__Actinomycetota;c__Actinobacteria;o__Micrococcales;f__Sanguibacteraceae;g__Flavimobilis;s__	g__Flavimobilis
c49092c60382380d8bd9ce02d018d217	d__Bacteria;p__Pseudomonadota;c__Gammaproteobacteria;o__Burkholderiales;f__Neisseriaceae;g__Neisseria;s__	g__Neisseria
efb998501c005d176eae25f7a22c2109	d__Bacteria;p__Fusobacteriota;c__Fusobacteriia;o__Fusobacteriales;f__Leptotrichiaceae;g__Pseudoleptotrichia;s__	g__Pseudoleptotrichia
ed28cafdc80026bcbc4c0189a3ce5b46	d__Bacteria;p__Bacillota;c__Negativicutes;o__Veillonellales-Selenomonadales;f__Selenomonadaceae;g__Selenomonas;s__	g__Selenomonas
22a4d188f43e832c105a3cc2746fa899	d__Bacteria;p__Actinomycetota;c__Actinobacteria;o__Micrococcales;f__Microbacteriaceae	Unclassified
03744bcbbf11170e968e6d9de4b0fd05	d__Bacteria;p__Actinomycetota;c__Actinobacteria;o__Actinomycetales;f__Actinomycetaceae;g__Actinomyces;s__	g__Actinomyces
8acbb2341dd0a6f0317fb3da8c6b9378	d__Bacteria;p__Pseudomonadota;c__Gammaproteobacteria;o__Burkholderiales;f__Oxalobacteraceae;g__Massilia;s__	g__Massilia
36b91cee84f7187b6fab5af95004c51e	d__Bacteria;p__Bacteroidota;c__Bacteroidia;o__Flavobacteriales;f__Flavobacteriaceae;g__Capnocytophaga;s__	g__Capnocytophaga
070c0ff66345578fe70e139a16f6d192	d__Bacteria;p__Fusobacteriota;c__Fusobacteriia;o__Fusobacteriales;f__Fusobacteriaceae;g__Fusobacterium;s__	g__Fusobacterium
bbd2a9cbb2c5744254c8959bff6e7844	d__Bacteria;p__Pseudomonadota;c__Alphaproteobacteria;o__Hyphomicrobiales;f__Beijerinckiaceae;g__Microvirga;s__	g__Microvirga
04c9a6f9c52f145ea8402ca7baf349a2	d__Bacteria;p__Bacillota;c__Bacilli;o__Erysipelotrichales;f__Erysipelotrichaceae;g__Erysipelotrichaceae_UCG-008;s__	g__Erysipelotrichaceae_UCG-008
60271761c66d94cb58b241288ea14d14	d__Bacteria;p__Pseudomonadota;c__Gammaproteobacteria;o__Legionellales;f__Legionellaceae;g__Legionella;s__	g__Legionella
9c031111d2363bdeb8e6ae3b3b69a7f7	d__Bacteria;p__Bacteroidota;c__Bacteroidia;o__Bacteroidales;f__Prevotellaceae;g__Incertae_Sedis;s__	g__Incertae_Sedis
5090d16de2744a11dd36c1ed34ba9067	d__Bacteria;p__Bacillota;c__Bacilli;o__Lactobacillales;f__Streptococcaceae;g__Streptococcus;s__	g__Streptococcus
2bc272b520265fb6b8016c9bf7f7cf65	d__Bacteria;p__Fusobacteriota;c__Fusobacteriia;o__Fusobacteriales;f__Leptotrichiaceae;g__Pseudoleptotrichia;s__	g__Pseudoleptotrichia
c79797dfac0eda7bd741b88fb0e9487c	d__Bacteria;p__Bacillota;c__Negativicutes;o__Veillonellales-Selenomonadales;f__Selenomonadaceae;g__Selenomonas;s__	g__Selenomonas
b87bd7ce999adda5aec0b2fa58130a0a	d__Bacteria;p__Bacteroidota;c__Bacteroidia;o__Bacteroidales;f__Bacteroidaceae;g__Bacteroides;s__	g__Bacteroides
ffbf4ea5fc3649bbc5eb6ecc6699a350	d__Bacteria;p__Actinomycetota;c__Actinobacteria;o__Mycobacteriales;f__Corynebacteriaceae;g__Corynebacterium;s__	g__Corynebacterium
f3c6309f563df8d487d9de4a90649a26	d__Bacteria;p__Bacillota;c__Negativicutes;o__Veillonellales-Selenomonadales;f__Selenomonadaceae;g__Selenomonas;s__	g__Selenomonas
0736d48a105ad5bac467bd6f99e03cf7	d__Bacteria;p__Bacteroidota;c__Bacteroidia;o__Bacteroidales;f__Prevotellaceae;g__Segatella;s__	g__Segatella
411a16797a0469adc1ae9fac36f26a7f	d__Bacteria;p__Campylobacterota;c__Campylobacteria;o__Campylobacterales;f__Campylobacteraceae;g__Campylobacter;s__	g__Campylobacter
7745e0a908be262ef50320e75d8bc577	d__Bacteria;p__Actinomycetota;c__Actinobacteria;o__Propionibacteriales;f__Nocardioidaceae;g__Nocardioides;s__	g__Nocardioides
0618a00985f1204449e286d121dc8878	d__Bacteria;p__Bacteroidota;c__Bacteroidia;o__Flavobacteriales;f__Weeksellaceae;g__Bergeyella;s__	g__Bergeyella
3eee364c36a657c604195a7ea49cd348	d__Bacteria;p__Actinomycetota;c__Actinobacteria;o__Actinomycetales;f__Actinomycetaceae;g__Actinomyces;s__	g__Actinomyces
b52cd8c186d511e8e4bad72d8bfbf0ed	d__Bacteria;p__Bacillota;c__Bacilli;o__Erysipelotrichales;f__Erysipelatoclostridiaceae;g__Coprobacillus;s__	g__Coprobacillus
687930485fd6e80ff16deb0bb83d63fe	d__Bacteria;p__Bacteroidota;c__Bacteroidia;o__Flavobacteriales;f__Flavobacteriaceae;g__Flavobacterium;s__	g__Flavobacterium
3b1f0a516f0b3c64a652b2d535d4a237	d__Bacteria;p__Bacteroidota;c__Bacteroidia;o__Bacteroidales;f__Prevotellaceae;g__Prevotella;s__	g__Prevotella
96dd3024a49564e3c854033aba0c82fc	d__Bacteria;p__Pseudomonadota;c__Alphaproteobacteria;o__Hyphomicrobiales;f__Beijerinckiaceae;g__Microvirga;s__	g__Microvirga
dede5f6773027bb887e0699aab162175	d__Bacteria;p__Pseudomonadota;c__Gammaproteobacteria;o__Enterobacterales;f__Enterobacteriaceae;g__Enterobacter;s__	g__Enterobacter
690a0f97debf33d9fbaaa8675dcbec66	d__Bacteria;p__Bacteroidota;c__Bacteroidia;o__Flavobacteriales;f__Weeksellaceae;g__Bergeyella;s__	g__Bergeyella
e47253ad5d60a60f51a4596f568b7bb1	d__Bacteria;p__Pseudomonadota;c__Gammaproteobacteria;o__Enterobacterales;f__Pasteurellaceae;g__Aggregatibacter;s__	g__Aggregatibacter
4833595e685250bcbe4f55b76d099913	d__Bacteria;p__Pseudomonadota;c__Alphaproteobacteria;o__Sphingomonadales;f__Sphingomonadaceae;g__Novosphingobium;s__	g__Novosphingobium
bcde1c41a87ee5096f5f6a3f0c1cb2f6	d__Bacteria;p__Bacillota;c__Clostridia;o__Lachnospirales;f__Lachnospiraceae;g__Johnsonella;s__	g__Johnsonella
9e7125a102db8951720ec539b4e78113	d__Bacteria;p__Bacillota;c__Bacilli;o__Lactobacillales;f__Streptococcaceae;g__Streptococcus;s__	g__Streptococcus
f7ba6ef4c8a8931bf76b8efdb9e5a9a3	d__Bacteria;p__Pseudomonadota;c__Gammaproteobacteria;o__Burkholderiales;f__Oxalobacteraceae;g__Massilia;s__	g__Massilia
1c5e7e6e634dd5a32ee06a088c3a33b1	d__Bacteria;p__Bacillota;c__Bacilli;o__Brevibacillales;f__Brevibacillaceae;g__Brevibacillus;s__	g__Brevibacillus
22694984808fe44532249967c639a752	d__Bacteria;p__Bacteroidota;c__Bacteroidia;o__Flavobacteriales;f__Flavobacteriaceae;g__Capnocytophaga;s__	g__Capnocytophaga
5d899896a54dd0d0747cf6260509bf39	d__Bacteria;p__Pseudomonadota;c__Alphaproteobacteria;o__Sphingomonadales;f__Sphingomonadaceae;g__Sphingomonas;s__	g__Sphingomonas
6a1bcd14f2229d394c83f7911ffa7b1e	d__Bacteria;p__Actinomycetota;c__Actinobacteria;o__Mycobacteriales;f__Corynebacteriaceae;g__Corynebacterium;s__	g__Corynebacterium
248c1a3f1835f624a1b44993c4558032	d__Bacteria;p__Bacillota;c__Clostridia;o__Peptococcales;f__Peptococcaceae;g__Peptococcus;s__	g__Peptococcus
452f576170f1108087e75648c7578805	d__Bacteria;p__Fusobacteriota;c__Fusobacteriia;o__Fusobacteriales;f__Leptotrichiaceae;g__Pseudoleptotrichia;s__	g__Pseudoleptotrichia
3713aa5a61d5ae08db14c45ce01e9d71	d__Bacteria;p__Pseudomonadota;c__Alphaproteobacteria;o__Reyranellales;f__Reyranellaceae;g__Reyranella;s__	g__Reyranella
6e0f3d3b8066d1680d39041ae72807ce	d__Bacteria;p__Bacillota;c__Clostridia;o__Lachnospirales;f__Lachnospiraceae;g__Incertae_Sedis;s__	g__Incertae_Sedis
271dd79ef06b84ae682eac68b4a572bf	d__Bacteria;p__Pseudomonadota;c__Alphaproteobacteria;o__Hyphomicrobiales;f__Xanthobacteraceae;g__Pseudorhodoplanes;s__	g__Pseudorhodoplanes
50674d3d036bb450c9e5755ceb6f2606	d__Bacteria;p__Bacteroidota;c__Bacteroidia;o__Bacteroidales;f__Prevotellaceae;g__Prevotella;s__	g__Prevotella
5814d97fbdbb8d298407d36ffac12bf7	d__Bacteria;p__Bacillota;c__Bacilli;o__Bacillales;f__Bacillaceae;g__Geobacillus;s__	g__Geobacillus
e3a22b54438e5c0fb521a40b62bd3278	d__Bacteria;p__Pseudomonadota;c__Gammaproteobacteria;o__Burkholderiales;f__Neisseriaceae;g__Neisseria;s__	g__Neisseria
f31247001931588ab95f607f0572f829	d__Bacteria;p__Synergistota;c__Synergistia;o__Synergistales;f__Synergistaceae;g__Fretibacterium;s__	g__Fretibacterium
a53dc91aad3689c61136faf7f64b31d3	d__Bacteria;p__Bacillota;c__Clostridia;o__Peptostreptococcales-Tissierellales;f__Peptostreptococcaceae;g__Peptostreptococcus;s__	g__Peptostreptococcus
1a8dd0c0aaabceb72850e82932c4fe4a	d__Bacteria;p__Bacteroidota;c__Bacteroidia;o__Bacteroidales;f__Porphyromonadaceae;g__Porphyromonas;s__	g__Porphyromonas
06a2f7935f026f7ad5b3dd162c71f032	d__Bacteria;p__Bacillota;c__Clostridia;o__Lachnospirales;f__Lachnospiraceae;g__Incertae_Sedis;s__	g__Incertae_Sedis
68ae586d0f890986a425e6705ca87471	d__Bacteria;p__Bacillota;c__Negativicutes;o__Veillonellales-Selenomonadales;f__Selenomonadaceae;g__Selenomonas;s__	g__Selenomonas
dfeb2a1d6bf21253a101fd155bb3f88d	d__Bacteria;p__Spirochaetota;c__Spirochaetia;o__Spirochaetales;f__Spirochaetaceae;g__Treponema;s__	g__Treponema
007e8ccb821d4b070b86155756b8cc47	d__Bacteria;p__Fusobacteriota;c__Fusobacteriia;o__Fusobacteriales;f__Leptotrichiaceae;g__Incertae_Sedis;s__	g__Incertae_Sedis
e2f5bc73063c0400908f6931a967852f	d__Bacteria;p__Bacteroidota;c__Bacteroidia;o__Bacteroidales;f__Prevotellaceae;g__Incertae_Sedis;s__	g__Incertae_Sedis
5162eda6e069ca3a5238416f83bd7ded	d__Bacteria;p__Pseudomonadota;c__Gammaproteobacteria;o__Burkholderiales;f__Burkholderiaceae;g__Burkholderia-Caballeronia-Paraburkholderia;s__	g__Burkholderia-Caballeronia-Paraburkholderia
3394289b3a0b5c74bcba28662b812f10	d__Bacteria;p__Bacillota;c__Negativicutes;o__Veillonellales-Selenomonadales;f__Selenomonadaceae;g__Selenomonas;s__	g__Selenomonas
71e1c8aeced72f5b9fe4bef8a3bf4873	d__Bacteria;p__Bacteroidota;c__Bacteroidia;o__Bacteroidales;f__Prevotellaceae;g__Alloprevotella;s__	g__Alloprevotella
5e56ca86c0a36172bddd80587968d508	d__Bacteria;p__Bacteroidota;c__Bacteroidia;o__Sphingobacteriales;f__Sphingobacteriaceae;g__Pedobacter;s__	g__Pedobacter
2f16613ede8672c61ad850d8144bdcc8	d__Bacteria;p__Bacillota;c__Negativicutes;o__Veillonellales-Selenomonadales;f__Selenomonadaceae;g__Selenomonas;s__	g__Selenomonas
4e12948e85f9cb08c2c226177d81fca0	d__Bacteria;p__Fusobacteriota;c__Fusobacteriia;o__Fusobacteriales;f__Fusobacteriaceae;g__Fusobacterium;s__	g__Fusobacterium
07031e1e9e040bc3e6c7c2e427425ecf	d__Bacteria;p__Actinomycetota;c__Actinobacteria;o__Micrococcales;f__Cellulomonadaceae;g__Actinotalea;s__	g__Actinotalea
f908001dff814135c2529423b64413ac	d__Bacteria;p__Pseudomonadota;c__Alphaproteobacteria;o__Sphingomonadales;f__Sphingomonadaceae;g__Qinpengyuania;s__	g__Qinpengyuania
230578e33fe561dccc8ba9154eadaaa4	d__Bacteria;p__Verrucomicrobiota;c__Kiritimatiellia;o__WCHB1-41;f__Incertae_Sedis;g__Incertae_Sedis;s__	g__Incertae_Sedis
dbb41b807a2cc09e453db67fd645e799	d__Bacteria;p__Bacillota;c__Negativicutes;o__Veillonellales-Selenomonadales;f__Veillonellaceae;g__Veillonella;s__	g__Veillonella
868405d531e528eeeafc4213874dc6ef	d__Bacteria;p__Pseudomonadota;c__Gammaproteobacteria;o__Burkholderiales;f__Neisseriaceae;g__Neisseria;s__	g__Neisseria
7c473ff6d4d5526263c95a1b3e500361	d__Bacteria;p__Bacteroidota;c__Bacteroidia;o__Bacteroidales;f__Incertae_Sedis;g__Phocaeicola;s__	g__Phocaeicola
a46d01dc8d765632025176c2e26a67d5	d__Bacteria;p__Pseudomonadota;c__Gammaproteobacteria;o__Burkholderiales;f__Oxalobacteraceae;g__Massilia;s__	g__Massilia
e7c33d99e8afd71c9f3aa1400a0cab3d	d__Bacteria;p__Pseudomonadota;c__Gammaproteobacteria;o__Lysobacterales;f__Lysobacteraceae;g__Luteimonas;s__	g__Luteimonas
7a53f770f881fa596f6b10f9ee5c2084	d__Bacteria;p__Actinomycetota;c__Actinobacteria;o__Mycobacteriales;f__Corynebacteriaceae;g__Corynebacterium;s__	g__Corynebacterium
021e7908ee681edfcb4b1057a7dd26ba	d__Bacteria;p__Pseudomonadota;c__Alphaproteobacteria;o__Sphingomonadales;f__Sphingomonadaceae;g__Erythrobacter;s__	g__Erythrobacter
09fb1aa57e4b34a1dd1923e7c435a67d	d__Bacteria;p__Actinomycetota;c__Actinobacteria;o__Actinomycetales;f__Actinomycetaceae;g__Actinomyces;s__	g__Actinomyces
1886a5a0a464de8c89fedea1474e94cd	d__Bacteria;p__Bacillota;c__Bacilli;o__Lactobacillales;f__Streptococcaceae;g__Streptococcus;s__	g__Streptococcus
28cd69db381e0b1b4089b379aac0225e	d__Bacteria;p__Pseudomonadota;c__Gammaproteobacteria;o__Enterobacterales;f__Pasteurellaceae;g__Haemophilus;s__	g__Haemophilus
c144e64df7268bd9e34c746d7611f939	d__Bacteria;p__Bacteroidota;c__Bacteroidia;o__Bacteroidales;f__Porphyromonadaceae;g__Porphyromonas;s__	g__Porphyromonas
064c65496141c2c668266aec89cb9720	d__Bacteria;p__Fusobacteriota;c__Fusobacteriia;o__Fusobacteriales;f__Fusobacteriaceae;g__Fusobacterium;s__	g__Fusobacterium
0ec08cb29d69ae10c786b38b005d4395	d__Bacteria;p__Fusobacteriota;c__Fusobacteriia;o__Fusobacteriales;f__Leptotrichiaceae;g__Pseudoleptotrichia;s__	g__Pseudoleptotrichia
591a303d9ad81673465e80ac1f907d5d	d__Bacteria;p__Bacteroidota;c__Bacteroidia;o__Flavobacteriales;f__Flavobacteriaceae;g__Capnocytophaga;s__	g__Capnocytophaga
d88992af0f395135f2749cf35e4cd28f	d__Bacteria;p__Pseudomonadota;c__Gammaproteobacteria;o__Burkholderiales;f__Comamonadaceae;g__Incertae_Sedis;s__	g__Incertae_Sedis
ae23332111c677dda85890fc677fd392	d__Bacteria;p__Bacteroidota;c__Bacteroidia;o__Bacteroidales;f__Prevotellaceae;g__Prevotella;s__	g__Prevotella
9e9a8eb6a8f8d8e70fb8fd3eb74a8bc8	d__Bacteria;p__Bacillota;c__Negativicutes;o__Veillonellales-Selenomonadales;f__Veillonellaceae;g__Dialister;s__	g__Dialister
e51c1d7134761aa74c082b714a481a0b	d__Bacteria;p__Bacillota;c__Negativicutes;o__Veillonellales-Selenomonadales;f__Veillonellaceae;g__Veillonella;s__	g__Veillonella
b7b6c7090cdfe4645b0d6a1386035969	d__Bacteria;p__Pseudomonadota;c__Alphaproteobacteria;o__Sphingomonadales;f__Sphingomonadaceae;g__Qipengyuania;s__	g__Qipengyuania
56a9d0b3bd82eb5203fcec7660d3afee	d__Bacteria;p__Bacteroidota;c__Bacteroidia;o__Flavobacteriales;f__Flavobacteriaceae;g__Flavobacterium;s__	g__Flavobacterium
9ab5cf4e408aaaba7ddc4805ec4e8104	d__Bacteria;p__Actinomycetota;c__Actinobacteria;o__Micrococcales;f__Microbacteriaceae;g__Microbacterium;s__	g__Microbacterium
91349d2344637e29c9be609c9bcec4a4	d__Bacteria;p__Bacteroidota;c__Bacteroidia;o__Bacteroidales;f__Prevotellaceae;g__Prevotella;s__	g__Prevotella
1a8b1b17076c8ac5a4fc7c1241beb7c0	d__Bacteria;p__Actinomycetota;c__Actinobacteria;o__Micrococcales;f__Intrasporangiaceae;g__Ornithinimicrobium;s__	g__Ornithinimicrobium
49ccd7a8940970edb88ea1b9939e2737	d__Bacteria;p__Bacillota;c__Clostridia;o__Oscillospirales;f__Ruminococcaceae;g__Incertae_Sedis;s__	g__Incertae_Sedis
ec0b7f6404163a8a2a76d6e359a6127d	d__Bacteria;p__Bacteroidota;c__Bacteroidia;o__Bacteroidales;f__Prevotellaceae;g__Prevotella;s__	g__Prevotella
413ba4e3f3d1c8edd036b132c59ec74a	d__Bacteria;p__Bacillota;c__Clostridia;o__Lachnospirales;f__Lachnospiraceae;g__Incertae_Sedis;s__	g__Incertae_Sedis
bc6c9353607ca1db0c949ade75b34c52	d__Bacteria;p__Bacillota;c__Negativicutes;o__Veillonellales-Selenomonadales;f__Selenomonadaceae;g__Selenomonas;s__	g__Selenomonas
c83cea7ad45cfff15174ef94ba9a2393	d__Bacteria;p__Bacteroidota;c__Bacteroidia;o__Cytophagales;f__Spirosomataceae;g__Incertae_Sedis;s__	g__Incertae_Sedis
79277256a64f8844860a515b974aaa03	d__Bacteria;p__Bacillota;c__Bacilli;o__Lactobacillales;f__Streptococcaceae;g__Streptococcus;s__	g__Streptococcus
f7f967f4784d4ca2ffab27359e2f4c9e	d__Bacteria;p__Pseudomonadota;c__Alphaproteobacteria;o__Sphingomonadales;f__Sphingomonadaceae;g__Altererythrobacter;s__	g__Altererythrobacter
0012ca0b71d143d5497bc0ed923664eb	d__Bacteria;p__Pseudomonadota;c__Gammaproteobacteria;o__Burkholderiales;f__Comamonadaceae;g__Comamonas;s__	g__Comamonas
7ed4b1445a8e2eaa728adf4d58ef4b8b	d__Bacteria;p__Fusobacteriota;c__Fusobacteriia;o__Fusobacteriales;f__Leptotrichiaceae;g__Leptotrichia;s__	g__Leptotrichia
eb7df09f3e2d363b3ea57e8136809c30	d__Bacteria;p__Bacillota;c__Negativicutes;o__Veillonellales-Selenomonadales;f__Veillonellaceae;g__Veillonella;s__	g__Veillonella
9deeeb19609a3663694058070ba47ea3	d__Bacteria;p__Bacillota;c__Negativicutes;o__Veillonellales-Selenomonadales;f__Veillonellaceae;g__Megasphaera;s__	g__Megasphaera
a2f08e2de874c7ce475479a7e754ead2	d__Bacteria;p__Pseudomonadota;c__Gammaproteobacteria;o__Enterobacterales;f__Pasteurellaceae;g__Haemophilus;s__	g__Haemophilus
a871e534dd9f04a330fe501aaf2ddfa3	d__Bacteria;p__Bacillota;c__Clostridia;o__Peptostreptococcales-Tissierellales;f__Anaerovoracaceae;g__Hornefia;s__	g__Hornefia
80017116a49c72b6eef5816500c877b5	d__Bacteria;p__Bacillota;c__Bacilli;o__Lactobacillales;f__Streptococcaceae;g__Streptococcus;s__	g__Streptococcus
8f4d8e09da38678236e9083ffdc35645	d__Bacteria;p__Fusobacteriota;c__Fusobacteriia;o__Fusobacteriales;f__Leptotrichiaceae;g__Pseudoleptotrichia;s__	g__Pseudoleptotrichia
2c48b778421e2ab0d033e299ab2248ad	d__Bacteria;p__Bacillota;c__Negativicutes;o__Veillonellales-Selenomonadales;f__Veillonellaceae;g__Veillonella;s__	g__Veillonella
f52fa6e3443d1b4f94a7577c9f30b433	d__Bacteria;p__Bacteroidota;c__Bacteroidia;o__Bacteroidales;f__Prevotellaceae;g__Prevotella;s__	g__Prevotella
215e9396910d9bb28c3597ddfbd91122	d__Bacteria;p__Bacteroidota;c__Bacteroidia;o__Bacteroidales;f__Prevotellaceae;g__Hoylesella;s__	g__Hoylesella
847823127b86dd76afd82eb161d538dc	d__Bacteria;p__Actinomycetota;c__Actinobacteria;o__Actinomycetales;f__Actinomycetaceae;g__Actinomyces;s__	g__Actinomyces
b68edaa2651ade6adfe497e865289817	d__Bacteria;p__Bacillota;c__Clostridia;o__Lachnospirales;f__Lachnospiraceae;g__Butyribacter;s__	g__Butyribacter
d8b11825e45cc6d109b28a9a935eea26	d__Bacteria;p__Actinomycetota;c__Actinobacteria;o__Propionibacteriales;f__Nocardioidaceae;g__Nocardioides;s__	g__Nocardioides
211d3182246ba390dbc061ca34719c9a	d__Bacteria;p__Bacillota;c__Clostridia;o__Oscillospirales;f__Oscillospiraceae;g__Incertae_Sedis;s__	g__Incertae_Sedis
1d0d154689d008ed811cf0dcb560eb5b	d__Bacteria;p__Patescibacteria;c__Saccharimonadia;o__Saccharimonadales;f__Saccharimonadaceae;g__Incertae_Sedis;s__	g__Incertae_Sedis
1b1a6640d643e48b29939f9f15ba8195	d__Bacteria;p__Actinomycetota;c__Coriobacteriia;o__Coriobacteriales;f__Atopobiaceae;g__Lancefieldella;s__	g__Lancefieldella
e4905d51b4296063ae49313d22eaf214	d__Bacteria;p__Fusobacteriota;c__Fusobacteriia;o__Fusobacteriales;f__Fusobacteriaceae;g__Fusobacterium;s__	g__Fusobacterium
cd89b35dfb76e883dcd08446e08a0bfa	d__Bacteria;p__Bacteroidota;c__Bacteroidia;o__Bacteroidales;f__Prevotellaceae;g__Prevotella;s__	g__Prevotella
2993d5e25175642e198b21135c91f5ca	d__Bacteria;p__Bacteroidota;c__Bacteroidia;o__Flavobacteriales;f__Flavobacteriaceae;g__Capnocytophaga;s__	g__Capnocytophaga
1d28c57ef7b6a688acc6389fce180ecb	d__Bacteria;p__Bacteroidota;c__Bacteroidia;o__Bacteroidales;f__Prevotellaceae;g__Segatella;s__	g__Segatella
cb398b20fdc2eaedcd73596bb2c77682	d__Bacteria;p__Pseudomonadota;c__Gammaproteobacteria;o__Burkholderiales;f__Neisseriaceae;g__Neisseria;s__	g__Neisseria
0368f8018383881c4c24a7febf185099	d__Bacteria;p__Bacteroidota;c__Bacteroidia;o__Bacteroidales;f__Porphyromonadaceae;g__Porphyromonas;s__	g__Porphyromonas
c34bc13b978d2c265d5cdfbeb08e2c60	d__Bacteria;p__Bacteroidota;c__Bacteroidia;o__Bacteroidales;f__Porphyromonadaceae;g__Porphyromonas;s__	g__Porphyromonas
2154a34fc085f0a611648c8e1d7620e7	d__Bacteria;p__Bacillota;c__Bacilli;o__Lactobacillales;f__Streptococcaceae;g__Streptococcus;s__	g__Streptococcus
fcb5e409aaa5050312ef2b05701e212d	d__Bacteria;p__Fusobacteriota;c__Fusobacteriia;o__Fusobacteriales;f__Leptotrichiaceae;g__Incertae_Sedis;s__	g__Incertae_Sedis
fddaf5bef578747d2d4ec2e859755e19	d__Bacteria;p__Actinomycetota;c__Actinobacteria;o__Propionibacteriales;f__Propionibacteriaceae;g__Propionibacterium;s__	g__Propionibacterium
b829e4411350436c177979ddcbb12cc3	d__Bacteria;p__Bacillota;c__Negativicutes;o__Veillonellales-Selenomonadales;f__Selenomonadaceae;g__Incertae_Sedis;s__	g__Incertae_Sedis
084619b47e141defff72447bb2f99642	d__Bacteria;p__Bacillota;c__Clostridia;o__Lachnospirales;f__Lachnospiraceae;g__Butyrivibrio;s__	g__Butyrivibrio
86a200cb4681f615489b8bb2ba074297	d__Bacteria;p__Pseudomonadota;c__Gammaproteobacteria;o__Burkholderiales;f__Oxalobacteraceae;g__Massilia;s__	g__Massilia
deb52e890140f50a423b42212d8ef99a	d__Bacteria;p__Bacteroidota;c__Bacteroidia;o__Bacteroidales;f__Prevotellaceae;g__Prevotella;s__	g__Prevotella
67c22b1bd0bdea4142aef4041dee729c	d__Bacteria;p__Actinomycetota;c__Actinobacteria;o__Micrococcales;f__Micrococcaceae;g__Kocuria;s__	g__Kocuria
ca21ad7e7d11895f82e38018fa382972	d__Bacteria;p__Actinomycetota;c__Coriobacteriia;o__Coriobacteriales;f__Atopobiaceae;g__Lancefieldella;s__	g__Lancefieldella
166de82da032849ef34e7c795b857607	d__Bacteria;p__Pseudomonadota;c__Gammaproteobacteria;o__Burkholderiales;f__Rhodocyclaceae;g__Uliginosibacterium;s__	g__Uliginosibacterium
bbf3736b835272d34e7c5df7208981d5	d__Bacteria;p__Bacillota;c__Clostridia;o__Lachnospirales;f__Lachnospiraceae;g__Lachnospiraceae_NK4A136_group;s__	g__Lachnospiraceae_NK4A136_group
f69f923067ee68831ab9b4fa7ac2ca51	d__Bacteria;p__Pseudomonadota;c__Gammaproteobacteria;o__Pseudomonadales;f__Moraxellaceae;g__Acinetobacter;s__	g__Acinetobacter
bed9105c5393ee4ef8a0d43574fcee2f	d__Bacteria;p__Bacteroidota;c__Bacteroidia;o__Bacteroidales;f__Prevotellaceae;g__Segatella;s__	g__Segatella
242083b4a0195347c87a37b71086776b	d__Bacteria;p__Planctomycetota;c__Planctomycetes;o__Isosphaerales;f__Isosphaeraceae;g__Paludisphaera;s__	g__Paludisphaera
2dd95eb6dea9c7c73d4f4c40f3983407	d__Bacteria;p__Actinomycetota;c__Coriobacteriia;o__Coriobacteriales;f__Eggerthellaceae;g__Gordonibacter;s__	g__Gordonibacter
8314f66dbbc7c8b63b38c5f6fa5dd445	d__Bacteria;p__Bacteroidota;c__Bacteroidia;o__Bacteroidales;f__Prevotellaceae;g__Segatella;s__	g__Segatella
cc61352b02f584601f453177f7888795	d__Bacteria;p__Bacteroidota;c__Bacteroidia;o__Bacteroidales;f__Porphyromonadaceae;g__Porphyromonas;s__	g__Porphyromonas
6dd6e0955620c4e989f8e87462a9b0f1	d__Bacteria;p__Pseudomonadota;c__Gammaproteobacteria;o__Lysobacterales;f__Lysobacteraceae;g__Lysobacter;s__	g__Lysobacter
be59313a734b2b7eaa998bee870a3b8e	d__Bacteria;p__Bacillota;c__Bacilli;o__Lactobacillales;f__Streptococcaceae;g__Streptococcus;s__	g__Streptococcus
0a8ea2d100b284ba83920d6556d2916a	d__Bacteria;p__Bacillota;c__Negativicutes;o__Veillonellales-Selenomonadales;f__Selenomonadaceae;g__Selenomonas;s__	g__Selenomonas
69a74210e3311cb6069c57687b8b932e	d__Bacteria;p__Actinomycetota;c__Actinobacteria;o__Micrococcales;f__Micrococcaceae;g__Kocuria;s__	g__Kocuria
672f458dfa7843b704705629c0cf9dd7	d__Bacteria;p__Bacillota;c__Bacilli;o__Bacillales;f__Planococcaceae;g__Lysinibacillus;s__	g__Lysinibacillus
08340d19d92b7ceb9323ebbde6138221	d__Bacteria;p__Bacteroidota;c__Bacteroidia;o__Bacteroidales;f__Prevotellaceae;g__Alloprevotella;s__	g__Alloprevotella
942d6b783580f4c7dd0414f4df571ca9	d__Bacteria;p__Bacillota;c__Negativicutes;o__Veillonellales-Selenomonadales;f__Selenomonadaceae;g__Selenomonas;s__	g__Selenomonas
7c90be996613dc05c9e3ae957c3686b2	d__Bacteria;p__Bacillota;c__Clostridia;o__Lachnospirales;f__Lachnospiraceae;g__Agathobacter;s__	g__Agathobacter
0f5f61c4246e0e4d730d2d544f987ddd	d__Bacteria;p__Bacillota;c__Bacilli;o__Lactobacillales;f__Streptococcaceae;g__Streptococcus;s__	g__Streptococcus
f325c5df792e711f339377713a1d2b2f	d__Bacteria;p__Bacteroidota;c__Bacteroidia;o__Bacteroidales;f__Prevotellaceae;g__Prevotella;s__	g__Prevotella
2e951e9786466a4c25448c1e04155770	d__Bacteria;p__Bacillota;c__Bacilli;o__Lactobacillales;f__Carnobacteriaceae;g__Granulicatella;s__	g__Granulicatella
cb5d59ce315c13cd741c020c9567fe71	d__Bacteria;p__Actinomycetota;c__Actinobacteria;o__Mycobacteriales;f__Corynebacteriaceae;g__Corynebacterium;s__	g__Corynebacterium
81cb0c277e4ae267711ead6cb4556b0f	d__Bacteria;p__Bacteroidota;c__Bacteroidia;o__Bacteroidales;f__Prevotellaceae;g__Alloprevotella;s__	g__Alloprevotella
0483abbe7b3f85ba1ab29eeea21b8113	d__Bacteria;p__Fusobacteriota;c__Fusobacteriia;o__Fusobacteriales;f__Leptotrichiaceae;g__Leptotrichia;s__	g__Leptotrichia
7a1755b08f88e6bd8159250de5a84c68	d__Bacteria;p__Bacillota;c__Bacilli;o__Erysipelotrichales;f__Erysipelotrichaceae;g__Catenisphaera;s__	g__Catenisphaera
d1f934f81621114b8a6a6273dada834a	d__Bacteria;p__Actinomycetota;c__Coriobacteriia;o__Coriobacteriales;f__Eggerthellaceae;g__Berryella;s__	g__Berryella
57718249a5ad377c67021fe64e05e316	d__Bacteria;p__Fusobacteriota;c__Fusobacteriia;o__Fusobacteriales;f__Leptotrichiaceae;g__Pseudoleptotrichia;s__	g__Pseudoleptotrichia
02a0f4d1f518a1c663fcbf34a8af6baf	d__Bacteria;p__Fibrobacterota;c__Fibrobacteria;o__Fibrobacterales;f__Fibrobacteraceae;g__Incertae_Sedis;s__	g__Incertae_Sedis
37d7e71033ed75ee67cd8955f66627e5	d__Bacteria;p__Patescibacteria;c__Saccharimonadia;o__Saccharimonadales;f__Incertae_Sedis;g__Incertae_Sedis;s__	g__Incertae_Sedis
6a8ad565e45bfbf13d17472fa48cd6fa	d__Bacteria;p__Actinomycetota;c__Actinobacteria;o__Actinomycetales;f__Actinomycetaceae;g__Schaalia;s__	g__Schaalia
e306ef5c9f4f312083ea88907852d6f9	d__Bacteria;p__Bacillota;c__Bacilli;o__Bacillales;f__Bacillaceae;g__Metabacillus;s__	g__Metabacillus
125eb41685a73ad29f0f54d5668bbe05	d__Bacteria;p__Cyanobacteriota;c__Cyanobacteriia;o__Cyanobacteriales;f__Incertae_Sedis;g__Incertae_Sedis;s__	g__Incertae_Sedis
3d6f896159f4b83cf752df2ecac06443	d__Bacteria;p__Pseudomonadota;c__Alphaproteobacteria;o__Hyphomicrobiales;f__Xanthobacteraceae;g__Afipia;s__	g__Afipia
3d52b382aaf22fa5ac5971e1bf6ef68f	d__Bacteria;p__Bacteroidota;c__Bacteroidia;o__Bacteroidales;f__Prevotellaceae;g__Segatella;s__	g__Segatella
9a88cbf1313183a7bb74e41929fc4fcc	d__Bacteria;p__Bacteroidota;c__Bacteroidia;o__Bacteroidales;f__Bacteroidales_RF16_group;g__Incertae_Sedis;s__	g__Incertae_Sedis
53dec8643a49da8c608175455f8ae98e	d__Bacteria;p__Bacillota;c__Negativicutes;o__Veillonellales-Selenomonadales;f__Selenomonadaceae;g__Selenomonas;s__	g__Selenomonas
7b36f15accf2794ba96fce9b08e3a74b	d__Bacteria;p__Bacteroidota;c__Bacteroidia;o__Cytophagales;f__Hymenobacteraceae;g__Pontibacter;s__	g__Pontibacter
3343938d7a5f3f37a5efbddfedd4ebbd	d__Bacteria;p__Pseudomonadota;c__Gammaproteobacteria;o__Burkholderiales;f__Neisseriaceae;g__Neisseria;s__	g__Neisseria
9bde22012c81004aba524526d78f15b0	d__Bacteria;p__Actinomycetota;c__Actinobacteria;o__Actinomycetales;f__Actinomycetaceae;g__Schaalia;s__	g__Schaalia
ca1de8087d16a10824f20a4fca46382e	d__Bacteria;p__Pseudomonadota;c__Alphaproteobacteria;o__Caulobacterales;f__Hyphomonadaceae;g__Incertae_Sedis;s__	g__Incertae_Sedis
570fe2ba395f01cf18e728b9aafc940f	d__Bacteria;p__Bacillota;c__Negativicutes;o__Veillonellales-Selenomonadales;f__Selenomonadaceae;g__Selenomonas;s__	g__Selenomonas
1e3a66f6085e320deab1fba5dec146b5	d__Bacteria;p__Spirochaetota;c__Spirochaetia;o__Spirochaetales;f__Spirochaetaceae;g__Treponema;s__	g__Treponema
b00c8db7149a03349641ee5ffd516716	d__Bacteria;p__Bacillota;c__Bacilli;o__Lactobacillales;f__Streptococcaceae;g__Streptococcus;s__	g__Streptococcus
2726838dc12f3194b0ef26bf0d489cbd	d__Bacteria;p__Bacillota;c__Clostridia;o__Lachnospirales;f__Lachnospiraceae;g__Stomatobaculum;s__	g__Stomatobaculum
9650a969a49a1034c460d25a1fb0f169	d__Bacteria;p__Patescibacteria;c__Saccharimonadia;o__Saccharimonadales;f__Saccharimonadaceae;g__TM7a;s__	g__TM7a
7c57f6da283b186deee136e3a211f2c5	d__Bacteria;p__Bacillota;c__Bacilli;o__Lactobacillales;f__Streptococcaceae;g__Streptococcus;s__	g__Streptococcus
c4a5d68c1391a83b4bab19e5812a7904	d__Bacteria;p__Actinomycetota;c__Actinobacteria;o__Mycobacteriales;f__Corynebacteriaceae;g__Corynebacterium;s__	g__Corynebacterium
12d2a173a64e0122b736011379c9e816	d__Bacteria;p__Bacteroidota;c__Bacteroidia;o__Bacteroidales;f__Prevotellaceae;g__Prevotella;s__	g__Prevotella
378c92af9ba895adc66f0a8f45bfb90b	d__Bacteria;p__Bacillota;c__Bacilli;o__Lactobacillales;f__Streptococcaceae;g__Streptococcus;s__	g__Streptococcus
3b5e636ce5aed6dd9714158609786b2f	d__Bacteria;p__Spirochaetota;c__Spirochaetia;o__Spirochaetales;f__Spirochaetaceae;g__Treponema;s__	g__Treponema
57c1589c1289ec1feaec91b5920b5774	d__Bacteria;p__Actinomycetota;c__Actinobacteria;o__Actinomycetales;f__Actinomycetaceae;g__Schaalia;s__	g__Schaalia
67caceb3184c74e3592d92e0b43e81ab	d__Bacteria;p__Bacteroidota;c__Bacteroidia;o__Bacteroidales;f__Prevotellaceae;g__Segatella;s__	g__Segatella
1e951ba45b23f04aa66deb7e94924603	d__Bacteria;p__Bacillota;c__Clostridia;o__Christensenellales;f__Christensenellaceae;g__Christensenellaceae_R-7_group;s__	g__Christensenellaceae_R-7_group
9eacfd0c624ecba7ffff6e7b9068b17e	d__Bacteria;p__Actinomycetota;c__Actinobacteria;o__Mycobacteriales;f__Nocardiaceae;g__Gordonia;s__	g__Gordonia
56d80f0b57f6f941b03b9cb7c72051e5	d__Bacteria;p__Bacillota;c__Bacilli;o__Lactobacillales;f__Streptococcaceae;g__Streptococcus;s__	g__Streptococcus
4735a073fe63c246bb07f2803ec0a647	d__Bacteria;p__Bacteroidota;c__Bacteroidia;o__Bacteroidales;f__Prevotellaceae;g__Prevotella;s__	g__Prevotella
044b754564454e00b89182f2f61afc92	d__Bacteria;p__Bacteroidota;c__Bacteroidia;o__Bacteroidales;f__Prevotellaceae;g__Incertae_Sedis;s__	g__Incertae_Sedis
139b80b2f0c8773ecd01669212d0d781	d__Bacteria;p__Bacteroidota;c__Bacteroidia;o__Cytophagales;f__Hymenobacteraceae;g__Hymenobacter;s__	g__Hymenobacter
36571101256cecd0576223ef007eacab	d__Bacteria;p__Pseudomonadota;c__Gammaproteobacteria;o__Burkholderiales;f__Oxalobacteraceae;g__Massilia;s__	g__Massilia
4bc44fe6945ea07c8313b9827d569901	d__Bacteria;p__Bacteroidota;c__Bacteroidia;o__Bacteroidales;f__Prevotellaceae;g__Segatella;s__	g__Segatella
17627c4e118f558c27b7e6facbea825f	d__Bacteria;p__Pseudomonadota;c__Gammaproteobacteria;o__Lysobacterales;f__Lysobacteraceae;g__Thermomonas;s__	g__Thermomonas
2e612a5da143a6d0f4d929e9ddc48c4d	d__Bacteria;p__Bacillota;c__Negativicutes;o__Veillonellales-Selenomonadales;f__Veillonellaceae;g__Veillonella;s__	g__Veillonella
fdf1566904556865e8d76f4472e30c3e	d__Bacteria;p__Fusobacteriota;c__Fusobacteriia;o__Fusobacteriales;f__Fusobacteriaceae;g__Fusobacterium;s__	g__Fusobacterium
52a44f99acd41913cccbb6dc9e411f88	d__Bacteria;p__Bacillota;c__Negativicutes;o__Veillonellales-Selenomonadales;f__Veillonellaceae;g__Veillonella;s__	g__Veillonella
72587842431b61c85d2c0420e7e06687	d__Bacteria;p__Patescibacteria;c__Gracilibacteria;o__JGI_0000069-P22;f__Incertae_Sedis;g__Incertae_Sedis;s__	g__Incertae_Sedis
42e5bd6dfb554cbf716eeee547a7c843	d__Bacteria;p__Pseudomonadota;c__Gammaproteobacteria;o__Pseudomonadales;f__Moraxellaceae;g__Acinetobacter;s__	g__Acinetobacter
9fc2fd4615132326a2372cb0fe20777e	d__Bacteria;p__Bacteroidota;c__Bacteroidia;o__Bacteroidales;f__Prevotellaceae;g__Segatella;s__	g__Segatella
b2f76d128bfa41c5072fe922ba752a24	d__Bacteria;p__Pseudomonadota;c__Gammaproteobacteria;o__Lysobacterales;f__Lysobacteraceae;g__Stenotrophomonas;s__	g__Stenotrophomonas
a09846b69126571fe0202ef4fad87041	d__Bacteria;p__Bacteroidota;c__Bacteroidia;o__Flavobacteriales;f__Flavobacteriaceae;g__Flavobacterium;s__	g__Flavobacterium
5aaa52d588c1e1355e043031c7a8f939	d__Bacteria;p__Bacillota;c__Negativicutes;o__Veillonellales-Selenomonadales;f__Selenomonadaceae;g__Selenomonas;s__	g__Selenomonas
2d6b7266fc8ecb498fa2d2fa3f5364d2	d__Bacteria;p__Pseudomonadota;c__Gammaproteobacteria;o__Lysobacterales;f__Lysobacteraceae;g__Lysobacter;s__	g__Lysobacter
b06101590abc9664bf702b13f7633f0e	d__Bacteria;p__Bacteroidota;c__Bacteroidia;o__Chitinophagales;f__Chitinophagaceae;g__Cnuella;s__	g__Cnuella
97eb4ba77572e87f3418736ce8cfdf89	d__Bacteria;p__Actinomycetota;c__Actinobacteria;o__Micrococcales;f__Demequinaceae;g__Demequina;s__	g__Demequina
edce5bd6d90b16826660b5cf065ea54c	d__Bacteria;p__Bacteroidota;c__Bacteroidia;o__Bacteroidales;f__Prevotellaceae;g__Incertae_Sedis;s__	g__Incertae_Sedis
b78f274c26036f0c8ec4fa77caf23182	d__Bacteria;p__Bacillota;c__Negativicutes;o__Veillonellales-Selenomonadales;f__Veillonellaceae;g__Veillonella;s__	g__Veillonella
a6337af813c2c34ebad0c10cd1847259	d__Bacteria;p__Bacteroidota;c__Bacteroidia;o__Bacteroidales;f__Prevotellaceae;g__Leyella;s__	g__Leyella
b38045c57b6eb3c1eac69e9070fd66fe	d__Bacteria;p__Actinomycetota;c__Actinobacteria;o__Actinomycetales;f__Actinomycetaceae;g__Actinomyces;s__	g__Actinomyces
1f2f4bc26b8507397d21ae6a7d788a1f	d__Bacteria;p__Bacteroidota;c__Bacteroidia;o__Bacteroidales;f__Prevotellaceae;g__Prevotella;s__	g__Prevotella
745e664038516801577b48c5b35a3840	d__Bacteria;p__Actinomycetota;c__Actinobacteria;o__Actinomycetales;f__Actinomycetaceae;g__Schaalia;s__	g__Schaalia
c531ec2cd6e20b0eead419cb1e193d12	d__Bacteria;p__Bacteroidota;c__Bacteroidia;o__Bacteroidales;f__Prevotellaceae;g__Segatella;s__	g__Segatella
c4b730980d7311f048d99247cbf12ec6	d__Bacteria;p__Bacteroidota;c__Bacteroidia;o__Bacteroidales;f__Prevotellaceae;g__Hoylesella;s__	g__Hoylesella
1693b478615d9008956285999b2725fa	d__Bacteria;p__Bacteroidota;c__Bacteroidia;o__Bacteroidales;f__Porphyromonadaceae;g__Porphyromonas;s__	g__Porphyromonas
d5fbc302edff8fb8f12661c6df7aaa8a	d__Bacteria;p__Bacillota;c__Clostridia;o__Peptostreptococcales-Tissierellales;f__Peptostreptococcaceae;g__[Eubacterium]_yurii_group;s__	g__[Eubacterium]_yurii_group
0d56a384b4ca27a9ac43de2c73478392	d__Bacteria;p__Bacillota;c__Clostridia;o__Peptostreptococcales-Tissierellales;f__Peptostreptococcaceae;g__[Eubacterium]_yurii_group;s__	g__[Eubacterium]_yurii_group
77f8e3abd1c0fd5ed7631e44b12975b7	d__Bacteria;p__Fusobacteriota;c__Fusobacteriia;o__Fusobacteriales;f__Leptotrichiaceae;g__Leptotrichia;s__	g__Leptotrichia
83d2ea8bc983ef054aab1147e8ba23a9	d__Bacteria;p__Bacteroidota;c__Bacteroidia;o__Bacteroidales;f__Prevotellaceae;g__Segatella;s__	g__Segatella
22eef73984aebcfa5deee3f607b6f393	d__Bacteria;p__Pseudomonadota;c__Gammaproteobacteria;o__Enterobacterales;f__Pasteurellaceae;g__Aggregatibacter;s__	g__Aggregatibacter
faa4ca80fa998c03e22647f7b6190fd0	d__Bacteria;p__Pseudomonadota;c__Gammaproteobacteria;o__Burkholderiales;f__Rhodocyclaceae;g__Uliginosibacterium;s__	g__Uliginosibacterium
6ecb363cbaa615df747e0376eec81ea9	d__Bacteria;p__Pseudomonadota;c__Gammaproteobacteria;o__Enterobacterales;f__Enterobacteriaceae;g__Enterobacter;s__	g__Enterobacter
f118d53b9b01694eae8e1cff5267db3f	d__Bacteria;p__Pseudomonadota;c__Gammaproteobacteria;o__Cardiobacteriales;f__Cardiobacteriaceae;g__Cardiobacterium;s__	g__Cardiobacterium
d4a829b3c15c666f51a230ab3655af98	d__Bacteria;p__Pseudomonadota;c__Gammaproteobacteria;o__Enterobacterales;f__Pasteurellaceae;g__Haemophilus;s__	g__Haemophilus
a0dd73a79ee0727ec89814c575a013f9	d__Bacteria;p__Bacillota;c__Clostridia;o__Lachnospirales;f__Lachnospiraceae;g__Incertae_Sedis;s__	g__Incertae_Sedis
fdd12deadac7f0a4a6672b5ba0bdf1f3	d__Bacteria;p__Actinomycetota;c__Actinobacteria;o__Mycobacteriales;f__Corynebacteriaceae;g__Corynebacterium;s__	g__Corynebacterium
ff2aecb52d9cb87fa58a693abc8f5f26	d__Bacteria;p__Bacillota;c__Negativicutes;o__Veillonellales-Selenomonadales;f__Selenomonadaceae;g__Selenomonas;s__	g__Selenomonas
3a8dc5c654d2825789ccb5688ae1908a	d__Bacteria;p__Bacillota;c__Clostridia;o__Lachnospirales;f__Lachnospiraceae;g__Lachnoanaerobaculum;s__	g__Lachnoanaerobaculum
a055b23128708a06313b8c5d91ec8ab5	d__Bacteria;p__Bacillota;c__Bacilli;o__Erysipelotrichales;f__Erysipelatoclostridiaceae;g__Asteroleplasma;s__	g__Asteroleplasma
52d8a13741323121cd615ae9acefa651	d__Bacteria;p__Pseudomonadota;c__Gammaproteobacteria;o__Enterobacterales;f__Pasteurellaceae;g__Haemophilus;s__	g__Haemophilus
00125ec67ce73ac3c5719e17c131d34a	d__Bacteria;p__Bacteroidota;c__Bacteroidia;o__Bacteroidales;f__Prevotellaceae;g__Hoylesella;s__	g__Hoylesella
17b17ea1c6c87f01dc3449c5bd2c4847	d__Bacteria;p__Bacillota;c__Clostridia;o__Lachnospirales;f__Lachnospiraceae;g__Johnsonella;s__	g__Johnsonella
11142961a541d8fe0e4690d8a3bc6ac1	d__Bacteria;p__Pseudomonadota;c__Gammaproteobacteria;o__Burkholderiales;f__Comamonadaceae;g__Curvibacter;s__	g__Curvibacter
b48495d08eb88b487ba0bcb2443f0f54	d__Bacteria;p__Bacillota;c__Clostridia;o__Oscillospirales;f__Incertae_Sedis;g__Incertae_Sedis;s__	g__Incertae_Sedis
314a528b2d8766ccd11c3f94c2c7027b	d__Bacteria;p__Bacillota;c__Clostridia;o__Lachnospirales;f__Lachnospiraceae;g__Catonella;s__	g__Catonella
0c2125fc7816a49c73f71e270d186410	d__Bacteria;p__Bacteroidota;c__Bacteroidia;o__Flavobacteriales;f__Weeksellaceae;g__Chryseobacterium;s__	g__Chryseobacterium
c399e7b35b2abd405221c07a47d17b8f	d__Bacteria;p__Pseudomonadota;c__Alphaproteobacteria;o__Caulobacterales;f__Caulobacteraceae;g__Brevundimonas;s__	g__Brevundimonas
13d7b669f3330e769f67ca9a97b7bcf1	d__Bacteria;p__Bacillota;c__Clostridia;o__Lachnospirales;f__Lachnospiraceae;g__Lachnospira;s__	g__Lachnospira
e63eb1425d8eb15d70973bfb7a34b9b5	d__Bacteria;p__Bacillota;c__Bacilli;o__Lactobacillales;f__Lactobacillaceae;g__Lactobacillus;s__	g__Lactobacillus
4d766b7ca9b20b9104c42c0655ad820d	d__Bacteria;p__Bacteroidota;c__Bacteroidia;o__Bacteroidales;f__Prevotellaceae;g__Prevotella;s__	g__Prevotella
482325cbf12af307f4e72c9dd1987490	d__Bacteria;p__Pseudomonadota;c__Gammaproteobacteria;o__Cardiobacteriales;f__Cardiobacteriaceae;g__Cardiobacterium;s__	g__Cardiobacterium
b528191e1411e53b704796c41508b2ac	d__Bacteria;p__Bacteroidota;c__Bacteroidia;o__Bacteroidales;f__F082;g__Incertae_Sedis;s__	g__Incertae_Sedis
652e2a1e6ecb51d9f6aec14eb0d46b3e	d__Bacteria;p__Verrucomicrobiota;c__Verrucomicrobiia;o__Verrucomicrobiales;f__Verrucomicrobiaceae;g__Incertae_Sedis;s__	g__Incertae_Sedis
1ac7ae013d54e62b6099c98e39003ce7	d__Bacteria;p__Pseudomonadota;c__Gammaproteobacteria;o__Burkholderiales;f__Comamonadaceae;g__Hydrogenophaga;s__	g__Hydrogenophaga
3a3876a672b7bdd7c26d7b294c5caeae	d__Bacteria;p__Patescibacteria;c__Gracilibacteria;o__Absconditabacteriales_(SR1);f__Incertae_Sedis;g__Incertae_Sedis;s__	g__Incertae_Sedis
772ca7620299da83eef176ffb274ca24	d__Bacteria;p__Pseudomonadota;c__Gammaproteobacteria;o__Burkholderiales;f__Oxalobacteraceae;g__Massilia;s__	g__Massilia
3a9a52f6ce56da5cc7dfa9ea413c7527	d__Bacteria;p__Bacillota;c__Negativicutes;o__Veillonellales-Selenomonadales;f__Selenomonadaceae;g__Selenomonas;s__	g__Selenomonas
ff948bec22662339690cae450d017a1f	d__Bacteria;p__Spirochaetota;c__Spirochaetia;o__Spirochaetales;f__Spirochaetaceae;g__Treponema;s__	g__Treponema
57a274bf875f3e65b82313c699738878	d__Bacteria;p__Pseudomonadota;c__Gammaproteobacteria;o__Enterobacterales;f__Enterobacteriaceae;g__Escherichia-Shigella;s__	g__Escherichia-Shigella
291ee4d1ce35e0fccf76a810f66aea5b	d__Bacteria;p__Patescibacteria;c__Saccharimonadia;o__Saccharimonadales;f__Incertae_Sedis;g__Incertae_Sedis;s__	g__Incertae_Sedis
47a0d705f49132570f37bf828258d95b	d__Bacteria;p__Pseudomonadota;c__Gammaproteobacteria;o__Enterobacterales;f__Yersiniaceae;g__Serratia;s__	g__Serratia
b8aa525b15011eb9c868268768d77764	d__Bacteria;p__Pseudomonadota;c__Gammaproteobacteria;o__Cardiobacteriales;f__Cardiobacteriaceae;g__Cardiobacterium;s__	g__Cardiobacterium
4857ce0307edf8814b0c5c40883b3691	d__Bacteria;p__Thermodesulfobacteriota;c__Desulfovibrionia;o__Desulfovibrionales;f__Desulfomicrobiaceae;g__Desulfomicrobium;s__	g__Desulfomicrobium
72519d9ff12bf48bf8d7eb2a279492f7	d__Bacteria;p__Pseudomonadota;c__Gammaproteobacteria;o__Burkholderiales;f__Oxalobacteraceae;g__Massilia;s__	g__Massilia
3b2f71957396d75c1b2710ab17ac015d	d__Bacteria;p__Pseudomonadota;c__Gammaproteobacteria;o__Enterobacterales;f__Pasteurellaceae;g__Haemophilus;s__	g__Haemophilus
24a5a6a97f88106191b9c6b84b976a93	d__Bacteria;p__Patescibacteria;c__Gracilibacteria;o__JGI_0000069-P22;f__Incertae_Sedis;g__Incertae_Sedis;s__	g__Incertae_Sedis
4e2016d3ff064f184ee776bcde615031	d__Bacteria;p__Pseudomonadota;c__Gammaproteobacteria;o__Burkholderiales;f__Oxalobacteraceae;g__Massilia;s__	g__Massilia
30e880dce79c79e5acd269e89ff48723	d__Bacteria;p__Bacteroidota;c__Bacteroidia;o__Bacteroidales;f__Prevotellaceae;g__Hoylesella;s__	g__Hoylesella
70d06ee6d0b9336485df056a884b856b	d__Bacteria;p__Bacteroidota;c__Bacteroidia;o__Bacteroidales;f__Prevotellaceae;g__Prevotella;s__	g__Prevotella
7e89fb86ff32c36d86487c64f9ef8d01	d__Bacteria;p__Fusobacteriota;c__Fusobacteriia;o__Fusobacteriales;f__Leptotrichiaceae;g__Leptotrichia;s__	g__Leptotrichia
030c2e435c8108ae946f7a940b6f6c14	d__Bacteria;p__Bacteroidota;c__Bacteroidia;o__Bacteroidales;f__Porphyromonadaceae;g__Porphyromonas;s__	g__Porphyromonas
0176ff91b3227d6ff1edf332204678ad	d__Bacteria;p__Fibrobacterota;c__Fibrobacteria;o__Fibrobacterales;f__Fibrobacteraceae;g__Incertae_Sedis;s__	g__Incertae_Sedis
3ccec9176accf158d654a20648419ba5	d__Bacteria;p__Patescibacteria;c__Saccharimonadia;o__Saccharimonadales;f__Incertae_Sedis;g__Incertae_Sedis;s__	g__Incertae_Sedis
fdafed3f22c9369e88b2609e8196f174	d__Bacteria;p__Bacillota;c__Clostridia;o__Lachnospirales;f__Lachnospiraceae;g__Mediterraneibacter;s__	g__Mediterraneibacter
6b5076d7708fdc386019575e2d9f9994	d__Bacteria;p__Pseudomonadota;c__Gammaproteobacteria;o__Burkholderiales;f__Oxalobacteraceae;g__Noviherbaspirillum;s__	g__Noviherbaspirillum
ade9b6b86bf72d856aabb77670e55eab	d__Bacteria;p__Bacteroidota;c__Bacteroidia;o__Bacteroidales;f__Prevotellaceae;g__Hoylesella;s__	g__Hoylesella
79b4dfe653a4cc41458939e3fcb2ecc5	d__Bacteria;p__Pseudomonadota;c__Gammaproteobacteria;o__Enterobacterales;f__Pasteurellaceae;g__Haemophilus;s__	g__Haemophilus
e9bea824eafd07c0d65303b87b27fcd2	d__Bacteria;p__Bacteroidota;c__Bacteroidia;o__Bacteroidales;f__Prevotellaceae;g__Prevotella;s__	g__Prevotella
a1198ccfa11e7c8b4104df6dab1a71ac	d__Bacteria;p__Pseudomonadota;c__Gammaproteobacteria;o__Burkholderiales;f__Neisseriaceae;g__Neisseria;s__	g__Neisseria
8928d8b201962a7adedcd2fe8cab70c4	d__Bacteria;p__Fusobacteriota;c__Fusobacteriia;o__Fusobacteriales;f__Leptotrichiaceae;g__Leptotrichia;s__	g__Leptotrichia
c94f9f08ef8f2ef033ae824303f88384	d__Bacteria;p__Pseudomonadota;c__Alphaproteobacteria;o__Caulobacterales;f__Caulobacteraceae;g__Phenylobacterium;s__	g__Phenylobacterium
72e0053d4212935cac370672e8225097	d__Bacteria;p__Fusobacteriota;c__Fusobacteriia;o__Fusobacteriales;f__Fusobacteriaceae;g__Fusobacterium;s__	g__Fusobacterium
dac1335ec09f14c3c8167b06752d1437	d__Bacteria;p__Bacillota;c__Negativicutes;o__Veillonellales-Selenomonadales;f__Selenomonadaceae;g__Selenomonas;s__	g__Selenomonas
506e7d2356040e566a092acf3653f869	d__Bacteria;p__Bacillota;c__Bacilli;o__Erysipelotrichales;f__Erysipelotrichaceae;g__Incertae_Sedis;s__	g__Incertae_Sedis
e46a5a9a5e6e3de0b31ef6e48eb24d54	d__Bacteria;p__Campylobacterota;c__Campylobacteria;o__Campylobacterales;f__Campylobacteraceae;g__Campylobacter;s__	g__Campylobacter
a095a7fcbe646caccb99494a9aba8755	d__Bacteria;p__Campylobacterota;c__Campylobacteria;o__Campylobacterales;f__Campylobacteraceae;g__Campylobacter;s__	g__Campylobacter
9fc4687c02e61f5e4a81904f198e6455	d__Bacteria;p__Fusobacteriota;c__Fusobacteriia;o__Fusobacteriales;f__Fusobacteriaceae;g__Fusobacterium;s__	g__Fusobacterium
d7c8452ae344415f46e64e8a07a64683	d__Bacteria;p__Bacteroidota;c__Bacteroidia;o__Bacteroidales;f__Porphyromonadaceae;g__Porphyromonas;s__	g__Porphyromonas
216918e5aee7350ae30712e57ad17b93	d__Bacteria;p__Bacteroidota;c__Bacteroidia;o__Bacteroidales;f__Porphyromonadaceae;g__Porphyromonas;s__	g__Porphyromonas
64b0209b3d05b4361b3023ec7577a47b	d__Bacteria;p__Bacteroidota;c__Bacteroidia;o__Bacteroidales;f__Tannerellaceae;g__Tannerella;s__	g__Tannerella
67b6dc5f9aff50055536292a428974c7	d__Bacteria;p__Fusobacteriota;c__Fusobacteriia;o__Fusobacteriales;f__Leptotrichiaceae;g__Leptotrichia;s__	g__Leptotrichia
159bf22b647b8db923aecae11a8fac6a	d__Bacteria;p__Bacteroidota;c__Bacteroidia;o__Flavobacteriales;f__Weeksellaceae;g__Chryseobacterium;s__	g__Chryseobacterium
11b152c104f18b9583baf3e65b46eba5	d__Bacteria;p__Bacteroidota;c__Bacteroidia;o__Flavobacteriales;f__Weeksellaceae;g__Chryseobacterium;s__	g__Chryseobacterium
25ac5aa77946113523029aeb8b719fec	d__Bacteria;p__Bacteroidota;c__Bacteroidia;o__Sphingobacteriales;f__Sphingobacteriaceae;g__Daejeonella;s__	g__Daejeonella
0d99a5ca250450192030c5a8278506da	d__Bacteria;p__Pseudomonadota;c__Gammaproteobacteria;o__Burkholderiales;f__Comamonadaceae;g__Ramlibacter;s__	g__Ramlibacter
68810c3aa67b6557cc47f5e15e05d4b6	d__Bacteria;p__Bacillota;c__Clostridia;o__Peptostreptococcales-Tissierellales;f__Family_XI;g__Finegoldia;s__	g__Finegoldia
0742dcc80d80430c222931b2dee91798	d__Bacteria;p__Bacteroidota;c__Bacteroidia;o__Bacteroidales;f__Prevotellaceae;g__Prevotella;s__	g__Prevotella
6d178b6d42df9ba3419186f69c3b17ee	d__Bacteria;p__Bacteroidota;c__Bacteroidia;o__Bacteroidales;f__Bacteroidaceae;g__Bacteroides;s__	g__Bacteroides
c441d76c209ca0b7b6f94c773cb7444f	d__Bacteria;p__Actinomycetota;c__Actinobacteria;o__Propionibacteriales;f__Nocardioidaceae;g__Marmoricola;s__	g__Marmoricola
99e78c941235fb630432d8b923e98b2c	d__Bacteria;p__Patescibacteria;c__Saccharimonadia;o__Saccharimonadales;f__Incertae_Sedis;g__Incertae_Sedis;s__	g__Incertae_Sedis
dd2d6005e6c948ceb8ced712695c78be	d__Bacteria;p__Bacteroidota;c__Bacteroidia;o__Bacteroidales;f__Prevotellaceae;g__Hoylesella;s__	g__Hoylesella
f26ea2d7742080d98e6fe8488aa22f25	d__Bacteria;p__Bacteroidota;c__Bacteroidia;o__Bacteroidales;f__Prevotellaceae;g__Incertae_Sedis;s__	g__Incertae_Sedis
aca8df3aa7e40df2f1bb999aae6b3474	d__Bacteria;p__Bacillota;c__Bacilli;o__Lactobacillales;f__Carnobacteriaceae;g__Granulicatella;s__	g__Granulicatella
731abb6869b61d567109ce97a449397f	d__Bacteria;p__Actinomycetota;c__Actinobacteria;o__Mycobacteriales;f__Corynebacteriaceae;g__Corynebacterium;s__	g__Corynebacterium
b5739052dba7f0c58ccd98a4a4ec68ab	d__Bacteria;p__Pseudomonadota;c__Gammaproteobacteria;o__Lysobacterales;f__Lysobacteraceae;g__Pseudoxanthomonas;s__	g__Pseudoxanthomonas
5487af5e9c789799eb4d7a51dbb70f59	d__Bacteria;p__Pseudomonadota;c__Gammaproteobacteria;o__Burkholderiales;f__Neisseriaceae;g__Neisseria;s__	g__Neisseria
4d6fe682a4dd9aad8decfab830a193e0	d__Bacteria;p__Bacteroidota;c__Bacteroidia;o__Bacteroidales;f__Tannerellaceae;g__Parabacteroides;s__	g__Parabacteroides
fc99ad8a091a80a63401f6871a6657bb	d__Bacteria;p__Pseudomonadota;c__Gammaproteobacteria;o__Burkholderiales;f__Neisseriaceae;g__Alysiella;s__	g__Alysiella
7d43ad53fe1a83f4d2253fa38df8ffbf	d__Bacteria;p__Bacillota;c__Clostridia;o__Oscillospirales;f__Oscillospiraceae;g__Incertae_Sedis;s__	g__Incertae_Sedis
dedbb8dd47d4ab974d3032b318eb4477	d__Bacteria;p__Bacteroidota;c__Bacteroidia;o__Cytophagales;f__Hymenobacteraceae;g__Pontibacter;s__	g__Pontibacter
cde4df78420f5ec8ea5dde481ebd89c1	d__Bacteria;p__Pseudomonadota;c__Gammaproteobacteria;o__Enterobacterales;f__Pasteurellaceae;g__Haemophilus;s__	g__Haemophilus
f41edd7f8b1a6c3865acc4f1490d578f	d__Bacteria;p__Actinomycetota;c__Actinobacteria;o__Micrococcales;f__Dermabacteraceae;g__Brachybacterium;s__	g__Brachybacterium
24b1afdb4a3283a988b97586216f9109	d__Bacteria;p__Pseudomonadota;c__Gammaproteobacteria;o__Burkholderiales;f__Comamonadaceae	Unclassified
1eaeafa2cef6c160160d1109b372750e	d__Bacteria;p__Pseudomonadota;c__Gammaproteobacteria;o__Burkholderiales;f__Neisseriaceae;g__Kingella;s__	g__Kingella
89065d781bf63beb2e608955aad37907	d__Bacteria;p__Bacteroidota;c__Bacteroidia;o__Bacteroidales;f__Prevotellaceae;g__Alloprevotella;s__	g__Alloprevotella
0d52ee3fd9209483cf2c92fec095a1c3	d__Bacteria;p__Bacteroidota;c__Bacteroidia;o__Bacteroidales;f__Tannerellaceae;g__Tannerella;s__	g__Tannerella
ea8274a14d46f46f656a6c04601a5284	d__Bacteria;p__Bacillota;c__Clostridia;o__Lachnospirales;f__Lachnospiraceae;g__Incertae_Sedis;s__	g__Incertae_Sedis
ba8fa90e9afb886bdea68b77471d4f93	d__Bacteria;p__Bacteroidota;c__Bacteroidia;o__Bacteroidales;f__Paludibacteraceae;g__Paludibacter;s__	g__Paludibacter
1c3fb3b647c0bd1cff86d45521195aae	d__Bacteria;p__Fibrobacterota;c__Fibrobacteria;o__Fibrobacterales;f__Fibrobacteraceae;g__Incertae_Sedis;s__	g__Incertae_Sedis
590fbac870d67a0d7adf154ea3e3235e	d__Bacteria;p__Pseudomonadota;c__Gammaproteobacteria;o__Lysobacterales;f__Rhodanobacteraceae;g__Aquimonas;s__	g__Aquimonas
c851dc51816ffcf15ae7fd22e30fa946	d__Bacteria;p__Pseudomonadota;c__Gammaproteobacteria;o__Pseudomonadales;f__Pseudomonadaceae;g__Pseudomonas;s__	g__Pseudomonas
af6fc1a1976a37cb842bee5d627782af	d__Bacteria;p__Bacillota;c__Bacilli;o__Erysipelotrichales;f__Erysipelotrichaceae;g__Solobacterium;s__	g__Solobacterium
af5f668f582786e712fb0912956f8445	d__Bacteria;p__Bacillota;c__Bacilli;o__Bacillales;f__Bacillaceae;g__Anoxybacillus;s__	g__Anoxybacillus
630fe85119a4e93f03d0f4b4fa44b5b5	d__Bacteria;p__Actinomycetota;c__Actinobacteria;o__Micrococcales;f__Brevibacteriaceae;g__Brevibacterium;s__	g__Brevibacterium
fc62b0e6485e4ee51d68fcfd5160ec34	d__Bacteria;p__Spirochaetota;c__Spirochaetia;o__Spirochaetales;f__Spirochaetaceae;g__Treponema;s__	g__Treponema
203475fc78ee9646c444d3abd11d884c	d__Bacteria;p__Pseudomonadota;c__Gammaproteobacteria;o__Enterobacterales;f__Pasteurellaceae;g__Actinobacillus;s__	g__Actinobacillus
a9fb70b4ffb8c1369dea4094c3484b96	d__Bacteria;p__Bacteroidota;c__Bacteroidia;o__Bacteroidales;f__Prevotellaceae;g__Segatella;s__	g__Segatella
e8b77cf2f7dd1f17a7c7626f2904d7b3	d__Bacteria;p__Pseudomonadota;c__Gammaproteobacteria;o__Enterobacterales;f__Enterobacteriaceae;g__Klebsiella;s__	g__Klebsiella
594d2dc6d7b62acd55f0e8abe9abbab3	d__Bacteria;p__Bacteroidota;c__Bacteroidia;o__Bacteroidales;f__Prevotellaceae;g__Segatella;s__	g__Segatella
41a653e23a2003721e3371047a133d06	d__Bacteria;p__Pseudomonadota;c__Gammaproteobacteria;o__Burkholderiales;f__Oxalobacteraceae;g__Massilia;s__	g__Massilia
8169a80a0884cbfd637e2e368a787053	d__Bacteria;p__Pseudomonadota;c__Gammaproteobacteria;o__Burkholderiales;f__Comamonadaceae;g__Acidovorax;s__	g__Acidovorax
19c88c43cefc0efae399898111815666	d__Bacteria;p__Actinomycetota;c__Actinobacteria;o__Micrococcales;f__Micrococcaceae;g__Kocuria;s__	g__Kocuria
73216b36a1a6ed193cb787eecfad3de8	d__Bacteria;p__Fusobacteriota;c__Fusobacteriia;o__Fusobacteriales;f__Leptotrichiaceae;g__Leptotrichia;s__	g__Leptotrichia
8d82f4195bf2f7b7980599d304eae908	d__Bacteria;p__Campylobacterota;c__Campylobacteria;o__Campylobacterales;f__Campylobacteraceae;g__Campylobacter;s__	g__Campylobacter
9e40af08114d2145172c43efce8b10cf	d__Bacteria;p__Actinomycetota;c__Actinobacteria;o__Bifidobacteriales;f__Bifidobacteriaceae;g__Bifidobacterium;s__	g__Bifidobacterium
cb925f2f8f593c2a0026c3ed73e9d7ae	d__Bacteria;p__Bacteroidota;c__Bacteroidia;o__Bacteroidales;f__Prevotellaceae;g__Alloprevotella;s__	g__Alloprevotella
49a25685a8a5c26e1eddcb6140a602af	d__Bacteria;p__Pseudomonadota;c__Gammaproteobacteria;o__Lysobacterales;f__Rhodanobacteraceae;g__Ahniella;s__	g__Ahniella
dbe259375fb4786fc4baa330aa85faf8	d__Bacteria;p__Actinomycetota;c__Actinobacteria;o__Mycobacteriales;f__Corynebacteriaceae;g__Corynebacterium;s__	g__Corynebacterium
2739134975e692f1a0bee23916119749	d__Bacteria;p__Pseudomonadota;c__Gammaproteobacteria;o__Enterobacterales;f__Alteromonadaceae;g__Rheinheimera;s__	g__Rheinheimera
8217ded77cac2e3b5515bfca61673075	d__Bacteria;p__Pseudomonadota;c__Alphaproteobacteria;o__Sphingomonadales;f__Sphingomonadaceae;g__Alteraurantiacibacter;s__	g__Alteraurantiacibacter
bba0845f8c2675daee43923ac78e2a6b	d__Bacteria;p__Bacteroidota;c__Bacteroidia;o__Bacteroidales;f__Prevotellaceae;g__Prevotella;s__	g__Prevotella
ffe71cba3c86c1e4f08ebd5dd537b244	d__Bacteria;p__Fusobacteriota;c__Fusobacteriia;o__Fusobacteriales;f__Leptotrichiaceae;g__Pseudoleptotrichia;s__	g__Pseudoleptotrichia
2821f67eaf92e339dceccf28e5ce5d34	d__Bacteria;p__Bacteroidota;c__Bacteroidia;o__Flavobacteriales;f__Flavobacteriaceae;g__Capnocytophaga;s__	g__Capnocytophaga
21ae23a1a5ce80a2d2bc2741d8e71807	d__Bacteria;p__Pseudomonadota;c__Gammaproteobacteria;o__Enterobacterales;f__Alteromonadaceae;g__Alishewanella;s__	g__Alishewanella
fb98f65bc951ecd271a58a99ce553a38	d__Bacteria;p__Bacteroidota;c__Bacteroidia;o__Bacteroidales;f__Prevotellaceae;g__Prevotella;s__	g__Prevotella
01954cf7aebc10d45612f237903df8e7	d__Bacteria;p__Pseudomonadota;c__Gammaproteobacteria;o__Enterobacterales;f__Aeromonadaceae;g__Aeromonas;s__	g__Aeromonas
21597728c83167f2cf172203b72d2d02	d__Bacteria;p__Actinomycetota;c__Actinobacteria;o__Mycobacteriales;f__Corynebacteriaceae;g__Corynebacterium;s__	g__Corynebacterium
02bf63a03e16df49c45310bc3be7e030	d__Bacteria;p__Bacteroidota;c__Bacteroidia;o__Bacteroidales;f__Prevotellaceae;g__Prevotella;s__	g__Prevotella
1c648ed41fc90517a9a41d077a0de121	d__Bacteria;p__Bacteroidota;c__Bacteroidia;o__Bacteroidales;f__Prevotellaceae;g__Prevotella;s__	g__Prevotella
c5e94076b54d87ea9a60f3d49dbec486	d__Bacteria;p__Pseudomonadota;c__Gammaproteobacteria;o__Enterobacterales;f__Pasteurellaceae;g__Haemophilus;s__	g__Haemophilus
3c970e31a3116c0fcfef4b7e89695a8c	d__Bacteria;p__Actinomycetota;c__Coriobacteriia;o__Coriobacteriales;f__Atopobiaceae;g__Lancefieldella;s__	g__Lancefieldella
3219ba57447d24ee6853f98da4ebb499	d__Bacteria;p__Spirochaetota;c__Spirochaetia;o__Spirochaetales;f__Spirochaetaceae;g__Treponema;s__	g__Treponema
954fa235ae79e5fd6fcdea2834088596	d__Bacteria;p__Bacteroidota;c__Bacteroidia;o__Bacteroidales;f__Prevotellaceae;g__Incertae_Sedis;s__	g__Incertae_Sedis
4e0fb5b6a07b33a10330cd22fa1d464c	d__Bacteria;p__Bacillota;c__Bacilli;o__Bacillales;f__Bacillaceae;g__Aeribacillus;s__	g__Aeribacillus
bfb310b3f7698b9a33474ebf1a7af670	d__Bacteria;p__Pseudomonadota;c__Alphaproteobacteria;o__Hyphomicrobiales;f__Beijerinckiaceae;g__Methylobacterium;s__	g__Methylobacterium
128624b0f6f4fdc436871076fc57410d	d__Bacteria;p__Bacteroidota;c__Bacteroidia;o__Bacteroidales;f__Prevotellaceae;g__Incertae_Sedis;s__	g__Incertae_Sedis
252c6cdbf9e2c4c9270fbaf028f6a2fc	d__Bacteria;p__Bacteroidota;c__Bacteroidia;o__Bacteroidales;f__Prevotellaceae;g__Hoylesella;s__	g__Hoylesella
49ca3b877eb356d6d3fc867493e3b68f	d__Bacteria;p__Campylobacterota;c__Campylobacteria;o__Campylobacterales;f__Campylobacteraceae;g__Campylobacter;s__	g__Campylobacter
66ab59191f9dd6f34b6bd8a8820da297	d__Bacteria;p__Actinomycetota;c__Actinobacteria;o__Actinomycetales;f__Actinomycetaceae;g__Varibaculum;s__	g__Varibaculum
11a0b40e6c95014e2a8430370d1a95f8	d__Bacteria;p__Bacillota;c__Clostridia;o__Lachnospirales;f__Lachnospiraceae;g__Johnsonella;s__	g__Johnsonella
46345e126deaa0fded10dd82afd515fa	d__Bacteria;p__Bacteroidota;c__Bacteroidia;o__Bacteroidales;f__Porphyromonadaceae;g__Porphyromonas;s__	g__Porphyromonas
6089dee5cc1bc5404ac919a4e3be7a7e	d__Bacteria;p__Bacteroidota;c__Bacteroidia;o__Bacteroidales;f__Prevotellaceae;g__Segatella;s__	g__Segatella
164b094ac14e1807f3cdb39227db3972	d__Bacteria;p__Bacillota;c__Negativicutes;o__Veillonellales-Selenomonadales;f__Selenomonadaceae;g__Selenomonas;s__	g__Selenomonas
aed8f0c85fbbfe6adb9db4435e789254	d__Bacteria;p__Campylobacterota;c__Campylobacteria;o__Campylobacterales;f__Campylobacteraceae;g__Campylobacter;s__	g__Campylobacter
58b0c3adb3b5d885f5d771d5896d756c	d__Bacteria;p__Actinomycetota;c__Actinobacteria;o__Actinomycetales;f__Actinomycetaceae;g__Schaalia;s__	g__Schaalia
8bd7d6235d8d5d7462aade30c9df6ca1	d__Bacteria;p__Bacteroidota;c__Bacteroidia;o__Flavobacteriales;f__Flavobacteriaceae;g__Flavobacterium;s__	g__Flavobacterium
b0de7cf5bb19b742a51fc63ea2b448dc	d__Bacteria;p__Pseudomonadota;c__Gammaproteobacteria;o__Enterobacterales	Unclassified
d15afeec7d3800e84d7f1b2e4da7334a	d__Bacteria;p__Verrucomicrobiota;c__Verrucomicrobiia;o__Opitutales;f__Opitutaceae;g__Oleiharenicola;s__	g__Oleiharenicola
856a6da3705bbb753994d963f66785d1	d__Bacteria;p__Patescibacteria;c__Saccharimonadia;o__Saccharimonadales;f__Incertae_Sedis;g__Incertae_Sedis;s__	g__Incertae_Sedis
e3ca3966d78990faec6eef5f4f62d423	d__Bacteria;p__Bacillota;c__Bacilli;o__Lactobacillales;f__Lactobacillaceae;g__Leuconostoc;s__	g__Leuconostoc
50f924a04d7400549a5726f23256fe71	d__Bacteria;p__Bacillota;c__Bacilli;o__Staphylococcales;f__Staphylococcaceae;g__Staphylococcus;s__	g__Staphylococcus
7a92ca303eea85443742d2c5b9aa1da5	d__Bacteria;p__Bacillota;c__Bacilli;o__Lactobacillales;f__Streptococcaceae;g__Streptococcus;s__	g__Streptococcus
8d4de4896c9c1db9a9c225311f905c37	d__Bacteria;p__Bacillota;c__Bacilli;o__Lactobacillales;f__Carnobacteriaceae;g__Granulicatella;s__	g__Granulicatella
2cbb3564684b1625b0a61931164e29bf	d__Bacteria;p__Actinomycetota;c__Actinobacteria;o__Actinomycetales;f__Actinomycetaceae;g__Actinomyces;s__	g__Actinomyces
f7b2d62831bc85e353930aba86d99f15	d__Bacteria;p__Bacteroidota;c__Bacteroidia;o__Bacteroidales;f__Prevotellaceae;g__Prevotella;s__	g__Prevotella
5f8846bd286b2c07f29e87e97915905f	d__Bacteria;p__Bacillota;c__Bacilli;o__Bacillales;f__Bacillaceae;g__Bacillus;s__	g__Bacillus
d62fe44198ee80cec2e81463eb0456fc	d__Bacteria;p__Bacillota;c__Negativicutes;o__Veillonellales-Selenomonadales;f__Selenomonadaceae;g__Selenomonas;s__	g__Selenomonas
9a050a6da13932c4ecafc49a22c1bac6	d__Bacteria;p__Bacteroidota;c__Bacteroidia;o__Bacteroidales;f__Prevotellaceae;g__Prevotella;s__	g__Prevotella
d86d9748b6e26995ad09f2550e22bffa	d__Bacteria;p__Actinomycetota;c__Actinobacteria;o__Propionibacteriales;f__Propionibacteriaceae;g__Luteococcus;s__	g__Luteococcus
82b082aa909b2ee6d17b378bb1446abd	d__Bacteria;p__Bacillota;c__Bacilli;o__Lactobacillales;f__Carnobacteriaceae;g__Granulicatella;s__	g__Granulicatella
1ed9263d25f921acc7c0efb95e7f9537	d__Bacteria;p__Actinomycetota;c__Actinobacteria;o__Mycobacteriales;f__Corynebacteriaceae;g__Corynebacterium;s__	g__Corynebacterium
a42d62a8cd9ea2c4bc2b1ac04d19c402	d__Bacteria;p__Bacteroidota;c__Bacteroidia;o__Bacteroidales;f__Prevotellaceae;g__Prevotella;s__	g__Prevotella
85b3725e660131fcb47f6a07bae71991	d__Bacteria;p__Deinococcota;c__Deinococci;o__Thermales;f__Thermaceae;g__Calidithermus;s__	g__Calidithermus
b46497cfc1c2222e8ef06645127a4bc8	d__Bacteria;p__Bacteroidota;c__Bacteroidia;o__Bacteroidales;f__Prevotellaceae;g__Segatella;s__	g__Segatella
6fbd801c7149c4cca2a57f8dadef5d84	d__Bacteria;p__Pseudomonadota;c__Gammaproteobacteria;o__Enterobacterales;f__Pasteurellaceae;g__Haemophilus;s__	g__Haemophilus
3806db0e4dbd0cb9bd496d3ff9b453c1	d__Bacteria;p__Actinomycetota;c__Actinobacteria;o__Propionibacteriales;f__Nocardioidaceae;g__Nocardioides;s__	g__Nocardioides
e0e6271509c5b50032f4162155e3b05e	d__Bacteria;p__Actinomycetota;c__Actinobacteria;o__Mycobacteriales;f__Nocardiaceae;g__Rhodococcus;s__	g__Rhodococcus
73a7e95ee9e77e16c7f68b7d1fff025c	d__Bacteria;p__Fusobacteriota;c__Fusobacteriia;o__Fusobacteriales;f__Leptotrichiaceae;g__Pseudoleptotrichia;s__	g__Pseudoleptotrichia
3f2c2f6bb7a7f223a0dcabbc4aa62943	d__Bacteria;p__Bacteroidota;c__Bacteroidia;o__Bacteroidales;f__Prevotellaceae;g__Prevotella;s__	g__Prevotella
3521776111781910ba3c45a8b865276f	d__Bacteria;p__Bacillota;c__Clostridia;o__Peptostreptococcales-Tissierellales;f__Family_XI;g__Peptoniphilus;s__	g__Peptoniphilus
f9c7c4f0ecd7e4f08a062cf4d95736bd	d__Bacteria;p__Pseudomonadota;c__Gammaproteobacteria;o__Burkholderiales;f__Oxalobacteraceae;g__Massilia;s__	g__Massilia
aa2e28247f36e0df037af5a107ffbb70	d__Bacteria;p__Bacteroidota;c__Bacteroidia;o__Bacteroidales;f__Prevotellaceae;g__Hoylesella;s__	g__Hoylesella
c9fd3a2398451e638de1d21aa6c22184	d__Bacteria;p__Actinomycetota;c__Actinobacteria;o__Micrococcales;f__Dermacoccaceae;g__Barrientosiimonas;s__	g__Barrientosiimonas
24611f10ae570ec8bc97644eef51d023	d__Bacteria;p__Patescibacteria;c__Saccharimonadia;o__Saccharimonadales;f__Incertae_Sedis;g__Incertae_Sedis;s__	g__Incertae_Sedis
32ab1812bd3770f4b7f6aad7273783da	d__Bacteria;p__Pseudomonadota;c__Gammaproteobacteria;o__Enterobacterales;f__Enterobacteriaceae;g__Enterobacter;s__	g__Enterobacter
2e388603e405dc66fdcea55aacf1daf9	d__Bacteria;p__Bacillota;c__Negativicutes;o__Veillonellales-Selenomonadales;f__Selenomonadaceae;g__Selenomonas;s__	g__Selenomonas
5bcd3f70bef31525c29d223784007764	d__Bacteria;p__Bacteroidota;c__Bacteroidia;o__Bacteroidales;f__Prevotellaceae;g__Segatella;s__	g__Segatella
737e27de8d2adeaab6eb5b7d9a9b8e28	d__Bacteria;p__Actinomycetota;c__Actinobacteria;o__Micrococcales;f__Demequinaceae;g__Demequina;s__	g__Demequina
141db5f491e4a0e9e7c532447e6c08f8	d__Bacteria;p__Bacteroidota;c__Bacteroidia;o__Bacteroidales;f__Marinilabiliaceae;g__Breznakibacter;s__	g__Breznakibacter
ffb83ee4db165045af6a3c3f726468ae	d__Bacteria;p__Actinomycetota;c__Actinobacteria;o__Actinomycetales;f__Actinomycetaceae;g__Schaalia;s__	g__Schaalia
9ab35af06c9272db8fcbf31a7e3978db	d__Bacteria;p__Pseudomonadota;c__Gammaproteobacteria;o__Enterobacterales;f__Pasteurellaceae;g__Haemophilus;s__	g__Haemophilus
0c9e1a5e55a9575e6a7fab04a6c25b50	d__Bacteria;p__Bacillota;c__Bacilli;o__Lactobacillales;f__Streptococcaceae;g__Streptococcus;s__	g__Streptococcus
6ae1ea7208e4ffc205af171078471cc0	d__Bacteria;p__Bacteroidota;c__Bacteroidia;o__Bacteroidales;f__Prevotellaceae;g__Segatella;s__	g__Segatella
1c4cd78d0557a8a231a5cf07bf9c04b3	d__Bacteria;p__Bacteroidota;c__Bacteroidia;o__Bacteroidales;f__Prevotellaceae;g__Prevotella;s__	g__Prevotella
a14aae1d09a7071e1687dbe32b4fea28	d__Bacteria;p__Bacteroidota;c__Bacteroidia;o__Bacteroidales;f__Rikenellaceae;g__Rikenellaceae_RC9_gut_group;s__	g__Rikenellaceae_RC9_gut_group
4af92395d78e02b3de4ee6b5e5e85a14	d__Bacteria;p__Pseudomonadota;c__Gammaproteobacteria;o__Enterobacterales;f__Yersiniaceae;g__Serratia;s__	g__Serratia
b5eda9bc00ce7b0cc5c84587cd6cfafb	d__Bacteria;p__Bacteroidota;c__Bacteroidia;o__Bacteroidales;f__Prevotellaceae;g__Hoylesella;s__	g__Hoylesella
94729f75ab61be1530367b1aeffa750e	d__Bacteria;p__Pseudomonadota;c__Gammaproteobacteria;o__Burkholderiales;f__Comamonadaceae	Unclassified
bb0ade3b8839c9d52ab97cd3ed1ef912	d__Bacteria;p__Bacillota;c__Clostridia;o__Peptostreptococcales-Tissierellales;f__Family_XI;g__Incertae_Sedis;s__	g__Incertae_Sedis
b21d6a0a1eb0f21b0a5b16c2c8546157	d__Bacteria;p__Bacillota;c__Negativicutes;o__Veillonellales-Selenomonadales;f__Selenomonadaceae;g__Incertae_Sedis;s__	g__Incertae_Sedis
e40536eacfe7e9160350b6d557e5a6f4	d__Bacteria;p__Bacteroidota;c__Bacteroidia;o__Sphingobacteriales;f__Lentimicrobiaceae;g__Lentimicrobium;s__	g__Lentimicrobium
b6fbca927309b4930469975ca0d8eb7c	d__Bacteria;p__Pseudomonadota;c__Gammaproteobacteria;o__Enterobacterales;f__Pasteurellaceae;g__Haemophilus;s__	g__Haemophilus
f15e272a26f83c7b982d126fa131e37d	d__Bacteria;p__Actinomycetota;c__Coriobacteriia;o__Coriobacteriales;f__Eggerthellaceae;g__Senegalimassilia;s__	g__Senegalimassilia
9d711c807531d416c8b48784f631372c	d__Bacteria;p__Bacillota;c__Bacilli;o__Lactobacillales;f__Carnobacteriaceae;g__Granulicatella;s__	g__Granulicatella
26cffd00b29ad749ca8e11d665608ff5	d__Bacteria;p__Pseudomonadota;c__Gammaproteobacteria;o__Burkholderiales;f__Comamonadaceae;g__Aquabacterium;s__	g__Aquabacterium
6053728c76051e155f5c9793269ea26a	d__Bacteria;p__Bacteroidota;c__Bacteroidia;o__Bacteroidales;f__Prevotellaceae;g__Hoylesella;s__	g__Hoylesella
935b78d50fd677517e07ab0d9c861a0a	d__Bacteria;p__Spirochaetota;c__Spirochaetia;o__Spirochaetales;f__Spirochaetaceae;g__Treponema;s__	g__Treponema
da66ff2b26848664396f234b9c16c366	d__Bacteria;p__Actinomycetota;c__Actinobacteria;o__Propionibacteriales;f__Nocardioidaceae;g__Marmoricola;s__	g__Marmoricola
88bd46d2cd6792aae5348f7e6ddf129b	d__Bacteria;p__Bacteroidota;c__Bacteroidia;o__Bacteroidales;f__Prevotellaceae;g__Segatella;s__	g__Segatella
7440aa816171ce9e81d9b67d2dda61c6	d__Bacteria;p__Bacteroidota;c__Bacteroidia;o__Bacteroidales;f__Bacteroidaceae;g__Bacteroides;s__	g__Bacteroides
26a8609ec208f046ab341ac7e5b42369	d__Bacteria;p__Pseudomonadota;c__Gammaproteobacteria;o__Enterobacterales;f__Pasteurellaceae;g__Haemophilus;s__	g__Haemophilus
8cb24777cb48dde0aac60dfeca125d10	d__Bacteria;p__Bacillota;c__Bacilli;o__Bacillales;f__Bacillaceae;g__Bacillus;s__	g__Bacillus
5b0e3346cdba1183c0c25cc9d46f62af	d__Bacteria;p__Pseudomonadota;c__Gammaproteobacteria;o__Lysobacterales;f__Lysobacteraceae;g__Thermomonas;s__	g__Thermomonas
5542644d142ac2e3eb5f0610ae63fce9	d__Bacteria;p__Actinomycetota;c__Actinobacteria;o__Mycobacteriales;f__Corynebacteriaceae;g__Corynebacterium;s__	g__Corynebacterium
6d2ca9fc139f2636f758db3f5d9a16cc	d__Bacteria;p__Fusobacteriota;c__Fusobacteriia;o__Fusobacteriales;f__Leptotrichiaceae;g__Leptotrichia;s__	g__Leptotrichia
d49991618c9db85658ff52423c8528c4	d__Bacteria;p__Pseudomonadota;c__Gammaproteobacteria;o__Burkholderiales;f__Comamonadaceae;g__Comamonas;s__	g__Comamonas
fde5072aa87a36e60949c9e30332e0ce	d__Bacteria;p__Patescibacteria;c__Saccharimonadia;o__Saccharimonadales;f__Incertae_Sedis;g__Incertae_Sedis;s__	g__Incertae_Sedis
a53d55360a0c675ff58d0c12f0ab6ff4	d__Bacteria;p__Bacteroidota;c__Bacteroidia;o__Bacteroidales;f__Prevotellaceae;g__Alloprevotella;s__	g__Alloprevotella
2d7175a3ad19b7d0ac2bdb7462056206	d__Bacteria;p__Bacillota;c__Bacilli;o__Erysipelotrichales;f__Erysipelatoclostridiaceae;g__Thomasclavelia;s__	g__Thomasclavelia
73525d5bb48cfdbeccef4358a30ae2c5	d__Bacteria;p__Bacteroidota;c__Bacteroidia;o__Bacteroidales;f__Prevotellaceae;g__Segatella;s__	g__Segatella
561c68224fac702b25d8b63bb900644b	d__Bacteria;p__Pseudomonadota;c__Gammaproteobacteria;o__Burkholderiales;f__Burkholderiaceae;g__Ralstonia;s__	g__Ralstonia
3fe218901f7d0f47b64827a0b3b4d555	d__Bacteria;p__Actinomycetota;c__Actinobacteria;o__Micrococcales;f__Intrasporangiaceae;g__Serinicoccus;s__	g__Serinicoccus
4ab127e4d10e6ca31a2623eaa213398e	d__Bacteria;p__Actinomycetota;c__Actinobacteria;o__Micrococcales;f__Dermacoccaceae;g__Kytococcus;s__	g__Kytococcus
de5f371043bcceae7f3a3424a71017c1	d__Bacteria;p__Bacillota;c__Clostridia;o__Oscillospirales;f__Oscillospiraceae;g__UCG-005;s__	g__UCG-005
612a9a4afcaec76934f2b8d59c462082	d__Bacteria;p__Bacillota;c__Bacilli;o__Mycoplasmatales;f__Mycoplasmataceae;g__Mycoplasma;s__	g__Mycoplasma
f659f718c3d1bc9f65d88b3e614cc179	d__Bacteria;p__Bacillota;c__Clostridia;o__Peptostreptococcales-Tissierellales;f__Family_XI;g__Parvimonas;s__	g__Parvimonas
64185b957bb62538404651096259be88	d__Bacteria;p__Bacteroidota;c__Bacteroidia;o__Bacteroidales;f__Prevotellaceae;g__Hoylesella;s__	g__Hoylesella
343b996ef1a9200ebdca2501c7a242d2	d__Bacteria;p__Pseudomonadota;c__Alphaproteobacteria;o__Rhodobacterales;f__Paracoccaceae;g__Paracoccus;s__	g__Paracoccus
fd3df0095ea9c1865c9c376d906aadce	d__Bacteria;p__Actinomycetota;c__Actinobacteria;o__Pseudonocardiales;f__Pseudonocardiaceae;g__Saccharopolyspora;s__	g__Saccharopolyspora
95e9b816c3368b64443735040661fa3e	d__Bacteria;p__Spirochaetota;c__Spirochaetia;o__Spirochaetales;f__Spirochaetaceae;g__Treponema;s__	g__Treponema
4c24a47b7cfac795ac340ad135cc3603	d__Bacteria;p__Bacillota;c__Negativicutes;o__Veillonellales-Selenomonadales;f__Veillonellaceae;g__Megasphaera;s__	g__Megasphaera
7e4aaffbe04856021b7bf0cc493ba986	d__Bacteria;p__Fusobacteriota;c__Fusobacteriia;o__Fusobacteriales;f__Fusobacteriaceae;g__Fusobacterium;s__	g__Fusobacterium
b1c4303ff61f5b82c9a6a7221c29d4de	d__Bacteria;p__Bacillota;c__Negativicutes;o__Veillonellales-Selenomonadales;f__Selenomonadaceae;g__Selenomonas;s__	g__Selenomonas
e8f8d44527d3088c52406da85e809148	d__Bacteria;p__Bacteroidota;c__Bacteroidia;o__Sphingobacteriales;f__Sphingobacteriaceae;g__Arcticibacter;s__	g__Arcticibacter
bc8e18acac275e713aeda3731ee650d4	d__Bacteria;p__Bacillota;c__Bacilli;o__Alicyclobacillales;f__Alicyclobacillaceae;g__Effusibacillus;s__	g__Effusibacillus
21b54eda8cddb65e66cd90eee8af6879	d__Bacteria;p__Bacillota;c__Clostridia;o__Lachnospirales;f__Lachnospiraceae;g__Lachnoanaerobaculum;s__	g__Lachnoanaerobaculum
cd0a592d8babf870d482df5ab9896190	d__Bacteria;p__Bacteroidota;c__Bacteroidia;o__Bacteroidales;f__Prevotellaceae;g__Prevotella;s__	g__Prevotella
81c68a6fb02d1b33c4625f8ee9aca6e7	d__Bacteria;p__Fusobacteriota;c__Fusobacteriia;o__Fusobacteriales;f__Leptotrichiaceae;g__Leptotrichia;s__	g__Leptotrichia
349f8a0fb45a6367787abd6e41161ac2	d__Bacteria;p__Bacillota;c__Negativicutes;o__Veillonellales-Selenomonadales;f__Selenomonadaceae;g__Selenomonas;s__	g__Selenomonas
986e29135f8490ea84c6969d6a708752	d__Bacteria;p__Actinomycetota;c__Actinobacteria;o__Actinomycetales;f__Actinomycetaceae;g__Actinomyces;s__	g__Actinomyces
e355239ceb404a23a82afef9f0bc4f74	d__Bacteria;p__Bacteroidota;c__Bacteroidia;o__Bacteroidales;f__Prevotellaceae;g__Prevotella;s__	g__Prevotella
a827b4a7d87fed67a9188d0e801b8062	d__Bacteria;p__Pseudomonadota;c__Gammaproteobacteria;o__Burkholderiales;f__Neisseriaceae;g__Neisseria;s__	g__Neisseria
9c0ccaea796447a38a41c63d973058f1	d__Bacteria;p__Bacteroidota;c__Bacteroidia;o__Flavobacteriales;f__Weeksellaceae;g__Bergeyella;s__	g__Bergeyella
101c8a41523c3bd0ee2b641a1beb3146	d__Bacteria;p__Fusobacteriota;c__Fusobacteriia;o__Fusobacteriales;f__Leptotrichiaceae;g__Leptotrichia;s__	g__Leptotrichia
3647ac18e5d57e7f9b62555ec7af0bc1	d__Bacteria;p__Chloroflexota;c__Anaerolineae;o__Anaerolineales;f__Anaerolineaceae;g__Flexilinea;s__	g__Flexilinea
ca65437e6163b04f99baf2731c1f0a0a	d__Bacteria;p__Pseudomonadota;c__Gammaproteobacteria;o__Burkholderiales;f__Comamonadaceae;g__Aquabacterium;s__	g__Aquabacterium
bdcbd12331233186662e068e167d3384	d__Bacteria;p__Bacteroidota;c__Bacteroidia;o__Chitinophagales;f__Chitinophagaceae;g__Flavihumibacter;s__	g__Flavihumibacter
e84db2a601bba5bb2077fe359af2278b	d__Bacteria;p__Bacteroidota;c__Bacteroidia;o__Flavobacteriales;f__Flavobacteriaceae;g__Flavobacterium;s__	g__Flavobacterium
d71a23d2c2e51b81e867a7ae447a0fdd	d__Bacteria;p__Bacteroidota;c__Bacteroidia;o__Flavobacteriales;f__Weeksellaceae;g__Chryseobacterium;s__	g__Chryseobacterium
d15c0b4383cdef7a3f97f6bb528cc610	d__Bacteria;p__Bacteroidota;c__Bacteroidia;o__Bacteroidales;f__Prevotellaceae;g__Incertae_Sedis;s__	g__Incertae_Sedis
1e0a09e86c18de3a059aa7dcc186b18d	d__Bacteria;p__Bacillota;c__Bacilli;o__Exiguobacterales;f__Exiguobacteraceae;g__Exiguobacterium;s__	g__Exiguobacterium
f9f98e8ef5973b65d8143104c23b8941	d__Bacteria;p__Actinomycetota;c__Actinobacteria;o__Mycobacteriales;f__Corynebacteriaceae;g__Corynebacterium;s__	g__Corynebacterium
c32310c2654b667b6204f75adccac802	d__Bacteria;p__Bacillota;c__Negativicutes;o__Veillonellales-Selenomonadales;f__Veillonellaceae;g__Veillonella;s__	g__Veillonella
00d851714fd0987a45f07073cc30a968	d__Bacteria;p__Bacteroidota;c__Bacteroidia;o__Flavobacteriales;f__Flavobacteriaceae;g__Capnocytophaga;s__	g__Capnocytophaga
fdfc1be8b2f90295b2f6a532254cb75f	d__Bacteria;p__Bacteroidota;c__Bacteroidia;o__Bacteroidales;f__Bacteroidaceae;g__Bacteroides;s__	g__Bacteroides
12b5a6451432380ba97513a65c303cd8	d__Bacteria;p__Campylobacterota;c__Campylobacteria;o__Campylobacterales;f__Campylobacteraceae;g__Campylobacter;s__	g__Campylobacter
b9cfb5906bc5326e3e2d65e1ca580322	d__Bacteria;p__Bacteroidota;c__Bacteroidia;o__Bacteroidales;f__Prevotellaceae;g__Prevotella;s__	g__Prevotella
7498fd1fd842aa303b349952c4e2383f	d__Bacteria;p__Pseudomonadota;c__Alphaproteobacteria;o__Hyphomicrobiales;f__Rhizobiaceae;g__Rhizobium;s__	g__Rhizobium
a3f8eb7a82e06a9e9d6ebf83de6052b2	d__Bacteria;p__Actinomycetota;c__Actinobacteria;o__Propionibacteriales;f__Propionibacteriaceae;g__Arachnia;s__	g__Arachnia
874262b531874d803dd8bd90dbf7083f	d__Bacteria;p__Bacteroidota;c__Bacteroidia;o__Bacteroidales;f__Prevotellaceae;g__Hoylesella;s__	g__Hoylesella
da4710bb0202ba9868d3ca91876e9b58	d__Bacteria;p__Pseudomonadota;c__Gammaproteobacteria;o__Enterobacterales;f__Pasteurellaceae;g__Haemophilus;s__	g__Haemophilus
69e98099f168fbf6d3cbfa7442507fc5	d__Bacteria;p__Bacteroidota;c__Bacteroidia;o__Cytophagales;f__Cytophagaceae;g__Rhodocytophaga;s__	g__Rhodocytophaga
c7c13b379cf600749523e26206a4e248	d__Bacteria;p__Pseudomonadota;c__Gammaproteobacteria;o__Burkholderiales;f__Burkholderiaceae;g__Lautropia;s__	g__Lautropia
dfa9dab35f724ac8d74bfd76269b1608	d__Bacteria;p__Actinomycetota;c__Actinobacteria;o__Actinomycetales;f__Actinomycetaceae;g__Actinomyces;s__	g__Actinomyces
a3f2df6816c71e74a47f7406cba8af57	d__Bacteria;p__Bacillota;c__Negativicutes;o__Veillonellales-Selenomonadales;f__Selenomonadaceae;g__Incertae_Sedis;s__	g__Incertae_Sedis
97c66967b9a12a8ed3ec56b5115ff553	d__Bacteria;p__Pseudomonadota;c__Gammaproteobacteria;o__Burkholderiales;f__Methylophilaceae;g__Methylobacillus;s__	g__Methylobacillus
5ac63a1961da60133d5a9aea0fe8a928	d__Bacteria;p__Pseudomonadota;c__Gammaproteobacteria;o__Pseudomonadales;f__Moraxellaceae;g__Acinetobacter;s__	g__Acinetobacter
1795f82c7f232ecad08e4f9c34a228f7	d__Bacteria;p__Bacillota;c__Negativicutes;o__Veillonellales-Selenomonadales;f__Veillonellaceae;g__Veillonella;s__	g__Veillonella
ab3b5efbfad470dd4ecd224c3d7f4c55	d__Bacteria;p__Bacillota;c__Clostridia;o__Lachnospirales;f__Lachnospiraceae;g__Blautia;s__	g__Blautia
1759af35130fe6ba31025c31c1329f6d	d__Bacteria;p__Bacillota;c__Negativicutes;o__Veillonellales-Selenomonadales;f__Selenomonadaceae;g__Selenomonas;s__	g__Selenomonas
95cecd621af168082174026a022f25bf	d__Bacteria;p__Pseudomonadota;c__Alphaproteobacteria;o__Rhodobacterales;f__Paracoccaceae;g__Rubellimicrobium;s__	g__Rubellimicrobium
89fe7b4d2b08322cae62c3e5507c6f5c	d__Bacteria;p__Pseudomonadota;c__Gammaproteobacteria;o__Burkholderiales;f__Comamonadaceae;g__Ottowia;s__	g__Ottowia
d6aff8b5af60529ec8ca6c70e3f3553f	d__Bacteria;p__Bacteroidota;c__Bacteroidia;o__Bacteroidales;f__Prevotellaceae;g__Prevotella;s__	g__Prevotella
19a0431c01fdbdb37dfe9dab6f4922bb	d__Bacteria;p__Pseudomonadota;c__Gammaproteobacteria;o__Enterobacterales;f__Pasteurellaceae;g__Actinobacillus;s__	g__Actinobacillus
ad615bfbd09818e6673753e04f3d2c9a	d__Bacteria;p__Bacillota;c__Clostridia;o__Lachnospirales;f__Lachnospiraceae;g__[Eubacterium]_eligens_group;s__	g__[Eubacterium]_eligens_group
5a45bb7c002a9be7e7d361f2fe239959	d__Bacteria;p__Pseudomonadota;c__Gammaproteobacteria;o__Enterobacterales;f__Pasteurellaceae;g__Haemophilus;s__	g__Haemophilus
a8da13228c76d65c5d97916d4dac65a3	d__Bacteria;p__Bacteroidota;c__Bacteroidia;o__Bacteroidales;f__Bacteroidaceae;g__Bacteroides;s__	g__Bacteroides
ae2c0c859ba5027c7c34fa65ac4dd446	d__Bacteria;p__Fusobacteriota;c__Fusobacteriia;o__Fusobacteriales;f__Leptotrichiaceae;g__Leptotrichia;s__	g__Leptotrichia
1449f33be942b7557a600524ff8d6ee0	d__Bacteria;p__Bacillota;c__Bacilli;o__Lactobacillales;f__Streptococcaceae;g__Streptococcus;s__	g__Streptococcus
6ddf02037104ecca83493876236c10d9	d__Bacteria;p__Actinomycetota;c__Actinobacteria;o__Micrococcales;f__Micrococcaceae;g__Kocuria;s__	g__Kocuria
908e9b387f6b9ce7d3f794e658fba37e	d__Bacteria;p__Bacillota;c__Bacilli;o__Staphylococcales;f__Staphylococcaceae;g__Staphylococcus;s__	g__Staphylococcus
a3edb680a3980587e58fb8792f4add86	d__Bacteria;p__Bacteroidota;c__Bacteroidia;o__Bacteroidales;f__Porphyromonadaceae;g__Porphyromonas;s__	g__Porphyromonas
0ae9b899769aefb6b2c711199037aa72	d__Bacteria;p__Bacillota;c__Negativicutes;o__Veillonellales-Selenomonadales;f__Selenomonadaceae;g__Selenomonas;s__	g__Selenomonas
67599b9dd1ebaf6cd9f96d3c8ad14913	d__Bacteria;p__Pseudomonadota;c__Gammaproteobacteria;o__Burkholderiales;f__Oxalobacteraceae;g__Massilia;s__	g__Massilia
0e5e901751593bba4a863f1f600c86e9	d__Bacteria;p__Pseudomonadota;c__Gammaproteobacteria;o__Burkholderiales;f__Oxalobacteraceae;g__Massilia;s__	g__Massilia
c38800de11e2fb7a1d9d31f69670ad58	d__Bacteria;p__Pseudomonadota;c__Alphaproteobacteria;o__Azospirillales;f__Azospirillaceae;g__Skermanella;s__	g__Skermanella
b32d4776853edbb2f85be1e98fc802a5	d__Bacteria;p__Pseudomonadota;c__Gammaproteobacteria;o__Burkholderiales;f__Comamonadaceae;g__Tepidicella;s__	g__Tepidicella
89ec633cfa557aefda0c3eef94e999fe	d__Bacteria;p__Patescibacteria;c__Saccharimonadia;o__Saccharimonadales;f__Incertae_Sedis;g__Incertae_Sedis;s__	g__Incertae_Sedis
40753231106e8c8069f9ebc39d9949ab	d__Bacteria;p__Bacteroidota;c__Bacteroidia;o__Bacteroidales;f__Prevotellaceae;g__Hoylesella;s__	g__Hoylesella
50d3b8c6bef2b993f948750cd42bd823	d__Bacteria;p__Bacillota;c__Negativicutes;o__Veillonellales-Selenomonadales;f__Selenomonadaceae;g__Megamonas;s__	g__Megamonas
f8464cd3875905fc9f83c3dc31f0dd54	d__Bacteria;p__Bacteroidota;c__Bacteroidia;o__Bacteroidales;f__Prevotellaceae;g__Alloprevotella;s__	g__Alloprevotella
dd087b822566bdb3d3856021923402ae	d__Bacteria;p__Spirochaetota;c__Spirochaetia;o__Spirochaetales;f__Spirochaetaceae;g__Treponema;s__	g__Treponema
720e5907c3534f8ae441ffaf3b6b75d6	d__Bacteria;p__Synergistota;c__Synergistia;o__Synergistales;f__Synergistaceae;g__Pyramidobacter;s__	g__Pyramidobacter
fc3b9bb2f4d5b3a6b8f06528e55f51d3	d__Bacteria;p__Bacteroidota;c__Bacteroidia;o__Sphingobacteriales;f__Lentimicrobiaceae;g__Lentimicrobium;s__	g__Lentimicrobium
f504116c0ca734a062a6f1ed4d9bbabf	d__Bacteria;p__Actinomycetota;c__Actinobacteria;o__Actinomycetales;f__Actinomycetaceae;g__Actinomyces;s__	g__Actinomyces
39b2f4f0f5fce9f52430cfb2f4544a13	d__Bacteria;p__Bacteroidota;c__Bacteroidia;o__Bacteroidales;f__Bacteroidaceae;g__Bacteroides;s__	g__Bacteroides
11781ef050c789a0de58a60243f560dd	d__Bacteria;p__Bacillota;c__Clostridia;o__Peptostreptococcales-Tissierellales;f__Family_XI;g__Ezakiella;s__	g__Ezakiella
cddb5428f09b44aa7a68e13b73bad9ca	d__Bacteria;p__Actinomycetota;c__Actinobacteria;o__Mycobacteriales;f__Corynebacteriaceae;g__Corynebacterium;s__	g__Corynebacterium
5c190dc9790a2fb20a209c24b62112cd	d__Bacteria;p__Patescibacteria;c__Saccharimonadia;o__Saccharimonadales;f__Incertae_Sedis;g__Incertae_Sedis;s__	g__Incertae_Sedis
a0ba45fb226c1878a9296be26c16a88e	d__Bacteria;p__Pseudomonadota;c__Alphaproteobacteria;o__Hyphomicrobiales;f__Beijerinckiaceae;g__Methylobacterium;s__	g__Methylobacterium
34ba7d052b9155520fc77f83569bd235	d__Bacteria;p__Patescibacteria;c__Saccharimonadia;o__Saccharimonadales;f__Incertae_Sedis;g__Incertae_Sedis;s__	g__Incertae_Sedis
34416d3232ce6071fbd596294cca53a9	d__Bacteria;p__Pseudomonadota;c__Alphaproteobacteria;o__Rhodobacterales;f__Paracoccaceae;g__Paracoccus;s__	g__Paracoccus
a17542446d275cb2aba13a48d025db55	d__Bacteria;p__Pseudomonadota;c__Gammaproteobacteria;o__Pseudomonadales;f__Moraxellaceae;g__Acinetobacter;s__	g__Acinetobacter
f6fc2e5f5f92ead9c5ede5bff8ccf1e6	d__Bacteria;p__Bacillota;c__Clostridia;o__Oscillospirales;f__Oscillospiraceae;g__HN-HF0106;s__	g__HN-HF0106
7bf300b632a1be9a1ea2c751ffb26128	d__Bacteria;p__Actinomycetota;c__Actinobacteria;o__Propionibacteriales;f__Propionibacteriaceae;g__Tessaracoccus;s__	g__Tessaracoccus
32292758d5a504611096926045afce3f	d__Bacteria;p__Fibrobacterota;c__Fibrobacteria;o__Fibrobacterales;f__Fibrobacteraceae;g__Incertae_Sedis;s__	g__Incertae_Sedis
4f334be4123a36681c1ab5f8a0ab86d1	d__Bacteria;p__Bacillota;c__Clostridia;o__Lachnospirales;f__Lachnospiraceae;g__Roseburia;s__	g__Roseburia
1f5ec976755dfa8cb7996e18d9bb2a85	d__Bacteria;p__Actinomycetota;c__Actinobacteria;o__Micrococcales;f__Microbacteriaceae;g__Microbacterium;s__	g__Microbacterium
482dfbe4cf89f0d1472f2b3f1e0c5a85	d__Bacteria;p__Pseudomonadota;c__Alphaproteobacteria;o__Hyphomicrobiales;f__Devosiaceae;g__Devosia;s__	g__Devosia
078d960ad6135b589e1020b7d0e4b2ab	d__Bacteria;p__Bacteroidota;c__Bacteroidia;o__Bacteroidales;f__Prevotellaceae;g__Segatella;s__	g__Segatella
535e9b961302868898332d30fa367a37	d__Bacteria;p__Bacillota;c__Bacilli;o__Lactobacillales;f__Carnobacteriaceae;g__Granulicatella;s__	g__Granulicatella
e3b00ee83fc62728f945cb24738fade0	d__Bacteria;p__Actinomycetota;c__Actinobacteria;o__Mycobacteriales;f__Corynebacteriaceae;g__Corynebacterium;s__	g__Corynebacterium
4d55acf0d1f953f0d15754fe88f71cbe	d__Bacteria;p__Bacillota;c__Clostridia;o__Peptostreptococcales-Tissierellales;f__Anaerovoracaceae;g__Hornefia;s__	g__Hornefia
fd26d02b60a2c9a7f44a2e81dedd3342	d__Bacteria;p__Bacteroidota;c__Bacteroidia;o__Bacteroidales;f__Rikenellaceae;g__Rikenellaceae_RC9_gut_group;s__	g__Rikenellaceae_RC9_gut_group
7aee5628d674c598484c693196926d77	d__Bacteria;p__Bacillota;c__Clostridia;o__Peptostreptococcales-Tissierellales;f__Peptostreptococcaceae;g__[Eubacterium]_yurii_group;s__	g__[Eubacterium]_yurii_group
a531d9e2c9812874cab3d90cc350d952	d__Bacteria;p__Spirochaetota;c__Spirochaetia;o__Spirochaetales;f__Spirochaetaceae;g__Treponema;s__	g__Treponema
0034d89aeb91f907663fa012e84e9214	d__Bacteria;p__Bacteroidota;c__Bacteroidia;o__Bacteroidales;f__Prevotellaceae;g__Hoylesella;s__	g__Hoylesella
3e7445cf0c906ed6191955076528ef26	d__Bacteria;p__Bacteroidota;c__Bacteroidia;o__Bacteroidales;f__Prevotellaceae;g__Prevotella;s__	g__Prevotella
f3248922574fe3b1ed2a14535bc8097f	d__Bacteria;p__Actinomycetota;c__Actinobacteria;o__Bifidobacteriales;f__Bifidobacteriaceae;g__Bifidobacterium;s__	g__Bifidobacterium
5451620a902b150bdd6e21ec4be0ea1e	d__Bacteria;p__Bacillota;c__Bacilli;o__Paenibacillales;f__Paenibacillaceae;g__Paenibacillus;s__	g__Paenibacillus
d7f812e960206056896942a76f69db60	d__Bacteria;p__Bacteroidota;c__Bacteroidia;o__Bacteroidales;f__Prevotellaceae;g__Incertae_Sedis;s__	g__Incertae_Sedis
7adb18db9ba448d3c19d760ff0797027	d__Bacteria;p__Actinomycetota;c__Actinobacteria;o__Actinomycetales;f__Actinomycetaceae;g__Schaalia;s__	g__Schaalia
0f5b2c905af2f30d56df93048d2f87b0	d__Bacteria;p__Bacteroidota;c__Bacteroidia;o__Bacteroidales;f__Porphyromonadaceae;g__Porphyromonas;s__	g__Porphyromonas
3763ead28bde147164e42397f91e657e	d__Bacteria;p__Pseudomonadota;c__Gammaproteobacteria;o__Pseudomonadales;f__Moraxellaceae;g__Acinetobacter;s__	g__Acinetobacter
da5c71e05193485a1da5bbfb18856a93	d__Bacteria;p__Bacillota;c__Clostridia;o__Lachnospirales;f__Lachnospiraceae;g__Stomatobaculum;s__	g__Stomatobaculum
4d4093e2fc1402de5b4614d2fd6ea06f	d__Bacteria;p__Pseudomonadota;c__Alphaproteobacteria;o__Caulobacterales;f__Caulobacteraceae;g__Caulobacter;s__	g__Caulobacter
cd8d1130789b70798033445d08af0c66	d__Bacteria;p__Bacteroidota;c__Bacteroidia;o__Bacteroidales;f__Prevotellaceae;g__Hoylesella;s__	g__Hoylesella
5d01d9aa2c330d4dfeb29bbbc4dcff7c	d__Bacteria;p__Spirochaetota;c__Spirochaetia;o__Spirochaetales;f__Spirochaetaceae;g__Treponema;s__	g__Treponema
526743e50cc321bf28c2287d4f0ab98f	d__Bacteria;p__Bacillota;c__Clostridia;o__Peptostreptococcales-Tissierellales;f__Anaerovoracaceae;g__Anaerovorax;s__	g__Anaerovorax
c711e2564c6b9758d69547ecfca33e15	d__Bacteria;p__Bacteroidota;c__Bacteroidia;o__Bacteroidales;f__Prevotellaceae;g__Incertae_Sedis;s__	g__Incertae_Sedis
b741ac97ab451fb0b159c78cea5e69a7	d__Bacteria;p__Actinomycetota;c__Actinobacteria;o__Actinomycetales;f__Actinomycetaceae;g__Schaalia;s__	g__Schaalia
1e3d65cdfa30a122dad770dc4c0c7b26	d__Bacteria;p__Patescibacteria;c__Saccharimonadia;o__Saccharimonadales;f__Saccharimonadaceae;g__Candidatus_Saccharimonas;s__	g__Candidatus_Saccharimonas
442cbc75d9a3287bdc67cb3547e16b8d	d__Bacteria;p__Pseudomonadota;c__Gammaproteobacteria;o__Pseudomonadales;f__Moraxellaceae;g__Acinetobacter;s__	g__Acinetobacter
95fac06f2571b975e2c95244c360724e	d__Bacteria;p__Pseudomonadota;c__Alphaproteobacteria;o__Sphingomonadales;f__Sphingomonadaceae;g__Novosphingobium;s__	g__Novosphingobium
d5b1e15b26026b1b96ab29c9063c70a2	d__Bacteria;p__Actinomycetota;c__Actinobacteria;o__Propionibacteriales;f__Nocardioidaceae;g__Nocardioides;s__	g__Nocardioides
83628032293ccb8b62ea88d2e717c0b7	d__Bacteria;p__Bacillota;c__Clostridia;o__Lachnospirales;f__Lachnospiraceae;g__Lachnoanaerobaculum;s__	g__Lachnoanaerobaculum
90c65bd906d30eb350563e2ad8b585d0	d__Bacteria;p__Bacteroidota;c__Bacteroidia;o__Bacteroidales;f__Porphyromonadaceae;g__Porphyromonas;s__	g__Porphyromonas
d551ca90a829d3969385df6bc9daa726	d__Bacteria;p__Pseudomonadota;c__Gammaproteobacteria;o__Pseudomonadales;f__Moraxellaceae;g__Acinetobacter;s__	g__Acinetobacter
d31544059fda5f289dc64f76b2ea52ad	d__Bacteria;p__Pseudomonadota;c__Alphaproteobacteria;o__Sphingomonadales;f__Sphingomonadaceae;g__Sphingomonas;s__	g__Sphingomonas
ded1a107a139c62c8836c3a5bbd64ea1	d__Bacteria;p__Bacteroidota;c__Bacteroidia;o__Bacteroidales;f__Prevotellaceae;g__Incertae_Sedis;s__	g__Incertae_Sedis
08a2e03329e38122852af81306ef218a	d__Bacteria;p__Actinomycetota;c__Actinobacteria;o__Mycobacteriales;f__Corynebacteriaceae;g__Corynebacterium;s__	g__Corynebacterium
90c80a9fa8da390fd213436cce7c13e5	d__Bacteria;p__Pseudomonadota;c__Alphaproteobacteria;o__Micavibrionales;f__Incertae_Sedis;g__Incertae_Sedis;s__	g__Incertae_Sedis
cd065158d34c9ddc938d6215f2fc23ee	d__Bacteria;p__Bacteroidota;c__Bacteroidia;o__Bacteroidales;f__Prevotellaceae;g__Prevotella;s__	g__Prevotella
4477a670573790a254ecabf151be9158	d__Bacteria;p__Pseudomonadota;c__Gammaproteobacteria;o__Enterobacterales;f__Alteromonadaceae;g__Rheinheimera;s__	g__Rheinheimera
7545dbfea20d2cd00b0a37db83b1c8e6	d__Bacteria;p__Bacteroidota;c__Bacteroidia;o__Bacteroidales;f__Prevotellaceae;g__Hoylesella;s__	g__Hoylesella
b81c7b9e9530ca3ddf26a29bffb5e7e3	d__Bacteria;p__Pseudomonadota;c__Gammaproteobacteria;o__Burkholderiales;f__Neisseriaceae;g__Neisseria;s__	g__Neisseria
1f868d67c5ff22bb3f0c1a5fdb4b3af6	d__Bacteria;p__Bacillota;c__Clostridia;o__Peptostreptococcales-Tissierellales;f__Family_XI;g__Fenollaria;s__	g__Fenollaria
a8d006504c3cb73ac0f0e1ae55c5dd16	d__Bacteria;p__Bacillota;c__Negativicutes;o__Veillonellales-Selenomonadales;f__Selenomonadaceae;g__Selenomonas;s__	g__Selenomonas
e0aa8ba13f8e10ed169b09c9a784b131	d__Bacteria;p__Bacteroidota;c__Bacteroidia;o__Flavobacteriales;f__Flavobacteriaceae;g__Capnocytophaga;s__	g__Capnocytophaga
93124eb70333647a7f935ae7ab27a593	d__Bacteria;p__Bacteroidota;c__Bacteroidia;o__Bacteroidales;f__Rikenellaceae;g__Alistipes;s__	g__Alistipes
ee5f53510ae6ee63f5fa6e83dad1d23f	d__Bacteria;p__Bacteroidota;c__Bacteroidia;o__Bacteroidales;f__Prevotellaceae;g__Alloprevotella;s__	g__Alloprevotella
9ec3e66512d3000293e7763f7d677715	d__Bacteria;p__Bacillota;c__Negativicutes;o__Veillonellales-Selenomonadales;f__Selenomonadaceae;g__Selenomonas;s__	g__Selenomonas
dbb20876b86ee50f82f33992581ed693	d__Bacteria;p__Pseudomonadota;c__Alphaproteobacteria;o__Sphingomonadales;f__Sphingomonadaceae;g__Sphingomonas;s__	g__Sphingomonas
671811da178f6d41e63a88b2fa28e53e	d__Bacteria;p__Pseudomonadota;c__Alphaproteobacteria;o__Hyphomicrobiales;f__Beijerinckiaceae;g__Microvirga;s__	g__Microvirga
7ac8471b0b7280edac576350112a23d3	d__Bacteria;p__Actinomycetota;c__Actinobacteria;o__Micrococcales;f__Micrococcaceae;g__Kocuria;s__	g__Kocuria
c2be5f3891069bf806c1488c553ffbd3	d__Bacteria;p__Bacillota;c__Negativicutes;o__Veillonellales-Selenomonadales;f__Veillonellaceae;g__Veillonella;s__	g__Veillonella
d8ba20e003c4ebf9638ec6186961be0d	d__Bacteria;p__Bacillota;c__Negativicutes;o__Veillonellales-Selenomonadales;f__Selenomonadaceae;g__Selenomonas;s__	g__Selenomonas
7a622b65b33092ef0f6629e7f1d013d6	d__Bacteria;p__Bacteroidota;c__Bacteroidia;o__Bacteroidales;f__Rikenellaceae;g__Rikenellaceae_RC9_gut_group;s__	g__Rikenellaceae_RC9_gut_group
8c4e117b2276d01060dfc0c06c794555	d__Bacteria;p__Bacillota;c__Negativicutes;o__Veillonellales-Selenomonadales;f__Selenomonadaceae;g__Selenomonas;s__	g__Selenomonas
b8879ca846cdb63d66a9d68f006d9918	d__Bacteria;p__Spirochaetota;c__Spirochaetia;o__Spirochaetales;f__Spirochaetaceae;g__Treponema;s__	g__Treponema
b61a59f8f83fbbaabee434a2fcb08aba	d__Bacteria;p__Actinomycetota;c__Coriobacteriia;o__Coriobacteriales;f__Atopobiaceae;g__Olsenella;s__	g__Olsenella
58810cff1cf34ff3f66608f550329637	d__Bacteria;p__Bacteroidota;c__Bacteroidia;o__Flavobacteriales;f__Flavobacteriaceae;g__Capnocytophaga;s__	g__Capnocytophaga
b147d13133583ac867549fdee584d444	d__Bacteria;p__Bacteroidota;c__Bacteroidia;o__Bacteroidales;f__Prevotellaceae;g__Prevotella;s__	g__Prevotella
abb6fddbd59f589ac83a6b4f7cae0e2e	d__Bacteria;p__Pseudomonadota;c__Gammaproteobacteria;o__Burkholderiales;f__Oxalobacteraceae;g__Massilia;s__	g__Massilia
975298c7f8537b66b8fa84622f51820e	d__Bacteria;p__Bacteroidota;c__Bacteroidia;o__Bacteroidales;f__Tannerellaceae;g__Tannerella;s__	g__Tannerella
6fb42159a5368f28e4c7dfc756496611	d__Bacteria;p__Bacteroidota;c__Bacteroidia;o__Bacteroidales;f__Prevotellaceae;g__Prevotella;s__	g__Prevotella
6aaa3f98d96c840ea35f8ca0f74051a4	d__Bacteria;p__Bacillota;c__Negativicutes;o__Veillonellales-Selenomonadales;f__Veillonellaceae;g__Veillonella;s__	g__Veillonella
b9a6d69906d0ef33da4393598b43a4eb	d__Bacteria;p__Actinomycetota;c__Coriobacteriia;o__Coriobacteriales;f__Eggerthellaceae;g__Berryella;s__	g__Berryella
7939d9dac4ab872dd410b7b700b0967e	d__Bacteria;p__Bacteroidota;c__Bacteroidia;o__Bacteroidales;f__Porphyromonadaceae;g__Porphyromonas;s__	g__Porphyromonas
ea49d5e16060a54355df6a227f0570d0	d__Bacteria;p__Fusobacteriota;c__Fusobacteriia;o__Fusobacteriales;f__Fusobacteriaceae;g__Fusobacterium;s__	g__Fusobacterium
569b6fe01ef999fa21fecea560f83886	d__Bacteria;p__Bacteroidota;c__Bacteroidia;o__Chitinophagales;f__Chitinophagaceae;g__Parafilimonas;s__	g__Parafilimonas
03b2370e0cd691d5c832ccc6a436cf5f	d__Bacteria;p__Bacillota;c__Clostridia;o__Oscillospirales;f__Oscillospiraceae;g__Saccharofermentans;s__	g__Saccharofermentans
b19b5a7c6ff933983ace7ba7a0158486	d__Bacteria;p__Actinomycetota;c__Coriobacteriia;o__Coriobacteriales;f__Eggerthellaceae;g__Incertae_Sedis;s__	g__Incertae_Sedis
68721ecd75bd2853a8be16353c59f554	d__Bacteria;p__Bacillota;c__Clostridia;o__Oscillospirales;f__Oscillospiraceae;g__Saccharofermentans;s__	g__Saccharofermentans
2e19ea0677a6d91fffa78e726184753a	d__Bacteria;p__Bacteroidota;c__Bacteroidia;o__Sphingobacteriales;f__NS11-12_marine_group;g__Incertae_Sedis;s__	g__Incertae_Sedis
05e76fc52b6bf37473e78dfd00e51199	d__Bacteria;p__Bacteroidota;c__Bacteroidia;o__Bacteroidales;f__Prevotellaceae;g__Incertae_Sedis;s__	g__Incertae_Sedis
a87aaba0acb3ed492c6832b68db450bf	d__Bacteria;p__Bacteroidota;c__Bacteroidia;o__Cytophagales;f__Spirosomataceae;g__Dyadobacter;s__	g__Dyadobacter
044e4e0755b30f3b6e14bbde59d23d2a	d__Bacteria;p__Bacillota;c__Clostridia;o__Lachnospirales;f__Lachnospiraceae;g__Blautia;s__	g__Blautia
025950b4ac22e45869cea6c4893408d6	d__Bacteria;p__Pseudomonadota;c__Gammaproteobacteria;o__Burkholderiales;f__Neisseriaceae;g__Neisseria;s__	g__Neisseria
a1cbde514562297716fdd2b9dd202d5c	d__Bacteria;p__Pseudomonadota;c__Gammaproteobacteria;o__Burkholderiales;f__Oxalobacteraceae;g__Noviherbaspirillum;s__	g__Noviherbaspirillum
9bcd1137909a5e7b885990c39262c3d8	d__Bacteria;p__Bacteroidota;c__Bacteroidia;o__Bacteroidales;f__Prevotellaceae;g__Prevotella;s__	g__Prevotella
711bc7503ebd62dafe98a60e9b2e89d8	d__Bacteria;p__Bacillota;c__Bacilli;o__Paenibacillales;f__Paenibacillaceae;g__Paenibacillus;s__	g__Paenibacillus
a53b74d60b1c6a3283f208d0273bab25	d__Bacteria;p__Bacillota;c__Negativicutes;o__Veillonellales-Selenomonadales;f__Selenomonadaceae;g__Selenomonas;s__	g__Selenomonas
0c1701b7147162a58d5ab77ce445446e	d__Bacteria;p__Bacteroidota;c__Bacteroidia;o__Bacteroidales;f__Tannerellaceae;g__Tannerella;s__	g__Tannerella
3be7b424ed9839c82c0b9ccbbeb2ab4b	d__Bacteria;p__Bacteroidota;c__Bacteroidia;o__Bacteroidales;f__Prevotellaceae;g__Prevotella;s__	g__Prevotella
8eed99a36bcdbdd6205441c77bacdfa1	d__Bacteria;p__Bacteroidota;c__Bacteroidia;o__Bacteroidales;f__Prevotellaceae;g__Leyella;s__	g__Leyella
52453d2505ef3c678787824034ff0ee7	d__Bacteria;p__Bacillota;c__Negativicutes;o__Veillonellales-Selenomonadales;f__Veillonellaceae;g__Anaeroglobus;s__	g__Anaeroglobus
22fc89af2beb4d8ee92a8fe738396f25	d__Bacteria;p__Bacteroidota;c__Bacteroidia;o__Flavobacteriales;f__Flavobacteriaceae;g__Capnocytophaga;s__	g__Capnocytophaga
579cab8b191ff3dc7411e0d0ecc4df3d	d__Bacteria;p__Bacteroidota;c__Bacteroidia;o__Bacteroidales;f__Prevotellaceae;g__Prevotella;s__	g__Prevotella
908fbb0c0cc681dc6a480471f2462074	d__Bacteria;p__Deinococcota;c__Deinococci;o__Deinococcales;f__Deinococcaceae;g__Deinococcus;s__	g__Deinococcus
056d490b4ff4285a9279919be6d44631	d__Bacteria;p__Bacteroidota;c__Bacteroidia;o__Bacteroidales;f__Prevotellaceae;g__Hoylesella;s__	g__Hoylesella
a91f4db7d10db34397371dba82c36057	d__Bacteria;p__Pseudomonadota;c__Alphaproteobacteria;o__Sphingomonadales;f__Sphingomonadaceae;g__Sphingomonas;s__	g__Sphingomonas
b3980942bf52766f858619107ecdd585	d__Bacteria;p__Pseudomonadota;c__Alphaproteobacteria;o__Hyphomicrobiales;f__Beijerinckiaceae;g__Methylobacterium;s__	g__Methylobacterium
b85e96c49fe2f96a0f45c33fef1310ed	d__Bacteria;p__Pseudomonadota;c__Gammaproteobacteria;o__Burkholderiales;f__Burkholderiaceae;g__Ralstonia;s__	g__Ralstonia
9621e09a8c37fa6972c25cef39cda3b1	d__Bacteria;p__Bacteroidota;c__Bacteroidia;o__Bacteroidales;f__Prevotellaceae;g__Segatella;s__	g__Segatella
0317b1d892018b19f4457821cc5c9e13	d__Bacteria;p__Pseudomonadota;c__Gammaproteobacteria;o__Burkholderiales;f__Comamonadaceae;g__Incertae_Sedis;s__	g__Incertae_Sedis
636421f7932b8ba53b4a5010bb0a28b0	d__Bacteria;p__Pseudomonadota;c__Gammaproteobacteria;o__Pseudomonadales;f__Pseudomonadaceae;g__Pseudomonas;s__	g__Pseudomonas
011a31892212d75932dcfbce03119150	d__Bacteria;p__Bacteroidota;c__Bacteroidia;o__Bacteroidales;f__Prevotellaceae;g__Segatella;s__	g__Segatella
55da644f28a0c33c2884f913c74dc3b7	d__Bacteria;p__Bacteroidota;c__Bacteroidia;o__Bacteroidales;f__Tannerellaceae;g__Tannerella;s__	g__Tannerella
af6ef95d73acab7c51f2eb5dffe144f0	d__Bacteria;p__Fusobacteriota;c__Fusobacteriia;o__Fusobacteriales;f__Leptotrichiaceae;g__Pseudoleptotrichia;s__	g__Pseudoleptotrichia
4df8473b0be4ef1e59f0b0709c586919	d__Bacteria;p__Bacillota;c__Clostridia;o__Oscillospirales;f__Ruminococcaceae;g__Ruthenibacterium;s__	g__Ruthenibacterium
3b86a574174bcb92547aa5c85cb672f1	d__Bacteria;p__Pseudomonadota;c__Gammaproteobacteria;o__Burkholderiales;f__Oxalobacteraceae;g__Massilia;s__	g__Massilia
f5c368dd6adc8a495144c3f765fcf2f1	d__Bacteria;p__Pseudomonadota;c__Alphaproteobacteria;o__Hyphomicrobiales;f__Rhizobiaceae;g__Ensifer;s__	g__Ensifer
f58ab4f672150fe8cb9831e675faf94e	d__Bacteria;p__Bacteroidota;c__Bacteroidia;o__Cytophagales;f__Hymenobacteraceae;g__Pontibacter;s__	g__Pontibacter
c683b7b9547520e3d1cb2485732b9a62	d__Bacteria;p__Bacillota;c__Clostridia;o__Oscillospirales;f__Oscillospiraceae;g__Anaerobacterium;s__	g__Anaerobacterium
44cae38ace30f54ee81cc5c5b2ce47eb	d__Bacteria;p__Bacteroidota;c__Bacteroidia;o__Bacteroidales;f__Rikenellaceae;g__Alistipes;s__	g__Alistipes
f2ce263fce064c991415280b1a552685	d__Bacteria;p__Bacillota;c__Clostridia;o__Peptostreptococcales-Tissierellales;f__Peptostreptococcaceae;g__Peptostreptococcus;s__	g__Peptostreptococcus
31f016ebccf89c5d9e76d3d919f5ca96	d__Bacteria;p__Pseudomonadota;c__Alphaproteobacteria;o__Rhodobacterales;f__Paracoccaceae;g__Paracoccus;s__	g__Paracoccus
079a100cf1dbb291cf7f8897b80d4e4f	d__Bacteria;p__Bacillota;c__Clostridia;o__Peptostreptococcales-Tissierellales;f__Peptostreptococcaceae;g__[Eubacterium]_yurii_group;s__	g__[Eubacterium]_yurii_group
ab0aa46f04501e5fdc14e7a0edf7138e	d__Bacteria;p__Bacillota;c__Clostridia;o__Peptostreptococcales-Tissierellales;f__Peptostreptococcaceae;g__Filifactor;s__	g__Filifactor
d1e48e7a15079057dc3b2fbc768a1688	d__Bacteria;p__Bacteroidota;c__Bacteroidia;o__Bacteroidales;f__Prevotellaceae;g__Hoylesella;s__	g__Hoylesella
bde5f2fe93a892e78ef348914d7f0dd5	d__Bacteria;p__Bacillota;c__Clostridia;o__Peptostreptococcales-Tissierellales;f__Anaerovoracaceae;g__[Eubacterium]_sulci_group;s__	g__[Eubacterium]_sulci_group
5d1a339ce98a22f643c0b23a0310483c	d__Bacteria;p__Pseudomonadota;c__Gammaproteobacteria;o__Pseudomonadales;f__Moraxellaceae;g__Acinetobacter;s__	g__Acinetobacter
37267f2a0e3ee4d807c0dfd03501ebb5	d__Bacteria;p__Fibrobacterota;c__Fibrobacteria;o__Fibrobacterales;f__Fibrobacteraceae;g__Incertae_Sedis;s__	g__Incertae_Sedis
f5e7885f0982343fec3ccbcdbc5f4616	d__Bacteria;p__Patescibacteria;c__Saccharimonadia;o__Saccharimonadales;f__Incertae_Sedis;g__Incertae_Sedis;s__	g__Incertae_Sedis
ac0e71ef18a25cae01a896c8692e283e	d__Bacteria;p__Patescibacteria;c__Saccharimonadia;o__Saccharimonadales;f__Saccharimonadaceae;g__TM7a;s__	g__TM7a
f66d4b5ff61c03d2adf81f339d348406	d__Bacteria;p__Bacteroidota;c__Bacteroidia;o__Bacteroidales;f__Porphyromonadaceae;g__Porphyromonas;s__	g__Porphyromonas
a5c4085ca6b896defe80d2e52c745d55	d__Bacteria;p__Bacillota;c__Bacilli;o__Bacillales;f__Bacillaceae;g__Metabacillus;s__	g__Metabacillus
096e77b2e96523d7b7e9242104471e65	d__Bacteria;p__Pseudomonadota;c__Gammaproteobacteria;o__Pseudomonadales;f__Pseudomonadaceae;g__Pseudomonas;s__	g__Pseudomonas
ef20149574f7f72c1b28e38a6d32068e	d__Bacteria;p__Bacillota;c__Bacilli;o__Bacillales;f__Bacillaceae;g__Bacillus;s__	g__Bacillus
37fc901f4eceb11d0d86b11ca24cddd6	d__Bacteria;p__Fusobacteriota;c__Fusobacteriia;o__Fusobacteriales;f__Leptotrichiaceae;g__Leptotrichia;s__	g__Leptotrichia
9fe9f6a9fd2f2c6926f0777ede834ed5	d__Bacteria;p__Pseudomonadota;c__Gammaproteobacteria;o__Pseudomonadales;f__Marinobacteraceae;g__Marinobacter;s__	g__Marinobacter
b9139693798d28ce4f450ff4646463b9	d__Bacteria;p__Bacillota;c__Clostridia;o__Peptostreptococcales-Tissierellales;f__Anaerovoracaceae;g__Hornefia;s__	g__Hornefia
d9a8133c1c0cba024826069eac5bbf00	d__Bacteria;p__Pseudomonadota;c__Gammaproteobacteria;o__Pseudomonadales;f__Moraxellaceae;g__Acinetobacter;s__	g__Acinetobacter
65aaae822eed9fc7fc833b4bc98a0b88	d__Bacteria;p__Bacillota;c__Clostridia;o__Lachnospirales;f__Lachnospiraceae;g__Fusicatenibacter;s__	g__Fusicatenibacter
d356c0aaf590d5e6669bf7511654b380	d__Bacteria;p__Bacillota;c__Clostridia;o__Lachnospirales;f__Lachnospiraceae;g__Lachnoanaerobaculum;s__	g__Lachnoanaerobaculum
d969ca5d119aec1ff225a1f12c6513b3	d__Bacteria;p__Pseudomonadota;c__Gammaproteobacteria;o__Pseudomonadales;f__Pseudomonadaceae;g__Pseudomonas;s__	g__Pseudomonas
49cedf078fb6817d33496c4523bdf528	d__Bacteria;p__Bacteroidota;c__Bacteroidia;o__Bacteroidales;f__Bacteroidaceae;g__Bacteroides;s__	g__Bacteroides
d6a69ded6f142fd48126e99a81ec8a45	d__Bacteria;p__Bacillota;c__Clostridia;o__Peptostreptococcales-Tissierellales;f__Peptostreptococcaceae;g__Incertae_Sedis;s__	g__Incertae_Sedis
e655845f5f4ce1633524c0c9a0b15927	d__Bacteria;p__Bacillota;c__Clostridia;o__Lachnospirales;f__Lachnospiraceae;g__Lachnospira;s__	g__Lachnospira
1a00ce3e5063973b359dfa3f3a31629a	d__Bacteria;p__Bacteroidota;c__Bacteroidia;o__Bacteroidales;f__Prevotellaceae;g__Segatella;s__	g__Segatella
0700b7f158c822737fdab28f9a1e4b53	d__Bacteria;p__Bacillota;c__Clostridia;o__Oscillospirales;f__Ruminococcaceae;g__Faecalibacterium;s__	g__Faecalibacterium
38b5f6e9fc3e16eefee690978d6d28bb	d__Bacteria;p__Bacillota;c__Bacilli;o__Lactobacillales;f__Carnobacteriaceae;g__Alloiococcus;s__	g__Alloiococcus
c187f63a9ca660e5a7a753ed1671a9de	d__Bacteria;p__Bacteroidota;c__Bacteroidia;o__Bacteroidales;f__Prevotellaceae;g__Prevotella;s__	g__Prevotella
2581aff2db531b9ab7cf5babd544f309	d__Bacteria;p__Chloroflexota;c__Anaerolineae;o__Anaerolineales;f__Anaerolineaceae;g__Anaerolinea;s__	g__Anaerolinea
085d64e2a0bb2b3c69d185c018381941	d__Bacteria;p__Bacillota;c__Bacilli;o__Staphylococcales;f__Staphylococcaceae;g__Staphylococcus;s__	g__Staphylococcus
9f5697b1a209d51947bc18ce43898742	d__Bacteria;p__Bacteroidota;c__Bacteroidia;o__Sphingobacteriales;f__Lentimicrobiaceae;g__Lentimicrobium;s__	g__Lentimicrobium
ae68031c565ab7041d467d7e4c249b92	d__Bacteria;p__Bacteroidota;c__Bacteroidia;o__Bacteroidales;f__Prevotellaceae;g__Hoylesella;s__	g__Hoylesella
a511a2b6fdfa05f71f1951a54bd3f2be	d__Bacteria;p__Bacteroidota;c__Bacteroidia;o__Bacteroidales;f__Prevotellaceae;g__Leyella;s__	g__Leyella
e323c5b610ff74e56cce67fb9c14e5a5	d__Bacteria;p__Bacillota;c__Negativicutes;o__Veillonellales-Selenomonadales;f__Selenomonadaceae;g__Selenomonas;s__	g__Selenomonas
b975acbca03c6a512cbf4e537324f711	d__Bacteria;p__Bacillota;c__Negativicutes;o__Veillonellales-Selenomonadales;f__Selenomonadaceae;g__Selenomonas;s__	g__Selenomonas
767b1c3ce5f034da4fa29cc53d7782d5	d__Bacteria;p__Fusobacteriota;c__Fusobacteriia;o__Fusobacteriales;f__Leptotrichiaceae;g__Leptotrichia;s__	g__Leptotrichia
3c0e722823d9b7e302dc2e6c9dc3c17d	d__Bacteria;p__Pseudomonadota;c__Gammaproteobacteria;o__Cardiobacteriales;f__Cardiobacteriaceae;g__Cardiobacterium;s__	g__Cardiobacterium
8c463d557bc0e0a0969ce062512848aa	d__Bacteria;p__Bacillota;c__Clostridia;o__Lachnospirales;f__Lachnospiraceae;g__Stomatobaculum;s__	g__Stomatobaculum
1e9350bcd60e2f95bb60704ab669d5e6	d__Bacteria;p__Pseudomonadota;c__Gammaproteobacteria;o__Burkholderiales;f__Oxalobacteraceae;g__Massilia;s__	g__Massilia
65225cc455d4d6e207b062b02047e2d3	d__Bacteria;p__Bacteroidota;c__Bacteroidia;o__Bacteroidales;f__Prevotellaceae;g__Incertae_Sedis;s__	g__Incertae_Sedis
c25753957566efda0717ac002a2d084b	d__Bacteria;p__Pseudomonadota;c__Gammaproteobacteria;o__Pseudomonadales;f__Moraxellaceae;g__Acinetobacter;s__	g__Acinetobacter
de484a66f0e4f22154023d6c45772b31	d__Bacteria;p__Actinomycetota;c__Coriobacteriia;o__Coriobacteriales;f__Atopobiaceae;g__Olsenella;s__	g__Olsenella
bac28dee1014d8234136eff6085cb1bb	d__Bacteria;p__Spirochaetota;c__Spirochaetia;o__Spirochaetales;f__Spirochaetaceae;g__Treponema;s__	g__Treponema
d0c9a9fddc4927cd7cc9af59b95cf37f	d__Bacteria;p__Bacillota;c__Negativicutes;o__Veillonellales-Selenomonadales;f__Selenomonadaceae;g__Selenomonas;s__	g__Selenomonas
93190ec746163f3e5fb70c3d4c372578	d__Bacteria;p__Actinomycetota;c__Actinobacteria;o__Propionibacteriales;f__Propionibacteriaceae;g__Tessaracoccus;s__	g__Tessaracoccus
2d70f615ff47dd8637a1607f1b85462f	d__Bacteria;p__Patescibacteria;c__Saccharimonadia;o__Saccharimonadales;f__Incertae_Sedis;g__Incertae_Sedis;s__	g__Incertae_Sedis
c7e595adf219fa0822ce7cc63162cdd2	d__Bacteria;p__Bdellovibrionota;c__Bacteriovoracia;o__Bacteriovoracales;f__Bacteriovoracaceae;g__Bacteriovorax;s__	g__Bacteriovorax
c972f777724352347841870477f36f87	d__Bacteria;p__Pseudomonadota;c__Alphaproteobacteria;o__Acetobacterales;f__Acetobacteraceae;g__Muricoccus;s__	g__Muricoccus
94a9ad015e873003db806194742ca1d3	d__Bacteria;p__Bdellovibrionota;c__Oligoflexia;o__Oligoflexales;f__Oligoflexaceae;g__Incertae_Sedis;s__	g__Incertae_Sedis
bca00c2aa7ae9dc45938a80ac31c4464	d__Bacteria;p__Actinomycetota;c__Actinobacteria;o__Mycobacteriales;f__Corynebacteriaceae;g__Corynebacterium;s__	g__Corynebacterium
65e255616a8da11f407e48fe7705b17e	d__Bacteria;p__Pseudomonadota;c__Gammaproteobacteria;o__Pseudomonadales;f__Moraxellaceae;g__Acinetobacter;s__	g__Acinetobacter
2e32c8058f2193e526f9c3e783fd97b3	d__Bacteria;p__Bacteroidota;c__Bacteroidia;o__Bacteroidales;f__Prevotellaceae;g__Segatella;s__	g__Segatella
69fca45e051cc6782e134ee424aa8c5e	d__Bacteria;p__Actinomycetota;c__Actinobacteria;o__Actinomycetales;f__Actinomycetaceae;g__Actinomyces;s__	g__Actinomyces
7bfc1ca3620a668110827bda22a1fd0f	d__Bacteria;p__Pseudomonadota;c__Gammaproteobacteria;o__Pseudomonadales;f__Moraxellaceae;g__Acinetobacter;s__	g__Acinetobacter
a851a5e0f2986c044ad5be35cbb563c5	d__Bacteria;p__Actinomycetota;c__Actinobacteria;o__Micrococcales;f__Dermabacteraceae;g__Brachybacterium;s__	g__Brachybacterium
6fe63341dd94ebd9bf1b738b220e3fad	d__Bacteria;p__Pseudomonadota;c__Gammaproteobacteria;o__Pseudomonadales;f__Cellvibrionaceae;g__Cellvibrio;s__	g__Cellvibrio
233ceeefc840583385cf60b25e70854e	d__Bacteria;p__Bacteroidota;c__Bacteroidia;o__Bacteroidales;f__Prevotellaceae;g__Incertae_Sedis;s__	g__Incertae_Sedis
6bd66d32e93586d33d2e1577e14115e0	d__Bacteria;p__Bacillota;c__Negativicutes;o__Veillonellales-Selenomonadales;f__Selenomonadaceae;g__Selenomonas;s__	g__Selenomonas
7973a3f5fd6832a77cb94eff0c92f897	d__Bacteria;p__Pseudomonadota;c__Gammaproteobacteria;o__Enterobacterales;f__Succinivibrionaceae;g__Succinivibrio;s__	g__Succinivibrio
6acae899f3f6294ddbd0bbe9c8bbf655	d__Bacteria;p__Pseudomonadota;c__Gammaproteobacteria;o__Gammaproteobacteria_Incertae_Sedis;f__Unknown_Family;g__Acidibacter;s__	g__Acidibacter
de0844f89c1ea01e2217a56d3a6dd3a9	d__Bacteria;p__Fusobacteriota;c__Fusobacteriia;o__Fusobacteriales;f__Fusobacteriaceae;g__Fusobacterium;s__	g__Fusobacterium
c4b6442e9f8c3685c58597b27d3e0f12	d__Bacteria;p__Campylobacterota;c__Campylobacteria;o__Campylobacterales;f__Campylobacteraceae;g__Campylobacter;s__	g__Campylobacter
cbc9300e6c14082f9f94b3057976a95b	d__Bacteria;p__Bacteroidota;c__Bacteroidia;o__Bacteroidales;f__Bacteroidaceae;g__Bacteroides;s__	g__Bacteroides
1d2440fb7cd1d8e49d6006bcd320dd42	d__Bacteria;p__Fusobacteriota;c__Fusobacteriia;o__Fusobacteriales;f__Leptotrichiaceae;g__Leptotrichia;s__	g__Leptotrichia
8c19f08f57b6bc6dd429e2a962ea2848	d__Bacteria;p__Pseudomonadota;c__Gammaproteobacteria;o__Burkholderiales;f__Sutterellaceae;g__Sutterella;s__	g__Sutterella
9facd1b8a91df00550f8d1a76910062c	d__Bacteria;p__Bacteroidota;c__Bacteroidia;o__Flavobacteriales;f__Flavobacteriaceae;g__Capnocytophaga;s__	g__Capnocytophaga
90e35e0a871ff6e393cee3af7f1db3a8	d__Bacteria;p__Pseudomonadota;c__Gammaproteobacteria;o__Burkholderiales;f__Oxalobacteraceae;g__Noviherbaspirillum;s__	g__Noviherbaspirillum
80167284aef1902e70a70d85b67a6293	d__Bacteria;p__Actinomycetota;c__Actinobacteria;o__Mycobacteriales;f__Corynebacteriaceae;g__Corynebacterium;s__	g__Corynebacterium
f3dfd8d4c7a4976225ae1a28ca2a0872	d__Bacteria;p__Pseudomonadota;c__Gammaproteobacteria;o__Enterobacterales;f__Yersiniaceae;g__Serratia;s__	g__Serratia
b1a518e301aec241272e2f49b7267d7b	d__Bacteria;p__Bacteroidota;c__Bacteroidia;o__Bacteroidales;f__Prevotellaceae;g__Hoylesella;s__	g__Hoylesella
8996c4c26b94fc6601fcde27aa0ed060	d__Bacteria;p__Pseudomonadota;c__Gammaproteobacteria;o__Pseudomonadales;f__Moraxellaceae;g__Acinetobacter;s__	g__Acinetobacter
e4e8895f5cfc884410a241738a3d2f15	d__Bacteria;p__Bacillota;c__Negativicutes;o__Veillonellales-Selenomonadales;f__Selenomonadaceae;g__Selenomonas;s__	g__Selenomonas
c8ea041e834c3f2414b76ec80658e9a3	d__Bacteria;p__Fusobacteriota;c__Fusobacteriia;o__Fusobacteriales;f__Fusobacteriaceae;g__Fusobacterium;s__	g__Fusobacterium
68f30b76d5f094a5037baaff3c9affc6	d__Bacteria;p__Bacillota;c__Bacilli;o__Erysipelotrichales;f__Erysipelotrichaceae;g__Erysipelothrix;s__	g__Erysipelothrix
017436fd80e76ba48a329e6c2201c33c	d__Bacteria;p__Actinomycetota;c__Actinobacteria;o__Micrococcales;f__Intrasporangiaceae;g__Tetrasphaera;s__	g__Tetrasphaera
0a648fbcf136b960dd2f59277d7a2139	d__Bacteria;p__Actinomycetota;c__Actinobacteria;o__Propionibacteriales;f__Nocardioidaceae;g__Nocardioides;s__	g__Nocardioides
6c2c9c75dd4e860af9301423ec80553e	d__Bacteria;p__Gemmatimonadota;c__Gemmatimonadia;o__Gemmatimonadales;f__Gemmatimonadaceae;g__Incertae_Sedis;s__	g__Incertae_Sedis
7c7c6d1b7e9893295fcd5361e0d08bde	d__Bacteria;p__Bacteroidota;c__Bacteroidia;o__Bacteroidales;f__Prevotellaceae;g__Hoylesella;s__	g__Hoylesella
749e103773198f12a1bb342d8d291264	d__Bacteria;p__Fusobacteriota;c__Fusobacteriia;o__Fusobacteriales;f__Fusobacteriaceae;g__Fusobacterium;s__	g__Fusobacterium
f8230641be2dc0d2f3bf6dcb59110da6	d__Bacteria;p__Bacillota;c__Negativicutes;o__Veillonellales-Selenomonadales;f__Veillonellaceae;g__Veillonella;s__	g__Veillonella
8d1b78c94c1f22cd7aa18b9038820d97	d__Bacteria;p__Bacillota;c__Clostridia;o__Lachnospirales;f__Lachnospiraceae;g__Blautia;s__	g__Blautia
d6fafa64e2804ee04535806c8ae1f617	d__Bacteria;p__Pseudomonadota;c__Gammaproteobacteria;o__Burkholderiales;f__Neisseriaceae;g__Neisseria;s__	g__Neisseria
7aeb10336505cfd259a9b97870858731	d__Bacteria;p__Bacillota;c__Negativicutes;o__Veillonellales-Selenomonadales;f__Selenomonadaceae;g__Selenomonas;s__	g__Selenomonas
2e05908ad413ffc3d4fd53c84bb0a6c4	d__Bacteria;p__Actinomycetota;c__Actinobacteria;o__Micrococcales;f__Micrococcaceae;g__Micrococcus;s__	g__Micrococcus
bb6e93190e4f4232c668bc9a3584e9b6	d__Bacteria;p__Bacillota;c__Negativicutes;o__Veillonellales-Selenomonadales;f__Selenomonadaceae;g__Selenomonas;s__	g__Selenomonas
73948298cf051918646e7c2261402967	d__Bacteria;p__Bacillota;c__Clostridia;o__Peptostreptococcales-Tissierellales;f__Anaerovoracaceae;g__[Eubacterium]_sulci_group;s__	g__[Eubacterium]_sulci_group
b58bda8b274214060c5cff0a4189bac3	d__Bacteria;p__Bacteroidota;c__Bacteroidia;o__Bacteroidales;f__Prevotellaceae;g__Segatella;s__	g__Segatella
20c5154684cdad58eb89305ab898a3c0	d__Bacteria;p__Actinomycetota;c__Actinobacteria;o__Micrococcales;f__Micrococcaceae;g__Paenarthrobacter;s__	g__Paenarthrobacter
afdbbc1e2d80b4d765927d0c5c29f143	d__Bacteria;p__Pseudomonadota;c__Gammaproteobacteria;o__Burkholderiales;f__Neisseriaceae;g__Neisseria;s__	g__Neisseria
b1c38dcd144f8630e96f894529906d0b	d__Bacteria;p__Actinomycetota;c__Actinobacteria;o__Mycobacteriales;f__Corynebacteriaceae;g__Corynebacterium;s__	g__Corynebacterium
6d5330a649956417e73db40d135df544	d__Bacteria;p__Pseudomonadota;c__Alphaproteobacteria;o__Hyphomicrobiales;f__Beijerinckiaceae;g__Microvirga;s__	g__Microvirga
01a56ff238cb277f17c389b4761a8b1a	d__Bacteria;p__Bacteroidota;c__Bacteroidia;o__Bacteroidales;f__Tannerellaceae;g__Tannerella;s__	g__Tannerella
71be9ff8a2b04b34c59ed87b7bbe2389	d__Bacteria;p__Spirochaetota;c__Spirochaetia;o__Spirochaetales;f__Spirochaetaceae;g__Treponema;s__	g__Treponema
e16b0ad62336ebf223864c050dea69f1	d__Bacteria;p__Bacteroidota;c__Bacteroidia;o__Bacteroidales;f__Prevotellaceae;g__Hoylesella;s__	g__Hoylesella
c09cb919c1434d35d7c88a84a8ef6214	d__Bacteria;p__Bacteroidota;c__Bacteroidia;o__Flavobacteriales;f__Weeksellaceae;g__Chryseobacterium;s__	g__Chryseobacterium
1cd0288eb29dda0ef9c5afa4965d33c1	d__Bacteria;p__Pseudomonadota;c__Gammaproteobacteria;o__Burkholderiales;f__Oxalobacteraceae;g__Massilia;s__	g__Massilia
60224facc3d1d6a7a6eb0405ddff0969	d__Bacteria;p__Bacillota;c__Clostridia;o__Lachnospirales;f__Lachnospiraceae;g__Lachnoanaerobaculum;s__	g__Lachnoanaerobaculum
ea53aad6e8a9e4e04d1ac6e85f63ca0f	d__Bacteria;p__Bacteroidota;c__Bacteroidia;o__Flavobacteriales;f__Weeksellaceae;g__Bergeyella;s__	g__Bergeyella
00b51e19161dc72d942293803e93b859	d__Bacteria;p__Pseudomonadota;c__Gammaproteobacteria;o__Burkholderiales;f__Neisseriaceae;g__Neisseria;s__	g__Neisseria
bafaf89c7a21081390f14cec40612836	d__Bacteria;p__Bacillota;c__Bacilli;o__Staphylococcales;f__Gemellaceae;g__Gemella;s__	g__Gemella
4b6a562700ef4eddcf0481771d1ecdf8	d__Bacteria;p__Actinomycetota;c__Coriobacteriia;o__Coriobacteriales;f__Atopobiaceae;g__Olsenella;s__	g__Olsenella
563ec9ccbfaf7608f40f12a11548ded4	d__Bacteria;p__Candidatus_Kapabacteria;c__Kapabacteria;o__Kapabacteriales;f__Incertae_Sedis;g__Incertae_Sedis;s__	g__Incertae_Sedis
aa837bc365940b3942c7ff6b44c833b3	d__Bacteria;p__Myxococcota;c__Polyangiia;o__Polyangiales;f__Phaselicystaceae;g__Phaselicystis;s__	g__Phaselicystis
9d66c83a6b14a1b828d01170261e9e69	d__Bacteria;p__Bacteroidota;c__Bacteroidia;o__Sphingobacteriales;f__Sphingobacteriaceae;g__Solitalea;s__	g__Solitalea
2731028274f5ab84aaefccbae1395960	d__Bacteria;p__Pseudomonadota;c__Alphaproteobacteria;o__Rhodobacterales;f__Paracoccaceae;g__Paracoccus;s__	g__Paracoccus
338ea66069a3f2159b677a69e76d4eec	d__Bacteria;p__Bacteroidota;c__Bacteroidia;o__Bacteroidales;f__Prevotellaceae;g__Prevotella;s__	g__Prevotella
8de7c4967b721d1edcee196994dd353d	d__Bacteria;p__Pseudomonadota;c__Gammaproteobacteria;o__Enterobacterales;f__Pasteurellaceae;g__Haemophilus;s__	g__Haemophilus
f92f985f01eec69d031ec8f51ea1f205	d__Bacteria;p__Cyanobacteriota;c__Cyanobacteriia;o__Cyanobacteriales;f__Chroococcidiopsaceae;g__Chroococcidiopsis_PCC_7203;s__	g__Chroococcidiopsis_PCC_7203
f68271ce9d0e69c2e81ad562a3249369	d__Bacteria;p__Pseudomonadota;c__Gammaproteobacteria;o__Burkholderiales;f__Burkholderiaceae;g__Lautropia;s__	g__Lautropia
730fc39b8289b43065b3f62f36f153c3	d__Bacteria;p__Bacteroidota;c__Bacteroidia;o__Bacteroidales;f__Porphyromonadaceae;g__Porphyromonas;s__	g__Porphyromonas
9e484549450b321dae42edccca1ba374	d__Bacteria;p__Bacteroidota;c__Bacteroidia;o__Sphingobacteriales;f__Lentimicrobiaceae;g__Lentimicrobium;s__	g__Lentimicrobium
f94d17d109e2a3785c86c384d87df418	d__Bacteria;p__Pseudomonadota;c__Alphaproteobacteria;o__Rhodobacterales;f__Paracoccaceae;g__Paracoccus;s__	g__Paracoccus
2fcefc426e6e3775b395a96c9fd945be	d__Bacteria;p__Bacteroidota;c__Bacteroidia;o__Bacteroidales;f__Prevotellaceae;g__Incertae_Sedis;s__	g__Incertae_Sedis
0470a8ed337e8da90658a8bc6ef3d88c	d__Bacteria;p__Bacteroidota;c__Bacteroidia;o__Bacteroidales;f__Prevotellaceae;g__Segatella;s__	g__Segatella
1ac7e2545a48e580d1f52e83561d0051	d__Bacteria;p__Bacillota;c__Bacilli;o__Paenibacillales;f__Paenibacillaceae;g__Cohnella;s__	g__Cohnella
79198f8443152b6bfd349c21180e02ea	d__Bacteria;p__Bacillota;c__Clostridia;o__Lachnospirales;f__Lachnospiraceae;g__Incertae_Sedis;s__	g__Incertae_Sedis
731d4396af7e6c95b571bb87df349a27	d__Bacteria;p__Pseudomonadota;c__Gammaproteobacteria;o__Burkholderiales;f__Rhodocyclaceae;g__Propionivibrio;s__	g__Propionivibrio
5851fa97dae84a9d5e34c5bc1e4fd59a	d__Bacteria;p__Fusobacteriota;c__Fusobacteriia;o__Fusobacteriales;f__Leptotrichiaceae;g__Leptotrichia;s__	g__Leptotrichia
0d7f248a0b535cc42d0f9ce0a8ff4032	d__Bacteria;p__Bacillota;c__Negativicutes;o__Veillonellales-Selenomonadales;f__Veillonellaceae;g__Megasphaera;s__	g__Megasphaera
6d0bd79b667c3a5eff015fe4a7c7a246	d__Bacteria;p__Bacteroidota;c__Bacteroidia;o__Cytophagales;f__Hymenobacteraceae;g__Pontibacter;s__	g__Pontibacter
1b567dcf84ce09adb8aa7ba63f14a72b	d__Bacteria;p__Spirochaetota;c__Spirochaetia;o__Spirochaetales;f__Spirochaetaceae;g__Treponema;s__	g__Treponema
a2b5095c61714ae2b145148dd22b039d	d__Bacteria;p__Actinomycetota;c__Actinobacteria;o__Actinomycetales;f__Actinomycetaceae;g__Actinomyces;s__	g__Actinomyces
30f7cba6eb64747f90515f3dc5406dab	d__Bacteria;p__Pseudomonadota;c__Gammaproteobacteria;o__Pseudomonadales;f__Pseudomonadaceae;g__Pseudomonas;s__	g__Pseudomonas
7a5b875cf99ddb93b84ed03d5105530d	d__Bacteria;p__Pseudomonadota;c__Gammaproteobacteria;o__Enterobacterales;f__Enterobacteriaceae;g__Enterobacter;s__	g__Enterobacter
3257703d3675085a9350865bdc0c8dae	d__Bacteria;p__Actinomycetota;c__Coriobacteriia;o__Coriobacteriales;f__Coriobacteriaceae;g__Collinsella;s__	g__Collinsella
5efe6c5b9e3b9ab608285d0a2b507d74	d__Bacteria;p__Actinomycetota;c__Actinobacteria;o__Micrococcales;f__Micrococcaceae;g__Kocuria;s__	g__Kocuria
ae72b754e11b2f68fc48f50145fc5f06	d__Bacteria;p__Actinomycetota;c__Actinobacteria;o__Micrococcales;f__Intrasporangiaceae;g__Ornithinimicrobium;s__	g__Ornithinimicrobium
6f65f45969125fdf9c247017b275ba9b	d__Bacteria;p__Bacillota;c__Negativicutes;o__Veillonellales-Selenomonadales;f__Selenomonadaceae;g__Selenomonas;s__	g__Selenomonas
2c02306f2c27ac74348849fb939fb343	d__Bacteria;p__Pseudomonadota;c__Alphaproteobacteria;o__Sphingomonadales;f__Sphingomonadaceae;g__Altererythrobacter;s__	g__Altererythrobacter
b9cfd9acda12081822e56b7106ce22a7	d__Bacteria;p__Pseudomonadota;c__Gammaproteobacteria;o__Lysobacterales;f__Lysobacteraceae;g__Thermomonas;s__	g__Thermomonas
a7b61cf702dc1543db937da2dbc5609c	d__Bacteria;p__Pseudomonadota;c__Gammaproteobacteria;o__Lysobacterales;f__Lysobacteraceae;g__Thermomonas;s__	g__Thermomonas
41c9d6d0e0b3cdd7f0f1c614a24f12f8	d__Bacteria;p__Pseudomonadota;c__Gammaproteobacteria;o__Burkholderiales;f__Burkholderiaceae;g__Burkholderia-Caballeronia-Paraburkholderia;s__	g__Burkholderia-Caballeronia-Paraburkholderia
9867e2d7156406eaf851513cab96965f	d__Bacteria;p__Pseudomonadota;c__Gammaproteobacteria;o__Burkholderiales;f__Comamonadaceae;g__Acidovorax;s__	g__Acidovorax
66bcd4b871ee9ff0e8c0e0b51ee83f6a	d__Bacteria;p__Bacteroidota;c__Bacteroidia;o__Flavobacteriales;f__Weeksellaceae;g__Bergeyella;s__	g__Bergeyella
9206035779af4f75f7c4fc259c450626	d__Bacteria;p__Bacillota;c__Clostridia;o__Peptostreptococcales-Tissierellales;f__Anaerovoracaceae;g__[Eubacterium]_brachy_group;s__	g__[Eubacterium]_brachy_group
e20e5df07f21114f855b3ee715ef215b	d__Bacteria;p__Verrucomicrobiota;c__Verrucomicrobiia;o__Verrucomicrobiales;f__Verrucomicrobiaceae;g__Prosthecobacter;s__	g__Prosthecobacter
c4899a39b6ce514160986743126a3807	d__Bacteria;p__Pseudomonadota;c__Gammaproteobacteria;o__Burkholderiales;f__Neisseriaceae;g__Neisseria;s__	g__Neisseria
5c09cc7e0218208d22ab3b22141e63c7	d__Bacteria;p__Pseudomonadota;c__Alphaproteobacteria;o__Sphingomonadales;f__Sphingomonadaceae;g__Novosphingobium;s__	g__Novosphingobium
5919d3b56650185615c0b8c4526e42ee	d__Bacteria;p__Bacteroidota;c__Bacteroidia;o__Flavobacteriales;f__Weeksellaceae;g__Cloacibacterium;s__	g__Cloacibacterium
7dfa59dbed1d3d94d0d35611301ac0a0	d__Bacteria;p__Actinomycetota;c__Actinobacteria;o__Micrococcales;f__Micrococcaceae;g__Micrococcus;s__	g__Micrococcus
229cab52aa933beccebf78781133e3e2	d__Bacteria;p__Fusobacteriota;c__Fusobacteriia;o__Fusobacteriales;f__Leptotrichiaceae;g__Pseudoleptotrichia;s__	g__Pseudoleptotrichia
6d346fc428defb5b54e066af3f3334ca	d__Bacteria;p__Bacillota;c__Negativicutes;o__Veillonellales-Selenomonadales;f__Selenomonadaceae;g__Selenomonas;s__	g__Selenomonas
161852777bc591cabe21d000e9e73e43	d__Bacteria;p__Spirochaetota;c__Spirochaetia;o__Spirochaetales;f__Spirochaetaceae;g__Treponema;s__	g__Treponema
a5aa932ca98dc3597de3bd8f64c95fd8	d__Bacteria;p__Bacillota;c__Negativicutes;o__Veillonellales-Selenomonadales;f__Selenomonadaceae;g__Selenomonas;s__	g__Selenomonas
36c0db2af6d0c250bf6ef2bff30e8935	d__Bacteria;p__Bacillota;c__Bacilli;o__Bacillales;f__Bacillaceae;g__Neobacillus;s__	g__Neobacillus
b1c2820b8603a43c126b6228fb268bdf	d__Bacteria;p__Bacillota;c__Bacilli;o__Lactobacillales;f__Streptococcaceae;g__Streptococcus;s__	g__Streptococcus
5d0820c2a63426606b762c638adc7640	d__Bacteria;p__Pseudomonadota;c__Alphaproteobacteria;o__Caulobacterales;f__Caulobacteraceae;g__Brevundimonas;s__	g__Brevundimonas
5cdfa441a4a7dca0e1c19faac5ab13e1	d__Bacteria;p__Fusobacteriota;c__Fusobacteriia;o__Fusobacteriales;f__Fusobacteriaceae;g__Fusobacterium;s__	g__Fusobacterium
5f912412ac4fd76b61e086d68b4ff3bd	d__Bacteria;p__Actinomycetota;c__Coriobacteriia;o__Coriobacteriales;f__Atopobiaceae;g__Lancefieldella;s__	g__Lancefieldella
556ce1c0cadee8bd53f90e5b880e8c3f	d__Bacteria;p__Bacillota;c__Bacilli;o__Bacillales;f__Marinococcaceae;g__Marinococcus;s__	g__Marinococcus
9dea0f8494047e753de48bb91eb845ee	d__Bacteria;p__Spirochaetota;c__Spirochaetia;o__Spirochaetales;f__Spirochaetaceae;g__Treponema;s__	g__Treponema
5f24565738863a0a741d999d61b2b9be	d__Bacteria;p__Bacteroidota;c__Bacteroidia;o__Bacteroidales;f__Prevotellaceae;g__Alloprevotella;s__	g__Alloprevotella
389295544083e24f7e9fd346f4558914	d__Bacteria;p__Pseudomonadota;c__Gammaproteobacteria;o__Burkholderiales;f__Oxalobacteraceae;g__Incertae_Sedis;s__	g__Incertae_Sedis
d3d16ce609ab2b1c1d64bbc4b80b9260	d__Bacteria;p__Pseudomonadota;c__Gammaproteobacteria;o__Lysobacterales;f__Lysobacteraceae;g__Stenotrophomonas;s__	g__Stenotrophomonas
05406b0c387b2539287c241da3f9d7df	d__Bacteria;p__Pseudomonadota;c__Gammaproteobacteria;o__Burkholderiales;f__Neisseriaceae;g__Kingella;s__	g__Kingella
cac801a418d7fec65331b374a8a1f73b	d__Bacteria;p__Pseudomonadota;c__Alphaproteobacteria;o__Hyphomicrobiales;f__Rhizobiaceae;g__Agrobacterium;s__	g__Agrobacterium
f626c73ab42b587511b4847c1081b959	d__Bacteria;p__Bacillota;c__Bacilli;o__Bacillales;f__Bacillaceae;g__Metabacillus;s__	g__Metabacillus
4fd21f9c74eb6224ee91a393bf884506	d__Bacteria;p__Bacillota;c__Clostridia;o__Lachnospirales;f__Lachnospiraceae;g__Butyrivibrio;s__	g__Butyrivibrio
1d122958ee96131b014bbe0fecba81b1	d__Bacteria;p__Actinomycetota;c__Actinobacteria;o__Actinomycetales;f__Actinomycetaceae;g__Schaalia;s__	g__Schaalia
fc2f96e81962a3982ffe7834923915e7	d__Bacteria;p__Bacteroidota;c__Bacteroidia;o__Sphingobacteriales;f__Sphingobacteriaceae;g__Sphingobacterium;s__	g__Sphingobacterium
2a1688e77bb42eb053df29a76c8e5948	d__Bacteria;p__Actinomycetota;c__Coriobacteriia;o__Coriobacteriales;f__Eggerthellaceae;g__Eggerthella;s__	g__Eggerthella
4a28aa4ce789c68007b67e306ffd6fbf	d__Bacteria;p__Fusobacteriota;c__Fusobacteriia;o__Fusobacteriales;f__Fusobacteriaceae;g__Fusobacterium;s__	g__Fusobacterium
f76441c4affbd87e528d4f99cd7d272e	d__Bacteria;p__Bacillota;c__Bacilli;o__Paenibacillales;f__Paenibacillaceae;g__Paenibacillus;s__	g__Paenibacillus
29bceea50c13495d4a4e2e36662ee9ab	d__Bacteria;p__Bacteroidota;c__Bacteroidia;o__Bacteroidales;f__Prevotellaceae;g__Hoylesella;s__	g__Hoylesella
38484c188bfff9dc2463327ec3f2e289	d__Bacteria;p__Pseudomonadota;c__Alphaproteobacteria;o__Caulobacterales;f__Caulobacteraceae;g__Brevundimonas;s__	g__Brevundimonas
0776b6db956ef0b27d49f450429bcb78	d__Bacteria;p__Bacteroidota;c__Bacteroidia;o__Sphingobacteriales;f__Sphingobacteriaceae;g__Arcticibacter;s__	g__Arcticibacter
7da48835cacd7ec4bb0edff18a345a10	d__Bacteria;p__Actinomycetota;c__Actinobacteria;o__Actinomycetales;f__Actinomycetaceae;g__Schaalia;s__	g__Schaalia
b394a26cc28bf62adab9b4c24e54588a	d__Bacteria;p__Bacteroidota;c__Bacteroidia;o__Bacteroidales;f__Prevotellaceae;g__Prevotella;s__	g__Prevotella
9f1958e23ac0d10e7c7c12e326d49a3e	d__Bacteria;p__Bacillota;c__Bacilli;o__Staphylococcales;f__Gemellaceae;g__Gemella;s__	g__Gemella
9be94d39a6e966461575e54bf4d02b78	d__Bacteria;p__Pseudomonadota;c__Gammaproteobacteria;o__Lysobacterales;f__Lysobacteraceae;g__Lysobacter;s__	g__Lysobacter
dd74c6864cbeca582e78cd8c1c893ca7	d__Bacteria;p__Verrucomicrobiota;c__Verrucomicrobiia;o__Opitutales;f__Opitutaceae;g__Oleiharenicola;s__	g__Oleiharenicola
b76f977e74926fc9b83bc99a96742a07	d__Bacteria;p__Bacillota;c__Clostridia;o__Lachnospirales;f__Lachnospiraceae;g__Butyrivibrio;s__	g__Butyrivibrio
9d42a4f2ca5487f13273c48f5ba2f277	d__Bacteria;p__Pseudomonadota;c__Gammaproteobacteria;o__Pseudomonadales;f__Moraxellaceae;g__Incertae_Sedis;s__	g__Incertae_Sedis
6e0693201bd616d5015938bfdd720086	d__Bacteria;p__Pseudomonadota;c__Gammaproteobacteria;o__Lysobacterales;f__Lysobacteraceae;g__Thermomonas;s__	g__Thermomonas
a4cd1764f2cc62ff6a66d13a87ecc453	d__Bacteria;p__Bacillota;c__Bacilli;o__RF39;f__Incertae_Sedis;g__Incertae_Sedis;s__	g__Incertae_Sedis
dca330f09968dc99e7e558a885ff3f77	d__Bacteria;p__Patescibacteria;c__Saccharimonadia;o__Saccharimonadales;f__Incertae_Sedis;g__Incertae_Sedis;s__	g__Incertae_Sedis
8799ac18662d3a5fb69ec981ca1ad0bd	d__Bacteria;p__Pseudomonadota;c__Gammaproteobacteria;o__Burkholderiales;f__Burkholderiaceae;g__Cupriavidus;s__	g__Cupriavidus
a6e576fd7d883cf242a1a0f88d27539c	d__Bacteria;p__Pseudomonadota;c__Gammaproteobacteria;o__Burkholderiales;f__Rhodocyclaceae;g__Zoogloea;s__	g__Zoogloea
f25ce954b6953817f2cda2e3235cbcb0	d__Bacteria;p__Pseudomonadota;c__Gammaproteobacteria;o__Burkholderiales;f__Neisseriaceae;g__Kingella;s__	g__Kingella
70d03453d0751faf78d09f838e692ff8	d__Bacteria;p__Bacteroidota;c__Bacteroidia;o__Flavobacteriales;f__Flavobacteriaceae;g__Capnocytophaga;s__	g__Capnocytophaga
1af4d74b080e439879e9105baee26ce0	d__Bacteria;p__Actinomycetota;c__Actinobacteria;o__Mycobacteriales;f__Corynebacteriaceae;g__Corynebacterium;s__	g__Corynebacterium
8c696099452bc4271b9c5f5b1182942d	d__Bacteria;p__Pseudomonadota;c__Gammaproteobacteria;o__Enterobacterales;f__Pasteurellaceae;g__Haemophilus;s__	g__Haemophilus
957ab590811dc97ca515a107e4cb1e88	d__Bacteria;p__Bacillota;c__Bacilli;o__Staphylococcales;f__Staphylococcaceae;g__Staphylococcus;s__	g__Staphylococcus
805a1d7c0c5d4ab2dde8c1d9a7ec6842	d__Bacteria;p__Patescibacteria;c__Saccharimonadia;o__Saccharimonadales;f__Incertae_Sedis;g__Incertae_Sedis;s__	g__Incertae_Sedis
6c141ca6e0ba30657c231b5752a661d2	d__Bacteria;p__Pseudomonadota;c__Alphaproteobacteria;o__Sphingomonadales;f__Sphingomonadaceae	Unclassified
04858778d45ca3556276a601855f5e87	d__Bacteria;p__Pseudomonadota;c__Gammaproteobacteria;o__Burkholderiales;f__Oxalobacteraceae;g__Noviherbaspirillum;s__	g__Noviherbaspirillum
f1b39a739ba5a04d19c238ab1c04afa0	d__Bacteria;p__Pseudomonadota;c__Gammaproteobacteria;o__Burkholderiales;f__Neisseriaceae;g__Kingella;s__	g__Kingella
ee1cbb0c95798d884d6b02b6e11ae51c	d__Bacteria;p__Spirochaetota;c__Spirochaetia;o__Spirochaetales;f__Spirochaetaceae;g__Treponema;s__	g__Treponema
2da1464f90ceec2130bdd70ef3c07e3b	d__Bacteria;p__Actinomycetota;c__Actinobacteria;o__Micrococcales;f__Dermabacteraceae;g__Brachybacterium;s__	g__Brachybacterium
4770efab2020e71ab54c6824e4cd624b	d__Bacteria;p__Synergistota;c__Synergistia;o__Synergistales;f__Synergistaceae;g__Fretibacterium;s__	g__Fretibacterium
42504688accebb87f74a93d8a57d8e89	d__Bacteria;p__Pseudomonadota;c__Gammaproteobacteria;o__Burkholderiales;f__Neisseriaceae;g__Neisseria;s__	g__Neisseria
07493fb10bdb77a564c7e1373cb2ac2e	d__Bacteria;p__Actinomycetota;c__Actinobacteria;o__Actinomycetales;f__Actinomycetaceae;g__Actinomyces;s__	g__Actinomyces
af4c2220161aaef7623b6d5d9149b91a	d__Bacteria;p__Pseudomonadota;c__Gammaproteobacteria;o__Burkholderiales;f__Neisseriaceae;g__Neisseria;s__	g__Neisseria
8eef43641e62c6b9c1b4e01c5b80d613	d__Bacteria;p__Pseudomonadota;c__Gammaproteobacteria;o__Burkholderiales;f__Neisseriaceae;g__Neisseria;s__	g__Neisseria
84a0b3651863e248cfff3372a966811f	d__Bacteria;p__Campylobacterota;c__Campylobacteria;o__Campylobacterales;f__Campylobacteraceae;g__Campylobacter;s__	g__Campylobacter
1f0bee61dd1df6bd952cc1ddadef53bd	d__Bacteria;p__Bacillota;c__Negativicutes;o__Veillonellales-Selenomonadales;f__Selenomonadaceae;g__Selenomonas;s__	g__Selenomonas
93e447121e5840a0036adcfbbe367ee1	d__Bacteria;p__Bacillota;c__Clostridia;o__Oscillospirales;f__Oscillospiraceae;g__Fastidiosipila;s__	g__Fastidiosipila
79ec6fc46182f3d71bd1dc7144c06c15	d__Bacteria;p__Bacillota;c__Clostridia;o__Peptococcales;f__Peptococcaceae;g__Peptococcus;s__	g__Peptococcus
f8aceeff0e786949fdc193606ffb4543	d__Bacteria;p__Bacillota;c__Clostridia;o__Oscillospirales;f__[Eubacterium]_coprostanoligenes_group;g__Incertae_Sedis;s__	g__Incertae_Sedis
6c084994f30757310e53451770e27a57	d__Bacteria;p__Fusobacteriota;c__Fusobacteriia;o__Fusobacteriales;f__Leptotrichiaceae;g__Leptotrichia;s__	g__Leptotrichia
814dd61bf9507034fafd85f6e737738d	d__Bacteria;p__Bacillota;c__Bacilli;o__Lactobacillales;f__Streptococcaceae;g__Streptococcus;s__	g__Streptococcus
e2e6c34bb16946a4600c2c8101faae73	d__Bacteria;p__Fibrobacterota;c__Fibrobacteria;o__Fibrobacterales;f__Fibrobacteraceae;g__Incertae_Sedis;s__	g__Incertae_Sedis
c571a54fc94029767fde74f1501f8ef1	d__Bacteria;p__Chloroflexota;c__Anaerolineae;o__Caldilineales;f__Caldilineaceae;g__Incertae_Sedis;s__	g__Incertae_Sedis
d5b01e7d2d810be40dfd09363921e5e9	d__Bacteria;p__Patescibacteria;c__Gracilibacteria;o__Incertae_Sedis;f__Incertae_Sedis;g__Incertae_Sedis;s__	g__Incertae_Sedis
33bd389d115aa33b3ce5f9acc5fa0dc4	d__Bacteria;p__Bacteroidota;c__Bacteroidia;o__Sphingobacteriales;f__Sphingobacteriaceae;g__Arcticibacter;s__	g__Arcticibacter
dc743a215e4befa972020c3930da621f	d__Bacteria;p__Actinomycetota;c__Actinobacteria;o__Micrococcales;f__Micrococcaceae;g__Kocuria;s__	g__Kocuria
9b0764a1c4eafd1d0466231901b4dd7c	d__Bacteria;p__Bacillota;c__Bacilli;o__Erysipelotrichales;f__Erysipelatoclostridiaceae;g__Thomasclavelia;s__	g__Thomasclavelia
ea1917e8eb51272c09c03bd80c7a7966	d__Bacteria;p__Pseudomonadota;c__Gammaproteobacteria;o__Pseudomonadales;f__Moraxellaceae;g__Acinetobacter;s__	g__Acinetobacter
37d4a6522c5359290ad489603ce76f35	d__Bacteria;p__Bacteroidota;c__Bacteroidia;o__Bacteroidales;f__Porphyromonadaceae;g__Porphyromonas;s__	g__Porphyromonas
7010552c2306a7aea3621f10418d3e4d	d__Bacteria;p__Bacillota;c__Clostridia;o__Lachnospirales;f__Lachnospiraceae;g__[Ruminococcus]_gnavus_group;s__	g__[Ruminococcus]_gnavus_group
49b9f81ead712eae34cffed0a78656d6	d__Bacteria;p__Pseudomonadota;c__Alphaproteobacteria;o__Sphingomonadales;f__Sphingomonadaceae;g__Qipengyuania;s__	g__Qipengyuania
ef6f7ba47d38f1a363712747b0f6b9b4	d__Bacteria;p__Bacillota;c__Bacilli;o__Bacillales;f__Bacillaceae;g__Oceanobacillus;s__	g__Oceanobacillus
e84ea58fe874091eee8cb411b928008e	d__Bacteria;p__Actinomycetota;c__Actinobacteria;o__Bifidobacteriales;f__Bifidobacteriaceae;g__Scardovia;s__	g__Scardovia
d06166ee18da62984ab5ea12ff7b027a	d__Bacteria;p__Bacillota;c__Bacilli;o__Bacillales;f__Bacillaceae;g__Geobacillus;s__	g__Geobacillus
e48444486eb01b49b0d608c531ed5c38	d__Bacteria;p__Spirochaetota;c__Spirochaetia;o__Spirochaetales;f__Spirochaetaceae;g__Treponema;s__	g__Treponema
15e409cec6365290b44b6ac6c6aad668	d__Bacteria;p__Pseudomonadota;c__Gammaproteobacteria;o__Pseudomonadales;f__Moraxellaceae;g__Acinetobacter;s__	g__Acinetobacter
4b0335181570f33604e6446b24a262e2	d__Bacteria;p__Pseudomonadota;c__Alphaproteobacteria;o__Hyphomicrobiales;f__Xanthobacteraceae;g__Afipia;s__	g__Afipia
77b1e2fff32aeb28710d75daf5b1a535	d__Bacteria;p__Bacteroidota;c__Bacteroidia;o__Bacteroidales;f__Prevotellaceae;g__Prevotella;s__	g__Prevotella
3fc6b564ba5ae00fb78aa89cd3d26326	d__Bacteria;p__Bacteroidota;c__Bacteroidia;o__Bacteroidales;f__Prevotellaceae;g__Prevotella;s__	g__Prevotella
d70d0df3489db78f59bbdfd28260f839	d__Bacteria;p__Bacillota;c__Negativicutes;o__Veillonellales-Selenomonadales;f__Selenomonadaceae;g__Selenomonas;s__	g__Selenomonas
02589b368793cf3a945a05c4d56fcec0	d__Bacteria;p__Bacteroidota;c__Bacteroidia;o__Bacteroidales;f__Prevotellaceae;g__Prevotella;s__	g__Prevotella
f7032642fe2aee7a8492cb1bae407fff	d__Bacteria;p__Bacteroidota;c__Bacteroidia;o__Bacteroidales;f__Bacteroidaceae;g__Bacteroides;s__	g__Bacteroides
c56abc09d41b965d3f34bc51e40cfa05	d__Bacteria;p__Pseudomonadota;c__Gammaproteobacteria;o__Pseudomonadales;f__Pseudomonadaceae;g__Pseudomonas;s__	g__Pseudomonas
6818a424bb3f45b910ba08f81330686f	d__Bacteria;p__Patescibacteria;c__Saccharimonadia;o__Saccharimonadales;f__Incertae_Sedis;g__Incertae_Sedis;s__	g__Incertae_Sedis
76fcf2ec7f092b6f29d57710f6614bcb	d__Bacteria;p__Pseudomonadota;c__Gammaproteobacteria;o__Pseudomonadales;f__Pseudomonadaceae;g__Pseudomonas;s__	g__Pseudomonas
1f85cf43110aea3a74ef436b94fbd3ec	d__Bacteria;p__Pseudomonadota;c__Gammaproteobacteria;o__Pseudomonadales;f__Marinobacteraceae;g__Marinobacter;s__	g__Marinobacter
c32368467c1d6d7494f58ee4f6795a7f	d__Bacteria;p__Spirochaetota;c__Spirochaetia;o__Spirochaetales;f__Spirochaetaceae;g__Treponema;s__	g__Treponema
42a77a6976b63ee21a1f96dd67f34409	d__Bacteria;p__Bacillota;c__Bacilli;o__Staphylococcales;f__Gemellaceae;g__Gemella;s__	g__Gemella
f1fe8a65f4cae14e728ad4792444736b	d__Bacteria;p__Pseudomonadota;c__Gammaproteobacteria;o__Pseudomonadales;f__Moraxellaceae;g__Acinetobacter;s__	g__Acinetobacter
8eaa2479e0fe504d7016576d7ddbbc88	d__Bacteria;p__Bacteroidota;c__Bacteroidia;o__Bacteroidales;f__Prevotellaceae;g__Segatella;s__	g__Segatella
77f80e2fd762a82b356949b02879294e	d__Bacteria;p__Bacillota;c__Negativicutes;o__Veillonellales-Selenomonadales;f__Veillonellaceae;g__Veillonella;s__	g__Veillonella
9f73a1993626f00da4b3a333bd6fe7d8	d__Bacteria;p__Fusobacteriota;c__Fusobacteriia;o__Fusobacteriales;f__Leptotrichiaceae;g__Sneathia;s__	g__Sneathia
2b638b8527ed4de72ab28661cdaacc1e	d__Bacteria;p__Bacillota;c__Negativicutes;o__Acidaminococcales;f__Acidaminococcaceae;g__Phascolarctobacterium;s__	g__Phascolarctobacterium
545f610bc79046dd529934ca44d85610	d__Bacteria;p__Bacillota;c__Clostridia;o__Lachnospirales;f__Lachnospiraceae;g__Shuttleworthia;s__	g__Shuttleworthia
59998022c5ae132ebf5235f7ad368364	d__Bacteria;p__Bacillota;c__Clostridia;o__Lachnospirales;f__Lachnospiraceae;g__Shuttleworthia;s__	g__Shuttleworthia
e580ade429fd0ad0a6ad3a0abeb6acbd	d__Bacteria;p__Bacteroidota;c__Bacteroidia;o__Bacteroidales;f__Prevotellaceae;g__Alloprevotella;s__	g__Alloprevotella
b0850619aefde6f1ec0fc32fcb76d601	d__Bacteria;p__Bacillota;c__Clostridia;o__Lachnospirales;f__Lachnospiraceae;g__Anaerostipes;s__	g__Anaerostipes
8f803c83a6d7e91fff9b849a2fa4fa80	d__Bacteria;p__Bacteroidota;c__Bacteroidia;o__Bacteroidales;f__Prevotellaceae;g__Incertae_Sedis;s__	g__Incertae_Sedis
852d69e586b00289975a053303cd1277	d__Bacteria;p__Pseudomonadota;c__Alphaproteobacteria;o__Sphingomonadales;f__Sphingomonadaceae;g__Novosphingobium;s__	g__Novosphingobium
93888450c6f0a33977d0751a3a3a9883	d__Bacteria;p__Actinomycetota;c__Actinobacteria;o__Propionibacteriales;f__Nocardioidaceae;g__Marmoricola;s__	g__Marmoricola
c728ad6f5d183cb36fa06b6a3a47758b	d__Bacteria;p__Bacillota;c__Clostridia;o__Oscillospirales;f__Ruminococcaceae;g__Faecalibacterium;s__	g__Faecalibacterium
76fe293449fd0f9b3040cfd08788bf45	d__Bacteria;p__Bacteroidota;c__Bacteroidia;o__Bacteroidales;f__Prevotellaceae;g__Prevotella;s__	g__Prevotella
5d5c56a5a700a75a2a77017d3ba2eb1d	d__Bacteria;p__Bacillota;c__Bacilli;o__Bacillales;f__Bacillaceae;g__Anoxybacillus;s__	g__Anoxybacillus
7a6ca722abe7264828e1cf5add611b6b	d__Bacteria;p__Bacteroidota;c__Bacteroidia;o__Bacteroidales;f__Prevotellaceae;g__Prevotella;s__	g__Prevotella
5adc2678d5652f174e274eab19aeb585	d__Bacteria;p__Actinomycetota;c__Actinobacteria;o__Actinomycetales;f__Actinomycetaceae;g__Actinomyces;s__	g__Actinomyces
32c1856f8301b48edf4e6f8d8166fed3	d__Bacteria;p__Actinomycetota;c__Actinobacteria;o__Actinomycetales;f__Actinomycetaceae;g__Actinomyces;s__	g__Actinomyces
f776ea66270974a1bf0ae89e1c34e168	d__Bacteria;p__Bacillota;c__Negativicutes;o__Veillonellales-Selenomonadales;f__Selenomonadaceae;g__Selenomonas;s__	g__Selenomonas
ddaf38cca357cf00121bc4d63e06a1bf	d__Bacteria;p__Bacillota;c__Negativicutes;o__Veillonellales-Selenomonadales;f__Selenomonadaceae;g__Selenomonas;s__	g__Selenomonas
7a39b4665ee8a92490febed1f1e4bd6b	d__Bacteria;p__Pseudomonadota;c__Alphaproteobacteria;o__Sphingomonadales;f__Sphingomonadaceae;g__Sphingomonas;s__	g__Sphingomonas
582980d128f03acba5fe4d26d7294ac7	d__Bacteria;p__Bacteroidota;c__Bacteroidia;o__Bacteroidales;f__Prevotellaceae;g__Prevotella;s__	g__Prevotella
3a19c6ccd5e0ce73a09c92b476fcb9db	d__Bacteria;p__Patescibacteria;c__Saccharimonadia;o__Saccharimonadales;f__Saccharimonadaceae;g__TM7x;s__	g__TM7x
09aefd0916aa76035744ea7a0b2401c6	d__Bacteria;p__Pseudomonadota;c__Alphaproteobacteria;o__Sphingomonadales;f__Sphingomonadaceae;g__Sphingomonas;s__	g__Sphingomonas
da2307365fdd8fea4dbec15bbed0bc7c	d__Bacteria;p__Pseudomonadota;c__Alphaproteobacteria;o__Sphingomonadales;f__Sphingomonadaceae;g__Sphingomonas;s__	g__Sphingomonas
d66ad08d68443225a49adf29d78ee9a0	d__Bacteria;p__Bacillota;c__Bacilli;o__Bacillales;f__Bacillaceae;g__Rossellomorea;s__	g__Rossellomorea
2b8211e437be8916843068e41523a874	d__Bacteria;p__Bacteroidota;c__Bacteroidia;o__Bacteroidales;f__Prevotellaceae;g__Hoylesella;s__	g__Hoylesella
b9335fe15382ef7c86eda7d491e11d9c	d__Bacteria;p__Pseudomonadota;c__Gammaproteobacteria;o__Pseudomonadales;f__Marinobacteraceae;g__Marinobacter;s__	g__Marinobacter
bdca7500341c93a48cf0d9419da24988	d__Bacteria;p__Deinococcota;c__Deinococci;o__Deinococcales;f__Deinococcaceae;g__Deinococcus;s__	g__Deinococcus
fd4500bad9fdaafbef57b6531053f9c1	d__Bacteria;p__Fusobacteriota;c__Fusobacteriia;o__Fusobacteriales;f__Fusobacteriaceae;g__Fusobacterium;s__	g__Fusobacterium
37567a5334f8b85dad035a09babeebc6	d__Bacteria;p__Bacillota;c__Bacilli;o__Staphylococcales;f__Staphylococcaceae;g__Salinicoccus;s__	g__Salinicoccus
7b06d4fb3f488c92bab40f6a48506742	d__Bacteria;p__Synergistota;c__Synergistia;o__Synergistales;f__Synergistaceae;g__Pyramidobacter;s__	g__Pyramidobacter
471eee1146f87dae8febc1fec668f6b2	d__Bacteria;p__Bacillota;c__Negativicutes;o__Veillonellales-Selenomonadales;f__Selenomonadaceae;g__Selenomonas;s__	g__Selenomonas
7bb8b3a124372cc5f51571f5fb05bc86	d__Bacteria;p__Pseudomonadota;c__Alphaproteobacteria;o__Hyphomicrobiales;f__Devosiaceae;g__Paradevosia;s__	g__Paradevosia
224881bdaefe9fa5d49828d46a41c1d5	d__Bacteria;p__Bacteroidota;c__Bacteroidia;o__Bacteroidales;f__Bacteroidaceae;g__Bacteroides;s__	g__Bacteroides
d7eb6ac2b16ff5bc9540b66ee4fcf1ce	d__Bacteria;p__Pseudomonadota;c__Alphaproteobacteria;o__Caulobacterales;f__Caulobacteraceae;g__Brevundimonas;s__	g__Brevundimonas
6a97d4109334275f8bb1ac6ab63256ea	d__Bacteria;p__Bacteroidota;c__Bacteroidia;o__Bacteroidales;f__Prevotellaceae;g__Hoylesella;s__	g__Hoylesella
c62605ee4b1f618d94c271a141b16606	d__Bacteria;p__Bacteroidota;c__Bacteroidia;o__Flavobacteriales;f__Flavobacteriaceae;g__Capnocytophaga;s__	g__Capnocytophaga
c6223a8001263580c597554913887c8d	d__Bacteria;p__Spirochaetota;c__Spirochaetia;o__Spirochaetales;f__Spirochaetaceae;g__Treponema;s__	g__Treponema
26949804876954f33f4ab45b5719719b	d__Bacteria;p__Bacteroidota;c__Bacteroidia;o__Bacteroidales;f__Prevotellaceae;g__Prevotella;s__	g__Prevotella
ce35ab9691c1ec5db18a78bf12aa0bc5	d__Bacteria;p__Pseudomonadota;c__Gammaproteobacteria;o__Burkholderiales;f__Comamonadaceae;g__Paucibacter;s__	g__Paucibacter
99121b3417cad64327e0da745cd3f390	d__Bacteria;p__Actinomycetota;c__Coriobacteriia;o__Coriobacteriales;f__Eggerthellaceae;g__Berryella;s__	g__Berryella
b010dee76ed6885817255d2a23bef3f1	d__Bacteria;p__Bacteroidota;c__Bacteroidia;o__Bacteroidales;f__Prevotellaceae;g__Hoylesella;s__	g__Hoylesella
f3bca4c2647cd1ce412ff4b383c3e990	d__Bacteria;p__Pseudomonadota;c__Gammaproteobacteria;o__Pseudomonadales;f__Pseudohongiellaceae	Unclassified
a515f654c1c4394e8ce9e90defd5e790	d__Bacteria;p__Patescibacteria;c__Parcubacteria;o__Candidatus_Kaiserbacteria;f__Incertae_Sedis;g__Incertae_Sedis;s__	g__Incertae_Sedis
5ff7d6673fd7801ad2b5cc9a1bdd7475	d__Bacteria;p__Bacteroidota;c__Bacteroidia;o__Bacteroidales;f__Bacteroidaceae;g__Bacteroides;s__	g__Bacteroides
523d64e2372fe32a960f6c59ee27372c	d__Bacteria;p__Pseudomonadota;c__Gammaproteobacteria;o__Pseudomonadales;f__Moraxellaceae;g__Acinetobacter;s__	g__Acinetobacter
f1ad494a8a2508eeddf6142c86fb9774	d__Bacteria;p__Actinomycetota;c__Actinobacteria;o__Propionibacteriales;f__Propionibacteriaceae;g__Arachnia;s__	g__Arachnia
cc0de3d598d4d2046b45fba733b8ff30	d__Bacteria;p__Pseudomonadota;c__Alphaproteobacteria;o__Rhodobacterales;f__Paracoccaceae;g__Incertae_Sedis;s__	g__Incertae_Sedis
736f9c0b6a039a8e57c549fc7e36e56c	d__Bacteria;p__Pseudomonadota;c__Alphaproteobacteria;o__Caulobacterales;f__Caulobacteraceae;g__Brevundimonas;s__	g__Brevundimonas
bd52c2fcd4a5d94a198cee1e4febf8bd	d__Bacteria;p__Actinomycetota;c__Actinobacteria;o__Propionibacteriales;f__Nocardioidaceae;g__Nocardioides;s__	g__Nocardioides
c104c94e25cefd148255ef6455774c9e	d__Bacteria;p__Deinococcota;c__Deinococci;o__Deinococcales;f__Deinococcaceae;g__Deinococcus;s__	g__Deinococcus
b6e52c74e408bcf8d49afe994fdcf359	d__Bacteria;p__Pseudomonadota;c__Gammaproteobacteria;o__Enterobacterales;f__Enterobacteriaceae;g__Enterobacter;s__	g__Enterobacter
ce06257249605baff1c39456492c57c8	d__Bacteria;p__Pseudomonadota;c__Gammaproteobacteria;o__Burkholderiales;f__Comamonadaceae;g__Caldimonas;s__	g__Caldimonas
64655b01e523af5ac0df76b3d70b0044	d__Bacteria;p__Pseudomonadota;c__Gammaproteobacteria;o__Pseudomonadales;f__Pseudomonadaceae;g__Pseudomonas;s__	g__Pseudomonas
67092fbacfabdc4198b65232d9fe73df	d__Bacteria;p__Actinomycetota;c__Coriobacteriia;o__Coriobacteriales;f__Atopobiaceae;g__Lancefieldella;s__	g__Lancefieldella
802b11aa2dbebbc2c11efaab2e56df80	d__Bacteria;p__Bacteroidota;c__Bacteroidia;o__Sphingobacteriales;f__Sphingobacteriaceae;g__Pedobacter;s__	g__Pedobacter
7bf11da9dbf66457a634281ecbab9b50	d__Bacteria;p__Pseudomonadota;c__Alphaproteobacteria;o__Acetobacterales;f__Acetobacteraceae;g__Rubritepida;s__	g__Rubritepida
746507837ddc19e543b934d36caedd60	d__Bacteria;p__Pseudomonadota;c__Gammaproteobacteria;o__Burkholderiales;f__Methylophilaceae;g__Methylophilus;s__	g__Methylophilus
00382afc1a3c4bf28108f27f581daaf4	d__Bacteria;p__Bacteroidota;c__Bacteroidia;o__Bacteroidales;f__Prevotellaceae;g__Incertae_Sedis;s__	g__Incertae_Sedis
f186ee02274a5047053c1911eaaed44e	d__Bacteria;p__Pseudomonadota;c__Alphaproteobacteria;o__Sphingomonadales;f__Sphingomonadaceae;g__Novosphingobium;s__	g__Novosphingobium
9d487c06f270beb9b4f764c24a2c89e2	d__Bacteria;p__Pseudomonadota;c__Gammaproteobacteria;o__Burkholderiales;f__Oxalobacteraceae;g__Massilia;s__	g__Massilia
8565af8b34d54456e6cd456d528ca70e	d__Bacteria;p__Actinomycetota;c__Actinobacteria;o__Mycobacteriales;f__Corynebacteriaceae;g__Corynebacterium;s__	g__Corynebacterium
1e72f4e1d76441b6d22640433db60648	d__Bacteria;p__Bacteroidota;c__Bacteroidia;o__Bacteroidales;f__Prevotellaceae;g__Incertae_Sedis;s__	g__Incertae_Sedis
bdfd384fbc3ac633c28a674c8e2860b9	d__Bacteria;p__Actinomycetota;c__Actinobacteria;o__Mycobacteriales;f__Corynebacteriaceae;g__Corynebacterium;s__	g__Corynebacterium
22530f98ed16d037abc0cd80042dbf52	d__Bacteria;p__Bacillota;c__Negativicutes;o__Veillonellales-Selenomonadales;f__Veillonellaceae;g__Veillonella;s__	g__Veillonella
c070c3f5b9438922950a5319cf700241	d__Bacteria;p__Pseudomonadota;c__Gammaproteobacteria;o__Enterobacterales;f__Pasteurellaceae;g__Actinobacillus;s__	g__Actinobacillus
b37c5875ced77def0908e8d41a4922fa	d__Bacteria;p__Pseudomonadota;c__Gammaproteobacteria;o__Enterobacterales;f__Enterobacteriaceae;g__Enterobacter;s__	g__Enterobacter
733dbda212105fe86af544118bd64f58	d__Bacteria;p__Bacteroidota;c__Bacteroidia;o__Bacteroidales;f__Prevotellaceae;g__Prevotella;s__	g__Prevotella
308508b61aab5c8f93209f382e4a141f	d__Bacteria;p__Bacteroidota;c__Bacteroidia;o__Bacteroidales;f__Prevotellaceae;g__Prevotella;s__	g__Prevotella
7c0258f52cb3ade17d927324014c57e2	d__Bacteria;p__Pseudomonadota;c__Gammaproteobacteria;o__Enterobacterales;f__Alteromonadaceae;g__Rheinheimera;s__	g__Rheinheimera
99626f541e70478b77c516b76e72bcd9	d__Bacteria;p__Bacteroidota;c__Bacteroidia;o__Bacteroidales;f__Prevotellaceae;g__Segatella;s__	g__Segatella
e140168498af7f4ce34978f946eeefff	d__Bacteria;p__Pseudomonadota;c__Gammaproteobacteria;o__Burkholderiales;f__Neisseriaceae;g__Kingella;s__	g__Kingella
3e0444d4554667f4cb56eaf2355ad989	d__Bacteria;p__Spirochaetota;c__Spirochaetia;o__Spirochaetales;f__Spirochaetaceae;g__Sphaerochaeta;s__	g__Sphaerochaeta
8b9333a26df47785ce683a71dac0e96d	d__Bacteria;p__Actinomycetota;c__Actinobacteria;o__Micrococcales;f__Dermabacteraceae;g__Brachybacterium;s__	g__Brachybacterium
5b718800be28a7a804836fab96592d79	d__Bacteria;p__Bacteroidota;c__Bacteroidia;o__Bacteroidales;f__Prevotellaceae;g__Incertae_Sedis;s__	g__Incertae_Sedis
73c202f6ada60f5c46a99edd4499060c	d__Bacteria;p__Bacteroidota;c__Bacteroidia;o__Bacteroidales;f__Rikenellaceae;g__Rikenellaceae_RC9_gut_group;s__	g__Rikenellaceae_RC9_gut_group
8338de26814ceac363faf0656a5b4058	d__Bacteria;p__Pseudomonadota;c__Gammaproteobacteria;o__Pseudomonadales;f__Pseudomonadaceae;g__Pseudomonas;s__	g__Pseudomonas
a87f107a0e311958b99871378dfa61fa	d__Bacteria;p__Actinomycetota;c__Actinobacteria;o__Actinomycetales;f__Actinomycetaceae;g__Actinomyces;s__	g__Actinomyces
cc1cc7f658538e7f422411075cba2c71	d__Bacteria;p__Bacillota;c__Bacilli;o__Staphylococcales;f__Staphylococcaceae;g__Staphylococcus;s__	g__Staphylococcus
10d83a045d6fbeb409e8bff242fe63c6	d__Bacteria;p__Actinomycetota;c__Actinobacteria;o__Pseudonocardiales;f__Pseudonocardiaceae;g__Saccharopolyspora;s__	g__Saccharopolyspora
4bc8ad74e23c018fd7abce0144731cbf	d__Bacteria;p__Bacillota;c__Bacilli;o__Staphylococcales;f__Staphylococcaceae;g__Staphylococcus;s__	g__Staphylococcus
f2568270cf421647eceaa9ce981077ac	d__Bacteria;p__Campylobacterota;c__Campylobacteria;o__Campylobacterales;f__Campylobacteraceae;g__Campylobacter;s__	g__Campylobacter
535ca2f9c39956853b755d1c1b464606	d__Bacteria;p__Bacteroidota;c__Bacteroidia;o__Bacteroidales;f__Rikenellaceae;g__Alistipes;s__	g__Alistipes
117e894e8a8abc0ff0c7479caeaef251	d__Bacteria;p__Pseudomonadota;c__Alphaproteobacteria;o__Rhodobacterales;f__Paracoccaceae;g__Paracoccus;s__	g__Paracoccus
4361aeb3b3ee2690fd0117d6a3b436bc	d__Bacteria;p__Bacteroidota;c__Bacteroidia;o__Bacteroidales;f__Prevotellaceae;g__Incertae_Sedis;s__	g__Incertae_Sedis
fdc94d60d7dad3ca39f912cf35c5bc47	d__Bacteria;p__Bacillota;c__Clostridia;o__Peptostreptococcales-Tissierellales;f__Family_XI;g__Anaerococcus;s__	g__Anaerococcus
8cce0d2097b66ef6e2dbfabae1d25988	d__Bacteria;p__Bacillota;c__Bacilli;o__RF39;f__Incertae_Sedis;g__Incertae_Sedis;s__	g__Incertae_Sedis
0dfec497d8e6b43214b8b7da38cf804b	d__Bacteria;p__Bacteroidota;c__Bacteroidia;o__Sphingobacteriales;f__Lentimicrobiaceae;g__Lentimicrobium;s__	g__Lentimicrobium
4f9c6fb891a3fa5c48fed6a28f640f86	d__Bacteria;p__Bacillota;c__Bacilli;o__Lactobacillales;f__Streptococcaceae;g__Streptococcus;s__	g__Streptococcus
a20551ff1c1431847e76e68c3903a6e1	d__Bacteria;p__Bacteroidota;c__Bacteroidia;o__Bacteroidales;f__Prevotellaceae;g__Prevotella;s__	g__Prevotella
998bcd542bb3f1a3822cf0737f850af0	d__Bacteria;p__Bacteroidota;c__Bacteroidia;o__Bacteroidales;f__Prevotellaceae;g__Segatella;s__	g__Segatella
01f5a0a0903d475d88d234e7bd8f339b	d__Bacteria;p__Bacillota;c__Clostridia;o__Peptostreptococcales-Tissierellales;f__Family_XI;g__Parvimonas;s__	g__Parvimonas
b680c2bbaacac1e73c6be115ef418fa9	d__Bacteria;p__Bacillota;c__Clostridia;o__Lachnospirales;f__Lachnospiraceae;g__Incertae_Sedis;s__	g__Incertae_Sedis
e64e4dd1000e4a3c90edef5245bccc76	d__Bacteria;p__Patescibacteria;c__Saccharimonadia;o__Saccharimonadales;f__Incertae_Sedis;g__Incertae_Sedis;s__	g__Incertae_Sedis
72f312d36a135bbc509823a04c615044	d__Bacteria;p__Pseudomonadota;c__Alphaproteobacteria;o__Acetobacterales;f__Acetobacteraceae;g__Rhodovarius;s__	g__Rhodovarius
b964deab556b1eefdf0fb2fe00e64399	d__Bacteria;p__Pseudomonadota;c__Gammaproteobacteria;o__Burkholderiales;f__Comamonadaceae;g__Acidovorax;s__	g__Acidovorax
35ce46545653e9ee3ab4ff81f96149d8	d__Bacteria;p__Cyanobacteriota;c__Sericytochromatia;o__Incertae_Sedis;f__Incertae_Sedis;g__Incertae_Sedis;s__	g__Incertae_Sedis
7cd12eaad27476ce8cd2c4229a9bff32	d__Bacteria;p__Bacteroidota;c__Bacteroidia;o__Chitinophagales;f__Chitinophagaceae	Unclassified
15c88c745ff6b665799d03531f4247f8	d__Bacteria;p__Pseudomonadota;c__Gammaproteobacteria;o__Pseudomonadales;f__Pseudomonadaceae;g__Pseudomonas;s__	g__Pseudomonas
6235fa2b73750663b1817a9213bb8216	d__Bacteria;p__Pseudomonadota;c__Alphaproteobacteria;o__Rhodobacterales;f__Paracoccaceae;g__Paracoccus;s__	g__Paracoccus
67b46458cc15a0c0dbef92a786221764	d__Bacteria;p__Actinomycetota;c__Actinobacteria;o__Pseudonocardiales;f__Pseudonocardiaceae;g__Saccharopolyspora;s__	g__Saccharopolyspora
7ae22767d92f9f64d1db48e3a656a0c6	d__Bacteria;p__Pseudomonadota;c__Gammaproteobacteria;o__Pseudomonadales;f__Moraxellaceae;g__Acinetobacter;s__	g__Acinetobacter
b03491e5b350dddba433ac87690eb385	d__Bacteria;p__Pseudomonadota;c__Gammaproteobacteria;o__Pseudomonadales;f__Moraxellaceae;g__Acinetobacter;s__	g__Acinetobacter
07fd783dd61feaa975edafc32a6c14bf	d__Bacteria;p__Actinomycetota;c__Actinobacteria;o__Actinomycetales;f__Actinomycetaceae;g__Actinomyces;s__	g__Actinomyces
6f323da0eca605b133f3270f331d52fa	d__Bacteria;p__Bacillota;c__Bacilli;o__Lactobacillales;f__Lactobacillaceae;g__Ligilactobacillus;s__	g__Ligilactobacillus
9b587e883edc699dbff680b656262c6a	d__Bacteria;p__Bacillota;c__Negativicutes;o__Veillonellales-Selenomonadales;f__Veillonellaceae;g__Veillonella;s__	g__Veillonella
b59b6358249ac4498cf538bfd60a9de1	d__Bacteria;p__Bacillota;c__Negativicutes;o__Veillonellales-Selenomonadales;f__Selenomonadaceae;g__Selenomonas;s__	g__Selenomonas
a852732a562dff1b27635105e624406a	d__Bacteria;p__Bacteroidota;c__Bacteroidia;o__Bacteroidales;f__Prevotellaceae;g__Segatella;s__	g__Segatella
758621f2b2faf12721ca3e2d8473ce25	d__Bacteria;p__Bacteroidota;c__Bacteroidia;o__Flavobacteriales;f__Flavobacteriaceae;g__Capnocytophaga;s__	g__Capnocytophaga
71ab740d586429457bb2310c5b04ab55	d__Bacteria;p__Spirochaetota;c__Spirochaetia;o__Spirochaetales;f__Spirochaetaceae;g__Treponema;s__	g__Treponema
75e9e66e31707b09af8b07d7ba7fde05	d__Bacteria;p__Patescibacteria;c__Saccharimonadia;o__Saccharimonadales;f__Saccharimonadaceae;g__TM7x;s__	g__TM7x
c644dd2fe8dd44028035444047c3d983	d__Bacteria;p__Pseudomonadota;c__Gammaproteobacteria;o__Pseudomonadales;f__Pseudomonadaceae;g__Pseudomonas;s__	g__Pseudomonas
f0ed17be8ca330b6a9115ddf74b5eceb	d__Bacteria;p__Actinomycetota;c__Actinobacteria;o__Mycobacteriales;f__Corynebacteriaceae;g__Corynebacterium;s__	g__Corynebacterium
1d15ea651cece30c02faa0aba1cc4129	d__Bacteria;p__Pseudomonadota;c__Gammaproteobacteria;o__Burkholderiales;f__Alcaligenaceae;g__Pelistega;s__	g__Pelistega
60d4e5b2a467bbb655480ad8a4e9b458	d__Bacteria;p__Actinomycetota;c__Actinobacteria;o__Mycobacteriales;f__Corynebacteriaceae;g__Corynebacterium;s__	g__Corynebacterium
d642cad0989f9bc8cf6a9012eae4c253	d__Bacteria;p__Campylobacterota;c__Campylobacteria;o__Campylobacterales;f__Campylobacteraceae;g__Campylobacter;s__	g__Campylobacter
aba368ba62f6442c35f6a12c4c861315	d__Bacteria;p__Patescibacteria;c__Saccharimonadia;o__Saccharimonadales;f__Saccharimonadaceae;g__Incertae_Sedis;s__	g__Incertae_Sedis
693969c950f0206b4f52f803dc62ec32	d__Bacteria;p__Bacillota;c__Negativicutes;o__Acidaminococcales;f__Acidaminococcaceae;g__Phascolarctobacterium;s__	g__Phascolarctobacterium
5e95beca7f09c1b5a4a47384a5af2ac5	d__Bacteria;p__Bacteroidota;c__Bacteroidia;o__Bacteroidales;f__Prevotellaceae;g__Segatella;s__	g__Segatella
fb33a7f57a3997b8c67ef38750dd4c19	d__Bacteria;p__Pseudomonadota;c__Gammaproteobacteria;o__Burkholderiales;f__Neisseriaceae;g__Neisseria;s__	g__Neisseria
cf6ab83d871b353e2edd63f35c8cee61	d__Bacteria;p__Bacillota;c__Clostridia;o__Lachnospirales;f__Lachnospiraceae;g__Stomatobaculum;s__	g__Stomatobaculum
c997ce69b677ff9126c8a78e6616cca7	d__Bacteria;p__Fusobacteriota;c__Fusobacteriia;o__Fusobacteriales;f__Leptotrichiaceae;g__Pseudoleptotrichia;s__	g__Pseudoleptotrichia
a249fde9094edc09dd62170f40ec1a4e	d__Bacteria;p__Pseudomonadota;c__Gammaproteobacteria;o__Burkholderiales;f__Rhodocyclaceae;g__Propionivibrio;s__	g__Propionivibrio
c4f32c45b39c25336c98927951235733	d__Bacteria;p__Actinomycetota;c__Actinobacteria;o__Actinomycetales;f__Actinomycetaceae;g__Schaalia;s__	g__Schaalia
9cdb9dbe98d86651359273ea1c595c84	d__Bacteria;p__Bacillota;c__Clostridia;o__Oscillospirales;f__Oscillospiraceae;g__UCG-002;s__	g__UCG-002
78a83dcebd3ebe88ec5c047bc73f1933	d__Bacteria;p__Bacillota;c__Clostridia;o__Christensenellales;f__Christensenellaceae;g__Christensenellaceae_R-7_group;s__	g__Christensenellaceae_R-7_group
b3f44b5d794ca0d68447f7359aa3ff94	d__Bacteria;p__Pseudomonadota;c__Gammaproteobacteria;o__Enterobacterales;f__Alteromonadaceae;g__Alishewanella;s__	g__Alishewanella
d0118ca5a0a8cf36fd26ddcdb62035af	d__Bacteria;p__Actinomycetota;c__Actinobacteria;o__Propionibacteriales;f__Propionibacteriaceae;g__Propionicicella;s__	g__Propionicicella
33c9644ba50f4d0f099b13dbd1ec8c0c	d__Bacteria;p__Bdellovibrionota;c__Bacteriovoracia;o__Bacteriovoracales;f__Bacteriovoracaceae;g__Peredibacter;s__	g__Peredibacter
9f618505609dd88d2eb395b63f0ab934	d__Bacteria;p__Bacteroidota;c__Bacteroidia;o__Bacteroidales;f__Paludibacteraceae;g__Paludibacter;s__	g__Paludibacter
61961085ef55b408092b38caff546182	d__Bacteria;p__Actinomycetota;c__Actinobacteria;o__Propionibacteriales;f__Nocardioidaceae;g__Nocardioides;s__	g__Nocardioides
aebf9d980e54fe958053fc0e0d39c1bd	d__Bacteria;p__Patescibacteria;c__Saccharimonadia;o__Saccharimonadales;f__Incertae_Sedis;g__Incertae_Sedis;s__	g__Incertae_Sedis
0b6284215f34604ab4a19fa7189bb781	d__Bacteria;p__Pseudomonadota;c__Gammaproteobacteria;o__Burkholderiales;f__Comamonadaceae;g__Variovorax;s__	g__Variovorax
ebf838b8518ef3293ce1eed895590a57	d__Bacteria;p__Bacillota;c__Clostridia;o__Peptostreptococcales-Tissierellales;f__Peptostreptococcaceae;g__Peptostreptococcus;s__	g__Peptostreptococcus
df12e94d6e9ed8967dc369254a9dda81	d__Bacteria;p__Pseudomonadota;c__Gammaproteobacteria;o__Burkholderiales;f__Neisseriaceae;g__Neisseria;s__	g__Neisseria
d47fe2e5611a60f2631fb3852fbb87dd	d__Bacteria;p__Actinomycetota;c__Actinobacteria;o__Micrococcales;f__Micrococcaceae;g__Micrococcus;s__	g__Micrococcus
303158dc0cee2c865d20fdfe73ad9087	d__Bacteria;p__Pseudomonadota;c__Alphaproteobacteria;o__Rhodobacterales;f__Paracoccaceae;g__Paracoccus;s__	g__Paracoccus
6a767bae67892603a2996084e1c693ff	d__Bacteria;p__Actinomycetota;c__Actinobacteria;o__Micrococcales;f__Microbacteriaceae;g__Microbacterium;s__	g__Microbacterium
49a892df15ab40b5a70bd95792458bc3	d__Bacteria;p__Bacillota;c__Clostridia;o__Peptococcales;f__Peptococcaceae;g__Peptococcus;s__	g__Peptococcus
9de3ece06c2409e78fc0808ebf2e5685	d__Bacteria;p__Bacillota;c__Bacilli;o__Bacillales;f__Bacillaceae;g__Bacillus;s__	g__Bacillus
ead034c20ec389f7f9d1c917cdc9d39c	d__Bacteria;p__Bacillota;c__Clostridia;o__Peptostreptococcales-Tissierellales;f__Family_XI;g__Anaerococcus;s__	g__Anaerococcus
b20a7653219508838a637cf3efef14fc	d__Bacteria;p__Actinomycetota;c__Actinobacteria;o__Actinomycetales;f__Actinomycetaceae;g__Schaalia;s__	g__Schaalia
2453c318ee2c24aa3a250b4423f16246	d__Bacteria;p__Bacillota;c__Clostridia;o__Peptostreptococcales-Tissierellales;f__Peptostreptococcaceae;g__Peptostreptococcus;s__	g__Peptostreptococcus
6dfffc63478439698a95c8eade84064e	d__Bacteria;p__Bacillota;c__Clostridia;o__Lachnospirales;f__Lachnospiraceae;g__Stomatobaculum;s__	g__Stomatobaculum
a0bf61154033d4be8ca74f58cb9ebdcd	d__Bacteria;p__Pseudomonadota;c__Alphaproteobacteria;o__Azospirillales;f__Azospirillaceae;g__Azospirillum;s__	g__Azospirillum
3db24e4c6b9e8e7338109b08dd01c48c	d__Bacteria;p__Bacillota;c__Clostridia;o__Lachnospirales;f__Lachnospiraceae;g__Lachnoanaerobaculum;s__	g__Lachnoanaerobaculum
430a0f370d953c08e863544ef22de65a	d__Bacteria;p__Actinomycetota;c__Actinobacteria;o__Micrococcales;f__Micrococcaceae;g__Micrococcus;s__	g__Micrococcus
c9bb9c18e5335d63c6cd86eb8d9198b5	d__Bacteria;p__Pseudomonadota;c__Gammaproteobacteria;o__Enterobacterales;f__Enterobacteriaceae;g__Klebsiella;s__	g__Klebsiella
759dbe4138e38ca450b1e872c21d636d	d__Bacteria;p__Pseudomonadota;c__Gammaproteobacteria;o__Burkholderiales;f__Neisseriaceae;g__Alysiella;s__	g__Alysiella
2004887e83aed8b27f19f2855e95c37b	d__Bacteria;p__Bacteroidota;c__Bacteroidia;o__Bacteroidales;f__Prevotellaceae;g__Segatella;s__	g__Segatella
777463eea3a24d36525bf6d841334d8d	d__Bacteria;p__Bacillota;c__Bacilli;o__Lactobacillales;f__Lactobacillaceae;g__Lactobacillus;s__	g__Lactobacillus
16392a852d7642deb0bc9a8ef7f7f0f6	d__Bacteria;p__Bacillota;c__Negativicutes;o__Veillonellales-Selenomonadales;f__Selenomonadaceae;g__Selenomonas;s__	g__Selenomonas
2c12e63df03ebd97a4b0747e9dc8a238	d__Bacteria;p__Bacteroidota;c__Bacteroidia;o__Bacteroidales;f__Porphyromonadaceae;g__Porphyromonas;s__	g__Porphyromonas
98eff35e79eef192192bd6a511ce0ae7	d__Bacteria;p__Bacillota;c__Negativicutes;o__Veillonellales-Selenomonadales;f__Veillonellaceae;g__Veillonella;s__	g__Veillonella
90f7feec4359b3ae5dc387f1d15f201d	d__Bacteria;p__Pseudomonadota;c__Gammaproteobacteria;o__Burkholderiales;f__Oxalobacteraceae;g__Massilia;s__	g__Massilia
6e2180e5b09bad6bbed51ca7150a99c0	d__Bacteria;p__Fusobacteriota;c__Fusobacteriia;o__Fusobacteriales;f__Fusobacteriaceae;g__Fusobacterium;s__	g__Fusobacterium
9ff1b82a83127c3b60399700e0015c23	d__Bacteria;p__Bacillota;c__Bacilli;o__Lactobacillales;f__Enterococcaceae;g__Enterococcus;s__	g__Enterococcus
19f7fea0c8a8bae0971da2bdb5a1be1b	d__Bacteria;p__Actinomycetota;c__Actinobacteria;o__Mycobacteriales;f__Corynebacteriaceae;g__Corynebacterium;s__	g__Corynebacterium
056a549847b47a175c234d0979569303	d__Bacteria;p__Actinomycetota;c__Actinobacteria;o__Mycobacteriales;f__Corynebacteriaceae;g__Corynebacterium;s__	g__Corynebacterium
e668945c72d1aae1e54057417d382b58	d__Bacteria;p__Bacteroidota;c__Bacteroidia;o__Sphingobacteriales;f__Sphingobacteriaceae;g__Arcticibacter;s__	g__Arcticibacter
9c5ce3d91a7834e18950d4e2ebcb4330	d__Bacteria;p__Bacteroidota;c__Bacteroidia;o__Bacteroidales;f__Prevotellaceae;g__Hoylesella;s__	g__Hoylesella
222ad6af06ab393e4013fe042b33f1ea	d__Bacteria;p__Bacteroidota;c__Bacteroidia;o__Bacteroidales;f__Prevotellaceae;g__Prevotella;s__	g__Prevotella
79d623ffb6b4ae4e14ee8aa983bf1bff	d__Bacteria;p__Patescibacteria;c__Saccharimonadia;o__Saccharimonadales;f__Saccharimonadaceae;g__Incertae_Sedis;s__	g__Incertae_Sedis
83b28a66a4dd127230ff1a45ed483680	d__Bacteria;p__Bacteroidota;c__Bacteroidia;o__Sphingobacteriales;f__Lentimicrobiaceae;g__Lentimicrobium;s__	g__Lentimicrobium
f0209f2644f2947c25377bc45c178fff	d__Bacteria;p__Bacteroidota;c__Bacteroidia;o__Flavobacteriales;f__Flavobacteriaceae;g__Capnocytophaga;s__	g__Capnocytophaga
79fcfe4444cd7e5aa45ba9fb1980aa2f	d__Bacteria;p__Bacteroidota;c__Bacteroidia;o__Sphingobacteriales;f__Sphingobacteriaceae;g__Mucilaginibacter;s__	g__Mucilaginibacter
1d17507c2c53d38ffb1b6d31a3cd3ceb	d__Bacteria;p__Bacillota;c__Negativicutes;o__Veillonellales-Selenomonadales;f__Selenomonadaceae;g__Megamonas;s__	g__Megamonas
28a90d0f1baf012bad2a85b705b7b1b9	d__Bacteria;p__Bacillota;c__Clostridia;o__Lachnospirales;f__Lachnospiraceae;g__Catonella;s__	g__Catonella
b9975c74316020f9a36fcb66bec9ea22	d__Bacteria;p__Bacteroidota;c__Bacteroidia;o__Bacteroidales;f__Prevotellaceae;g__Alloprevotella;s__	g__Alloprevotella
815dc6f1cf6a85c9ec2c877ddd31bcca	d__Bacteria;p__Fusobacteriota;c__Fusobacteriia;o__Fusobacteriales;f__Leptotrichiaceae;g__Leptotrichia;s__	g__Leptotrichia
a64f40da4199b6734698f009f0e50d9a	d__Bacteria;p__Actinomycetota;c__Actinobacteria;o__Actinomycetales;f__Actinomycetaceae;g__Actinomyces;s__	g__Actinomyces
309ff381661020d11ae32175169b4dca	d__Bacteria;p__Bacillota;c__Clostridia;o__Oscillospirales;f__Oscillospiraceae;g__Fastidiosipila;s__	g__Fastidiosipila
1ba80c200c57657db84b4b9b8885cb97	d__Bacteria;p__Bacillota;c__Clostridia;o__Peptostreptococcales-Tissierellales;f__Family_XI;g__Fenollaria;s__	g__Fenollaria
270648bb24ed69849d96f8cfbddd684c	d__Bacteria;p__Bacteroidota;c__Bacteroidia;o__Bacteroidales;f__Bacteroidaceae;g__Bacteroides;s__	g__Bacteroides
545c3cdf6c806361a5fc916ea7d89ab5	d__Bacteria;p__Bacteroidota;c__Bacteroidia;o__Bacteroidales;f__Prolixibacteraceae;g__Roseimarinus;s__	g__Roseimarinus
140da99b70f9761c9f408ef2e942b3e9	d__Bacteria;p__Pseudomonadota;c__Gammaproteobacteria;o__Enterobacterales;f__Aeromonadaceae	Unclassified
5d57fc087c03cdaeb20c23a14d51a9db	d__Bacteria;p__Pseudomonadota;c__Gammaproteobacteria;o__Pseudomonadales;f__Cellvibrionaceae;g__Cellvibrio;s__	g__Cellvibrio
71e29b8066350ce78fb1ac02ae309012	d__Bacteria;p__Bacteroidota;c__Bacteroidia;o__Flavobacteriales;f__Weeksellaceae;g__Bergeyella;s__	g__Bergeyella
55eace113cc414844c3bd8344a800779	d__Bacteria;p__Bacteroidota;c__Bacteroidia;o__Bacteroidales;f__Marinifilaceae;g__Odoribacter;s__	g__Odoribacter
f1b2b89bb975c42217a263b8169921cc	d__Bacteria;p__Bacteroidota;c__Bacteroidia;o__Bacteroidales;f__Prevotellaceae;g__Segatella;s__	g__Segatella
87fe7dc2b626bb96082fd6e25257bf0f	d__Bacteria;p__Fusobacteriota;c__Fusobacteriia;o__Fusobacteriales;f__Leptotrichiaceae;g__Leptotrichia;s__	g__Leptotrichia
75e3b04b39ffa58eda872e19508c2811	d__Bacteria;p__Bacillota;c__Bacilli;o__Staphylococcales;f__Gemellaceae;g__Gemella;s__	g__Gemella
db08c5bb7ec991c0ab01287ddc84e8d1	d__Bacteria;p__Bacteroidota;c__Bacteroidia;o__Bacteroidales;f__Prevotellaceae;g__Segatella;s__	g__Segatella
a190bc3255d1fab502938e0100d13b08	d__Bacteria;p__Bacteroidota;c__Bacteroidia;o__Bacteroidales;f__Prevotellaceae;g__Leyella;s__	g__Leyella
a191fdbce8d144b1781534c0a7b996b3	d__Bacteria;p__Bacteroidota;c__Bacteroidia;o__Bacteroidales;f__Prevotellaceae;g__Hoylesella;s__	g__Hoylesella
5d3228e3bda3fad4ab490e33f98e2b12	d__Bacteria;p__Bacillota;c__Negativicutes;o__Veillonellales-Selenomonadales;f__Selenomonadaceae;g__Selenomonas;s__	g__Selenomonas
4fbb98618084c74fd1ace6089912a646	d__Bacteria;p__Bacteroidota;c__Bacteroidia;o__Bacteroidales;f__Prevotellaceae;g__Hoylesella;s__	g__Hoylesella
98fdd1f34d82309270d2cb5050f86811	d__Bacteria;p__Bacillota;c__Negativicutes;o__Acidaminococcales;f__Acidaminococcaceae;g__Succiniclasticum;s__	g__Succiniclasticum
7a09e593fcc7146dd8c1158bc0e7f5f8	d__Bacteria;p__Bacteroidota;c__Bacteroidia;o__Bacteroidales;f__Porphyromonadaceae;g__Porphyromonas;s__	g__Porphyromonas
56bb5cb84a0a834448d7e202e6db773e	d__Bacteria;p__Pseudomonadota;c__Gammaproteobacteria;o__Burkholderiales;f__Neisseriaceae;g__Eikenella;s__	g__Eikenella
a901a755935e3b7562269b0a3180ebed	d__Bacteria;p__Bacillota;c__Negativicutes;o__Veillonellales-Selenomonadales;f__Selenomonadaceae;g__Selenomonas;s__	g__Selenomonas
5d0d9d0bc1ed53d318accfa3b9d7bd8e	d__Bacteria;p__Bacteroidota;c__Bacteroidia;o__Chitinophagales;f__Chitinophagaceae;g__Flavisolibacter;s__	g__Flavisolibacter
355d266c0fc2aab998f56392965b4c3a	d__Bacteria;p__Pseudomonadota;c__Gammaproteobacteria;o__Pseudomonadales;f__Moraxellaceae;g__Acinetobacter;s__	g__Acinetobacter
afb61d54c298482f79c0571959db0d12	d__Bacteria;p__Bdellovibrionota;c__Bacteriovoracia;o__Bacteriovoracales;f__Bacteriovoracaceae;g__Bacteriovorax;s__	g__Bacteriovorax
f4b8dde94478c5e38f7a4831f0309186	d__Bacteria;p__Pseudomonadota;c__Gammaproteobacteria;o__Enterobacterales	Unclassified
7a1c168bde830a923129ebe101146b70	d__Bacteria;p__Pseudomonadota;c__Gammaproteobacteria;o__Burkholderiales;f__Neisseriaceae;g__Alysiella;s__	g__Alysiella
a52a4a136f91fb1032e56eaf5730c6ca	d__Bacteria;p__Bacteroidota;c__Bacteroidia;o__Bacteroidales;f__Prevotellaceae;g__Hoylesella;s__	g__Hoylesella
c3c0a4b74f5706b691334731de3053e2	d__Bacteria;p__Bacillota;c__Clostridia;o__Peptostreptococcales-Tissierellales;f__Peptostreptococcaceae;g__Peptoanaerobacter;s__	g__Peptoanaerobacter
456c988e399e392f92a265b8bbcba8a8	d__Bacteria;p__Fusobacteriota;c__Fusobacteriia;o__Fusobacteriales;f__Leptotrichiaceae;g__Leptotrichia;s__	g__Leptotrichia
1411a050d3b38e29092b51a0098c0158	d__Bacteria;p__Pseudomonadota;c__Gammaproteobacteria;o__Burkholderiales;f__Neisseriaceae;g__Alysiella;s__	g__Alysiella
43125ba8189da34d9364dc88ac12580c	d__Bacteria;p__Pseudomonadota;c__Gammaproteobacteria;o__Pseudomonadales;f__Moraxellaceae;g__Acinetobacter;s__	g__Acinetobacter
6ed41a606d74410b77258114202fa78b	d__Bacteria;p__Bacillota;c__Clostridia;o__Clostridia_vadinBB60_group;f__Incertae_Sedis;g__Incertae_Sedis;s__	g__Incertae_Sedis
7fda3541731b2d339c23b06c3265afdb	d__Bacteria;p__Fusobacteriota;c__Fusobacteriia;o__Fusobacteriales;f__Fusobacteriaceae;g__Fusobacterium;s__	g__Fusobacterium
66e2f8699b50c5be581d21573b440ec3	d__Bacteria;p__Bacillota;c__Bacilli;o__Bacillales;f__Bacillaceae;g__Schinkia;s__	g__Schinkia
11cf3bb6b45c5f43ba1363fc58a92138	d__Bacteria;p__Actinomycetota;c__Thermoleophilia;o__Gaiellales;f__Incertae_Sedis;g__Incertae_Sedis;s__	g__Incertae_Sedis
3a421aec600d1170e34012c6c4ceafea	d__Bacteria;p__Bacillota;c__Negativicutes;o__Veillonellales-Selenomonadales;f__Selenomonadaceae;g__Selenomonas;s__	g__Selenomonas
1123e5c30fb7d4114d95ae6a3297a075	d__Bacteria;p__Bacillota;c__Bacilli;o__Lactobacillales;f__Aerococcaceae;g__Abiotrophia;s__	g__Abiotrophia
3b09c379c91607f543c54094f687b85a	d__Bacteria;p__Pseudomonadota;c__Gammaproteobacteria;o__Pseudomonadales;f__Pseudomonadaceae;g__Pseudomonas;s__	g__Pseudomonas
ad14de925de88b6b4d6297a4adf4fa01	d__Bacteria;p__Pseudomonadota;c__Gammaproteobacteria;o__Burkholderiales;f__Neisseriaceae;g__Neisseria;s__	g__Neisseria
7fbb770c53dc888704b746e11b1e74ee	d__Bacteria;p__Fusobacteriota;c__Fusobacteriia;o__Fusobacteriales;f__Leptotrichiaceae;g__Leptotrichia;s__	g__Leptotrichia
7f43c10ee9744555fdf293540c3d7017	d__Bacteria;p__Bacteroidota;c__Bacteroidia;o__Bacteroidales;f__Prevotellaceae;g__Prevotella;s__	g__Prevotella
4af282f88b30f89f3a67451f1423f8ba	d__Bacteria;p__Bacteroidota;c__Bacteroidia;o__Flavobacteriales;f__Weeksellaceae;g__Chryseobacterium;s__	g__Chryseobacterium
52f00e3571c450eeb287d11acc1f5a47	d__Bacteria;p__Bacillota;c__Clostridia;o__Lachnospirales;f__Lachnospiraceae;g__Anaerobutyricum;s__	g__Anaerobutyricum
4ff4ce6717e34a74ca5ce34c9fd13f77	d__Bacteria;p__Bacillota;c__Clostridia;o__Lachnospirales;f__Lachnospiraceae;g__Catonella;s__	g__Catonella
2b07821815a3b15649d5dbdd8b99b2e0	d__Bacteria;p__Pseudomonadota;c__Gammaproteobacteria;o__Enterobacterales;f__Pasteurellaceae;g__Haemophilus;s__	g__Haemophilus
5b3708c11eece457e2f816e928058b4a	d__Bacteria;p__Bacillota;c__Negativicutes;o__Veillonellales-Selenomonadales;f__Selenomonadaceae;g__Selenomonas;s__	g__Selenomonas
b0387706a8483698d290c5f6393ee76c	d__Bacteria;p__Bacteroidota;c__Bacteroidia;o__Bacteroidales;f__Paludibacteraceae;g__Paludibacter;s__	g__Paludibacter
135a8d20c31d5bfc067787eed1d07a6a	d__Bacteria;p__Bacteroidota;c__Bacteroidia;o__Flavobacteriales;f__Crocinitomicaceae;g__Fluviicola;s__	g__Fluviicola
88e6b10ac0d8abe05d497bcd7053b333	d__Bacteria;p__Bacteroidota;c__Bacteroidia;o__Bacteroidetes_VC2.1_Bac22;f__Incertae_Sedis;g__Incertae_Sedis;s__	g__Incertae_Sedis
d25b7124f91a9cd5a1f49a51f65a2b95	d__Bacteria;p__Bacteroidota;c__Bacteroidia;o__Bacteroidales;f__Prevotellaceae;g__Incertae_Sedis;s__	g__Incertae_Sedis
927391bd12af408973f8d673ae7f5175	d__Bacteria;p__Bacteroidota;c__Bacteroidia;o__Bacteroidales;f__Prevotellaceae;g__Segatella;s__	g__Segatella
9c19581cf2e1044e329c6387a407a68f	d__Bacteria;p__Fusobacteriota;c__Fusobacteriia;o__Fusobacteriales;f__Leptotrichiaceae;g__Leptotrichia;s__	g__Leptotrichia
b37f87b7be92e1de8bfc66c28bea4d88	d__Bacteria;p__Actinomycetota;c__Actinobacteria;o__Actinomycetales;f__Actinomycetaceae;g__Actinomyces;s__	g__Actinomyces
902869d4bd002efd1b81e56837267538	d__Bacteria;p__Pseudomonadota;c__Gammaproteobacteria;o__Enterobacterales;f__Alteromonadaceae;g__Rheinheimera;s__	g__Rheinheimera
b4e861a122a7605cfef0096de3557031	d__Bacteria;p__Actinomycetota;c__Actinobacteria;o__Actinomycetales;f__Actinomycetaceae;g__Schaalia;s__	g__Schaalia
b57cf2ef4628059f9af82af9a9c92881	d__Bacteria;p__Pseudomonadota;c__Alphaproteobacteria;o__Sphingomonadales;f__Sphingomonadaceae;g__Qipengyuania;s__	g__Qipengyuania
7c826a771b7ad27d7d9d65a685b2eedb	d__Bacteria;p__Pseudomonadota;c__Alphaproteobacteria;o__Sphingomonadales;f__Sphingomonadaceae;g__Sphingomonas;s__	g__Sphingomonas
2ddb2d5d9acd2673b254d2e25b7f8b11	d__Bacteria;p__Bacillota;c__Bacilli;o__Bacillales;f__Planococcaceae;g__Lysinibacillus;s__	g__Lysinibacillus
d72da071bc9d900b190163128cb16283	d__Bacteria;p__Pseudomonadota;c__Gammaproteobacteria;o__Lysobacterales;f__Lysobacteraceae;g__Stenotrophomonas;s__	g__Stenotrophomonas
1ff90b67925e97117ca0afd01e0274da	d__Bacteria;p__Bacteroidota;c__Bacteroidia;o__Bacteroidales;f__Bacteroidales_RF16_group;g__Incertae_Sedis;s__	g__Incertae_Sedis
815f7b524c77dd81504056c7987677a0	d__Bacteria;p__Pseudomonadota;c__Gammaproteobacteria;o__Enterobacterales;f__Pasteurellaceae;g__Actinobacillus;s__	g__Actinobacillus
9e81d62112824734fd2ba13170431b43	d__Bacteria;p__Bacteroidota;c__Bacteroidia;o__Bacteroidales;f__Porphyromonadaceae;g__Porphyromonas;s__	g__Porphyromonas
0adae8c0f905c224899034e4cf593943	d__Bacteria;p__Bacillota;c__Negativicutes;o__Veillonellales-Selenomonadales;f__Selenomonadaceae;g__Selenomonas;s__	g__Selenomonas
c0f8f8a52a3b3f125184d685ab918574	d__Bacteria;p__Actinomycetota;c__Coriobacteriia;o__Coriobacteriales;f__Eggerthellaceae;g__Slackia;s__	g__Slackia
983dc20b3f32bd8c7f90bc6df3375a4e	d__Bacteria;p__Bacillota;c__Clostridia;o__Clostridiales;f__Clostridiaceae;g__Proteiniclasticum;s__	g__Proteiniclasticum
78ef08f272002536328dd2646a299ba6	d__Bacteria;p__Actinomycetota;c__Actinobacteria;o__Mycobacteriales;f__Corynebacteriaceae;g__Corynebacterium;s__	g__Corynebacterium
4686d4de7e34eeae1217e70b27046f5e	d__Bacteria;p__Bacillota;c__Bacilli;o__Erysipelotrichales;f__Erysipelotrichaceae;g__Holdemanella;s__	g__Holdemanella
d7ed3aea63eebf99b3cef48235b148c5	d__Bacteria;p__Bacteroidota;c__Bacteroidia;o__Bacteroidales;f__Prevotellaceae;g__Alloprevotella;s__	g__Alloprevotella
da09eb0226d605f1c9f1066b424cddef	d__Bacteria;p__Bacillota;c__Clostridia;o__Peptostreptococcales-Tissierellales;f__Family_XI;g__Incertae_Sedis;s__	g__Incertae_Sedis
dc08fe63524421594f68c41fc630df9a	d__Bacteria;p__Actinomycetota;c__Coriobacteriia;o__Coriobacteriales;f__Atopobiaceae;g__Lancefieldella;s__	g__Lancefieldella
5fc9b54f7d558d846718301a50ebf3c9	d__Bacteria;p__Pseudomonadota;c__Gammaproteobacteria;o__Pseudomonadales;f__Pseudomonadaceae;g__Pseudomonas;s__	g__Pseudomonas
263901e5f4e6f57f07c38e08f3e93989	d__Bacteria;p__Bacillota;c__Bacilli;o__Mycoplasmatales;f__Mycoplasmataceae;g__Mycoplasma;s__	g__Mycoplasma
22b9edb9b97180b20f339ebe0a553a57	d__Bacteria;p__Bacteroidota;c__Bacteroidia;o__Bacteroidales;f__Prevotellaceae;g__Alloprevotella;s__	g__Alloprevotella
f41558a103a772f346e646eb3f3587cc	d__Bacteria;p__Fusobacteriota;c__Fusobacteriia;o__Fusobacteriales;f__Leptotrichiaceae;g__Leptotrichia;s__	g__Leptotrichia
e103cc3f67bfcd555e834921ee7065c3	d__Bacteria;p__Bacteroidota;c__Bacteroidia;o__Chitinophagales;f__Chitinophagaceae;g__Flaviaestuariibacter;s__	g__Flaviaestuariibacter
d0fdf8b1b3a463d1ec537cae38c43ac5	d__Bacteria;p__Bacteroidota;c__Bacteroidia;o__Cytophagales;f__Cyclobacteriaceae;g__Nafulsella;s__	g__Nafulsella
ca0eb55bf15b7abdf2c10166b479e7fa	d__Bacteria;p__Bacteroidota;c__Bacteroidia;o__Bacteroidales;f__Prevotellaceae;g__Hoylesella;s__	g__Hoylesella
c8f5a37b226b64f738772c3e6337acd4	d__Bacteria;p__Pseudomonadota;c__Alphaproteobacteria;o__Sphingomonadales;f__Sphingomonadaceae;g__Erythrobacter;s__	g__Erythrobacter
9ac1b104b858c51f2412e4bf6a9cf943	d__Bacteria;p__Actinomycetota;c__Actinobacteria;o__Mycobacteriales;f__Corynebacteriaceae;g__Corynebacterium;s__	g__Corynebacterium
3f11075cef00e1e4f69b0024912e7a1b	d__Bacteria;p__Bacteroidota;c__Bacteroidia;o__Sphingobacteriales;f__Lentimicrobiaceae;g__Lentimicrobium;s__	g__Lentimicrobium
479bfd18fe14f69b98bf85342b1b2d24	d__Bacteria;p__Bacteroidota;c__Bacteroidia;o__Bacteroidales;f__Bacteroidaceae;g__Bacteroides;s__	g__Bacteroides
feedbfa8bec3a6ee7665b447d414cc21	d__Bacteria;p__Bacteroidota;c__Bacteroidia;o__Bacteroidales;f__Prevotellaceae;g__Segatella;s__	g__Segatella
077fbf0a271cb2a7e4cdf30a59e35d7d	d__Bacteria;p__Bacillota;c__Clostridia;o__Lachnospirales;f__Lachnospiraceae;g__Lachnoanaerobaculum;s__	g__Lachnoanaerobaculum
539dbb32234ca78844e2613ad1244de9	d__Bacteria;p__Chloroflexota;c__Anaerolineae;o__Anaerolineales;f__Anaerolineaceae;g__Flexilinea;s__	g__Flexilinea
d7d7fe7fa32f1f7826a803258050e38c	d__Bacteria;p__Bacteroidota;c__Bacteroidia;o__Bacteroidales;f__Porphyromonadaceae;g__Porphyromonas;s__	g__Porphyromonas
c439e4b521fdb6cd4ce1c2cc43e17e32	d__Bacteria;p__Bacteroidota;c__Bacteroidia;o__Bacteroidales;f__Prevotellaceae;g__Incertae_Sedis;s__	g__Incertae_Sedis
47b628933c912c5b9b4a69281db467df	d__Bacteria;p__Bacteroidota;c__Bacteroidia;o__Bacteroidales;f__Prevotellaceae;g__Incertae_Sedis;s__	g__Incertae_Sedis
dbbac3a15908db3b1b138923e8820dab	d__Bacteria;p__Armatimonadota;c__Fimbriimonadia;o__Fimbriimonadales;f__Fimbriimonadaceae;g__Incertae_Sedis;s__	g__Incertae_Sedis
3fc5b7d674e84608c98becbe83e0e50a	d__Bacteria;p__Actinomycetota;c__Coriobacteriia;o__Coriobacteriales;f__Eggerthellaceae;g__Senegalimassilia;s__	g__Senegalimassilia
c0407df5eb9e4d83a9e8e8d44e29b56f	d__Bacteria;p__Pseudomonadota;c__Gammaproteobacteria;o__Enterobacterales;f__Pasteurellaceae;g__Aggregatibacter;s__	g__Aggregatibacter
814adb4e3855af46724e2f7ee27b94f5	d__Bacteria;p__Bacteroidota;c__Bacteroidia;o__Bacteroidales;f__Prevotellaceae;g__Segatella;s__	g__Segatella
18281dde498ac925d87d8732ffab9989	d__Bacteria;p__Bacteroidota;c__Bacteroidia;o__Bacteroidales;f__Prevotellaceae;g__Segatella;s__	g__Segatella
832c652b7150853a53afed3ce9108c92	d__Bacteria;p__Bacillota;c__Bacilli;o__Staphylococcales;f__Gemellaceae;g__Gemella;s__	g__Gemella
5ce0bbfc30c50a12dcc0c67f82e0ee4a	d__Bacteria;p__Actinomycetota;c__Actinobacteria;o__Bifidobacteriales;f__Bifidobacteriaceae;g__Bifidobacterium;s__	g__Bifidobacterium
3d7b1277ccb046292384dc1268b9c828	d__Bacteria;p__Bacillota;c__Negativicutes;o__Veillonellales-Selenomonadales;f__Selenomonadaceae;g__Selenomonas;s__	g__Selenomonas
470ea1dbf820c9fdd4de17b6219baafb	d__Bacteria;p__Bacillota;c__Bacilli;o__Erysipelotrichales;f__Erysipelatoclostridiaceae;g__UCG-004;s__	g__UCG-004
1b01939bac3b7d74020682d7035d820f	d__Bacteria;p__Bacteroidota;c__Bacteroidia;o__Bacteroidales;f__Prevotellaceae;g__Prevotella;s__	g__Prevotella
d417dc15280cefc93ecb66ccf4a4c863	d__Bacteria;p__Bacillota;c__Bacilli;o__Lactobacillales;f__Lactobacillaceae;g__Limosilactobacillus;s__	g__Limosilactobacillus
2d2a56061c7c10be48729face7f9fb21	d__Bacteria;p__Pseudomonadota;c__Gammaproteobacteria;o__Pseudomonadales;f__Pseudomonadaceae;g__Pseudomonas;s__	g__Pseudomonas
33b0fb72aecfa27b1c57c035e0e27b7b	d__Bacteria;p__Bacteroidota;c__Bacteroidia;o__Bacteroidales;f__Paludibacteraceae;g__Paludibacter;s__	g__Paludibacter
2648a99d65facc09fed5d9fecac794f2	d__Bacteria;p__Actinomycetota;c__Actinobacteria;o__Micrococcales;f__Bogoriellaceae;g__Georgenia;s__	g__Georgenia
b799a85b269aa27507c3cd168d485fdc	d__Bacteria;p__Bacteroidota;c__Bacteroidia;o__Bacteroidales;f__Prevotellaceae;g__Segatella;s__	g__Segatella
96343a09b2eb744029206c2ff24c8bc0	d__Bacteria;p__Bacillota;c__Clostridia;o__Lachnospirales;f__Lachnospiraceae;g__Anaerobutyricum;s__	g__Anaerobutyricum
dfac826d76cc9ba66cebd50705332e4f	d__Bacteria;p__Bacteroidota;c__Bacteroidia;o__Cytophagales;f__Spirosomataceae	Unclassified
68218e882e028eb1cf550334ecfec072	d__Bacteria;p__Pseudomonadota;c__Gammaproteobacteria;o__Burkholderiales;f__Oxalobacteraceae;g__Massilia;s__	g__Massilia
ba03ec8837096ee9892738d2905122ee	d__Bacteria;p__Pseudomonadota;c__Gammaproteobacteria;o__Burkholderiales;f__Neisseriaceae;g__Neisseria;s__	g__Neisseria
5f159f6fa117b03b1484c1956a19e543	d__Bacteria;p__Bacteroidota;c__Bacteroidia;o__Flavobacteriales;f__Weeksellaceae;g__Chryseobacterium;s__	g__Chryseobacterium
cdf24f37d640b675d2f05f49043fd8a4	d__Bacteria;p__Actinomycetota;c__Actinobacteria;o__Propionibacteriales;f__Nocardioidaceae;g__Nocardioides;s__	g__Nocardioides
2997aeb3d3ab2cf14a20815ed7ee0ef7	d__Bacteria;p__Bacteroidota;c__Bacteroidia;o__Bacteroidales;f__Prevotellaceae;g__Prevotella;s__	g__Prevotella
95861d666e2db23c796c51481edaddf7	d__Bacteria;p__Bacillota;c__Bacilli;o__Thermoactinomycetales;f__Thermoactinomycetaceae;g__Planifilum;s__	g__Planifilum
ee878c01fe34e6422d321d2aae3099d2	d__Bacteria;p__Bacillota;c__Negativicutes;o__Veillonellales-Selenomonadales;f__Selenomonadaceae;g__Selenomonas;s__	g__Selenomonas
a358e29754ee4701798f637ad0e52403	d__Bacteria;p__Pseudomonadota;c__Gammaproteobacteria;o__Lysobacterales;f__Lysobacteraceae;g__Lysobacter;s__	g__Lysobacter
10e4e3a938404dccefed569c04488fd7	d__Bacteria;p__Pseudomonadota;c__Gammaproteobacteria;o__Lysobacterales;f__Lysobacteraceae;g__Lysobacter;s__	g__Lysobacter
9a5058c7d4fa9885da952d8d93ec5422	d__Bacteria;p__Bacillota;c__Clostridia;o__Lachnospirales;f__Lachnospiraceae;g__Lachnoanaerobaculum;s__	g__Lachnoanaerobaculum
9e8520e88c87343351526fd5dcaf153d	d__Bacteria;p__Pseudomonadota;c__Gammaproteobacteria;o__Burkholderiales;f__Alcaligenaceae;g__Achromobacter;s__	g__Achromobacter
30adcea41e7f0f797529109c6da1030b	d__Bacteria;p__Bacillota;c__Clostridia;o__Lachnospirales;f__Lachnospiraceae;g__Oribacterium;s__	g__Oribacterium
b4a599fb0ef409b52c7e6231b875c21f	d__Bacteria;p__Spirochaetota;c__Spirochaetia;o__Spirochaetales;f__Spirochaetaceae;g__Treponema;s__	g__Treponema
3f60bd512213a41fdcdad01f94f527af	d__Bacteria;p__Bacteroidota;c__Bacteroidia;o__Flavobacteriales;f__Flavobacteriaceae;g__Capnocytophaga;s__	g__Capnocytophaga
82a9579aaed9a7b056764ff9e13bf5b5	d__Bacteria;p__Bacillota;c__Clostridia;o__Peptostreptococcales-Tissierellales;f__Family_XI;g__Anaerococcus;s__	g__Anaerococcus
4d46c79d30f846aed0e54193ead76c35	d__Bacteria;p__Bacteroidota;c__Bacteroidia;o__Bacteroidales;f__Prevotellaceae;g__Leyella;s__	g__Leyella
abe348b919657ecc6917ff3a59c095d0	d__Bacteria;p__Bacillota;c__Bacilli;o__Bacillales;f__Bacillaceae;g__Bacillus;s__	g__Bacillus
e0d7b65c27d1e3300e871fa3b8a31d17	d__Bacteria;p__Actinomycetota;c__Actinobacteria;o__Pseudonocardiales;f__Pseudonocardiaceae;g__Saccharopolyspora;s__	g__Saccharopolyspora
12f26a4fa0c4a1b2a82307da45b4c5a3	d__Bacteria;p__Bacteroidota;c__Bacteroidia;o__Bacteroidales;f__Bacteroidaceae;g__Bacteroides;s__	g__Bacteroides
9f30030728e0e2210e9c67cb23b50eed	d__Bacteria;p__Bacillota;c__Clostridia;o__Lachnospirales;f__Lachnospiraceae;g__Catonella;s__	g__Catonella
8616ccf21fa06181d636dac74fdb34b9	d__Bacteria;p__Bacillota;c__Bacilli;o__Lactobacillales;f__Enterococcaceae;g__Enterococcus;s__	g__Enterococcus
31bce7f2f97ae55b86efe0e710436b32	d__Bacteria;p__Pseudomonadota;c__Gammaproteobacteria;o__Burkholderiales;f__Comamonadaceae;g__Comamonas;s__	g__Comamonas
cb6ee53401962a26788af21de2a16f67	d__Bacteria;p__Pseudomonadota;c__Gammaproteobacteria;o__Enterobacterales;f__Enterobacteriaceae;g__Escherichia-Shigella;s__	g__Escherichia-Shigella
c5d2e1aa04f90daae2293f84ae25535b	d__Bacteria;p__Pseudomonadota;c__Gammaproteobacteria;o__Burkholderiales;f__Neisseriaceae;g__Neisseria;s__	g__Neisseria
4b79d050509d2152ea8af29f8e7edf16	d__Bacteria;p__Actinomycetota;c__Actinobacteria;o__Actinomycetales;f__Actinomycetaceae;g__Schaalia;s__	g__Schaalia
198227cbf13f1c963a35e0afd5d62928	d__Bacteria;p__Bacillota;c__Negativicutes;o__Veillonellales-Selenomonadales;f__Selenomonadaceae;g__Incertae_Sedis;s__	g__Incertae_Sedis
ab4f43e701eed96de9990f1919262a9f	d__Bacteria;p__Pseudomonadota;c__Gammaproteobacteria;o__Burkholderiales;f__Neisseriaceae;g__Neisseria;s__	g__Neisseria
8e61c7490a30cf5ddb8feea60317bb25	d__Bacteria;p__Bacillota;c__Bacilli;o__Erysipelotrichales;f__Erysipelotrichaceae;g__Solobacterium;s__	g__Solobacterium
1b56f8215dd8ad9926ef22636c97053d	d__Bacteria;p__Pseudomonadota;c__Gammaproteobacteria;o__Burkholderiales;f__Neisseriaceae;g__Neisseria;s__	g__Neisseria
13773ab1059e4374d11a8abe765b16a6	d__Bacteria;p__Pseudomonadota;c__Gammaproteobacteria;o__Burkholderiales;f__Burkholderiaceae;g__Lautropia;s__	g__Lautropia
901bf6f83afffd5d7a08036e6f979090	d__Bacteria;p__Verrucomicrobiota;c__Verrucomicrobiia;o__Opitutales;f__Opitutaceae;g__Oleiharenicola;s__	g__Oleiharenicola
376cfe5c28ee3bb216800a9fc759e899	d__Bacteria;p__Patescibacteria;c__Saccharimonadia;o__Saccharimonadales;f__Incertae_Sedis;g__Incertae_Sedis;s__	g__Incertae_Sedis
ed0978b5a6f9814d794bfb77c5c730a7	d__Bacteria;p__Bacteroidota;c__Bacteroidia;o__Bacteroidales;f__Porphyromonadaceae;g__Porphyromonas;s__	g__Porphyromonas
118fabaf75be6410d4153dc31747cac4	d__Bacteria;p__Bacillota;c__Clostridia;o__Christensenellales;f__Christensenellaceae;g__Christensenellaceae_R-7_group;s__	g__Christensenellaceae_R-7_group
d71cd7ba8f0d96546f5a680b9dab173c	d__Bacteria;p__Bacteroidota;c__Bacteroidia;o__Bacteroidales;f__Prevotellaceae;g__Prevotella;s__	g__Prevotella
62a18650e23d47ebc66a0245f62bbd6c	d__Bacteria;p__Bacillota;c__Bacilli;o__Alicyclobacillales;f__Alicyclobacillaceae;g__Tumebacillus;s__	g__Tumebacillus
6e783c90e3c82e865e059306ab1109cc	d__Bacteria;p__Pseudomonadota;c__Gammaproteobacteria;o__Burkholderiales;f__Comamonadaceae;g__Aquabacterium;s__	g__Aquabacterium
06cb2a78bca704f0f37e55e804afee60	d__Bacteria;p__Pseudomonadota;c__Alphaproteobacteria;o__Sphingomonadales;f__Sphingomonadaceae;g__Rhizorhabdus;s__	g__Rhizorhabdus
3fda4897f1e987dd50ef8d6a2a0eda2a	d__Bacteria;p__Pseudomonadota;c__Gammaproteobacteria;o__Pseudomonadales;f__Moraxellaceae;g__Acinetobacter;s__	g__Acinetobacter
6a59121670dcb596330789e0097538ee	d__Bacteria;p__Fusobacteriota;c__Fusobacteriia;o__Fusobacteriales;f__Leptotrichiaceae;g__Leptotrichia;s__	g__Leptotrichia
0b5a6b6ae7485fc34c2aa1b884d0fca6	d__Bacteria;p__Pseudomonadota;c__Gammaproteobacteria;o__Enterobacterales;f__Pasteurellaceae;g__Aggregatibacter;s__	g__Aggregatibacter
9a27df5c3cf96b73b30ebe50585a1bba	d__Bacteria;p__Pseudomonadota;c__Gammaproteobacteria;o__Pseudomonadales;f__Pseudomonadaceae;g__Pseudomonas;s__	g__Pseudomonas
1bd76ce6b3887484744b60dea5092c4b	d__Bacteria;p__Pseudomonadota;c__Alphaproteobacteria;o__Hyphomicrobiales;f__Rhizobiaceae;g__Agrobacterium;s__	g__Agrobacterium
8fd4b8b971f9c044f33ed1a2e4040fa0	d__Bacteria;p__Bacteroidota;c__Bacteroidia;o__Bacteroidales;f__Prevotellaceae;g__Incertae_Sedis;s__	g__Incertae_Sedis
08f932fb6a1d829cfac89645302549e9	d__Bacteria;p__Bacillota;c__Negativicutes;o__Veillonellales-Selenomonadales;f__Veillonellaceae;g__Veillonella;s__	g__Veillonella
db35270a52faf8155381bdf7fdb992a7	d__Bacteria;p__Spirochaetota;c__Spirochaetia;o__Spirochaetales;f__Spirochaetaceae;g__Treponema;s__	g__Treponema
825a3f20046c0328a5cbd6c6f91bf226	d__Bacteria;p__Bacillota;c__Negativicutes;o__Veillonellales-Selenomonadales;f__Selenomonadaceae;g__Selenomonas;s__	g__Selenomonas
c3eca306f47edb1ca391785b1f7d5b22	d__Bacteria;p__Bacteroidota;c__Bacteroidia;o__Bacteroidales;f__Prevotellaceae;g__Prevotella;s__	g__Prevotella
ac3e626c26937b15120a271512f5f50a	d__Bacteria;p__Bacteroidota;c__Bacteroidia;o__Bacteroidales;f__Prevotellaceae;g__Hoylesella;s__	g__Hoylesella
76b376cebb2f1189a0fb6f3cdfdb110f	d__Bacteria;p__Bacillota;c__Bacilli;o__Lactobacillales;f__Streptococcaceae;g__Streptococcus;s__	g__Streptococcus
4cdf8f7702b4667ef847dc85fb5c07af	d__Bacteria;p__Pseudomonadota;c__Gammaproteobacteria;o__Burkholderiales;f__Comamonadaceae;g__Comamonas;s__	g__Comamonas
181ebd439f321117294c2a150f937bf4	d__Bacteria;p__Bacillota;c__Negativicutes;o__Veillonellales-Selenomonadales;f__Selenomonadaceae;g__Selenomonas;s__	g__Selenomonas
9d72fea2aadd26cab462b48ab0741d3a	d__Bacteria;p__Bacteroidota;c__Bacteroidia;o__Bacteroidales;f__Prevotellaceae;g__Hoylesella;s__	g__Hoylesella
e41a85b5e9675108a029a12852a179eb	d__Bacteria;p__Actinomycetota;c__Actinobacteria;o__Propionibacteriales;f__Propionibacteriaceae;g__Propioniciclava;s__	g__Propioniciclava
e585dfe155cb6011587da5c74f108d1f	d__Bacteria;p__Pseudomonadota;c__Gammaproteobacteria;o__Burkholderiales;f__Comamonadaceae;g__Diaphorobacter;s__	g__Diaphorobacter
c7e02b5da26e1b8726867c4573913b10	d__Bacteria;p__Bacteroidota;c__Bacteroidia;o__Bacteroidales;f__Rikenellaceae;g__Rikenellaceae_RC9_gut_group;s__	g__Rikenellaceae_RC9_gut_group
5a95210f30ec59f1bc40f2a939aa3da6	d__Bacteria;p__Bacteroidota;c__Bacteroidia;o__Bacteroidales;f__Bacteroidales_RF16_group;g__Incertae_Sedis;s__	g__Incertae_Sedis
0da7e268ee14c85762fb5aaaa748be86	d__Bacteria;p__Pseudomonadota;c__Alphaproteobacteria;o__Caulobacterales;f__Caulobacteraceae;g__Phenylobacterium;s__	g__Phenylobacterium
21f7f3357f12a1b3d0940d57ea975e1c	d__Bacteria;p__Bacillota;c__Negativicutes;o__Veillonellales-Selenomonadales;f__Selenomonadaceae;g__Selenomonas;s__	g__Selenomonas
fc1156b2485be5b69c9d73e702720f0b	d__Bacteria;p__Bacteroidota;c__Bacteroidia;o__Bacteroidales;f__Prevotellaceae;g__Hoylesella;s__	g__Hoylesella
09395beb2f810e093b47e1aabbf7e893	d__Bacteria;p__Patescibacteria;c__Gracilibacteria;o__Absconditabacteriales_(SR1);f__Incertae_Sedis;g__Incertae_Sedis;s__	g__Incertae_Sedis
e2255f65935cf84cc7f190bc4a6e5d9b	d__Bacteria;p__Actinomycetota;c__Actinobacteria;o__Actinomycetales;f__Actinomycetaceae;g__Schaalia;s__	g__Schaalia
1876c6ed11a3167d12ecb5ee35e04b07	d__Bacteria;p__Bacillota;c__Negativicutes;o__Veillonellales-Selenomonadales;f__Selenomonadaceae;g__Selenomonas;s__	g__Selenomonas
5e4d6c258ce34cdcbe0afac51c11393f	d__Bacteria;p__Bacillota;c__Clostridia;o__Christensenellales;f__Christensenellaceae;g__Christensenellaceae_R-7_group;s__	g__Christensenellaceae_R-7_group
b7fb8af519a8515cd8f875eb9b0bb12c	d__Bacteria;p__Actinomycetota;c__Actinobacteria;o__Mycobacteriales;f__Dietziaceae;g__Dietzia;s__	g__Dietzia
f7f66629e3fa012f590a894f12cb4b36	d__Bacteria;p__Bacteroidota;c__Bacteroidia;o__Bacteroidales;f__Marinifilaceae;g__Incertae_Sedis;s__	g__Incertae_Sedis
26f1694dab89907e68f54b395c016922	d__Bacteria;p__Bacteroidota;c__Bacteroidia;o__Flavobacteriales;f__Weeksellaceae;g__Ornithobacterium;s__	g__Ornithobacterium
278ac0fade22723ce54fc89a4754d8a5	d__Bacteria;p__Bacillota;c__Clostridia;o__Lachnospirales;f__Lachnospiraceae;g__Fusicatenibacter;s__	g__Fusicatenibacter
b322dc21a09afae3ef26bb98ab93b4dc	d__Bacteria;p__Bacteroidota;c__Bacteroidia;o__Bacteroidales;f__Prevotellaceae;g__Incertae_Sedis;s__	g__Incertae_Sedis
f0773fe5d45295fb5d4b2faba66dbe89	d__Bacteria;p__Pseudomonadota;c__Gammaproteobacteria;o__Lysobacterales;f__Lysobacteraceae;g__Lysobacter;s__	g__Lysobacter
b81749ea4b34e1c4e43abed440b02610	d__Bacteria;p__Bacillota;c__Bacilli;o__Staphylococcales;f__Staphylococcaceae;g__Staphylococcus;s__	g__Staphylococcus
36529fddedad4fcfa27c404ebee6514c	d__Bacteria;p__Actinomycetota;c__Actinobacteria;o__Actinomycetales;f__Actinomycetaceae;g__Actinomyces;s__	g__Actinomyces
dac16c2ed37a5bdfe99a7c0a7cabff9d	d__Bacteria;p__Bacteroidota;c__Bacteroidia;o__Bacteroidales;f__Prevotellaceae;g__Segatella;s__	g__Segatella
443d2719ff2e45ea107424c1f6b04044	d__Bacteria;p__Fusobacteriota;c__Fusobacteriia;o__Fusobacteriales;f__Fusobacteriaceae;g__Fusobacterium;s__	g__Fusobacterium
33912d87bf459f6d72002098f6f232a9	d__Bacteria;p__Pseudomonadota;c__Gammaproteobacteria;o__Pseudomonadales;f__Pseudomonadaceae;g__Pseudomonas;s__	g__Pseudomonas
2211a7a48ac82394d048ed1794bfdf9f	d__Bacteria;p__Bacteroidota;c__Bacteroidia;o__Bacteroidales;f__Prevotellaceae;g__Incertae_Sedis;s__	g__Incertae_Sedis
116dde202f4b96c44006e00517bac449	d__Bacteria;p__Pseudomonadota;c__Alphaproteobacteria;o__Hyphomicrobiales;f__Beijerinckiaceae;g__Methylocella;s__	g__Methylocella
fd84a7f4d5fce11075c5be431ba90d53	d__Bacteria;p__Bacteroidota;c__Bacteroidia;o__Bacteroidales;f__Prevotellaceae;g__Segatella;s__	g__Segatella
afb082bc3c79bea651cf3a01b5fc610f	d__Bacteria;p__Bacillota;c__Clostridia;o__Peptostreptococcales-Tissierellales;f__Family_XI;g__Anaerococcus;s__	g__Anaerococcus
b300d9a9b6b112266ca80be242523a2e	d__Bacteria;p__Fusobacteriota;c__Fusobacteriia;o__Fusobacteriales;f__Leptotrichiaceae;g__Pseudoleptotrichia;s__	g__Pseudoleptotrichia
fa56eb771e9f54de333db74295af32e5	d__Bacteria;p__Gemmatimonadota;c__Gemmatimonadia;o__Gemmatimonadales;f__Gemmatimonadaceae;g__Gemmatimonas;s__	g__Gemmatimonas
a5083fb70f6038c5943ed313ddbfa4d7	d__Bacteria;p__Bacteroidota;c__Bacteroidia;o__Bacteroidales;f__Prevotellaceae;g__Prevotella;s__	g__Prevotella
b5410addfc6428766f41cb919710001f	d__Bacteria;p__Fusobacteriota;c__Fusobacteriia;o__Fusobacteriales;f__Leptotrichiaceae;g__Leptotrichia;s__	g__Leptotrichia
27ab914f557ee40ab76d666f6909fdf6	d__Bacteria;p__Bacillota;c__Bacilli;o__RF39;f__Incertae_Sedis;g__Incertae_Sedis;s__	g__Incertae_Sedis
f8fcdea9ab0f0a6b867cecbb94558a5b	d__Bacteria;p__Bacteroidota;c__Bacteroidia;o__Bacteroidales;f__Prevotellaceae;g__Segatella;s__	g__Segatella
4fc98eb3f15936a1f092e472a4df1479	d__Bacteria;p__Fusobacteriota;c__Fusobacteriia;o__Fusobacteriales;f__Leptotrichiaceae;g__Leptotrichia;s__	g__Leptotrichia
fddfd7514b547512a9cee87c0752e691	d__Bacteria;p__Bacillota;c__Negativicutes;o__Veillonellales-Selenomonadales;f__Veillonellaceae;g__Veillonella;s__	g__Veillonella
0f48a3aac6878d055070f2e26d4fca37	d__Bacteria;p__Bacillota;c__Syntrophomonadia;o__Syntrophomonadales;f__Syntrophomonadaceae;g__Pelospora;s__	g__Pelospora
e8f3acf9f198f4cd0787586a35515531	d__Bacteria;p__Pseudomonadota;c__Gammaproteobacteria;o__Burkholderiales;f__Oxalobacteraceae;g__Noviherbaspirillum;s__	g__Noviherbaspirillum
80b5e4ae4fef5eb2c549f97b7f33fb0e	d__Bacteria;p__Pseudomonadota;c__Alphaproteobacteria;o__Acetobacterales;f__Acetobacteraceae;g__Roseomonas;s__	g__Roseomonas
d4c93203887e557dc93ba30840b11f81	d__Bacteria;p__Bacteroidota;c__Bacteroidia;o__Cytophagales;f__Hymenobacteraceae;g__Pontibacter;s__	g__Pontibacter
79cfc9a1ea6b4d8f282afad7b4fc3553	d__Bacteria;p__Pseudomonadota;c__Gammaproteobacteria;o__Burkholderiales;f__Oxalobacteraceae;g__Noviherbaspirillum;s__	g__Noviherbaspirillum
01713e2a2adc5fca0d2360ec5025575f	d__Bacteria;p__Actinomycetota;c__Coriobacteriia;o__Coriobacteriales;f__Coriobacteriaceae;g__Collinsella;s__	g__Collinsella
aa9d5ce35df849c52fd75c326cc8a75d	d__Bacteria;p__Bacillota;c__Bacilli;o__Bacillales;f__Bacillaceae;g__Bacillus;s__	g__Bacillus
9fd49c28ba8d014475937303b1efa531	d__Bacteria;p__Bacillota;c__Clostridia;o__Lachnospirales;f__Lachnospiraceae;g__Johnsonella;s__	g__Johnsonella
c46c3ef80fdf167b92b6952ec5fb9c11	d__Bacteria;p__Bacillota;c__Clostridia;o__Peptostreptococcales-Tissierellales;f__Family_XI;g__Anaerococcus;s__	g__Anaerococcus
0a8f34390f252fdd93ba3f5ace34eee2	d__Bacteria;p__Bacillota;c__Clostridia;o__Christensenellales;f__Christensenellaceae;g__Incertae_Sedis;s__	g__Incertae_Sedis
eb19ef9b9fd837e62b4a61258eb81130	d__Bacteria;p__Bacillota;c__Negativicutes;o__Veillonellales-Selenomonadales;f__Selenomonadaceae;g__Selenomonas;s__	g__Selenomonas
3b127120e2854cfb0e8136057e8cdacb	d__Bacteria;p__Fusobacteriota;c__Fusobacteriia;o__Fusobacteriales;f__Leptotrichiaceae;g__Leptotrichia;s__	g__Leptotrichia
223c5662760ca9bbd61b26d4e5785c7f	d__Bacteria;p__Pseudomonadota;c__Gammaproteobacteria;o__Burkholderiales;f__Alcaligenaceae;g__Castellaniella;s__	g__Castellaniella
f847869074f7e507e96cc404146ac77a	d__Bacteria;p__Bacteroidota;c__Bacteroidia;o__Bacteroidales;f__Prevotellaceae;g__Hoylesella;s__	g__Hoylesella
b34ab65848212673e7af9bafc0388e2b	d__Bacteria;p__Bacteroidota;c__Bacteroidia;o__Sphingobacteriales;f__Lentimicrobiaceae;g__Lentimicrobium;s__	g__Lentimicrobium
28dddad0105e623d41e650f68668a8bf	d__Bacteria;p__Bacteroidota;c__Bacteroidia;o__Bacteroidales;f__Rikenellaceae;g__Rikenellaceae_RC9_gut_group;s__	g__Rikenellaceae_RC9_gut_group
c38f90666e432e23d73ff3aeee4fbe98	d__Bacteria;p__Bacteroidota;c__Bacteroidia;o__Bacteroidales;f__Prevotellaceae;g__Prevotella;s__	g__Prevotella
3fd1a6848a322176250c7db199de0027	d__Bacteria;p__Pseudomonadota;c__Gammaproteobacteria;o__Burkholderiales;f__Comamonadaceae;g__Hydrogenophaga;s__	g__Hydrogenophaga
79947bf8e2ae875dd640ce7143bfa1d5	d__Bacteria;p__Actinomycetota;c__Actinobacteria;o__Actinomycetales;f__Actinomycetaceae;g__Actinomyces;s__	g__Actinomyces
ef5af48ec2b6c023c5de28c59cb08a40	d__Bacteria;p__Bacillota;c__Bacilli;o__Lactobacillales;f__Streptococcaceae;g__Streptococcus;s__	g__Streptococcus
746c0c6edc5b905c80e0a1f6bc328301	d__Bacteria;p__Actinomycetota;c__Actinobacteria;o__Actinomycetales;f__Actinomycetaceae;g__Schaalia;s__	g__Schaalia
68353960dcac56aab6bb796cf5b1843d	d__Bacteria;p__Bacillota;c__Bacilli;o__Lactobacillales;f__Aerococcaceae;g__Abiotrophia;s__	g__Abiotrophia
cd6f80d67ac67e6897dc3f55bd2d2e50	d__Bacteria;p__Fusobacteriota;c__Fusobacteriia;o__Fusobacteriales;f__Fusobacteriaceae;g__Fusobacterium;s__	g__Fusobacterium
37673647c8480c2ab3ee7d449e20c641	d__Bacteria;p__Bacillota;c__Clostridia;o__Oscillospirales;f__Oscillospiraceae;g__Fastidiosipila;s__	g__Fastidiosipila
a0749d131315b462a4c609fd48a26435	d__Bacteria;p__Bacteroidota;c__Bacteroidia;o__Bacteroidales;f__Porphyromonadaceae;g__Porphyromonas;s__	g__Porphyromonas
feb78b9021abfab57670576fc21a6f81	d__Bacteria;p__Bacillota;c__Bacilli;o__Lactobacillales;f__Lactobacillaceae;g__Lactobacillus;s__	g__Lactobacillus
825743c2d88d779b4ef8660ba50651f9	d__Bacteria;p__Actinomycetota;c__Actinobacteria;o__Propionibacteriales;f__Nocardioidaceae;g__Nocardioides;s__	g__Nocardioides
8be8eb3dc0ecd312935258a45cec439c	d__Bacteria;p__Pseudomonadota;c__Gammaproteobacteria;o__Burkholderiales;f__Rhodocyclaceae;g__Candidatus_Accumulibacter;s__	g__Candidatus_Accumulibacter
3cd2f8b8947b6ca31f1de954ababf2db	d__Bacteria;p__Bacteroidota;c__Bacteroidia;o__Flavobacteriales;f__Weeksellaceae;g__Cloacibacterium;s__	g__Cloacibacterium
4ec3f99fd2ce6077b097653076d3eefc	d__Bacteria;p__Bacteroidota;c__Bacteroidia;o__Sphingobacteriales;f__Lentimicrobiaceae;g__Lentimicrobium;s__	g__Lentimicrobium
0a119bf9afca3d4b3183f69cb57d5ee2	d__Bacteria;p__Actinomycetota;c__Actinobacteria;o__Micrococcales;f__Dermabacteraceae;g__Dermabacter;s__	g__Dermabacter
9c300262669a4d00f01e1072db968a80	d__Bacteria;p__Actinomycetota;c__Actinobacteria;o__Micrococcales;f__Micrococcaceae;g__Rothia;s__	g__Rothia
04662f97b899349760faa623ae167b42	d__Bacteria;p__Actinomycetota;c__Actinobacteria;o__Mycobacteriales;f__Corynebacteriaceae;g__Corynebacterium;s__	g__Corynebacterium
18731d80f49ed91b1eb1c865c2ce41ca	d__Bacteria;p__Actinomycetota;c__Actinobacteria;o__Mycobacteriales;f__Corynebacteriaceae;g__Corynebacterium;s__	g__Corynebacterium
ffe9baf177e404d709831bed48969911	d__Bacteria;p__Pseudomonadota;c__Alphaproteobacteria;o__Hyphomicrobiales;f__Rhizobiaceae;g__Rhizobium;s__	g__Rhizobium
720cc32faf370bb0cc8d91a4b7f9cf4c	d__Bacteria;p__Bacillota;c__Negativicutes;o__Veillonellales-Selenomonadales;f__Selenomonadaceae;g__Selenomonas;s__	g__Selenomonas
2705498bf96858d755444f5d21618b68	d__Bacteria;p__Pseudomonadota;c__Gammaproteobacteria;o__Enterobacterales;f__Erwiniaceae;g__Pantoea;s__	g__Pantoea
1aed8fb5e6346d3145f686b24e6b5170	d__Bacteria;p__Bacteroidota;c__Bacteroidia;o__Bacteroidales;f__Bacteroidaceae;g__Bacteroides;s__	g__Bacteroides
84869fcc97705a3209e20cb185e2d07e	d__Bacteria;p__Actinomycetota;c__Actinobacteria;o__Mycobacteriales;f__Corynebacteriaceae;g__Corynebacterium;s__	g__Corynebacterium
77c2f92084d8f9a773af58c4dd4b8f96	d__Bacteria;p__Campylobacterota;c__Campylobacteria;o__Campylobacterales;f__Campylobacteraceae;g__Campylobacter;s__	g__Campylobacter
044df274385fa69e00c52ef5381e5ef8	d__Bacteria;p__Pseudomonadota;c__Gammaproteobacteria;o__Burkholderiales;f__Alcaligenaceae;g__Alcaligenes;s__	g__Alcaligenes
61359222cad54777ac07e066d2f05bb0	d__Bacteria;p__Pseudomonadota;c__Alphaproteobacteria;o__Azospirillales;f__Azospirillaceae;g__Niveispirillum;s__	g__Niveispirillum
f514b4e1dc42064ee02886a8b31eba69	d__Bacteria;p__Fusobacteriota;c__Fusobacteriia;o__Fusobacteriales;f__Leptotrichiaceae;g__Pseudoleptotrichia;s__	g__Pseudoleptotrichia
8bc1144ae5ac0202d4ff0c7f78f08a46	d__Bacteria;p__Bacteroidota;c__Bacteroidia;o__Flavobacteriales;f__Flavobacteriaceae;g__Capnocytophaga;s__	g__Capnocytophaga
b820ca928dd5202ab706b12c7f7a8975	d__Bacteria;p__Bacillota;c__Negativicutes;o__Veillonellales-Selenomonadales;f__Veillonellaceae;g__Veillonella;s__	g__Veillonella
e44fe629c8b9cb6d3526013effebee1a	d__Bacteria;p__Bacillota;c__Clostridia;o__Lachnospirales;f__Lachnospiraceae;g__Butyrivibrio;s__	g__Butyrivibrio
de80cc01fa5a7e2970a4a4c7a2e50eb0	d__Bacteria;p__Pseudomonadota;c__Gammaproteobacteria;o__Burkholderiales;f__Comamonadaceae;g__Ramlibacter;s__	g__Ramlibacter
14c25885d6c8d1a46e230557935bfc2d	d__Bacteria;p__Pseudomonadota;c__Gammaproteobacteria;o__Burkholderiales;f__Comamonadaceae;g__Acidovorax;s__	g__Acidovorax
6b384369de141e2f694ef84767b9aa2c	d__Bacteria;p__Actinomycetota;c__Actinobacteria;o__Micrococcales;f__Intrasporangiaceae;g__Serinicoccus;s__	g__Serinicoccus
cc86f45aa848305221a850786595f9bf	d__Bacteria;p__Bacillota;c__Clostridia;o__Peptostreptococcales-Tissierellales;f__Family_XI;g__Finegoldia;s__	g__Finegoldia
043a390dd6e782c0d7479b620fdb3439	d__Bacteria;p__Pseudomonadota;c__Alphaproteobacteria;o__Hyphomicrobiales;f__Rhizobiaceae;g__Rhizobium;s__	g__Rhizobium
1a262f426d77c9191be20f6a60b0eddc	d__Bacteria;p__Pseudomonadota;c__Gammaproteobacteria;o__Cardiobacteriales;f__Cardiobacteriaceae;g__Cardiobacterium;s__	g__Cardiobacterium
6767e16043b41af5487d33c686beda34	d__Bacteria;p__Pseudomonadota;c__Gammaproteobacteria;o__Enterobacterales;f__Enterobacteriaceae	Unclassified
430c6c366cff25f9301ebc02ed168031	d__Bacteria;p__Bacteroidota;c__Bacteroidia;o__Bacteroidales;f__Prevotellaceae;g__Prevotella;s__	g__Prevotella
548287458b1e7d313285eaa02f17fd53	d__Bacteria;p__Pseudomonadota;c__Gammaproteobacteria;o__Pseudomonadales;f__Moraxellaceae;g__Acinetobacter;s__	g__Acinetobacter
24b5b21365f301ac392adb7a4a950c09	d__Bacteria;p__Bacteroidota;c__Bacteroidia;o__Bacteroidales;f__Prevotellaceae;g__Segatella;s__	g__Segatella
78535e01a5b8285ef794a8f98d948495	d__Bacteria;p__Bacteroidota;c__Bacteroidia;o__Bacteroidales;f__Prevotellaceae;g__Prevotella;s__	g__Prevotella
91cc26b84ee270eb8ebc9e11f7850d44	d__Bacteria;p__Bacteroidota;c__Bacteroidia;o__Bacteroidales;f__Porphyromonadaceae;g__Porphyromonas;s__	g__Porphyromonas
7a1e3d7b673cca57279d48047e9b4456	d__Bacteria;p__Bacillota;c__Clostridia;o__Lachnospirales;f__Lachnospiraceae;g__Enterocloster;s__	g__Enterocloster
53255ee16f36f7a2bf603fde219cbf25	d__Bacteria;p__Bacteroidota;c__Bacteroidia;o__Bacteroidales;f__Prevotellaceae;g__Segatella;s__	g__Segatella
60b97363e13764a0fd8afc4dd3cae859	d__Bacteria;p__Bacteroidota;c__Bacteroidia;o__Bacteroidales;f__Prevotellaceae;g__Incertae_Sedis;s__	g__Incertae_Sedis
d83e01941081ed08f31b1036ebb59abc	d__Bacteria;p__Bacteroidota;c__Bacteroidia;o__Bacteroidales;f__Prevotellaceae;g__Incertae_Sedis;s__	g__Incertae_Sedis
44d537f750b6654000683f9c22467b0a	d__Bacteria;p__Fusobacteriota;c__Fusobacteriia;o__Fusobacteriales;f__Leptotrichiaceae;g__Leptotrichia;s__	g__Leptotrichia
16a9f60ccbffbe522a687d09878ccf8e	d__Bacteria;p__Bacteroidota;c__Bacteroidia;o__Bacteroidales;f__Prevotellaceae;g__Hoylesella;s__	g__Hoylesella
34c28afdf5b45ec7163db389468bfd29	d__Bacteria;p__Actinomycetota;c__Actinobacteria;o__Mycobacteriales;f__Corynebacteriaceae;g__Corynebacterium;s__	g__Corynebacterium
ca330d990d75a539dec7c541fca66c68	d__Bacteria;p__Bacteroidota;c__Bacteroidia;o__Bacteroidales;f__Prevotellaceae;g__Alloprevotella;s__	g__Alloprevotella
04eb981d5420466b756c567ff283c015	d__Bacteria;p__Bacteroidota;c__Bacteroidia;o__Bacteroidales;f__Prevotellaceae;g__Segatella;s__	g__Segatella
cc87cd6d824fcb9f82a2f6b28ca48d9b	d__Bacteria;p__Bacillota;c__Bacilli;o__Lactobacillales;f__Streptococcaceae;g__Streptococcus;s__	g__Streptococcus
186f5b796c6bc726714fecbc678b938f	d__Bacteria;p__Bacillota;c__Clostridia;o__Peptostreptococcales-Tissierellales;f__Anaerovoracaceae;g__Family_XIII_AD3011_group;s__	g__Family_XIII_AD3011_group
ec636ed5ace829ae429caa0cef1a19e2	d__Bacteria;p__Pseudomonadota;c__Gammaproteobacteria;o__Burkholderiales;f__Rhodocyclaceae;g__Dechlorobacter;s__	g__Dechlorobacter
ba12aa800a4b42b64279a37b14bbcdc5	d__Bacteria;p__Bacteroidota;c__Bacteroidia;o__Bacteroidales;f__Rikenellaceae;g__Rikenellaceae_RC9_gut_group;s__	g__Rikenellaceae_RC9_gut_group
a0d76d92d001c78931ad6eaaeb9db866	d__Bacteria;p__Fusobacteriota;c__Fusobacteriia;o__Fusobacteriales;f__Fusobacteriaceae;g__Fusobacterium;s__	g__Fusobacterium
d4f37bb85a4f08d39aa17d238471d6c2	d__Bacteria;p__Bacteroidota;c__Bacteroidia;o__Bacteroidales;f__Prevotellaceae	Unclassified
f00ec74a980b811ceef8fc4e31292e35	d__Bacteria;p__Pseudomonadota;c__Gammaproteobacteria;o__Burkholderiales;f__Rhodocyclaceae;g__Thauera;s__	g__Thauera
60cef3245d1948bbe44bd81a7eccd52f	d__Bacteria;p__Verrucomicrobiota;c__Verrucomicrobiia;o__Verrucomicrobiales;f__Rubritaleaceae;g__Luteolibacter;s__	g__Luteolibacter
805a534bee6efa8a9d24cc80ed5626be	d__Bacteria;p__Actinomycetota;c__Actinobacteria;o__Propionibacteriales;f__Nocardioidaceae;g__Nocardioides;s__	g__Nocardioides
09bea81f0d0690a2dfa52dcbaebc1c3d	d__Bacteria;p__Pseudomonadota;c__Alphaproteobacteria;o__Sphingomonadales;f__Sphingomonadaceae;g__Incertae_Sedis;s__	g__Incertae_Sedis
09e364bd5b7081c52c6e83d1077c1926	d__Bacteria;p__Dependentiae;c__Babeliae;o__Babeliales;f__Incertae_Sedis;g__UBA12409;s__	g__UBA12409
6f0bf71c09fe75c49a43496b3551cebb	d__Bacteria;p__Bacteroidota;c__Bacteroidia;o__Bacteroidales;f__Prevotellaceae;g__Incertae_Sedis;s__	g__Incertae_Sedis
1cd7c3bbd55b362e1c7c663879d42e51	d__Bacteria;p__Bacteroidota;c__Bacteroidia;o__Bacteroidales;f__Prevotellaceae;g__Segatella;s__	g__Segatella
fcf812e6f563c3480eece92db9958f63	d__Bacteria;p__Bacteroidota;c__Bacteroidia;o__Chitinophagales;f__Chitinophagaceae;g__Flaviaestuariibacter;s__	g__Flaviaestuariibacter
5fed7025906eec26fda1e471518eb6b9	d__Bacteria;p__Bacillota;c__Bacilli;o__Erysipelotrichales;f__Erysipelotrichaceae;g__Solobacterium;s__	g__Solobacterium
3b9a0133f4fdf2203d8702bfe3e6a654	d__Bacteria;p__Actinomycetota;c__Actinobacteria;o__Propionibacteriales;f__Nocardioidaceae;g__Nocardioides;s__	g__Nocardioides
7b6094d25c254f7af0cd231f017f16e2	d__Bacteria;p__Pseudomonadota;c__Alphaproteobacteria;o__Sphingomonadales;f__Sphingomonadaceae;g__Sphingomonas;s__	g__Sphingomonas
12d737c4baa575cd3d348363141f598e	d__Bacteria;p__Bacillota;c__Bacilli;o__Staphylococcales;f__Staphylococcaceae;g__Staphylococcus;s__	g__Staphylococcus
b706332be002254f9d464f9f029aca0f	d__Bacteria;p__Pseudomonadota;c__Gammaproteobacteria;o__Burkholderiales;f__Comamonadaceae;g__Aquabacterium;s__	g__Aquabacterium
f666d106599dd6bb39093d4957462f06	d__Bacteria;p__Pseudomonadota;c__Gammaproteobacteria;o__Enterobacterales;f__Pasteurellaceae;g__Haemophilus;s__	g__Haemophilus
4b6b872df660712b62c6d393b140d50d	d__Bacteria;p__Bacteroidota;c__Bacteroidia;o__Bacteroidales;f__Bacteroidaceae;g__Bacteroides;s__	g__Bacteroides
c918f8858bce1486091b9533535eea63	d__Bacteria;p__Spirochaetota;c__Spirochaetia;o__Spirochaetales;f__Spirochaetaceae;g__Treponema;s__	g__Treponema
a4a0b06ea474eeed0b7c5627631e5bf5	d__Bacteria;p__Spirochaetota;c__Spirochaetia;o__Spirochaetales;f__Spirochaetaceae;g__Treponema;s__	g__Treponema
f29cb5819ab12bdcdeb504b6fc773425	d__Bacteria;p__Pseudomonadota;c__Gammaproteobacteria;o__Burkholderiales;f__Neisseriaceae;g__Neisseria;s__	g__Neisseria
8df71318d59691b48c67daa497b5579d	d__Bacteria;p__Fusobacteriota;c__Fusobacteriia;o__Fusobacteriales;f__Fusobacteriaceae;g__Fusobacterium;s__	g__Fusobacterium
0243a6827630957ac9b6b17a5bfbf20d	d__Bacteria;p__Bacteroidota;c__Bacteroidia;o__Bacteroidales;f__Rikenellaceae;g__Rikenellaceae_RC9_gut_group;s__	g__Rikenellaceae_RC9_gut_group
73b6547df4ee9249c92bf9506da402ab	d__Bacteria;p__Pseudomonadota;c__Gammaproteobacteria;o__Enterobacterales;f__Pasteurellaceae	Unclassified
973cdc59ecf70e935e7d3fdbc87ee110	d__Bacteria;p__Pseudomonadota;c__Alphaproteobacteria;o__Caulobacterales;f__Caulobacteraceae;g__Brevundimonas;s__	g__Brevundimonas
cffd2674d9a269d74d33fa7a78ec61c0	d__Bacteria;p__Actinomycetota;c__Actinobacteria;o__Mycobacteriales;f__Corynebacteriaceae;g__Corynebacterium;s__	g__Corynebacterium
c47a5f9dc034e9c8bc7f491354572c74	d__Bacteria;p__Bacteroidota;c__Bacteroidia;o__Bacteroidales;f__Rikenellaceae;g__Rikenellaceae_RC9_gut_group;s__	g__Rikenellaceae_RC9_gut_group
f6f48fa56ae0b7ba47b19bb29e4fb290	d__Bacteria;p__Actinomycetota;c__Actinobacteria;o__Bifidobacteriales;f__Bifidobacteriaceae;g__Bifidobacterium;s__	g__Bifidobacterium
aa33a462c12a10244a5b2bc57670d9eb	d__Bacteria;p__Actinomycetota;c__Actinobacteria;o__Mycobacteriales;f__Corynebacteriaceae;g__Corynebacterium;s__	g__Corynebacterium
c903487aa3632dfb61c03e6a6901af5b	d__Bacteria;p__Deinococcota;c__Deinococci;o__Deinococcales;f__Deinococcaceae;g__Deinococcus;s__	g__Deinococcus
fefa21ac5025c8ed8cede78c8ca90dd3	d__Bacteria;p__Bacillota;c__Clostridia;o__Lachnospirales;f__Lachnospiraceae;g__[Ruminococcus]_gnavus_group;s__	g__[Ruminococcus]_gnavus_group
389fde2e74c889560ed002b2dd2a1836	d__Bacteria;p__Actinomycetota;c__Actinobacteria;o__Mycobacteriales;f__Corynebacteriaceae;g__Corynebacterium;s__	g__Corynebacterium
948362e960954a6ecfbbae558e216b63	d__Bacteria;p__Bacillota;c__Bacilli;o__Erysipelotrichales;f__Erysipelotrichaceae;g__Solobacterium;s__	g__Solobacterium
bf71802d0e312c305572513de9bab93b	d__Bacteria;p__Bacteroidota;c__Bacteroidia;o__Bacteroidales;f__Tannerellaceae;g__Tannerella;s__	g__Tannerella
f99bda178d8752d9958b66fcf4da57c1	d__Bacteria;p__Fusobacteriota;c__Fusobacteriia;o__Fusobacteriales;f__Leptotrichiaceae;g__Leptotrichia;s__	g__Leptotrichia
7392e4cb2c7059fa8493ec03f4bef4b3	d__Bacteria;p__Bacteroidota;c__Bacteroidia;o__Flavobacteriales;f__Flavobacteriaceae;g__Capnocytophaga;s__	g__Capnocytophaga
5163e59e57100894a0cbd07644d0e653	d__Bacteria;p__Bacteroidota;c__Bacteroidia;o__Bacteroidales;f__Prevotellaceae;g__Prevotella;s__	g__Prevotella
d87077e326570c83ff21e5c9e368c239	d__Bacteria;p__Bacteroidota;c__Bacteroidia;o__Bacteroidales;f__Prevotellaceae;g__Prevotella;s__	g__Prevotella
7ba0c12276ebadf827dbf8a840fa5756	d__Bacteria;p__Bacteroidota;c__Bacteroidia;o__Bacteroidales;f__Prevotellaceae;g__Prevotella;s__	g__Prevotella
72436294cb10dc8a11ed1c4c35bf16e1	d__Bacteria;p__Bacillota;c__Negativicutes;o__Veillonellales-Selenomonadales;f__Veillonellaceae;g__Veillonella;s__	g__Veillonella
b1cb3e3684a0ce2462352f3f43791e49	d__Bacteria;p__Bacteroidota;c__Bacteroidia;o__Flavobacteriales;f__Flavobacteriaceae;g__Capnocytophaga;s__	g__Capnocytophaga
a55b1d80c80c1cd0871e919d093bd82c	d__Bacteria;p__Actinomycetota;c__Actinobacteria;o__Micrococcales;f__Micrococcaceae;g__Micrococcus;s__	g__Micrococcus
ead6804993ef5165428e05873791ddf2	d__Bacteria;p__Bacteroidota;c__Bacteroidia;o__Bacteroidales;f__Rikenellaceae;g__Rikenellaceae_RC9_gut_group;s__	g__Rikenellaceae_RC9_gut_group
2ff44ebcf27e55fd5e31e5dc74d64175	d__Bacteria;p__Bacillota;c__Clostridia;o__Lachnospirales;f__Lachnospiraceae;g__Catonella;s__	g__Catonella
4cd86955ebf3edb6bf72ab0faf46aa62	d__Bacteria;p__Elusimicrobiota;c__Endomicrobiia;o__Endomicrobiales;f__Endomicrobiaceae;g__Endomicrobium;s__	g__Endomicrobium
74551823f554e080ed1521f01e164f3b	d__Bacteria;p__Bacillota;c__Clostridia;o__Oscillospirales;f__Oscillospiraceae;g__UCG-003;s__	g__UCG-003
aca6b9e4e77ce5be18aa9d63822f7ff4	d__Bacteria;p__Bacillota;c__Negativicutes;o__Veillonellales-Selenomonadales;f__Veillonellaceae;g__Dialister;s__	g__Dialister
316acf1269893360ffd8c262e2288667	d__Bacteria;p__Fusobacteriota;c__Fusobacteriia;o__Fusobacteriales;f__Leptotrichiaceae;g__Leptotrichia;s__	g__Leptotrichia
a236508f8f2486c96fbc5614a548a844	d__Bacteria;p__Actinomycetota;c__Actinobacteria;o__Propionibacteriales;f__Propionibacteriaceae;g__Micropruina;s__	g__Micropruina
40118d896bf1bbc1fc50b86193e9e413	d__Bacteria;p__Bacteroidota;c__Bacteroidia;o__Bacteroidales;f__Porphyromonadaceae;g__Porphyromonas;s__	g__Porphyromonas
0276b43284f8976cce72ad49c6a40bdb	d__Bacteria;p__Actinomycetota;c__Actinobacteria;o__Mycobacteriales;f__Corynebacteriaceae;g__Corynebacterium;s__	g__Corynebacterium
fc07b60275c1490cbc60ea8ea9d8ad81	d__Bacteria;p__Bacillota;c__Negativicutes;o__Veillonellales-Selenomonadales;f__Veillonellaceae;g__Allisonella;s__	g__Allisonella
e4fd956c6b868fedf31ebed6f443df2f	d__Bacteria;p__Bacteroidota;c__Bacteroidia;o__Bacteroidales;f__Prevotellaceae;g__Segatella;s__	g__Segatella
e150d36efe7a85760249a7cc1836eb6d	d__Bacteria;p__Bacteroidota;c__Bacteroidia;o__Bacteroidales;f__Porphyromonadaceae;g__Porphyromonas;s__	g__Porphyromonas
e4024338a6997df461ffa0f7e63e48e1	d__Bacteria;p__Pseudomonadota;c__Gammaproteobacteria;o__Pseudomonadales;f__Pseudomonadaceae;g__Pseudomonas;s__	g__Pseudomonas
f956ea763b2019309cdd0c6139f4577f	d__Bacteria;p__Bacillota;c__Bacilli;o__Lactobacillales;f__Streptococcaceae;g__Streptococcus;s__	g__Streptococcus
2c5b82ae21fbbd979fded1b56edb17c5	d__Bacteria;p__Pseudomonadota;c__Gammaproteobacteria;o__Burkholderiales;f__Comamonadaceae;g__Kinneretia;s__	g__Kinneretia
dc3bc7d722537640bc3da77a64b6697f	d__Bacteria;p__Bacteroidota;c__Bacteroidia;o__Chitinophagales;f__Chitinophagaceae;g__Puia;s__	g__Puia
f43587c8c76ff325a9b7bad1d130e653	d__Bacteria;p__Bacillota;c__Bacilli;o__Lactobacillales;f__Lactobacillaceae;g__Ligilactobacillus;s__	g__Ligilactobacillus
dcd3659db296135b7a53e406cda1f8c1	d__Bacteria;p__Actinomycetota;c__Actinobacteria;o__Actinomycetales;f__Actinomycetaceae;g__Schaalia;s__	g__Schaalia
318bb5d0ed821a99e72aaffe7e6c7643	d__Bacteria;p__Bacteroidota;c__Bacteroidia;o__Bacteroidales;f__Prevotellaceae;g__Prevotella;s__	g__Prevotella
43b15ba852b1381b49b59441efafe0d0	d__Bacteria;p__Bacteroidota;c__Bacteroidia;o__Bacteroidales;f__Porphyromonadaceae;g__Porphyromonas;s__	g__Porphyromonas
d1e7c970dac89bea848fc295abeb8624	d__Bacteria;p__Pseudomonadota;c__Gammaproteobacteria;o__Pseudomonadales;f__Pseudomonadaceae;g__Pseudomonas;s__	g__Pseudomonas
61244496267a8e81ab13e93a06fc1ed4	d__Bacteria;p__Actinomycetota;c__Actinobacteria;o__Actinomycetales;f__Actinomycetaceae;g__Actinomyces;s__	g__Actinomyces
2ac2b396e8c23310a14c84690df7ecf5	d__Bacteria;p__Pseudomonadota;c__Gammaproteobacteria;o__Lysobacterales;f__Lysobacteraceae;g__Stenotrophomonas;s__	g__Stenotrophomonas
1e19b57fe520292b7979e3f0702fdc88	d__Bacteria;p__Actinomycetota;c__Coriobacteriia;o__Coriobacteriales;f__Coriobacteriaceae;g__Collinsella;s__	g__Collinsella
9ef0f762df98e5d5c3c5658a7411ca15	d__Bacteria;p__Bacillota;c__Bacilli;o__Bacillales;f__Bacillaceae;g__Bacillus;s__	g__Bacillus
3b48fc0af1a82150fea1dab94712adfe	d__Bacteria;p__Bacteroidota;c__Bacteroidia;o__Bacteroidales;f__Prevotellaceae;g__Segatella;s__	g__Segatella
8b4399b373a30442c04568e2af2b1f94	d__Bacteria;p__Pseudomonadota;c__Gammaproteobacteria;o__Burkholderiales;f__Comamonadaceae;g__Rhizobacter;s__	g__Rhizobacter
d4a11d35318fb9ee1f6faca38687f563	d__Bacteria;p__Pseudomonadota;c__Alphaproteobacteria;o__Hyphomicrobiales;f__Beijerinckiaceae;g__Methylobacterium;s__	g__Methylobacterium
e79851560b8d7b0292dc46e60adcd147	d__Bacteria;p__Bacillota;c__Bacilli;o__Thermoactinomycetales;f__Thermoactinomycetaceae;g__Planifilum;s__	g__Planifilum
4634e3a5e68be008e956832a987d2cff	d__Bacteria;p__Actinomycetota;c__Coriobacteriia;o__Coriobacteriales;f__Atopobiaceae;g__Lancefieldella;s__	g__Lancefieldella
4da708efa291c1ea7e13c0fb91771403	d__Bacteria;p__Bacillota;c__Bacilli;o__Staphylococcales;f__Staphylococcaceae;g__Staphylococcus;s__	g__Staphylococcus
0cac9a04b14b7d5fc5eacc066102d747	d__Bacteria;p__Pseudomonadota;c__Alphaproteobacteria;o__Caulobacterales;f__Parvularculaceae;g__Amphiplicatus;s__	g__Amphiplicatus
1712c95c2bc3485f387d132512ea92ad	d__Bacteria;p__Bacillota;c__Clostridia;o__Lachnospirales;f__Lachnospiraceae;g__Oribacterium;s__	g__Oribacterium
4413ecee09ccf502985ae7c6eac586df	d__Bacteria;p__Fusobacteriota;c__Fusobacteriia;o__Fusobacteriales;f__Leptotrichiaceae;g__Leptotrichia;s__	g__Leptotrichia
6e5236f8b4e99661e0521a64d13ad2e8	d__Bacteria;p__Bacillota;c__Clostridia;o__Lachnospirales;f__Lachnospiraceae;g__Johnsonella;s__	g__Johnsonella
e2ed4d82a527274d00125d3c6c9ab3ce	d__Bacteria;p__Bacillota;c__Clostridia;o__Lachnospirales;f__Lachnospiraceae;g__Lacrimispora;s__	g__Lacrimispora
25eaf22de7c3051df9425db3dbf413ef	d__Bacteria;p__Pseudomonadota;c__Gammaproteobacteria;o__Gammaproteobacteria_Incertae_Sedis;f__Unknown_Family;g__Acidibacter;s__	g__Acidibacter
09b7b8af0e48160843d1c27f01ce4df1	d__Bacteria;p__Pseudomonadota;c__Alphaproteobacteria;o__Sphingomonadales;f__Sphingomonadaceae;g__Sphingomonas;s__	g__Sphingomonas
d4efa4b14fd44cf1389929574550c04b	d__Bacteria;p__Actinomycetota;c__Actinobacteria;o__Micrococcales;f__Intrasporangiaceae;g__Ornithinimicrobium;s__	g__Ornithinimicrobium
84bf86b7f16b5ef5517256909f124a83	d__Bacteria;p__Spirochaetota;c__Spirochaetia;o__Spirochaetales;f__Spirochaetaceae;g__Treponema;s__	g__Treponema
17277673f4f0403e7208296de92701de	d__Bacteria;p__Bacteroidota;c__Bacteroidia;o__Bacteroidales;f__Prevotellaceae;g__Segatella;s__	g__Segatella
6b3ba41a1f316d2f4fc38f4280e47df8	d__Bacteria;p__Actinomycetota;c__Actinobacteria;o__Mycobacteriales;f__Corynebacteriaceae;g__Corynebacterium;s__	g__Corynebacterium
597b9758eb0b44b2e2f0a50191063af2	d__Bacteria;p__Actinomycetota;c__Acidimicrobiia;o__Microtrichales;f__Ilumatobacteraceae;g__Incertae_Sedis;s__	g__Incertae_Sedis
240dd67a6e18c49c6d82e188458db432	d__Bacteria;p__Pseudomonadota;c__Gammaproteobacteria;o__Burkholderiales;f__Oxalobacteraceae;g__Massilia;s__	g__Massilia
ef00c118ea55a295567b8ac361fc301c	d__Bacteria;p__Spirochaetota;c__Spirochaetia;o__Spirochaetales;f__Spirochaetaceae;g__Treponema;s__	g__Treponema
6edd9a8cd6b87ec04b1a287c5e91875f	d__Bacteria;p__Spirochaetota;c__Spirochaetia;o__Spirochaetales;f__Spirochaetaceae;g__Treponema;s__	g__Treponema
51a6285eda821d0081935019356d3fee	d__Bacteria;p__Actinomycetota;c__Actinobacteria;o__Actinomycetales;f__Actinomycetaceae;g__Schaalia;s__	g__Schaalia
a60077a0d8742e10d7afae98ec6052d7	d__Bacteria;p__Candidatus_Kapabacteria;c__Kapabacteria;o__Kapabacteriales;f__Incertae_Sedis;g__Incertae_Sedis;s__	g__Incertae_Sedis
f1ef02d7c3e23fd42c09f73a5f1a75fb	d__Bacteria;p__Actinomycetota;c__Actinobacteria;o__Mycobacteriales;f__Corynebacteriaceae;g__Corynebacterium;s__	g__Corynebacterium
8a2694c4aa582158c85bf564b05f4571	d__Bacteria;p__Bacillota;c__Bacilli;o__Bacillales;f__Bacillaceae;g__Bacillus;s__	g__Bacillus
adae4e6c4131411aceacf91d5368092a	d__Bacteria;p__Bacteroidota;c__Bacteroidia;o__Chitinophagales;f__Chitinophagaceae;g__Terrimonas;s__	g__Terrimonas
fed0bf1410752ad2537573e4405ef1d5	d__Bacteria;p__Spirochaetota;c__Spirochaetia;o__Spirochaetales;f__Spirochaetaceae;g__Treponema;s__	g__Treponema
d67e7f13692d44f01670032ab92c934c	d__Bacteria;p__Bacillota;c__Bacilli;o__Staphylococcales;f__Staphylococcaceae;g__Staphylococcus;s__	g__Staphylococcus
36b9444c0fdbdc5300d8a681b195dc21	d__Bacteria;p__Spirochaetota;c__Spirochaetia;o__Spirochaetales;f__Spirochaetaceae;g__Treponema;s__	g__Treponema
d50c04e047d50c391cfc286629f173b5	d__Bacteria;p__Bacteroidota;c__Bacteroidia;o__Bacteroidales;f__Prevotellaceae;g__Segatella;s__	g__Segatella
c61b4c5938c5de4f05e9ceab90120a25	d__Bacteria;p__Pseudomonadota;c__Gammaproteobacteria;o__Pseudomonadales;f__Moraxellaceae;g__Moraxella;s__	g__Moraxella
6d89f58b904b09d724d2637ac36e6534	d__Bacteria;p__Fusobacteriota;c__Fusobacteriia;o__Fusobacteriales;f__Leptotrichiaceae;g__Pseudoleptotrichia;s__	g__Pseudoleptotrichia
8ff4b703b883458daeacfb28a62eb141	d__Bacteria;p__Bacillota;c__Bacilli;o__Lactobacillales;f__Lactobacillaceae;g__Lactobacillus;s__	g__Lactobacillus
2ea27e6a2aa611f943188c21ecd84409	d__Bacteria;p__Pseudomonadota;c__Gammaproteobacteria;o__Burkholderiales;f__Neisseriaceae;g__Kingella;s__	g__Kingella
9d4c706ce04f9f4c9dcd1a35c87e29f4	d__Bacteria;p__Bacillota;c__Clostridia;o__Oscillospirales;f__Butyricicoccaceae;g__Agathobaculum;s__	g__Agathobaculum
512ba0de303fb45a07f98ad01df697f6	d__Bacteria;p__Actinomycetota;c__Coriobacteriia;o__Coriobacteriales;f__Eggerthellaceae;g__Berryella;s__	g__Berryella
5f5b8aace74612bba37ddef3069e3206	d__Bacteria;p__Actinomycetota;c__Actinobacteria;o__Mycobacteriales;f__Corynebacteriaceae;g__Corynebacterium;s__	g__Corynebacterium
ea608a9995f0e6fefdcf5fecd5608404	d__Bacteria;p__Bacteroidota;c__Bacteroidia;o__Bacteroidales;f__Prevotellaceae;g__Alloprevotella;s__	g__Alloprevotella
f67d67e32d27f8bddd2843ec36ed5d4b	d__Bacteria;p__Fusobacteriota;c__Fusobacteriia;o__Fusobacteriales;f__Fusobacteriaceae;g__Fusobacterium;s__	g__Fusobacterium
2690298961d2b9a5f208ae7f9456d4bd	d__Bacteria;p__Patescibacteria;c__Parcubacteria;o__Candidatus_Kaiserbacteria;f__Incertae_Sedis;g__Incertae_Sedis;s__	g__Incertae_Sedis
e64d32f15badddce1d5cb2b21fece889	d__Bacteria;p__Actinomycetota;c__Actinobacteria;o__Micrococcales;f__Cellulomonadaceae;g__Cellulomonas;s__	g__Cellulomonas
e6f693db062acef4e343d249b194f1ea	d__Bacteria;p__Bacteroidota;c__Bacteroidia;o__Bacteroidales;f__F082;g__Incertae_Sedis;s__	g__Incertae_Sedis
0ac026ac1b2b95e120dc76f6e658223d	d__Bacteria;p__Pseudomonadota;c__Gammaproteobacteria;o__Pseudomonadales;f__Pseudomonadaceae;g__Pseudomonas;s__	g__Pseudomonas
725942e954684d0d151f8cfdf8696851	d__Bacteria;p__Actinomycetota;c__Thermoleophilia;o__Solirubrobacterales;f__67-14;g__Incertae_Sedis;s__	g__Incertae_Sedis
f76888ff1dada034ea38adfc652a4c3a	d__Bacteria;p__Bacillota;c__Bacilli;o__Bacillales;f__Bacillaceae;g__Bacillus;s__	g__Bacillus
1999260bd3b110fadc4a339bf6f0f50c	d__Bacteria;p__Pseudomonadota;c__Gammaproteobacteria;o__Pseudomonadales;f__Moraxellaceae;g__Psychrobacter;s__	g__Psychrobacter
0f9a693e68bf36b900539f2b7b8dc62e	d__Bacteria;p__Bacteroidota;c__Bacteroidia;o__Bacteroidales;f__Prevotellaceae;g__Hoylesella;s__	g__Hoylesella
e981f6fe39114249c6d9735ebd92f348	d__Bacteria;p__Actinomycetota;c__Actinobacteria;o__Micrococcales;f__Micrococcaceae;g__Kocuria;s__	g__Kocuria
94c7a663610c22f25af5a67d20336389	d__Bacteria;p__Bacillota;c__Clostridia;o__Peptostreptococcales-Tissierellales;f__Family_XI;g__Parvimonas;s__	g__Parvimonas
1236ea8a444fa8b38fd4dec4b3dfbc12	d__Bacteria;p__Bacillota;c__Clostridia;o__Lachnospirales;f__Lachnospiraceae;g__Oribacterium;s__	g__Oribacterium
66dd2d8243b8307999c68592724b01fa	d__Bacteria;p__Bacillota;c__Clostridia;o__Clostridia_UCG-014;f__Incertae_Sedis;g__Incertae_Sedis;s__	g__Incertae_Sedis
05290090285d003278c8e8ef19b751f7	d__Bacteria;p__Bacteroidota;c__Bacteroidia;o__Bacteroidales;f__Prevotellaceae;g__Hoylesella;s__	g__Hoylesella
dd7c012d00533c689dc10fcaf80b0577	d__Bacteria;p__Actinomycetota;c__Actinobacteria;o__Actinomycetales;f__Actinomycetaceae;g__Schaalia;s__	g__Schaalia
32d5c3015519401c5892ea012022c0f7	d__Bacteria;p__Pseudomonadota;c__Gammaproteobacteria;o__Burkholderiales;f__Neisseriaceae;g__Eikenella;s__	g__Eikenella
7945cd0e22c19d5994b4c86d44fd4c47	d__Bacteria;p__Pseudomonadota;c__Alphaproteobacteria;o__Hyphomicrobiales;f__Rhizobiaceae;g__Brucella;s__	g__Brucella
7bd2e0b3cf1f934e4c04a97d6b20ea72	d__Bacteria;p__Bacteroidota;c__Bacteroidia;o__Bacteroidales;f__Prevotellaceae;g__Prevotella;s__	g__Prevotella
a1322c0f7b3cebd2971f1853849a9805	d__Bacteria;p__Actinomycetota;c__Coriobacteriia;o__Coriobacteriales;f__Atopobiaceae;g__Olsenella;s__	g__Olsenella
541177897461a025412dc1803e50cf43	d__Bacteria;p__Bacteroidota;c__Bacteroidia;o__Flavobacteriales;f__Weeksellaceae;g__Bergeyella;s__	g__Bergeyella
768802daecc011d20968d915356fa212	d__Bacteria;p__Pseudomonadota;c__Alphaproteobacteria;o__Sphingomonadales;f__Sphingomonadaceae;g__Sphingomonas;s__	g__Sphingomonas
1deef6fe77786e2dde7c2bc686153d8b	d__Bacteria;p__Bacillota;c__Bacilli;o__Lactobacillales;f__Streptococcaceae;g__Streptococcus;s__	g__Streptococcus
9c9b03f20778ccb5af339c4e8c861841	d__Bacteria;p__Bacteroidota;c__Bacteroidia;o__Bacteroidales;f__Prevotellaceae;g__Prevotella;s__	g__Prevotella
c091fb0f8573dc2bc5ab29f8ab1198e8	d__Bacteria;p__Verrucomicrobiota;c__Verrucomicrobiia;o__Opitutales;f__Puniceicoccaceae;g__Verruc-01;s__	g__Verruc-01
9de7c338751a69e8e4430df8024f3c61	d__Bacteria;p__Bacillota;c__Clostridia;o__Peptostreptococcales-Tissierellales;f__Peptostreptococcaceae;g__[Eubacterium]_yurii_group;s__	g__[Eubacterium]_yurii_group
c9a02016af86c13c28dcb421d67f1679	d__Bacteria;p__Pseudomonadota;c__Gammaproteobacteria;o__Burkholderiales;f__Oxalobacteraceae;g__Noviherbaspirillum;s__	g__Noviherbaspirillum
a5ac6de4ff6773422c27150828e1d4eb	d__Bacteria;p__Bacteroidota;c__Bacteroidia;o__Flavobacteriales;f__Flavobacteriaceae;g__Capnocytophaga;s__	g__Capnocytophaga
9adb1e54ce129ff42d504e4e24deb931	d__Bacteria;p__Bacillota;c__Negativicutes;o__Veillonellales-Selenomonadales;f__Selenomonadaceae;g__Selenomonas;s__	g__Selenomonas
d7ee471d535b2fd352e018fb5b48a3ff	d__Bacteria;p__Pseudomonadota;c__Gammaproteobacteria;o__Enterobacterales;f__Pasteurellaceae;g__Actinobacillus;s__	g__Actinobacillus
9d3ee01b3e8fe17aa0d2ad5b699fa62e	d__Bacteria;p__Bacillota;c__Bacilli;o__Bacillales;f__Bacillaceae;g__Bacillus;s__	g__Bacillus
283be7225e0ecdd411525948112368a2	d__Bacteria;p__Pseudomonadota;c__Alphaproteobacteria;o__Sphingomonadales;f__Sphingomonadaceae;g__Sphingobium;s__	g__Sphingobium
cccb5dd7325f4f809837c59be4246309	d__Bacteria;p__Bacteroidota;c__Bacteroidia;o__Cytophagales;f__Hymenobacteraceae;g__Pontibacter;s__	g__Pontibacter
831a5876062dc58159841c5b6a2637b1	d__Bacteria;p__Pseudomonadota;c__Gammaproteobacteria;o__Pseudomonadales;f__Cellvibrionaceae;g__Cellvibrio;s__	g__Cellvibrio
693b91e6468b31d60c8365f2a1ee9a6c	d__Bacteria;p__Actinomycetota;c__Actinobacteria;o__Actinomycetales;f__Actinomycetaceae;g__Schaalia;s__	g__Schaalia
4622e9a489bfe76a042385520c126197	d__Bacteria;p__Pseudomonadota;c__Gammaproteobacteria;o__Burkholderiales;f__Methylophilaceae;g__Methylophilus;s__	g__Methylophilus
cec388f9e837f7d849c183068d9c12b0	d__Bacteria;p__Pseudomonadota;c__Gammaproteobacteria;o__Burkholderiales;f__Neisseriaceae;g__Neisseria;s__	g__Neisseria
8c43230b6c9bda145667b748d7c9f819	d__Bacteria;p__Bacillota;c__Clostridia;o__Lachnospirales;f__Lachnospiraceae;g__Shuttleworthia;s__	g__Shuttleworthia
650678c96394c1c7c7897dae04c70af9	d__Bacteria;p__Pseudomonadota;c__Gammaproteobacteria;o__Lysobacterales;f__Lysobacteraceae;g__Lysobacter;s__	g__Lysobacter
d9c033ed8ff6891151179ac113b3914d	d__Bacteria;p__Bacillota;c__Negativicutes;o__Veillonellales-Selenomonadales;f__Selenomonadaceae;g__Selenomonas;s__	g__Selenomonas
d3ac739c39e68961fccf901cd0a55adc	d__Bacteria;p__Bacillota;c__Negativicutes;o__Veillonellales-Selenomonadales;f__Veillonellaceae;g__Veillonella;s__	g__Veillonella
39819bb32c32f0ae6221053e62ecfef8	d__Bacteria;p__Actinomycetota;c__Actinobacteria;o__Mycobacteriales;f__Corynebacteriaceae;g__Corynebacterium;s__	g__Corynebacterium
7b74d17ffb74d7d3d14f559b3a0a9f09	d__Bacteria;p__Pseudomonadota;c__Gammaproteobacteria;o__Enterobacterales;f__Succinivibrionaceae;g__Succinivibrio;s__	g__Succinivibrio
201a89c2a7fddb127d543811b1f76622	d__Bacteria;p__Bacteroidota;c__Bacteroidia;o__Bacteroidales;f__Porphyromonadaceae;g__Porphyromonas;s__	g__Porphyromonas
783358a0a219597f53839d8c448fea21	d__Bacteria;p__Pseudomonadota;c__Alphaproteobacteria;o__Sphingomonadales;f__Sphingomonadaceae;g__Sphingomonas;s__	g__Sphingomonas
ab336a58b08b4252a2be11b46c8a757b	d__Bacteria;p__Patescibacteria;c__Saccharimonadia;o__Saccharimonadales;f__Saccharimonadaceae;g__TM7x;s__	g__TM7x
e9c4256cde9804fd07ee3e833de7a4d9	d__Bacteria;p__Bacteroidota;c__Bacteroidia;o__Bacteroidales;f__Prevotellaceae;g__Incertae_Sedis;s__	g__Incertae_Sedis
d7a8d8b3fb65789e094ac3b2c5eb331e	d__Bacteria;p__Bacteroidota;c__Bacteroidia;o__Bacteroidales;f__Prevotellaceae;g__Segatella;s__	g__Segatella
a4af40c9558d4600990ca15b06798692	d__Bacteria;p__Bacteroidota;c__Bacteroidia;o__Bacteroidales;f__Prevotellaceae;g__Segatella;s__	g__Segatella
3b03ac9894d7735e3afb9705697eea2c	d__Bacteria;p__Spirochaetota;c__Spirochaetia;o__Spirochaetales;f__Spirochaetaceae;g__Treponema;s__	g__Treponema
649c942d793f2aaeed182771e4467b9d	d__Bacteria;p__Bacillota;c__Bacilli;o__Staphylococcales;f__Gemellaceae;g__Gemella;s__	g__Gemella
85a5de2dd06e557e3fafd1c5d32b6c30	d__Bacteria;p__Fusobacteriota;c__Fusobacteriia;o__Fusobacteriales;f__Leptotrichiaceae;g__Pseudoleptotrichia;s__	g__Pseudoleptotrichia
9eefb6146c7403bd7df8908ffa22d4d0	d__Bacteria;p__Pseudomonadota;c__Gammaproteobacteria;o__Burkholderiales;f__Neisseriaceae;g__Neisseria;s__	g__Neisseria
2cdde50893c9ad6d7d63859d47905d75	d__Bacteria;p__Bacillota;c__Bacilli;o__RF39;f__Incertae_Sedis;g__Incertae_Sedis;s__	g__Incertae_Sedis
5bba5ca303e7547e9733d0d0ba7122b8	d__Bacteria;p__Actinomycetota;c__Acidimicrobiia;o__Microtrichales;f__Ilumatobacteraceae;g__Incertae_Sedis;s__	g__Incertae_Sedis
5536ac11704ef5d16708e74b8d0a44ef	d__Bacteria;p__Chloroflexota;c__Anaerolineae;o__Caldilineales;f__Caldilineaceae;g__Litorilinea;s__	g__Litorilinea
08309e518621b4f24aa79a64d4cf5897	d__Bacteria;p__Bacteroidota;c__Bacteroidia;o__Sphingobacteriales;f__Lentimicrobiaceae;g__Lentimicrobium;s__	g__Lentimicrobium
253a7230f2465f29a4f710bbbf490c22	d__Bacteria;p__Bacillota;c__Bacilli;o__Bacillales;f__Bacillaceae;g__Priestia;s__	g__Priestia
46ff79dfbe793647175ec44043f99774	d__Bacteria;p__Bacteroidota;c__Bacteroidia;o__Bacteroidales;f__Prevotellaceae;g__Segatella;s__	g__Segatella
15da8b3417459a1a66342300e6968701	d__Bacteria;p__Pseudomonadota;c__Alphaproteobacteria;o__Hyphomicrobiales;f__Beijerinckiaceae;g__Methylobacterium;s__	g__Methylobacterium
e746af98f488d0df1054513321d1e894	d__Bacteria;p__Actinomycetota;c__Actinobacteria;o__Actinomycetales;f__Actinomycetaceae;g__Actinomyces;s__	g__Actinomyces
3debc5be1de41f435568c593b5adf803	d__Bacteria;p__Bacillota;c__Bacilli;o__Bacillales;f__Bacillaceae;g__Geobacillus;s__	g__Geobacillus
a1ff300b379898be2ea74ccc4fa2f4e7	d__Bacteria;p__Bacteroidota;c__Bacteroidia;o__Flavobacteriales;f__Flavobacteriaceae;g__Capnocytophaga;s__	g__Capnocytophaga
7be8b7ade05ff83470232cc29b261c8f	d__Bacteria;p__Bacillota;c__Clostridia;o__Peptostreptococcales-Tissierellales;f__Peptostreptococcaceae;g__Peptoanaerobacter;s__	g__Peptoanaerobacter
68deaf9286e23fd8f47bbf25ff086f84	d__Bacteria;p__Pseudomonadota;c__Alphaproteobacteria;o__Rhodospirillales;f__Incertae_Sedis;g__Incertae_Sedis;s__	g__Incertae_Sedis
67e24c556fa79a5fed27ca8f0d79a9d1	d__Bacteria;p__Pseudomonadota;c__Gammaproteobacteria;o__Burkholderiales;f__Neisseriaceae;g__Neisseria;s__	g__Neisseria
bb9ea8233e41f400be3d720d93fa8a72	d__Bacteria;p__Pseudomonadota;c__Gammaproteobacteria;o__Lysobacterales;f__Lysobacteraceae;g__Incertae_Sedis;s__	g__Incertae_Sedis
341d400c44b249a54bb083c19c8b5a7c	d__Bacteria;p__Spirochaetota;c__Spirochaetia;o__Spirochaetales;f__Spirochaetaceae;g__Treponema;s__	g__Treponema
15ad80ed173d8a551c5411e56d5bb606	d__Bacteria;p__Bacteroidota;c__Bacteroidia;o__Flavobacteriales;f__Weeksellaceae;g__Bergeyella;s__	g__Bergeyella
5d0d9ab4daa0530db898bf5ffda4a687	d__Bacteria;p__Bacteroidota;c__Bacteroidia;o__Bacteroidales;f__Prevotellaceae;g__Prevotella;s__	g__Prevotella
85690198d84fcd7737cc20ea316e94f3	d__Bacteria;p__Actinomycetota;c__Actinobacteria;o__Mycobacteriales;f__Corynebacteriaceae;g__Corynebacterium;s__	g__Corynebacterium
7c39e0183b46eaa7a5d0f6a60d3bd850	d__Bacteria;p__Actinomycetota;c__Actinobacteria;o__Micrococcales;f__Intrasporangiaceae;g__Ornithinimicrobium;s__	g__Ornithinimicrobium
c8481b7005d33711ea2a1dd30b9e4af5	d__Bacteria;p__Fusobacteriota;c__Fusobacteriia;o__Fusobacteriales;f__Leptotrichiaceae;g__Streptobacillus;s__	g__Streptobacillus
4d197594a692119762785a8fae5cb570	d__Bacteria;p__Pseudomonadota;c__Gammaproteobacteria;o__Enterobacterales;f__Pasteurellaceae;g__Haemophilus;s__	g__Haemophilus
9c31b22f93e60ec62d6a4e6cfb1447c3	d__Bacteria;p__Bacillota;c__Clostridia;o__Lachnospirales;f__Lachnospiraceae;g__Lachnoanaerobaculum;s__	g__Lachnoanaerobaculum
f196b886958487e54868d1fa28247905	d__Bacteria;p__Spirochaetota;c__Spirochaetia;o__Spirochaetales;f__Spirochaetaceae;g__Sphaerochaeta;s__	g__Sphaerochaeta
6218d378d2f1166d56c5858535cbdde2	d__Bacteria;p__Pseudomonadota;c__Gammaproteobacteria;o__Pseudomonadales;f__Moraxellaceae;g__Acinetobacter;s__	g__Acinetobacter
430e3781cd05f7abe6ef71bb486915b9	d__Bacteria;p__Bacillota;c__Clostridia;o__Lachnospirales;f__Defluviitaleaceae;g__Defluviitaleaceae_UCG-011;s__	g__Defluviitaleaceae_UCG-011
843e7a1382d2300fd69768e2029cdd5e	d__Bacteria;p__Actinomycetota;c__Actinobacteria;o__Mycobacteriales;f__Corynebacteriaceae;g__Corynebacterium;s__	g__Corynebacterium
c6fdf631c16099e62a83c66db8a7a6f1	d__Bacteria;p__Bacillota;c__Clostridia;o__Oscillospirales;f__Ruminococcaceae;g__Gemmiger;s__	g__Gemmiger
7f89cf47e7e9e910e64d0b8987198921	d__Bacteria;p__Bacillota;c__Negativicutes;o__Veillonellales-Selenomonadales;f__Selenomonadaceae;g__Selenomonas;s__	g__Selenomonas
8ec4ebcc185bca34ec2e87312e65669c	d__Bacteria;p__Pseudomonadota;c__Gammaproteobacteria;o__Enterobacterales;f__Pasteurellaceae;g__Haemophilus;s__	g__Haemophilus
4c4c8c9cc1c9256f35219c7621f55712	d__Bacteria;p__Patescibacteria;c__Saccharimonadia;o__Saccharimonadales;f__Saccharimonadaceae;g__TM7x;s__	g__TM7x
56abeccb50d971614d0df5f6ac3e30e7	d__Bacteria;p__Bacteroidota;c__Bacteroidia;o__Flavobacteriales;f__Weeksellaceae;g__Chryseobacterium;s__	g__Chryseobacterium
14c62ad10e96970c4fe70d105483c1d7	d__Bacteria;p__Pseudomonadota;c__Gammaproteobacteria;o__Burkholderiales;f__Oxalobacteraceae;g__Massilia;s__	g__Massilia
740ec388fa79d2dc55b3dac5a2ddcf35	d__Bacteria;p__Pseudomonadota;c__Gammaproteobacteria;o__Burkholderiales;f__Comamonadaceae;g__Ramlibacter;s__	g__Ramlibacter
39875cca0f2dfc120cf1ded9627f2858	d__Bacteria;p__Bacteroidota;c__Bacteroidia;o__Chitinophagales;f__Chitinophagaceae;g__Cnuella;s__	g__Cnuella
51e0e4770d79e664b9ecfd495ac21955	d__Bacteria;p__Actinomycetota;c__Actinobacteria;o__Mycobacteriales;f__Corynebacteriaceae;g__Corynebacterium;s__	g__Corynebacterium
d5fe955ed527a47f75b3147dcb5c988f	d__Bacteria;p__Bacillota;c__Bacilli;o__Exiguobacterales;f__Exiguobacteraceae;g__Exiguobacterium;s__	g__Exiguobacterium
7e69f2329ea54b5fbb9615b96d90e41c	d__Bacteria;p__Bacillota;c__Negativicutes;o__Veillonellales-Selenomonadales;f__Selenomonadaceae;g__Selenomonas;s__	g__Selenomonas
8efb3a4652adf610f719920223844c7a	d__Bacteria;p__Bacteroidota;c__Bacteroidia;o__Bacteroidales;f__Prevotellaceae;g__Prevotella;s__	g__Prevotella
3a5f9aa94c03162d923dd56cc2b0e131	d__Bacteria;p__Spirochaetota;c__Spirochaetia;o__Spirochaetales;f__Spirochaetaceae;g__Treponema;s__	g__Treponema
37c8f1798195d76d027b03e5afef535a	d__Bacteria;p__Actinomycetota;c__Actinobacteria;o__Micrococcales;f__Micrococcaceae;g__Rothia;s__	g__Rothia
d165d32cf4423f6aac53905634e23316	d__Bacteria;p__Bacteroidota;c__Bacteroidia;o__Bacteroidales;f__Prevotellaceae;g__Alloprevotella;s__	g__Alloprevotella
ebbae8eba8a80a6cffd64e68a94c1e7a	d__Bacteria;p__Bdellovibrionota;c__Bacteriovoracia;o__Bacteriovoracales;f__Bacteriovoracaceae;g__Peredibacter;s__	g__Peredibacter
3fdff746293a543f151123d572abe24c	d__Bacteria;p__Bacteroidota;c__Bacteroidia;o__Bacteroidales;f__Prevotellaceae;g__Segatella;s__	g__Segatella
1fdf41d5f75717e36966214378380578	d__Bacteria;p__Bacillota;c__Negativicutes;o__Veillonellales-Selenomonadales;f__Selenomonadaceae;g__Selenomonas;s__	g__Selenomonas
8efbda0a26d7a2fdae495a8878877da4	d__Bacteria;p__Actinomycetota;c__Actinobacteria;o__Actinomycetales;f__Actinomycetaceae;g__Schaalia;s__	g__Schaalia
1564db4566bbdcf897a0e464676854e0	d__Bacteria;p__Fusobacteriota;c__Fusobacteriia;o__Fusobacteriales;f__Leptotrichiaceae;g__Leptotrichia;s__	g__Leptotrichia
e2fa16f515726954c767a621d50c2210	d__Bacteria;p__Bacteroidota;c__Bacteroidia;o__Bacteroidales;f__Prevotellaceae;g__Hoylesella;s__	g__Hoylesella
9f37d57ffbccc582a43ef959d94da728	d__Bacteria;p__Bacteroidota;c__Bacteroidia;o__Bacteroidales;f__Bacteroidaceae;g__Bacteroides;s__	g__Bacteroides
f002e8f947b40c285a8487ead1c8a82c	d__Bacteria;p__Bacillota;c__Negativicutes;o__Veillonellales-Selenomonadales;f__Veillonellaceae;g__Dialister;s__	g__Dialister
f147e9eb7b4d7833bd3480d396785f26	d__Bacteria;p__Actinomycetota;c__Actinobacteria;o__Mycobacteriales;f__Corynebacteriaceae;g__Corynebacterium;s__	g__Corynebacterium
3333cdf084add085fc6c2103a0982190	d__Bacteria;p__Pseudomonadota;c__Gammaproteobacteria;o__Pseudomonadales;f__Pseudomonadaceae;g__Pseudomonas;s__	g__Pseudomonas
ff9b2d2d03bfb7c0a95b2ae8bf705ca8	d__Bacteria;p__Actinomycetota;c__Actinobacteria;o__Micrococcales;f__Microbacteriaceae;g__Microbacterium;s__	g__Microbacterium
fb2ae50294cfbd4453e0464c6e7d3a14	d__Bacteria;p__Actinomycetota;c__Coriobacteriia;o__Coriobacteriales;f__Atopobiaceae;g__Olsenella;s__	g__Olsenella
1ef86dedaabd51fa883cf9af783fb3c1	d__Bacteria;p__Bacteroidota;c__Bacteroidia;o__Bacteroidales;f__Prevotellaceae;g__Prevotella;s__	g__Prevotella
a139687c41b8bbe701ceed711421f6d3	d__Bacteria;p__Bacillota;c__Negativicutes;o__Veillonellales-Selenomonadales;f__Selenomonadaceae;g__Selenomonas;s__	g__Selenomonas
f7ed2b19b9797a466fd99704050c2a7a	d__Bacteria;p__Patescibacteria;c__Saccharimonadia;o__Saccharimonadales;f__Saccharimonadaceae;g__TM7a;s__	g__TM7a
f502df0f11c3d84ba1f6ea524a681acb	d__Bacteria;p__Pseudomonadota;c__Gammaproteobacteria;o__Pseudomonadales;f__Cellvibrionaceae;g__Incertae_Sedis;s__	g__Incertae_Sedis
21ebbc4798574471d181b41171204024	d__Bacteria;p__Bacteroidota;c__Bacteroidia;o__Cytophagales;f__Microscillaceae;g__OLB12;s__	g__OLB12
39ad6fc15fa244d969d98dce7fd102f3	d__Bacteria;p__Pseudomonadota;c__Gammaproteobacteria;o__Lysobacterales;f__Lysobacteraceae	Unclassified
5127c2ed4765a7cdbb581aa5285d21b8	d__Bacteria;p__Pseudomonadota;c__Gammaproteobacteria;o__Burkholderiales;f__Rhodocyclaceae;g__Propionivibrio;s__	g__Propionivibrio
0e8e240a922d6c85d818bd823fed4751	d__Bacteria;p__Pseudomonadota;c__Gammaproteobacteria;o__Burkholderiales;f__Burkholderiaceae;g__Limnobacter;s__	g__Limnobacter
b999e6f3450190f64a1e0350f7c52f82	d__Bacteria;p__Pseudomonadota;c__Gammaproteobacteria;o__Burkholderiales;f__Alcaligenaceae;g__Achromobacter;s__	g__Achromobacter
259bb18adc3a1e402cc963d0b522d3d8	d__Bacteria;p__Pseudomonadota;c__Alphaproteobacteria;o__Hyphomicrobiales;f__Beijerinckiaceae;g__Microvirga;s__	g__Microvirga
fd3a41768f83656681f6a4132f543124	d__Bacteria;p__Bacteroidota;c__Bacteroidia;o__Bacteroidales;f__Prevotellaceae;g__Segatella;s__	g__Segatella
dd2ce92b7f1649fcfc37755d7d57abbe	d__Bacteria;p__Pseudomonadota;c__Gammaproteobacteria;o__Burkholderiales;f__Oxalobacteraceae;g__Noviherbaspirillum;s__	g__Noviherbaspirillum
edfae619a682c6b30f9a0b6cd4d8a7c3	d__Bacteria;p__Pseudomonadota;c__Gammaproteobacteria;o__Burkholderiales;f__Oxalobacteraceae	Unclassified
73c292d2cf8aaad0df8db73e18cb2624	d__Bacteria;p__Pseudomonadota;c__Gammaproteobacteria;o__Pseudomonadales;f__Moraxellaceae;g__Acinetobacter;s__	g__Acinetobacter
b0cce80cd5e1c78e70e026edb63a65f9	d__Bacteria;p__Bacteroidota;c__Bacteroidia;o__Bacteroidales;f__Bacteroidaceae;g__Bacteroides;s__	g__Bacteroides
b94416dd8c8b9f0745cb2fdb6eb2a0a5	d__Bacteria;p__Bacteroidota;c__Bacteroidia;o__Bacteroidales;f__Prevotellaceae;g__Incertae_Sedis;s__	g__Incertae_Sedis
0bdfb0de96a69f3b6411bd657a42db24	d__Bacteria;p__Bacteroidota;c__Bacteroidia;o__Bacteroidales;f__Porphyromonadaceae;g__Porphyromonas;s__	g__Porphyromonas
e6609c03f93378eb7f1aca444e972a96	d__Bacteria;p__Actinomycetota;c__Actinobacteria;o__Micrococcales;f__Brevibacteriaceae;g__Brevibacterium;s__	g__Brevibacterium
284f48ad3d697d6530b5de0ee6052ea0	d__Bacteria;p__Bacillota;c__Negativicutes;o__Veillonellales-Selenomonadales;f__Veillonellaceae;g__Veillonella;s__	g__Veillonella
66667d87db99c7228876f2c17fbc7e49	d__Bacteria;p__Bacteroidota;c__Bacteroidia;o__Bacteroidales;f__Prevotellaceae;g__Prevotella;s__	g__Prevotella
7debb532707abaea96e7ef38c683adf6	d__Bacteria;p__Bacillota;c__Clostridia;o__Clostridiales;f__Clostridiaceae;g__Clostridium;s__	g__Clostridium
0b7387a1bb44161749784c9ecc1753b3	d__Bacteria;p__Pseudomonadota;c__Alphaproteobacteria;o__Caulobacterales;f__Caulobacteraceae;g__Brevundimonas;s__	g__Brevundimonas
d2f0fb1b7688c727e561ed7fb8bc72ab	d__Bacteria;p__Verrucomicrobiota;c__Verrucomicrobiia;o__Chthoniobacterales;f__Chthoniobacteraceae;g__Candidatus_Udaeobacter;s__	g__Candidatus_Udaeobacter
2cb4668942ea2f48f2e4b346fdc09900	d__Bacteria;p__Bacteroidota;c__Bacteroidia;o__Bacteroidales;f__Bacteroidaceae;g__Bacteroides;s__	g__Bacteroides
2cd1eb9ed54bfa4682b0f9367fe4fb23	d__Bacteria;p__Actinomycetota;c__Actinobacteria;o__Actinomycetales;f__Actinomycetaceae;g__Schaalia;s__	g__Schaalia
c5166a2e0c1843091c5b1d780177709f	d__Bacteria;p__Bacteroidota;c__Bacteroidia;o__Bacteroidales;f__Prevotellaceae;g__Prevotella;s__	g__Prevotella
eeee750c0e8da877bba8f703b229e87c	d__Bacteria;p__Spirochaetota;c__Spirochaetia;o__Spirochaetales;f__Spirochaetaceae;g__Treponema;s__	g__Treponema
3825662c25f9d94e403eb1eb5e76c838	d__Bacteria;p__Bacteroidota;c__Bacteroidia;o__Bacteroidales;f__Prevotellaceae;g__Alloprevotella;s__	g__Alloprevotella
ffe1e63147af5c2cd21231f1d5d59488	d__Bacteria;p__Pseudomonadota;c__Gammaproteobacteria;o__Pseudomonadales;f__Pseudomonadaceae;g__Pseudomonas;s__	g__Pseudomonas
51be9712333d363223fdf0cc964298f1	d__Bacteria;p__Actinomycetota;c__Actinobacteria;o__Micrococcales;f__Micrococcaceae;g__Micrococcus;s__	g__Micrococcus
66e18216cfa2fc2088607a5fe29f4d63	d__Bacteria;p__Bacteroidota;c__Bacteroidia;o__Chitinophagales;f__Incertae_Sedis;g__Incertae_Sedis;s__	g__Incertae_Sedis
eced00b6ae751e486b8866f5e737a29a	d__Bacteria;p__Bacillota;c__Negativicutes;o__Veillonellales-Selenomonadales;f__Veillonellaceae;g__Veillonella;s__	g__Veillonella
e3873ca64977dcad9ed037a869f693f7	d__Bacteria;p__Actinomycetota;c__Actinobacteria;o__Micrococcales;f__Micrococcaceae;g__Arthrobacter;s__	g__Arthrobacter
79f484197eaacf72941e82621f62fdd0	d__Bacteria;p__Pseudomonadota;c__Alphaproteobacteria;o__Sphingomonadales;f__Sphingomonadaceae;g__Novosphingobium;s__	g__Novosphingobium
352da7ee5649ed9cff798e2b2d82e3da	d__Bacteria;p__Bacteroidota;c__Bacteroidia;o__Bacteroidales;f__Prevotellaceae;g__Prevotella;s__	g__Prevotella
1b261b9adb5a495120172d655b31977e	d__Bacteria;p__Pseudomonadota;c__Alphaproteobacteria;o__Hyphomicrobiales;f__Beijerinckiaceae;g__Methylobacterium;s__	g__Methylobacterium
1324e797c24f39f007f223a3172df0d1	d__Bacteria;p__Bacillota;c__Bacilli;o__Bacillales;f__Bacillaceae;g__Bacillus;s__	g__Bacillus
618c1cb894832c6637ad1fa2ad92df4a	d__Bacteria;p__Bacteroidota;c__Bacteroidia;o__Bacteroidales;f__Rikenellaceae;g__Rikenellaceae_RC9_gut_group;s__	g__Rikenellaceae_RC9_gut_group
0c974c9f1bdf33a49454af76f8068a7b	d__Bacteria;p__Pseudomonadota;c__Alphaproteobacteria;o__Caulobacterales;f__Caulobacteraceae;g__Brevundimonas;s__	g__Brevundimonas
07c89ab78191eacf181a4c1a89265262	d__Bacteria;p__Cyanobacteriota;c__Cyanobacteriia;o__Cyanobacteriales;f__Chroococcidiopsaceae;g__Chroococcidiopsis_PCC_7203;s__	g__Chroococcidiopsis_PCC_7203
06136ce511ea65a8d0325eac833a90de	d__Bacteria;p__Bacteroidota;c__Bacteroidia;o__Sphingobacteriales;f__Sphingobacteriaceae;g__Sphingobacterium;s__	g__Sphingobacterium
a81edf8bb452c03edfa7901fbb5c69f9	d__Bacteria;p__Bacillota;c__Bacilli;o__Lactobacillales;f__Carnobacteriaceae;g__Dolosigranulum;s__	g__Dolosigranulum
7a932b5c857b7eae421bf1fd5417884c	d__Bacteria;p__Bacteroidota;c__Bacteroidia;o__Sphingobacteriales;f__Sphingobacteriaceae;g__Arcticibacter;s__	g__Arcticibacter
49d271c9c212b42e1a8e2fc37355b694	d__Bacteria;p__Bacteroidota;c__Bacteroidia;o__Bacteroidales;f__Porphyromonadaceae;g__Porphyromonas;s__	g__Porphyromonas
d65eb325dee4d8baef7063c07968af25	d__Bacteria;p__Pseudomonadota;c__Gammaproteobacteria;o__Enterobacterales;f__Pasteurellaceae;g__Aggregatibacter;s__	g__Aggregatibacter
ffef534f50619b9ae84bb1c691302212	d__Bacteria;p__Bacillota;c__Bacilli;o__Paenibacillales;f__Paenibacillaceae;g__Paenibacillus;s__	g__Paenibacillus
8c9f96e53edf11171e233c028ef507b7	d__Bacteria;p__Fusobacteriota;c__Fusobacteriia;o__Fusobacteriales;f__Leptotrichiaceae;g__Pseudoleptotrichia;s__	g__Pseudoleptotrichia
286ab04c5aaf1ad0ab31a0ffce33a5aa	d__Bacteria;p__Bacillota;c__Clostridia;o__Clostridia_vadinBB60_group;f__Incertae_Sedis;g__Incertae_Sedis;s__	g__Incertae_Sedis
4681aa04778185a7841e53237ee4d7c9	d__Bacteria;p__Bacillota;c__Negativicutes;o__Veillonellales-Selenomonadales;f__Veillonellaceae;g__Veillonella;s__	g__Veillonella
d1025e6895323238664448516dcabff2	d__Bacteria;p__Bacillota;c__Negativicutes;o__Veillonellales-Selenomonadales;f__Selenomonadaceae;g__Selenomonas;s__	g__Selenomonas
8fdc47636a2dea73bde6ef6253722d25	d__Bacteria;p__Patescibacteria;c__Saccharimonadia;o__Saccharimonadales;f__Saccharimonadaceae;g__Candidatus_Saccharimonas;s__	g__Candidatus_Saccharimonas
ed0a5efa5cac477158f3e6f3e1bb624d	d__Bacteria;p__Campylobacterota;c__Campylobacteria;o__Campylobacterales;f__Campylobacteraceae;g__Campylobacter;s__	g__Campylobacter
41fc49c8116a40b00d68f8a22c3d06b0	d__Bacteria;p__Bacteroidota;c__Bacteroidia;o__Flavobacteriales;f__Flavobacteriaceae;g__Capnocytophaga;s__	g__Capnocytophaga
81039897d57da8e65777d8ea428efd79	d__Bacteria;p__Bacillota;c__Bacilli;o__Staphylococcales;f__Gemellaceae;g__Gemella;s__	g__Gemella
d9f2430eaddf37e8ef7fa5ab1fbef6e4	d__Bacteria;p__Bacteroidota;c__Bacteroidia;o__Bacteroidales;f__Bacteroidaceae;g__Bacteroides;s__	g__Bacteroides
9ab7faa5368a6745ebf066e0270be0f0	d__Bacteria;p__Bacteroidota;c__Bacteroidia;o__Bacteroidales;f__Tannerellaceae;g__Parabacteroides;s__	g__Parabacteroides
fa7098e98743035e145ce45499cb3efc	d__Bacteria;p__Campylobacterota;c__Campylobacteria;o__Campylobacterales;f__Campylobacteraceae;g__Campylobacter;s__	g__Campylobacter
e0bbe140756a0afe27890841daca0380	d__Bacteria;p__Bacillota;c__Bacilli;o__Mycoplasmatales;f__Mycoplasmataceae;g__Mycoplasma;s__	g__Mycoplasma
1352e02b08ab05469cf194f29a461b21	d__Bacteria;p__Bacteroidota;c__Bacteroidia;o__Bacteroidales;f__Prevotellaceae;g__Hoylesella;s__	g__Hoylesella
e0d386954450fca7f1167e6d81ec9e27	d__Bacteria;p__Fusobacteriota;c__Fusobacteriia;o__Fusobacteriales;f__Leptotrichiaceae;g__Pseudoleptotrichia;s__	g__Pseudoleptotrichia
a4f6c3a0eadbdb44a035aecb4b94c06e	d__Bacteria;p__Patescibacteria;c__Saccharimonadia;o__Saccharimonadales;f__Saccharimonadaceae;g__TM7x;s__	g__TM7x
1afade418f0824ac538ff570577c89f9	d__Bacteria;p__Pseudomonadota;c__Gammaproteobacteria;o__Burkholderiales;f__Neisseriaceae;g__Neisseria;s__	g__Neisseria
1fa9bbf99a965baca6d194251116220e	d__Bacteria;p__Spirochaetota;c__Spirochaetia;o__Spirochaetales;f__Spirochaetaceae;g__Treponema;s__	g__Treponema
74ccf59554d64780428e4d7e01ee03ae	d__Bacteria;p__Bacteroidota;c__Bacteroidia;o__Bacteroidales;f__Prevotellaceae;g__Prevotella;s__	g__Prevotella
4f9106b58ba967a459b11a9d6f9ca4e0	d__Bacteria;p__Bacillota;c__Clostridia;o__Oscillospirales;f__Ruminococcaceae;g__Incertae_Sedis;s__	g__Incertae_Sedis
c7fa7998b490c67bc92b152506e0083f	d__Bacteria;p__Thermodesulfobacteriota;c__Desulfuromonadia;o__Bradymonadales;f__Incertae_Sedis;g__SKP-2;s__	g__SKP-2
2bbca606670697c2d69152d1804cde0e	d__Bacteria;p__Bacteroidota;c__Bacteroidia;o__Chitinophagales;f__Chitinophagaceae;g__Aurantisolimonas;s__	g__Aurantisolimonas
2ab3a7f5f5618396d0db7f82d0aa5173	d__Bacteria;p__Patescibacteria;c__Gracilibacteria;o__Absconditabacteriales_(SR1);f__Incertae_Sedis;g__Incertae_Sedis;s__	g__Incertae_Sedis
c06cb0687073fea739975fc71256a7ca	d__Bacteria;p__Pseudomonadota;c__Gammaproteobacteria;o__Pseudomonadales;f__Moraxellaceae;g__Enhydrobacter;s__	g__Enhydrobacter
b8b32af3b9d6d6f5b79eb1422584c3d5	d__Bacteria;p__Patescibacteria;c__Saccharimonadia;o__Saccharimonadales;f__Incertae_Sedis;g__Incertae_Sedis;s__	g__Incertae_Sedis
b11937d81e45047f9f8dba703b6584cc	d__Bacteria;p__Pseudomonadota;c__Gammaproteobacteria;o__Burkholderiales;f__Rhodocyclaceae;g__Zoogloea;s__	g__Zoogloea
2b8c82760b74ce660c33c6c5c6d97ca3	d__Bacteria;p__Pseudomonadota;c__Alphaproteobacteria;o__Caulobacterales;f__Caulobacteraceae;g__Brevundimonas;s__	g__Brevundimonas
64d1415825a0642a9ded5608aaadce72	d__Bacteria;p__Pseudomonadota;c__Gammaproteobacteria;o__Burkholderiales;f__Neisseriaceae;g__Kingella;s__	g__Kingella
238f20f0a4bc226988e8029a44aa3fae	d__Bacteria;p__Bacteroidota;c__Bacteroidia;o__Bacteroidales;f__Porphyromonadaceae;g__Porphyromonas;s__	g__Porphyromonas
055e8a4713d3c6ea0bd7208452ebe68c	d__Bacteria;p__Bacteroidota;c__Bacteroidia;o__Bacteroidales;f__Prevotellaceae;g__Prevotella;s__	g__Prevotella
3ccc24a1ae18fb81ef635f84134a571e	d__Bacteria;p__Bacteroidota;c__Bacteroidia;o__Bacteroidales;f__Bacteroidaceae;g__Bacteroides;s__	g__Bacteroides
87223b13c2aee72780681c843f3e588c	d__Bacteria;p__Bacteroidota;c__Bacteroidia;o__Bacteroidales;f__Rikenellaceae;g__Alistipes;s__	g__Alistipes
8d68e354b0a843bacba97c0d47245262	d__Bacteria;p__Fusobacteriota;c__Fusobacteriia;o__Fusobacteriales;f__Leptotrichiaceae;g__Pseudoleptotrichia;s__	g__Pseudoleptotrichia
f788f2c47ab7aa3377537af8268a7277	d__Bacteria;p__Pseudomonadota;c__Alphaproteobacteria;o__Rhodobacterales;f__Paracoccaceae;g__Paracoccus;s__	g__Paracoccus
a239e44cd0e342f4e865fb07f4d3a4d7	d__Bacteria;p__Bacillota;c__Clostridia;o__Lachnospirales;f__Lachnospiraceae;g__Anaerostipes;s__	g__Anaerostipes
e60a8315c6dbe3463424fa7b2fd1689b	d__Bacteria;p__Pseudomonadota;c__Gammaproteobacteria;o__Burkholderiales;f__Oxalobacteraceae;g__Noviherbaspirillum;s__	g__Noviherbaspirillum
9af2911f6df6d008cf67880633e1d491	d__Bacteria;p__Bacillota;c__Clostridia;o__Lachnospirales;f__Lachnospiraceae;g__Tyzzerella;s__	g__Tyzzerella
a686574c8f0f16f8c88f0f93e2292a06	d__Bacteria;p__Bacillota;c__Clostridia;o__Lachnospirales;f__Lachnospiraceae;g__Lachnoanaerobaculum;s__	g__Lachnoanaerobaculum
8595d8464a8da1b222b8ac4f88908ebf	d__Bacteria;p__Pseudomonadota;c__Gammaproteobacteria;o__Burkholderiales;f__Neisseriaceae;g__Eikenella;s__	g__Eikenella
1d51ed999af8f5258870c19b852b4ac3	d__Bacteria;p__Bacillota;c__Clostridia;o__Lachnospirales;f__Lachnospiraceae;g__Howardella;s__	g__Howardella
8cca73e31e9684cc35d23295945262a3	d__Bacteria;p__Bacteroidota;c__Bacteroidia;o__Bacteroidales;f__Prevotellaceae;g__Hoylesella;s__	g__Hoylesella
379be99a5c77690f9a5adcd5881a69e9	d__Bacteria;p__Bacillota;c__Negativicutes;o__Veillonellales-Selenomonadales;f__Selenomonadaceae;g__Selenomonas;s__	g__Selenomonas
f79d5e1c368941311a7fc20cf2ac7af6	d__Bacteria;p__Bacteroidota;c__Bacteroidia;o__Bacteroidales;f__Prevotellaceae;g__Segatella;s__	g__Segatella
e872d300a99e45e07fad7b954f4a0bbc	d__Bacteria;p__Bacillota;c__Clostridia;o__Peptostreptococcales-Tissierellales;f__Peptostreptococcaceae;g__Filifactor;s__	g__Filifactor
e35c3d2382b55cb9019bd0463b041107	d__Bacteria;p__Pseudomonadota;c__Gammaproteobacteria;o__Burkholderiales;f__Neisseriaceae;g__Neisseria;s__	g__Neisseria
f8070e584b34157601dcd3061eab3193	d__Bacteria;p__Bacillota;c__Negativicutes;o__Veillonellales-Selenomonadales;f__Selenomonadaceae;g__Selenomonas;s__	g__Selenomonas
8cc7964f7181906a630b797ea4387a46	d__Bacteria;p__Pseudomonadota;c__Gammaproteobacteria;o__Burkholderiales;f__Comamonadaceae	Unclassified
6d905fe48fb5932f6bf5ab2ea303d315	d__Bacteria;p__Pseudomonadota;c__Gammaproteobacteria;o__Burkholderiales;f__Comamonadaceae;g__Azohydromonas;s__	g__Azohydromonas
427d8cf9aaecde14e34ede8ced3f469c	d__Bacteria;p__Bacillota;c__Bacilli;o__Staphylococcales;f__Gemellaceae;g__Gemella;s__	g__Gemella
0ab24d3d68011c7652e0acf900137527	d__Bacteria;p__Bacillota;c__Clostridia;o__Peptococcales;f__Peptococcaceae;g__Peptococcus;s__	g__Peptococcus
3586a9a6d8dff757a7943beebd09fb85	d__Bacteria;p__Bacteroidota;c__Bacteroidia;o__Bacteroidales;f__Prevotellaceae;g__Alloprevotella;s__	g__Alloprevotella
ddf324628d39d49967c4a1869b0bb11b	d__Bacteria;p__Bacteroidota;c__Bacteroidia;o__Bacteroidales;f__Prevotellaceae;g__Prevotella;s__	g__Prevotella
7926c34cd129e118a4d7537664e82fac	d__Bacteria;p__Bacteroidota;c__Bacteroidia;o__Cytophagales;f__Hymenobacteraceae;g__Pontibacter;s__	g__Pontibacter
65290e94ac951b26f6afe6bdd7b42207	d__Bacteria;p__Bacillota;c__Negativicutes;o__Veillonellales-Selenomonadales;f__Veillonellaceae;g__Dialister;s__	g__Dialister
93665c959c9c2ba7154743467c37eb91	d__Bacteria;p__Actinomycetota;c__Actinobacteria;o__Actinomycetales;f__Actinomycetaceae;g__Actinomyces;s__	g__Actinomyces
fa93219c2b8371d1a22304c78279c2e8	d__Bacteria;p__Fusobacteriota;c__Fusobacteriia;o__Fusobacteriales;f__Leptotrichiaceae;g__Pseudoleptotrichia;s__	g__Pseudoleptotrichia
1c08bb5c6f39821284e52cae24a3db61	d__Bacteria;p__Pseudomonadota;c__Alphaproteobacteria;o__Caulobacterales;f__Caulobacteraceae;g__Phenylobacterium;s__	g__Phenylobacterium
cd4173fdfd41d2f504920bd768bd9b9e	d__Bacteria;p__Bacteroidota;c__Bacteroidia;o__Bacteroidales;f__Bacteroidaceae;g__Bacteroides;s__	g__Bacteroides
c540c9aa4feeda21b8a34641f206e356	d__Bacteria;p__Pseudomonadota;c__Gammaproteobacteria;o__Burkholderiales;f__Oxalobacteraceae;g__Noviherbaspirillum;s__	g__Noviherbaspirillum
b92b680f2f00625df4f509614c3f2f61	d__Bacteria;p__Pseudomonadota;c__Alphaproteobacteria;o__Caulobacterales;f__Caulobacteraceae;g__Brevundimonas;s__	g__Brevundimonas
efe06d4916e09a5880db353ecc2d2b6e	d__Bacteria;p__Actinomycetota;c__Actinobacteria;o__Mycobacteriales;f__Corynebacteriaceae;g__Corynebacterium;s__	g__Corynebacterium
5135aa34ad49663e9e9a65414f18d292	d__Bacteria;p__Pseudomonadota;c__Gammaproteobacteria;o__Burkholderiales;f__Oxalobacteraceae;g__Noviherbaspirillum;s__	g__Noviherbaspirillum
4e8d85e30b0ff0f8bd36984375c1771a	d__Bacteria;p__Pseudomonadota;c__Gammaproteobacteria;o__Pseudomonadales;f__Moraxellaceae;g__Moraxella;s__	g__Moraxella
fed9e5f6bcea058f528cae7f246bfa7b	d__Bacteria;p__Actinomycetota;c__Actinobacteria;o__Pseudonocardiales;f__Pseudonocardiaceae;g__Pseudonocardia;s__	g__Pseudonocardia
83d324be19ab65a0f01ddf6ef84f42fe	d__Bacteria;p__Actinomycetota;c__Actinobacteria;o__Micrococcales;f__Intrasporangiaceae;g__Tetrasphaera;s__	g__Tetrasphaera
017acc78809e085920c96d10fa44e263	d__Bacteria;p__Pseudomonadota;c__Gammaproteobacteria;o__Pseudomonadales;f__Moraxellaceae;g__Acinetobacter;s__	g__Acinetobacter
2e8ae9d8ce1df481ff62a5e7734e6cb6	d__Bacteria;p__Bacillota;c__Bacilli;o__Acholeplasmatales;f__Acholeplasmataceae;g__Acholeplasma;s__	g__Acholeplasma
fe7a29d5ab31b3839da7c80e05d27d5a	d__Bacteria;p__Pseudomonadota;c__Alphaproteobacteria;o__Hyphomicrobiales;f__Devosiaceae;g__Devosia;s__	g__Devosia
22ba79bc09a88468552595f7680bf750	d__Bacteria;p__Pseudomonadota;c__Gammaproteobacteria;o__Enterobacterales;f__Enterobacteriaceae;g__Enterobacter;s__	g__Enterobacter
1c13b1c2e741fbc43325f2103ea05eb4	d__Bacteria;p__Bacteroidota;c__Bacteroidia;o__Bacteroidales;f__Prevotellaceae;g__Prevotella;s__	g__Prevotella
05761af851558b25cc8591ba2f2ef83c	d__Bacteria;p__Bacteroidota;c__Bacteroidia;o__Bacteroidales;f__Prevotellaceae;g__Prevotella;s__	g__Prevotella
adc1054e5b3fdeaffe6e2f97521bcb1e	d__Bacteria;p__Pseudomonadota;c__Alphaproteobacteria;o__Sphingomonadales;f__Sphingomonadaceae;g__Rhizorhabdus;s__	g__Rhizorhabdus
b558cf5766f497ffbb15d24b5d6a5402	d__Bacteria;p__Bacteroidota;c__Bacteroidia;o__Bacteroidales;f__Prevotellaceae;g__Hoylesella;s__	g__Hoylesella
6b567baa17422a952d435fab7425c9bf	d__Bacteria;p__Bacillota;c__Bacilli;o__RF39;f__Incertae_Sedis;g__Incertae_Sedis;s__	g__Incertae_Sedis
d00c7f8a997ef39af07ff650f2e24cf8	d__Bacteria;p__Bacillota;c__Clostridia;o__Peptostreptococcales-Tissierellales;f__Peptostreptococcaceae;g__Peptostreptococcus;s__	g__Peptostreptococcus
772df37f3f4e141afaf409c1d69eeacf	d__Bacteria;p__Pseudomonadota;c__Gammaproteobacteria;o__Pseudomonadales;f__Pseudomonadaceae;g__Pseudomonas;s__	g__Pseudomonas
d80481167e812c3aab906aedde005e6a	d__Bacteria;p__Bacteroidota;c__Bacteroidia;o__Bacteroidales;f__Prevotellaceae;g__Incertae_Sedis;s__	g__Incertae_Sedis
894f731d43763209f5ef93c38b963230	d__Bacteria;p__Pseudomonadota;c__Gammaproteobacteria;o__Pseudomonadales;f__Moraxellaceae;g__Acinetobacter;s__	g__Acinetobacter
c1c7f1c2084505eb00193725ee07a451	d__Bacteria;p__Bacillota;c__Negativicutes;o__Veillonellales-Selenomonadales;f__Veillonellaceae;g__Veillonella;s__	g__Veillonella
721a52ff8d36a0e7f6fb175f303a9854	d__Bacteria;p__Fusobacteriota;c__Fusobacteriia;o__Fusobacteriales;f__Leptotrichiaceae;g__Leptotrichia;s__	g__Leptotrichia
2b802689cd7f5e66a37d48509474657e	d__Bacteria;p__Spirochaetota;c__Spirochaetia;o__Spirochaetales;f__Spirochaetaceae;g__Treponema;s__	g__Treponema
3cffd3b235f86184ddcce1e19f410d46	d__Bacteria;p__Pseudomonadota;c__Gammaproteobacteria;o__Burkholderiales;f__Neisseriaceae;g__Neisseria;s__	g__Neisseria
ed50f7d8bcd3b846e788b073090020a6	d__Bacteria;p__Fusobacteriota;c__Fusobacteriia;o__Fusobacteriales;f__Leptotrichiaceae;g__Leptotrichia;s__	g__Leptotrichia
d8b5975969272d4c21887068d0818432	d__Bacteria;p__Patescibacteria;c__Saccharimonadia;o__Saccharimonadales;f__Incertae_Sedis;g__Incertae_Sedis;s__	g__Incertae_Sedis
341817393bd810737b2f68f9288715f5	d__Bacteria;p__Bacteroidota;c__Bacteroidia;o__Flavobacteriales;f__Flavobacteriaceae;g__Capnocytophaga;s__	g__Capnocytophaga
4c4c28adb287daebb193e84f7e9961db	d__Bacteria;p__Bacteroidota;c__Bacteroidia;o__Bacteroidales;f__Prevotellaceae;g__Prevotella;s__	g__Prevotella
71f2edab4e4a11bc6c974ebf5569b001	d__Bacteria;p__Bacillota;c__Clostridia;o__Lachnospirales;f__Lachnospiraceae;g__[Ruminococcus]_gnavus_group;s__	g__[Ruminococcus]_gnavus_group
b571f060d16a624dc74a15bcc36c5937	d__Bacteria;p__Fusobacteriota;c__Fusobacteriia;o__Fusobacteriales;f__Leptotrichiaceae;g__Pseudoleptotrichia;s__	g__Pseudoleptotrichia
3a6b21660057817496f102fd0cec4180	d__Bacteria;p__Bacteroidota;c__Bacteroidia;o__Flavobacteriales;f__Flavobacteriaceae;g__Capnocytophaga;s__	g__Capnocytophaga
e8a757304c7604311dea9b1a0784c6c4	d__Bacteria;p__Bacteroidota;c__Bacteroidia;o__Bacteroidales;f__Prevotellaceae;g__Prevotella;s__	g__Prevotella
8f6cab269b0e9c75fb86b4e1f1046fbd	d__Bacteria;p__Bacillota;c__Clostridia;o__Peptostreptococcales-Tissierellales;f__Anaerovoracaceae;g__Family_XIII_UCG-001;s__	g__Family_XIII_UCG-001
841e8ebfa1c3ac20260f1e926516ccca	d__Bacteria;p__Bacillota;c__Clostridia;o__Peptostreptococcales-Tissierellales;f__Peptostreptococcaceae;g__Peptoanaerobacter;s__	g__Peptoanaerobacter
862ae324b7eb9b367f0e962fded3fdac	d__Bacteria;p__Pseudomonadota;c__Gammaproteobacteria;o__Pseudomonadales;f__Pseudomonadaceae;g__Pseudomonas;s__	g__Pseudomonas
8e2ea69f65e1715c35b9d9c6d086c3f4	d__Bacteria;p__Bacillota;c__Clostridia;o__Lachnospirales;f__Lachnospiraceae;g__Oribacterium;s__	g__Oribacterium
e23dd6ecc7e206d02395274617c6dfdf	d__Bacteria;p__Bacillota;c__Negativicutes;o__Acidaminococcales;f__Acidaminococcaceae;g__Succiniclasticum;s__	g__Succiniclasticum
73e0228515f10a07378df52b7ecc690a	d__Bacteria;p__Bacillota;c__Negativicutes;o__Acidaminococcales;f__Acidaminococcaceae;g__Succiniclasticum;s__	g__Succiniclasticum
d6938d6c8d3c3931fae025e9806b1bcf	d__Bacteria;p__Actinomycetota;c__Actinobacteria;o__Bifidobacteriales;f__Bifidobacteriaceae;g__Bifidobacterium;s__	g__Bifidobacterium
856c5b82f7bee128acf4d6f5fb82876a	d__Bacteria;p__Pseudomonadota;c__Gammaproteobacteria;o__Pseudomonadales;f__Cellvibrionaceae;g__Cellvibrio;s__	g__Cellvibrio
b28c2696fbb90c5169a8aaf3b5ba5d2c	d__Bacteria;p__Pseudomonadota;c__Gammaproteobacteria;o__Enterobacterales;f__Aeromonadaceae;g__Pseudaeromonas;s__	g__Pseudaeromonas
72fedfe8a344936c1920874be7f5ffbf	d__Bacteria;p__Pseudomonadota;c__Gammaproteobacteria;o__Burkholderiales;f__Sutterellaceae;g__Sutterella;s__	g__Sutterella
8efd4e429ab66520c3e0bb2a6872e975	d__Bacteria;p__Bacillota;c__Bacilli;o__Lactobacillales;f__Aerococcaceae;g__Aerococcus;s__	g__Aerococcus
bfa457eb9c7af6d3706a8418f31aa150	d__Bacteria;p__Bacillota;c__Clostridia;o__Oscillospirales;f__Ruminococcaceae;g__Incertae_Sedis;s__	g__Incertae_Sedis
9539c21798e79503a0c61a10a319ef43	d__Bacteria;p__Pseudomonadota;c__Gammaproteobacteria;o__Pseudomonadales;f__Moraxellaceae;g__Acinetobacter;s__	g__Acinetobacter
b6babef20b327d7076431762cfc9f6eb	d__Bacteria;p__Actinomycetota;c__Actinobacteria;o__Actinomycetales;f__Actinomycetaceae;g__Actinomyces;s__	g__Actinomyces
1db44088e32d069f3752cdbe170b1f99	d__Bacteria;p__Pseudomonadota;c__Gammaproteobacteria;o__Burkholderiales;f__Comamonadaceae;g__[Polyangium]_brachysporum_group;s__	g__[Polyangium]_brachysporum_group
635222f355d9cebc11181d3decbf8819	d__Bacteria;p__Bacteroidota;c__Bacteroidia;o__Chitinophagales;f__Chitinophagaceae;g__Flavisolibacter;s__	g__Flavisolibacter
8b2c74dd501497e102a0b99b1378d59d	d__Bacteria;p__Deinococcota;c__Deinococci;o__Deinococcales;f__Trueperaceae;g__Truepera;s__	g__Truepera
185e7a53518729090a41490986e8c76c	d__Bacteria;p__Pseudomonadota;c__Gammaproteobacteria;o__Pseudomonadales;f__Moraxellaceae;g__Moraxella;s__	g__Moraxella
be8e81f627769d098ecc10080807091f	d__Bacteria;p__Bacteroidota;c__Bacteroidia;o__Flavobacteriales;f__Flavobacteriaceae;g__Capnocytophaga;s__	g__Capnocytophaga
8bd2169ca2730ea823e5a22ea7901bfd	d__Bacteria;p__Spirochaetota;c__Spirochaetia;o__Spirochaetales;f__Spirochaetaceae;g__Treponema;s__	g__Treponema
1bb44a2b1bf8e2313dbd51bee332b3aa	d__Bacteria;p__Bacteroidota;c__Bacteroidia;o__Flavobacteriales;f__Flavobacteriaceae;g__Flavobacterium;s__	g__Flavobacterium
410b817e75fc640e2d02ea9abf89a257	d__Bacteria;p__Bacteroidota;c__Bacteroidia;o__Bacteroidales;f__Prevotellaceae;g__Segatella;s__	g__Segatella
64e794b0361f08e06be49f2a86a2a43f	d__Bacteria;p__Bacillota;c__Clostridia;o__Lachnospirales;f__Lachnospiraceae;g__Lachnoanaerobaculum;s__	g__Lachnoanaerobaculum
a00159d09f95e5f864f62965b836d636	d__Bacteria;p__Pseudomonadota;c__Gammaproteobacteria;o__Burkholderiales;f__Neisseriaceae;g__Neisseria;s__	g__Neisseria
1fdc4b313e25bd9e9100aca09cadd081	d__Bacteria;p__Bacteroidota;c__Bacteroidia;o__Bacteroidales;f__Prevotellaceae;g__Incertae_Sedis;s__	g__Incertae_Sedis
5ba5960bf6ea698519d5e00874ee55e9	d__Bacteria;p__Bacteroidota;c__Bacteroidia;o__Bacteroidales;f__Tannerellaceae;g__Tannerella;s__	g__Tannerella
b9cd759d3b31ffdec0a05f767aeaa962	d__Bacteria;p__Bacteroidota;c__Bacteroidia;o__Bacteroidales;f__Prevotellaceae;g__Segatella;s__	g__Segatella
7862462431c2d710680a356852bbcafa	d__Bacteria;p__Bacillota;c__Clostridia;o__Peptostreptococcales-Tissierellales;f__Family_XI;g__Anaerococcus;s__	g__Anaerococcus
907c02ad460317f98bb2cdf2f0d2f4b8	d__Bacteria;p__Pseudomonadota;c__Gammaproteobacteria;o__Burkholderiales;f__Oxalobacteraceae;g__Massilia;s__	g__Massilia
fed30d6b474008c8c2cd39c47126f7b9	d__Bacteria;p__Bacillota;c__Bacilli;o__Lactobacillales;f__Lactobacillaceae;g__Limosilactobacillus;s__	g__Limosilactobacillus
09fdee61f35adf6e4854fba8a007b70a	d__Bacteria;p__Pseudomonadota;c__Gammaproteobacteria;o__Enterobacterales;f__Pasteurellaceae;g__Haemophilus;s__	g__Haemophilus
9207158c859b0bdab06aecfdc67dedc4	d__Bacteria;p__Actinomycetota;c__Actinobacteria;o__Mycobacteriales;f__Corynebacteriaceae;g__Corynebacterium;s__	g__Corynebacterium
28febc1b425c71ca04a28b1a6906653e	d__Bacteria;p__Fusobacteriota;c__Fusobacteriia;o__Fusobacteriales;f__Leptotrichiaceae;g__Leptotrichia;s__	g__Leptotrichia
3ad0a850c65e838d68c1804c361b6a4c	d__Bacteria;p__Synergistota;c__Synergistia;o__Synergistales;f__Synergistaceae;g__Fretibacterium;s__	g__Fretibacterium
c948bcd0be3b7b1591adaea8e3dfaa6f	d__Bacteria;p__Verrucomicrobiota;c__Verrucomicrobiia;o__Verrucomicrobiales;f__Rubritaleaceae;g__Luteolibacter;s__	g__Luteolibacter
5d442783ed41408bc6216eed151d282f	d__Bacteria;p__Actinomycetota;c__Actinobacteria;o__Actinomycetales;f__Actinomycetaceae;g__Actinomyces;s__	g__Actinomyces
b32e68324447b26a1740240aefa45acd	d__Bacteria;p__Bacillota;c__Bacilli;o__Lactobacillales;f__Streptococcaceae;g__Streptococcus;s__	g__Streptococcus
c78b4eff98ee648b80b09c68867be26b	d__Bacteria;p__Pseudomonadota;c__Gammaproteobacteria;o__Pseudomonadales;f__Pseudomonadaceae;g__Pseudomonas;s__	g__Pseudomonas
3437b60f7732eb93ecb44a6017fc09c6	d__Bacteria;p__Bacteroidota;c__Bacteroidia;o__Bacteroidales;f__Rikenellaceae;g__Rikenellaceae_RC9_gut_group;s__	g__Rikenellaceae_RC9_gut_group
069855cd31e0a47d4ffdeaceed265d93	d__Bacteria;p__Pseudomonadota;c__Gammaproteobacteria;o__Burkholderiales;f__Neisseriaceae;g__Neisseria;s__	g__Neisseria
74b79b149a63d16c0144b8b098b1305f	d__Bacteria;p__Bacillota;c__Bacilli;o__Paenibacillales;f__Paenibacillaceae;g__Incertae_Sedis;s__	g__Incertae_Sedis
c4d27fa2f8ea68931aad209ab1102d4a	d__Bacteria;p__Pseudomonadota;c__Gammaproteobacteria;o__Pseudomonadales;f__Pseudomonadaceae;g__Pseudomonas;s__	g__Pseudomonas
d0f9b62f7ad11d6fd600aab768fd6490	d__Bacteria;p__Actinomycetota;c__Actinobacteria;o__Micrococcales;f__Microbacteriaceae;g__Leucobacter;s__	g__Leucobacter
23dda47fb9ec8e5a9294338f2fcf6846	d__Bacteria;p__Pseudomonadota;c__Alphaproteobacteria;o__Sphingomonadales;f__Sphingomonadaceae;g__Erythrobacter;s__	g__Erythrobacter
012fe3cc4cd230e60b1549ffd5901a63	d__Bacteria;p__Pseudomonadota;c__Gammaproteobacteria;o__Burkholderiales;f__Oxalobacteraceae;g__Noviherbaspirillum;s__	g__Noviherbaspirillum
e476968bd37954eea7e19083126fb798	d__Bacteria;p__Pseudomonadota;c__Gammaproteobacteria;o__Burkholderiales;f__Burkholderiaceae;g__Lautropia;s__	g__Lautropia
81ef04fc448a46c418860d949afca5be	d__Bacteria;p__Pseudomonadota;c__Alphaproteobacteria;o__Hyphomicrobiales;f__Rhizobiaceae;g__Shinella;s__	g__Shinella
17813d59fbe6e3242168934b16220c25	d__Bacteria;p__Pseudomonadota;c__Alphaproteobacteria;o__Sphingomonadales;f__Sphingomonadaceae;g__Novosphingobium;s__	g__Novosphingobium
bc6fd9d468e61461a6b8f34cf0c7763e	d__Bacteria;p__Bacteroidota;c__Bacteroidia;o__Bacteroidales;f__Prevotellaceae;g__Segatella;s__	g__Segatella
4eb72d856c302099e6a6cdb3fdba1c52	d__Bacteria;p__Actinomycetota;c__Actinobacteria;o__Mycobacteriales;f__Corynebacteriaceae;g__Corynebacterium;s__	g__Corynebacterium
7fe92a34282e4a2fa195dbefd40c4bbe	d__Bacteria;p__Bacteroidota;c__Bacteroidia;o__Cytophagales;f__Hymenobacteraceae;g__Nibribacter;s__	g__Nibribacter
274782328092c5ece0b1699d423dc76a	d__Bacteria;p__Pseudomonadota;c__Gammaproteobacteria;o__Burkholderiales;f__Comamonadaceae;g__Delftia;s__	g__Delftia
fd95d1efb2881dcc15434bfe9b165327	d__Bacteria;p__Bacteroidota;c__Bacteroidia;o__Flavobacteriales;f__Flavobacteriaceae;g__Capnocytophaga;s__	g__Capnocytophaga
7cdc7f0ee451ee6e9d104f1db24eda8e	d__Bacteria;p__Bacteroidota;c__Bacteroidia;o__Flavobacteriales;f__Flavobacteriaceae;g__Capnocytophaga;s__	g__Capnocytophaga
a7554046ad1993714505e2eaae4cc6b2	d__Bacteria;p__Bacillota;c__Bacilli;o__Lactobacillales;f__Streptococcaceae;g__Streptococcus;s__	g__Streptococcus
317c2015511d08df3d5e89f627b41db1	d__Bacteria;p__Bacillota;c__Clostridia;o__Lachnospirales;f__Lachnospiraceae;g__Blautia;s__	g__Blautia
714b0378efe0b8744e24aa04b48008d3	d__Bacteria;p__Bacillota;c__Bacilli;o__Bacillales;f__Bacillaceae;g__Priestia;s__	g__Priestia
e0b21d1f9c3620dfea03b6356ef78671	d__Bacteria;p__Bacteroidota;c__Bacteroidia;o__Bacteroidales;f__Prevotellaceae;g__Segatella;s__	g__Segatella
4579d5d8b9b2dd0e2888eb991fb944cd	d__Bacteria;p__Bacteroidota;c__Bacteroidia;o__Bacteroidales;f__Prevotellaceae;g__Segatella;s__	g__Segatella
3d8b1d9484b2d05194e2eb9bbc4ddfc3	d__Bacteria;p__Bacillota;c__Bacilli;o__Lactobacillales;f__Carnobacteriaceae;g__Granulicatella;s__	g__Granulicatella
81cdc17aba126cd12f1e9f7649d4ef51	d__Bacteria;p__Bacteroidota;c__Bacteroidia;o__Bacteroidales;f__Prevotellaceae;g__Prevotella;s__	g__Prevotella
78bde302ee7a065b944df7f99bea4ed2	d__Bacteria;p__Bacillota;c__Negativicutes;o__Veillonellales-Selenomonadales;f__Veillonellaceae;g__Veillonella;s__	g__Veillonella
6ea8c942c0f29eaf40191aa4d00b9e80	d__Bacteria;p__Deinococcota;c__Deinococci;o__Thermales;f__Thermaceae;g__Thermus;s__	g__Thermus
cbc3e8ab94bebe6221c7c2dc5491f452	d__Bacteria;p__Bacteroidota;c__Bacteroidia;o__Bacteroidales;f__Prevotellaceae;g__Incertae_Sedis;s__	g__Incertae_Sedis
32400af983d77cff77adcb82130539fd	d__Bacteria;p__Actinomycetota;c__Coriobacteriia;o__Coriobacteriales;f__Coriobacteriaceae;g__Collinsella;s__	g__Collinsella
bacad56990e3b680b063edaa606e5b1c	d__Bacteria;p__Bacteroidota;c__Bacteroidia;o__Bacteroidales;f__Porphyromonadaceae;g__Porphyromonas;s__	g__Porphyromonas
0dafbfb5412ef967e4426e534f2e09bd	d__Bacteria;p__Bacteroidota;c__Bacteroidia;o__Bacteroidales;f__Prevotellaceae;g__Segatella;s__	g__Segatella
f1b62fd340a0340c98206c7cd6580978	d__Bacteria;p__Pseudomonadota;c__Gammaproteobacteria;o__Enterobacterales;f__Pasteurellaceae;g__Aggregatibacter;s__	g__Aggregatibacter
ccab465dc84d586bc48cc6cbf4bb58d1	d__Bacteria;p__Bacteroidota;c__Bacteroidia;o__Bacteroidales;f__Prevotellaceae;g__Prevotella;s__	g__Prevotella
43fe6486332939c26f11f24d47c0757a	d__Bacteria;p__Bacteroidota;c__Bacteroidia;o__Bacteroidales;f__Prevotellaceae;g__Incertae_Sedis;s__	g__Incertae_Sedis
79259531533d592595defd6844d0a8a0	d__Bacteria;p__Bacillota;c__Bacilli;o__Bacillales;f__Bacillaceae;g__Lentibacillus;s__	g__Lentibacillus
db29c1bde891753fb3afde9c1db3a24d	d__Bacteria;p__Bacillota;c__Bacilli;o__Bacillales;f__Bacillaceae;g__Schinkia;s__	g__Schinkia
c48dce816e938bc3c7d44cf6198058a5	d__Bacteria;p__Bacteroidota;c__Bacteroidia;o__Bacteroidales;f__Paludibacteraceae;g__F0058;s__	g__F0058
106405a15c2d97112c63868d22930283	d__Bacteria;p__Fusobacteriota;c__Fusobacteriia;o__Fusobacteriales;f__Leptotrichiaceae;g__Pseudoleptotrichia;s__	g__Pseudoleptotrichia
73a9863868892afa38b0f3aeeff22863	d__Bacteria;p__Actinomycetota;c__Actinobacteria;o__Propionibacteriales;f__Nocardioidaceae;g__Nocardioides;s__	g__Nocardioides
21b30ef03e751ad1c80f801af1ed4290	d__Bacteria;p__Fusobacteriota;c__Fusobacteriia;o__Fusobacteriales;f__Leptotrichiaceae;g__Pseudoleptotrichia;s__	g__Pseudoleptotrichia
39c5bd0473bb9699aa23b022e48c3823	d__Bacteria;p__Bacillota;c__Clostridia;o__Peptococcales;f__Peptococcaceae;g__Peptococcus;s__	g__Peptococcus
1bc978aa9333386561c1b4c6fc7fcd3b	d__Bacteria;p__Fusobacteriota;c__Fusobacteriia;o__Fusobacteriales;f__Fusobacteriaceae;g__Fusobacterium;s__	g__Fusobacterium
c1eedbcfde0ec278a15691f85ef9055b	d__Bacteria;p__Bacillota;c__Clostridia;o__Oscillospirales;f__Ruminococcaceae;g__Ruminococcus;s__	g__Ruminococcus
55f1c4e92803b8b6e00d404bc4428444	d__Bacteria;p__Bacillota;c__Negativicutes;o__Veillonellales-Selenomonadales;f__Veillonellaceae;g__Veillonella;s__	g__Veillonella
1bdc9c36dd8ce6bb7503e8f8e219d199	d__Bacteria;p__Bacteroidota;c__Bacteroidia;o__Flavobacteriales;f__Flavobacteriaceae;g__Capnocytophaga;s__	g__Capnocytophaga
b176eabe87817bedd57c009f429e9e75	d__Bacteria;p__Patescibacteria;c__Saccharimonadia;o__Saccharimonadales;f__Saccharimonadaceae;g__Candidatus_Saccharimonas;s__	g__Candidatus_Saccharimonas
366e81bdb2b7dc4b51fc9412da8e8ce9	d__Bacteria;p__Bacteroidota;c__Bacteroidia;o__Bacteroidales;f__Prevotellaceae;g__Hoylesella;s__	g__Hoylesella
9c7444eed3be3ba20bc87c10fe1e5c6d	d__Bacteria;p__Bacteroidota;c__Bacteroidia;o__Bacteroidales;f__Porphyromonadaceae;g__Porphyromonas;s__	g__Porphyromonas
fbb5e7868c3bcf2e4ef0b32715f96a19	d__Bacteria;p__Bacteroidota;c__Bacteroidia;o__Bacteroidales;f__Porphyromonadaceae;g__Porphyromonas;s__	g__Porphyromonas
e2f90e82c96c2e9ba7f20fcf96b056af	d__Bacteria;p__Bacteroidota;c__Bacteroidia;o__Bacteroidales;f__Prevotellaceae;g__Segatella;s__	g__Segatella
cb5ebc446cef2908c57b545c3e290e37	d__Bacteria;p__Bacteroidota;c__Bacteroidia;o__Bacteroidales;f__Prevotellaceae;g__Incertae_Sedis;s__	g__Incertae_Sedis
160b939f3529a27ed4ace5862249c14a	d__Bacteria;p__Fusobacteriota;c__Fusobacteriia;o__Fusobacteriales;f__Fusobacteriaceae;g__Fusobacterium;s__	g__Fusobacterium
8385b0418935d778cbbd43784ba89d71	d__Bacteria;p__Chloroflexota;c__Anaerolineae;o__Caldilineales;f__Caldilineaceae;g__Incertae_Sedis;s__	g__Incertae_Sedis
5a92c72db9178e966a5728307a1f6a81	d__Bacteria;p__Bacteroidota;c__Bacteroidia;o__Bacteroidales;f__Prevotellaceae;g__Leyella;s__	g__Leyella
b3b98bae543bbb55962f7f46c0bfe474	d__Bacteria;p__Bacillota;c__Bacilli;o__Bacillales;f__Bacillaceae;g__Bacillus;s__	g__Bacillus
b59e7dd16efd90833d7ac4a774dd1ff3	d__Bacteria;p__Bacillota;c__Bacilli;o__Staphylococcales;f__Staphylococcaceae;g__Jeotgalicoccus;s__	g__Jeotgalicoccus
9fd66aa513871ee944119966d50a4cdd	d__Bacteria;p__Actinomycetota;c__Actinobacteria;o__Actinomycetales;f__Actinomycetaceae;g__Schaalia;s__	g__Schaalia
019805bd03ba495330bc294ad6608998	d__Bacteria;p__Pseudomonadota;c__Gammaproteobacteria;o__Burkholderiales;f__Comamonadaceae;g__Acidovorax;s__	g__Acidovorax
a6c0f44c18cc7f5a59e4e82ae8179862	d__Bacteria;p__Pseudomonadota;c__Gammaproteobacteria;o__Enterobacterales;f__Enterobacteriaceae;g__Klebsiella;s__	g__Klebsiella
69b9ad9a22b26600b4cef95ab0c591dc	d__Bacteria;p__Pseudomonadota;c__Alphaproteobacteria;o__Hyphomicrobiales;f__Rhizobiaceae;g__Aureimonas;s__	g__Aureimonas
bcf4d8f61c1122f83aec087ad119f853	d__Bacteria;p__Pseudomonadota;c__Gammaproteobacteria;o__Lysobacterales;f__Lysobacteraceae;g__Lysobacter;s__	g__Lysobacter
5c5a279f96c60c1a289c31d6fbd8dc7e	d__Bacteria;p__Bacteroidota;c__Bacteroidia;o__Chitinophagales;f__Chitinophagaceae;g__Lacibacter;s__	g__Lacibacter
084efb29331608afea836e5a7dcfa3f6	d__Bacteria;p__Actinomycetota;c__Actinobacteria;o__Propionibacteriales;f__Propionibacteriaceae;g__Brooklawnia;s__	g__Brooklawnia
feb3c308fba1f0432533eac53d1f9904	d__Bacteria;p__Bacillota;c__Negativicutes;o__Veillonellales-Selenomonadales;f__Selenomonadaceae;g__Selenomonas;s__	g__Selenomonas
5653b906d133b80acc0db4586d965ac7	d__Bacteria;p__Fusobacteriota;c__Fusobacteriia;o__Fusobacteriales;f__Leptotrichiaceae;g__Pseudoleptotrichia;s__	g__Pseudoleptotrichia
685e8a35489437fe1019481ae0afc558	d__Bacteria;p__Actinomycetota;c__Actinobacteria;o__Mycobacteriales;f__Corynebacteriaceae;g__Corynebacterium;s__	g__Corynebacterium
c3c1e83702f6e7aa1142a1615336c9e3	d__Bacteria;p__Actinomycetota;c__Actinobacteria;o__Mycobacteriales;f__Corynebacteriaceae;g__Corynebacterium;s__	g__Corynebacterium
2f086fabd8ba0af40a1409f4dbceb522	d__Bacteria;p__Bacteroidota;c__Bacteroidia;o__Flavobacteriales;f__Flavobacteriaceae;g__Capnocytophaga;s__	g__Capnocytophaga
60f9f36e8f2d014b0754a40aae3ceace	d__Bacteria;p__Pseudomonadota;c__Gammaproteobacteria;o__Lysobacterales;f__Lysobacteraceae;g__Stenotrophomonas;s__	g__Stenotrophomonas
130b11d38b5de15fb17f496c0394e6e1	d__Bacteria;p__Bacteroidota;c__Bacteroidia;o__Bacteroidales;f__Porphyromonadaceae;g__Porphyromonas;s__	g__Porphyromonas
1e9cd88f2fb9e2c0ba07d9af2bdd9f2c	d__Bacteria;p__Fusobacteriota;c__Fusobacteriia;o__Fusobacteriales;f__Fusobacteriaceae;g__Fusobacterium;s__	g__Fusobacterium
969e7d50f76cf014f9dc2f0cfed52869	d__Bacteria;p__Pseudomonadota;c__Gammaproteobacteria;o__Enterobacterales;f__Pasteurellaceae;g__Aggregatibacter;s__	g__Aggregatibacter
6f5ea1afe40f5e3416a83a971d42a75c	d__Bacteria;p__Fusobacteriota;c__Fusobacteriia;o__Fusobacteriales;f__Leptotrichiaceae;g__Pseudoleptotrichia;s__	g__Pseudoleptotrichia
184a1bae2bbf895bd625e4e1bf5f4fdd	d__Bacteria;p__Pseudomonadota;c__Gammaproteobacteria;o__Lysobacterales;f__Lysobacteraceae;g__Luteimonas;s__	g__Luteimonas
a97eb6d0a2a8b9553da8835a5319d915	d__Bacteria;p__Bacteroidota;c__Bacteroidia;o__Bacteroidales;f__Porphyromonadaceae;g__Porphyromonas;s__	g__Porphyromonas
6b417b39f34767c53390a496d5935576	d__Bacteria;p__Bacillota;c__Bacilli;o__Staphylococcales;f__Staphylococcaceae;g__Auricoccus-Abyssicoccus;s__	g__Auricoccus-Abyssicoccus
120af34d4b30537553f3b38b9035f2df	d__Bacteria;p__Actinomycetota;c__Actinobacteria;o__Mycobacteriales;f__Mycobacteriaceae;g__Mycobacterium;s__	g__Mycobacterium
1727e3e16aff598f422fe938f507e2c6	d__Bacteria;p__Bacteroidota;c__Bacteroidia;o__Flavobacteriales;f__Flavobacteriaceae;g__Capnocytophaga;s__	g__Capnocytophaga
782cfc7c4ffbb0b6bf36744747e685d7	d__Bacteria;p__Pseudomonadota;c__Gammaproteobacteria;o__Burkholderiales;f__Neisseriaceae;g__Neisseria;s__	g__Neisseria
a70a63ebd16af41cb15cfa427fa64e04	d__Bacteria;p__Bacillota;c__Negativicutes;o__Veillonellales-Selenomonadales;f__Selenomonadaceae;g__Selenomonas;s__	g__Selenomonas
a3172e2cdeccc493047825be08556391	d__Bacteria;p__Fusobacteriota;c__Fusobacteriia;o__Fusobacteriales;f__Leptotrichiaceae;g__Leptotrichia;s__	g__Leptotrichia
57a900d70ba399d5dd95ac5a86346872	d__Bacteria;p__Bacillota;c__Bacilli;o__Lactobacillales;f__Streptococcaceae;g__Streptococcus;s__	g__Streptococcus
328d1510327d9551071e049350820101	d__Bacteria;p__Bacteroidota;c__Bacteroidia;o__Bacteroidales;f__Prevotellaceae;g__Segatella;s__	g__Segatella
b457e4bfb570019d386c13e5b0202977	d__Bacteria;p__Bacillota;c__Bacilli;o__Erysipelotrichales;f__Erysipelotrichaceae;g__Solobacterium;s__	g__Solobacterium
2ea922a7b4f9c18ffb2ffa6b1ed356a0	d__Bacteria;p__Bacillota;c__Bacilli;o__Erysipelotrichales;f__Erysipelatoclostridiaceae;g__Asteroleplasma;s__	g__Asteroleplasma
5f22db128c81e6a039c05901825174a6	d__Bacteria;p__Bdellovibrionota;c__Bacteriovoracia;o__Bacteriovoracales;f__Bacteriovoracaceae;g__Peredibacter;s__	g__Peredibacter
2201e53d7b1728667f91ee2cc199f846	d__Bacteria;p__Bacillota;c__Negativicutes;o__Veillonellales-Selenomonadales;f__Selenomonadaceae;g__Selenomonas;s__	g__Selenomonas
3a25640e00c42fc7d6f46a1ae7bd906c	d__Bacteria;p__Bacteroidota;c__Bacteroidia;o__Cytophagales;f__Hymenobacteraceae;g__Rufibacter;s__	g__Rufibacter
eb0b7e58f385df5bfaf21f2c40617bfc	d__Bacteria;p__Pseudomonadota;c__Gammaproteobacteria;o__Burkholderiales;f__Comamonadaceae;g__Acidovorax;s__	g__Acidovorax
d639ab1089dc73b8efe95a48a6b5446c	d__Bacteria;p__Pseudomonadota;c__Gammaproteobacteria;o__Burkholderiales;f__Comamonadaceae;g__Ideonella;s__	g__Ideonella
66cf026441c30c7101d9f8275b4ee70a	d__Bacteria;p__Bacillota;c__Bacilli;o__Staphylococcales;f__Staphylococcaceae;g__Staphylococcus;s__	g__Staphylococcus
06720310e0b9e1f86bb506516fc5e8b8	d__Bacteria;p__Actinomycetota;c__Actinobacteria;o__Mycobacteriales;f__Corynebacteriaceae;g__Corynebacterium;s__	g__Corynebacterium
e57ac1412ff8a52c63b1a3dcb667d413	d__Bacteria;p__Patescibacteria;c__Saccharimonadia;o__Saccharimonadales;f__Incertae_Sedis;g__Incertae_Sedis;s__	g__Incertae_Sedis
9b77a9b97b46d230c92632524f74589b	d__Bacteria;p__Pseudomonadota;c__Alphaproteobacteria;o__Hyphomicrobiales;f__Rhizobiaceae;g__Neorhizobium;s__	g__Neorhizobium
480f7f87d69bd21b828562c56689915a	d__Bacteria;p__Pseudomonadota;c__Gammaproteobacteria;o__Burkholderiales;f__Oxalobacteraceae;g__Herbaspirillum;s__	g__Herbaspirillum
fd084415683365695d9bb36d176bb83a	d__Bacteria;p__Actinomycetota;c__Actinobacteria;o__Micrococcales;f__Micrococcaceae;g__Rothia;s__	g__Rothia
daf4834f5629d819a9eec09324c7de26	d__Bacteria;p__Bacteroidota;c__Bacteroidia;o__Bacteroidales;f__Prevotellaceae;g__Segatella;s__	g__Segatella
c51072df3951abd0a6f59764bef18b09	d__Bacteria;p__Actinomycetota;c__Actinobacteria;o__Propionibacteriales;f__Propionibacteriaceae;g__Arachnia;s__	g__Arachnia
6edff1919fef1b21195bd07f989d3e39	d__Bacteria;p__Bacillota;c__Clostridia;o__Peptococcales;f__Peptococcaceae;g__Peptococcus;s__	g__Peptococcus
481b26dda5012c8f06091c2188b6120f	d__Bacteria;p__Spirochaetota;c__Spirochaetia;o__Spirochaetales;f__Spirochaetaceae;g__Treponema;s__	g__Treponema
03f7ce4a912cbcabdffed76f405f1d0b	d__Bacteria;p__Spirochaetota;c__Spirochaetia;o__Spirochaetales;f__Spirochaetaceae;g__Treponema;s__	g__Treponema
1066540202018d50ec4b5fbc18189029	d__Bacteria;p__Bacteroidota;c__Bacteroidia;o__Bacteroidales;f__Prevotellaceae;g__Prevotella;s__	g__Prevotella
d9f35f82be53f271a54d3a87ee154bd8	d__Bacteria;p__Bacillota;c__Bacilli;o__RF39;f__Incertae_Sedis;g__Incertae_Sedis;s__	g__Incertae_Sedis
c0ed37ff94239887e7b0125cb738825f	d__Bacteria;p__Bacillota;c__Clostridia;o__Lachnospirales;f__Lachnospiraceae;g__Oribacterium;s__	g__Oribacterium
bf261df7394a58819d4d822d469d2e73	d__Bacteria;p__Bacteroidota;c__Bacteroidia;o__Bacteroidales;f__Prevotellaceae;g__Prevotella;s__	g__Prevotella
8c466762451d42fc54febfa04282bb03	d__Bacteria;p__Bacteroidota;c__Bacteroidia;o__Flavobacteriales;f__Flavobacteriaceae;g__Capnocytophaga;s__	g__Capnocytophaga
d0fbaa66334cd18a6047a7d0c33a86b9	d__Bacteria;p__Actinomycetota;c__Actinobacteria;o__Mycobacteriales;f__Corynebacteriaceae;g__Corynebacterium;s__	g__Corynebacterium
57d36ffac942c65ea6e3a4d4341fe013	d__Bacteria;p__Fusobacteriota;c__Fusobacteriia;o__Fusobacteriales;f__Fusobacteriaceae;g__Fusobacterium;s__	g__Fusobacterium
6dbb7e5e3bac1189b9eb7ee91551ba29	d__Bacteria;p__Bacteroidota;c__Bacteroidia;o__Flavobacteriales;f__Flavobacteriaceae;g__Capnocytophaga;s__	g__Capnocytophaga
60078d16a20f1034462b23ca7fe86880	d__Bacteria;p__Bacillota;c__Negativicutes;o__Veillonellales-Selenomonadales;f__Selenomonadaceae;g__Selenomonas;s__	g__Selenomonas
7fe0e90c8040aa29569bc31c8ec9efe8	d__Bacteria;p__Spirochaetota;c__Spirochaetia;o__Spirochaetales;f__Spirochaetaceae;g__Treponema;s__	g__Treponema
ed1aabb75360a2481fe55f108cd1d47b	d__Bacteria;p__Bacteroidota;c__Bacteroidia;o__Flavobacteriales;f__Weeksellaceae;g__Bergeyella;s__	g__Bergeyella
41387e25336035e76fdb36d0cdd47d00	d__Bacteria;p__Spirochaetota;c__Spirochaetia;o__Spirochaetales;f__Spirochaetaceae;g__Treponema;s__	g__Treponema
9b4fe3bc4324cc61ef3199a299ad2c19	d__Bacteria;p__Fusobacteriota;c__Fusobacteriia;o__Fusobacteriales;f__Leptotrichiaceae;g__Leptotrichia;s__	g__Leptotrichia
19bb5627ff9f54613cc3f4f695480448	d__Bacteria;p__Bacillota;c__Bacilli;o__Staphylococcales;f__Staphylococcaceae;g__Staphylococcus;s__	g__Staphylococcus
411be5d546761e02ef6290a9fa9c3ea6	d__Bacteria;p__Bacteroidota;c__Bacteroidia;o__Flavobacteriales;f__Weeksellaceae;g__Bergeyella;s__	g__Bergeyella
759e94ae1ad1043f37c87da0c51ceda7	d__Bacteria;p__Bacteroidota;c__Bacteroidia;o__Bacteroidales;f__Tannerellaceae;g__Tannerella;s__	g__Tannerella
c624204e4c55fe58534b9cecb5c1159f	d__Bacteria;p__Bacteroidota;c__Bacteroidia;o__Bacteroidales;f__Porphyromonadaceae;g__Porphyromonas;s__	g__Porphyromonas
0afcc81926afb84181f52e26c36c3186	d__Bacteria;p__Pseudomonadota;c__Gammaproteobacteria;o__Burkholderiales;f__Oxalobacteraceae;g__Massilia;s__	g__Massilia
893c92fe9ffe841c83f91f2085ed4244	d__Bacteria;p__Actinomycetota;c__Actinobacteria;o__Actinomycetales;f__Actinomycetaceae;g__Actinomyces;s__	g__Actinomyces
44956e81e8772fd3d6e4cb68db103832	d__Bacteria;p__Actinomycetota;c__Coriobacteriia;o__Coriobacteriales;f__Coriobacteriaceae;g__Collinsella;s__	g__Collinsella
7aa0d219a75eade46c121de62a3c315e	d__Bacteria;p__Bacteroidota;c__Bacteroidia;o__Bacteroidales;f__Bacteroidaceae;g__Bacteroides;s__	g__Bacteroides
045b93c48ed46761594a9d4f2415cabe	d__Bacteria;p__Bacteroidota;c__Bacteroidia;o__Bacteroidales;f__Prevotellaceae;g__Segatella;s__	g__Segatella
23667a7150f5bd8fa566f6586215b5dd	d__Bacteria;p__Bacillota;c__Clostridia;o__Peptostreptococcales-Tissierellales;f__Family_XI;g__Peptoniphilus;s__	g__Peptoniphilus
86f24cf3423bc702cd917727c11a0dc8	d__Bacteria;p__Bacteroidota;c__Bacteroidia;o__Chitinophagales;f__Chitinophagaceae;g__Ferruginibacter;s__	g__Ferruginibacter
b2245f461c091411d803485e79f3b392	d__Bacteria;p__Campylobacterota;c__Campylobacteria;o__Campylobacterales;f__Campylobacteraceae;g__Campylobacter;s__	g__Campylobacter
e9d4fe9cb53f14130fcbe872d892f6a5	d__Bacteria;p__Bacillota;c__Negativicutes;o__Veillonellales-Selenomonadales;f__Selenomonadaceae;g__Selenomonas;s__	g__Selenomonas
9e4a8c767742131e27a479501b480f78	d__Bacteria;p__Bacteroidota;c__Bacteroidia;o__Bacteroidales;f__Prevotellaceae;g__Segatella;s__	g__Segatella
c5ad97b6501658fbc030e5aa39eace29	d__Bacteria;p__Pseudomonadota;c__Gammaproteobacteria;o__Burkholderiales;f__Comamonadaceae;g__Aquabacterium;s__	g__Aquabacterium
e6f783d0b8a8009727848f0d8f7ad55b	d__Bacteria;p__Pseudomonadota;c__Gammaproteobacteria;o__Enterobacterales;f__Alteromonadaceae;g__Rheinheimera;s__	g__Rheinheimera
625e2c5e55332808390b4a2caf511d5c	d__Bacteria;p__Pseudomonadota;c__Gammaproteobacteria;o__Burkholderiales;f__Oxalobacteraceae	Unclassified
88287b694a78fe92977ad916cafea32a	d__Bacteria;p__Pseudomonadota;c__Gammaproteobacteria;o__Enterobacterales;f__Pasteurellaceae	Unclassified
8278ea0303031632b187de34cd20b2f5	d__Bacteria;p__Bacteroidota;c__Bacteroidia;o__Flavobacteriales;f__Weeksellaceae	Unclassified
de0c0c9958df0f5b55710a0cb3c34243	d__Bacteria;p__Pseudomonadota;c__Alphaproteobacteria;o__Sphingomonadales;f__Sphingomonadaceae;g__Novosphingobium;s__	g__Novosphingobium
f802170ef529a235aa00cfeaa68c56fd	d__Bacteria;p__Bacteroidota;c__Bacteroidia;o__Bacteroidales;f__Porphyromonadaceae;g__Porphyromonas;s__	g__Porphyromonas
16af97c9cd594e26b3f7685345fc8cd3	d__Bacteria;p__Bacillota;c__Clostridia;o__Oscillospirales;f__Oscillospiraceae;g__UCG-005;s__	g__UCG-005
f4a1e90c01fb9247d1b48c9405e74a4a	d__Bacteria;p__Spirochaetota;c__Spirochaetia;o__Spirochaetales;f__Spirochaetaceae;g__Sphaerochaeta;s__	g__Sphaerochaeta
eaf31be359903d9e5be2f9b280674b81	d__Bacteria;p__Bacillota;c__Clostridia;o__Peptostreptococcales-Tissierellales;f__Anaerovoracaceae;g__[Eubacterium]_sulci_group;s__	g__[Eubacterium]_sulci_group
8db599f3444a4485bcc1574794b7ff01	d__Bacteria;p__Actinomycetota;c__Actinobacteria;o__Micrococcales;f__Sanguibacteraceae;g__Flavimobilis;s__	g__Flavimobilis
b26aca7e3d1d5c2900a49a639d70324b	d__Bacteria;p__Pseudomonadota;c__Gammaproteobacteria;o__Lysobacterales;f__Lysobacteraceae;g__Luteimonas;s__	g__Luteimonas
3299ad28019d1d0a842f87fa02e6cbe1	d__Bacteria;p__Bacteroidota;c__Bacteroidia;o__Flavobacteriales;f__Flavobacteriaceae;g__Capnocytophaga;s__	g__Capnocytophaga
0d208302f1748101af4b7cbb931dae4b	d__Bacteria;p__Bacillota;c__Negativicutes;o__Veillonellales-Selenomonadales;f__Selenomonadaceae;g__Megamonas;s__	g__Megamonas
ee3c4ec34cdabc28e65679b73c9f2f99	d__Bacteria;p__Bacteroidota;c__Bacteroidia;o__Bacteroidales;f__Porphyromonadaceae;g__Porphyromonas;s__	g__Porphyromonas
3d8a71cd705dbb16c9ee5ce357687726	d__Bacteria;p__Bacteroidota;c__Bacteroidia;o__Bacteroidales;f__Bacteroidaceae;g__Bacteroides;s__	g__Bacteroides
03046474608fb0b1f80f0ffd9306bf03	d__Bacteria;p__Actinomycetota;c__Actinobacteria;o__Micrococcales;f__Intrasporangiaceae;g__Knoellia;s__	g__Knoellia
bd88938601e3627629ed2d4ea3d9ab8b	d__Bacteria;p__Bacillota;c__Clostridia;o__Lachnospirales;f__Lachnospiraceae;g__Blautia;s__	g__Blautia
d772d4744e34c11107f7dfc1e87074cc	d__Bacteria;p__Pseudomonadota;c__Gammaproteobacteria;o__Enterobacterales;f__Morganellaceae;g__Proteus;s__	g__Proteus
e94a9da4bdf2d1d6fd8b6216ea53a5ab	d__Bacteria;p__Bacillota;c__Bacilli;o__Lactobacillales;f__Lactobacillaceae;g__Limosilactobacillus;s__	g__Limosilactobacillus
6275d115f56b338f6c09165c5514595a	d__Bacteria;p__Bacteroidota;c__Bacteroidia;o__Bacteroidales;f__Muribaculaceae;g__Incertae_Sedis;s__	g__Incertae_Sedis
eb838d88412baafa95ece449befab8e1	d__Bacteria;p__Bacillota;c__Negativicutes;o__Veillonellales-Selenomonadales;f__Selenomonadaceae;g__Selenomonas;s__	g__Selenomonas
a566fb020d1f1f15f1a5cbedbf7104c6	d__Bacteria;p__Fusobacteriota;c__Fusobacteriia;o__Fusobacteriales;f__Leptotrichiaceae;g__Incertae_Sedis;s__	g__Incertae_Sedis
0de224c85b6c2e8b3be763858aee1ac6	d__Bacteria;p__Bacillota;c__Bacilli;o__Lactobacillales;f__Streptococcaceae;g__Streptococcus;s__	g__Streptococcus
ddb2107dd73f556380694c2db79697e5	d__Bacteria;p__Bacteroidota;c__Bacteroidia;o__Bacteroidales;f__Porphyromonadaceae;g__Porphyromonas;s__	g__Porphyromonas
e3e00f12e89ce6992419d7fb11a3299e	d__Bacteria;p__Pseudomonadota;c__Gammaproteobacteria;o__Enterobacterales;f__Pasteurellaceae;g__Aggregatibacter;s__	g__Aggregatibacter
16e1d9dade6c0443fc73246163bff500	d__Bacteria;p__Actinomycetota;c__Actinobacteria;o__Mycobacteriales;f__Mycobacteriaceae;g__Mycobacterium;s__	g__Mycobacterium
1b06977f86838754daab2335361109ea	d__Bacteria;p__Bacteroidota;c__Bacteroidia;o__Flavobacteriales;f__Weeksellaceae;g__Bergeyella;s__	g__Bergeyella
b85380fdfabd06b00cf66160582d6fb2	d__Bacteria;p__Bacillota;c__Bacilli;o__Bacillales;f__Bacillaceae;g__Bacillus;s__	g__Bacillus
ebf274a7103e4b48296599ab9f6157c9	d__Bacteria;p__Bacteroidota;c__Bacteroidia;o__Bacteroidales;f__Prevotellaceae;g__Hoylesella;s__	g__Hoylesella
be98d8ff969d6a63f02a1689d8b0ba87	d__Bacteria;p__Bacillota;c__Bacilli;o__Lactobacillales;f__Lactobacillaceae;g__Lacticaseibacillus;s__	g__Lacticaseibacillus
af7bfb953bce3f76d0a195830d2551eb	d__Bacteria;p__Bacillota;c__Bacilli;o__Bacillales;f__Bacillaceae;g__Bacillus;s__	g__Bacillus
ea35529609267fb32e983444c43da035	d__Bacteria;p__Fusobacteriota;c__Fusobacteriia;o__Fusobacteriales;f__Leptotrichiaceae;g__Incertae_Sedis;s__	g__Incertae_Sedis
297e3887d700834eb34f3a2867d2a37a	d__Bacteria;p__Actinomycetota;c__Actinobacteria;o__Bifidobacteriales;f__Bifidobacteriaceae;g__Gardnerella;s__	g__Gardnerella
3bcaef1dc6af13b3337469876e006544	d__Bacteria;p__Bacteroidota;c__Bacteroidia;o__Bacteroidales;f__Prevotellaceae;g__Hoylesella;s__	g__Hoylesella
c9eb0438fff819390d296676cf62efee	d__Bacteria;p__Actinomycetota;c__Actinobacteria;o__Propionibacteriales;f__Nocardioidaceae;g__Nocardioides;s__	g__Nocardioides
18bb604fa35310b8db58db415cb04d79	d__Bacteria;p__Bacillota;c__Negativicutes;o__Veillonellales-Selenomonadales;f__Veillonellaceae;g__Dialister;s__	g__Dialister
a2eb6586bcb7f8f7519b17baa9a629f1	d__Bacteria;p__Pseudomonadota;c__Gammaproteobacteria;o__Enterobacterales;f__Pasteurellaceae;g__Haemophilus;s__	g__Haemophilus
89b569bdd9abf58b89c4f814a7f67f5d	d__Bacteria;p__Bacillota;c__Clostridia;o__Peptostreptococcales-Tissierellales;f__Family_XI;g__Fenollaria;s__	g__Fenollaria
e816f9118710fd7fa715afaa0ecec75c	d__Bacteria;p__Pseudomonadota;c__Gammaproteobacteria;o__Enterobacterales;f__Enterobacteriaceae;g__Escherichia-Shigella;s__	g__Escherichia-Shigella
76cc8278f7aac35d52a175ac1159465f	d__Bacteria;p__Actinomycetota;c__Actinobacteria;o__Actinomycetales;f__Actinomycetaceae;g__Schaalia;s__	g__Schaalia
ad72e7e1ef8c45947388a814fed51afc	d__Bacteria;p__Actinomycetota;c__Actinobacteria;o__Bifidobacteriales;f__Bifidobacteriaceae;g__Bifidobacterium;s__	g__Bifidobacterium
128724344ededdf52a13bc04a356fc26	d__Bacteria;p__Fusobacteriota;c__Fusobacteriia;o__Fusobacteriales;f__Leptotrichiaceae;g__Leptotrichia;s__	g__Leptotrichia
7ec799856343858768b6dcabe46d5685	d__Bacteria;p__Synergistota;c__Synergistia;o__Synergistales;f__Synergistaceae;g__Fretibacterium;s__	g__Fretibacterium
40251791365e2d4858106b72a2f3b3a5	d__Bacteria;p__Pseudomonadota;c__Alphaproteobacteria;o__Caulobacterales;f__Caulobacteraceae;g__Brevundimonas;s__	g__Brevundimonas
c42f4b350e3e782389cd0f8f048213d0	d__Bacteria;p__Bacteroidota;c__Bacteroidia;o__Chitinophagales;f__Chitinophagaceae;g__Haoranjiania;s__	g__Haoranjiania
bcae8f7d2c42acfe3559c665f68f6320	d__Bacteria;p__Pseudomonadota;c__Gammaproteobacteria;o__Pseudomonadales;f__Moraxellaceae;g__Acinetobacter;s__	g__Acinetobacter
64dfd07cdd1093f40732fda867227145	d__Bacteria;p__Bacteroidota;c__Bacteroidia;o__Bacteroidales;f__Prevotellaceae;g__Segatella;s__	g__Segatella
4f2489fb5a8a8322484320f0d053fada	d__Bacteria;p__Bacteroidota;c__Bacteroidia;o__Bacteroidales;f__Prevotellaceae;g__Prevotella;s__	g__Prevotella
3eb35a038dfdcb7236ddd8fd7efacb59	d__Bacteria;p__Bacteroidota;c__Bacteroidia;o__Bacteroidales;f__Prevotellaceae;g__Prevotella;s__	g__Prevotella
f45c6bc15a2625bc842c2023d8679530	d__Bacteria;p__Bacteroidota;c__Bacteroidia;o__Bacteroidales;f__Prevotellaceae;g__Segatella;s__	g__Segatella
ea879cb27d44733139e2d7f9d32073ec	d__Bacteria;p__Bacillota;c__Bacilli;o__Izemoplasmatales;f__Incertae_Sedis;g__Incertae_Sedis;s__	g__Incertae_Sedis
2aa648257012291fbffaf81074011e05	d__Bacteria;p__Actinomycetota;c__Actinobacteria;o__Micrococcales;f__Micrococcaceae;g__Micrococcus;s__	g__Micrococcus
a2f82b297cfe957780fe721c58c1202c	d__Bacteria;p__Pseudomonadota;c__Gammaproteobacteria;o__Burkholderiales;f__Neisseriaceae;g__Neisseria;s__	g__Neisseria
10aff5360c605c542073a3430c3efe05	d__Bacteria;p__Bacillota;c__Clostridia;o__Lachnospirales;f__Lachnospiraceae;g__Incertae_Sedis;s__	g__Incertae_Sedis
e7e2329c9744e092465cbcfc30085ee4	d__Bacteria;p__Bacillota;c__Clostridia;o__Oscillospirales;f__Oscillospiraceae;g__Fastidiosipila;s__	g__Fastidiosipila
41b446110b451bac51afd59ba2e08fa2	d__Bacteria;p__Bacillota;c__Negativicutes;o__Veillonellales-Selenomonadales;f__Selenomonadaceae;g__Selenomonas;s__	g__Selenomonas
55b14fb229c7b21b5cadf65bb2f6fd65	d__Bacteria;p__Bacteroidota;c__Bacteroidia;o__Bacteroidales;f__Porphyromonadaceae;g__Porphyromonas;s__	g__Porphyromonas
532cd13885512f1d795e17ccb5edfedc	d__Bacteria;p__Bacteroidota;c__Bacteroidia;o__Bacteroidales;f__Rikenellaceae;g__Rikenellaceae_RC9_gut_group;s__	g__Rikenellaceae_RC9_gut_group
ff7d4794875d736b658d5ac4cee496ea	d__Bacteria;p__Fusobacteriota;c__Fusobacteriia;o__Fusobacteriales;f__Leptotrichiaceae;g__Pseudoleptotrichia;s__	g__Pseudoleptotrichia
acc90d7aef8e70a434972453b6a47366	d__Bacteria;p__Actinomycetota;c__Actinobacteria;o__Propionibacteriales;f__Propionibacteriaceae;g__Cutibacterium;s__	g__Cutibacterium
629987ac59f780241f687b4bd41cde76	d__Bacteria;p__Bacteroidota;c__Bacteroidia;o__Flavobacteriales;f__Flavobacteriaceae;g__Capnocytophaga;s__	g__Capnocytophaga
e1da35112e3348b8cc3d7a0024bb16c2	d__Bacteria;p__Pseudomonadota;c__Alphaproteobacteria;o__Sphingomonadales;f__Sphingomonadaceae;g__Croceibacterium;s__	g__Croceibacterium
f7a35f6145d2a617fb9ca0a2f6813ef1	d__Bacteria;p__Bacteroidota;c__Bacteroidia;o__Flavobacteriales;f__Flavobacteriaceae;g__Capnocytophaga;s__	g__Capnocytophaga
9b597e2a8d124546135e67bb53537214	d__Bacteria;p__Actinomycetota;c__Actinobacteria;o__Micrococcales;f__Jonesiaceae;g__Jonesia;s__	g__Jonesia
d54ff33541f25511292c8b9d8d961b6a	d__Bacteria;p__Pseudomonadota;c__Gammaproteobacteria;o__Burkholderiales;f__Comamonadaceae;g__Azohydromonas;s__	g__Azohydromonas
10e2dafb6e846d53cd5f75cc1ad7f0b5	d__Bacteria;p__Pseudomonadota;c__Gammaproteobacteria;o__Burkholderiales;f__Oxalobacteraceae;g__Massilia;s__	g__Massilia
8f21d2621268da835af5c1b5e4836294	d__Bacteria;p__Pseudomonadota;c__Gammaproteobacteria;o__Burkholderiales;f__Neisseriaceae;g__Neisseria;s__	g__Neisseria
f0e64d0edd73cd04fb3b499d4ffece34	d__Bacteria;p__Bacillota;c__Bacilli;o__Lactobacillales;f__Streptococcaceae;g__Streptococcus;s__	g__Streptococcus
f9204699ddd72a15e35fc60005ab3d39	d__Bacteria;p__Bacteroidota;c__Bacteroidia;o__Bacteroidales;f__Tannerellaceae;g__Tannerella;s__	g__Tannerella
34f6a9f2891692941ec6fdb0095c4012	d__Bacteria;p__Bacillota;c__Clostridia;o__Oscillospirales;f__[Eubacterium]_coprostanoligenes_group;g__Incertae_Sedis;s__	g__Incertae_Sedis
df0413453fd47ff2d6eea2988a837777	d__Bacteria;p__Fusobacteriota;c__Fusobacteriia;o__Fusobacteriales;f__Fusobacteriaceae;g__Fusobacterium;s__	g__Fusobacterium
00fa7581996fc961f7768d2dfac7d135	d__Bacteria;p__Bacillota;c__Bacilli;o__Izemoplasmatales;f__Incertae_Sedis;g__Incertae_Sedis;s__	g__Incertae_Sedis
5cb4d35270de06ec4e5aca4926cbd016	d__Bacteria;p__Bacteroidota;c__Bacteroidia;o__Flavobacteriales;f__Flavobacteriaceae;g__Capnocytophaga;s__	g__Capnocytophaga
5727d3487e755c7535a608fe7c7c2627	d__Bacteria;p__Bacillota;c__Bacilli;o__Exiguobacterales;f__Exiguobacteraceae;g__Exiguobacterium;s__	g__Exiguobacterium
f1835c668f63050e668d324851b42ec9	d__Bacteria;p__Pseudomonadota;c__Gammaproteobacteria;o__Burkholderiales;f__Oxalobacteraceae;g__Massilia;s__	g__Massilia
94e643b290242e8e334396576728c0bc	d__Bacteria;p__Bacillota;c__Clostridia;o__Clostridiales;f__Clostridiaceae;g__Proteiniclasticum;s__	g__Proteiniclasticum
1f7534a697f4d6f5386f5b30912e5dd8	d__Bacteria;p__Bacteroidota;c__Bacteroidia;o__Bacteroidales;f__Prevotellaceae;g__Hoylesella;s__	g__Hoylesella
679f50804a3ef76c3a864358d16449fa	d__Bacteria;p__Actinomycetota;c__Coriobacteriia;o__Coriobacteriales;f__Coriobacteriaceae;g__Collinsella;s__	g__Collinsella
c029424be5c46edf52dd1a0e08944619	d__Bacteria;p__Pseudomonadota;c__Alphaproteobacteria;o__Hyphomicrobiales;f__Beijerinckiaceae;g__Methylobacterium;s__	g__Methylobacterium
0dc8ae551d15cb46a0d8bd67bbea5c5e	d__Bacteria;p__Pseudomonadota;c__Gammaproteobacteria;o__Enterobacterales;f__Succinivibrionaceae;g__Succinivibrio;s__	g__Succinivibrio
f74e649e59df0451068808d46ee4b96e	d__Bacteria;p__Actinomycetota;c__Actinobacteria;o__Mycobacteriales;f__Dietziaceae;g__Dietzia;s__	g__Dietzia
9edbe09048e4137d89eb3f2063ddaf6e	d__Bacteria;p__Bacillota;c__Clostridia;o__Lachnospirales;f__Lachnospiraceae;g__Stomatobaculum;s__	g__Stomatobaculum
59e1ddacb7ac45da6fb86818833133e5	d__Bacteria;p__Bacteroidota;c__Bacteroidia;o__Bacteroidales;f__Prevotellaceae;g__Incertae_Sedis;s__	g__Incertae_Sedis
3dc0d7bc4796e87d9d3bacb7d048a48a	d__Bacteria;p__Bacteroidota;c__Bacteroidia;o__Bacteroidales;f__Prevotellaceae;g__Segatella;s__	g__Segatella
42d43b72da5332e50e2815b75bf1bd37	d__Bacteria;p__Actinomycetota;c__Actinobacteria;o__Actinomycetales;f__Actinomycetaceae;g__Actinomyces;s__	g__Actinomyces
3d9ca9d5181ea0b723572d1a7a1c65f4	d__Bacteria;p__Patescibacteria;c__Saccharimonadia;o__Saccharimonadales;f__Saccharimonadaceae;g__TM7x;s__	g__TM7x
9defd8fd295bc0c76fcb3ac9668a3c6e	d__Bacteria;p__Bacillota;c__Clostridia;o__Clostridiales;f__Clostridiaceae;g__Clostridium;s__	g__Clostridium
c61333829b7ab8ee4b765e27ba4fc3b4	d__Bacteria;p__Bacillota;c__Bacilli;o__Bacillales;f__Bacillaceae;g__Bacillus;s__	g__Bacillus
15ce01a067a205c4b3865e74d7953ae0	d__Bacteria;p__Pseudomonadota;c__Alphaproteobacteria;o__Sphingomonadales;f__Sphingomonadaceae;g__Sphingobium;s__	g__Sphingobium
afb92a5fc9ff7cb02ad1465939416d24	d__Bacteria;p__Bacillota;c__Negativicutes;o__Veillonellales-Selenomonadales;f__Selenomonadaceae;g__Selenomonas;s__	g__Selenomonas
6d4ad415efb5ead1d0101ba5dab36421	d__Bacteria;p__Bacteroidota;c__Bacteroidia;o__Bacteroidales;f__Prevotellaceae;g__Segatella;s__	g__Segatella
444ac143940865ba0e0c1fec89e2d24e	d__Bacteria;p__Pseudomonadota;c__Gammaproteobacteria;o__Burkholderiales;f__Comamonadaceae;g__Ottowia;s__	g__Ottowia
d9a496f2d3114213d8d4c17e9f518d0a	d__Bacteria;p__Bacteroidota;c__Bacteroidia;o__Bacteroidales;f__Porphyromonadaceae;g__Porphyromonas;s__	g__Porphyromonas
5654270a66aa26404af594d1cb9e787c	d__Bacteria;p__Actinomycetota;c__Actinobacteria;o__Mycobacteriales;f__Corynebacteriaceae;g__Corynebacterium;s__	g__Corynebacterium
00f0d056c9337b248915731751506e5f	d__Bacteria;p__Pseudomonadota;c__Gammaproteobacteria;o__Enterobacterales;f__Yersiniaceae;g__Serratia;s__	g__Serratia
e93fbed67c40f0021099c419451b8d1d	d__Bacteria;p__Bacillota;c__Clostridia;o__Lachnospirales;f__Lachnospiraceae;g__Lachnoanaerobaculum;s__	g__Lachnoanaerobaculum
13fd9f3a611eea19e482c8df8bff0bd1	d__Bacteria;p__Bacteroidota;c__Bacteroidia;o__Bacteroidales;f__Porphyromonadaceae;g__Porphyromonas;s__	g__Porphyromonas
f38a3f750746ff449c55b72b802cda32	d__Bacteria;p__Bacillota;c__Clostridia;o__Lachnospirales;f__Lachnospiraceae;g__Catonella;s__	g__Catonella
f6e9f73ede39eb66ca59ec6e0b05cd24	d__Bacteria;p__Bacillota;c__Negativicutes;o__Veillonellales-Selenomonadales;f__Selenomonadaceae;g__Selenomonas;s__	g__Selenomonas
6c7ff381536517c0fa8c4900ecc58393	d__Bacteria;p__Spirochaetota;c__Spirochaetia;o__Spirochaetales;f__Spirochaetaceae;g__Treponema;s__	g__Treponema
6c7e8c4a098b635db6c42a4ae1c81989	d__Bacteria;p__Bacteroidota;c__Bacteroidia;o__Flavobacteriales;f__Flavobacteriaceae;g__Capnocytophaga;s__	g__Capnocytophaga
3da2d24652f35a2e36213a18bd402ef2	d__Bacteria;p__Bacteroidota;c__Bacteroidia;o__Sphingobacteriales;f__Lentimicrobiaceae;g__Lentimicrobium;s__	g__Lentimicrobium
5f149649979a3ca8ccd93a901072341f	d__Bacteria;p__Bacteroidota;c__Bacteroidia;o__Bacteroidales;f__Bacteroidaceae;g__Bacteroides;s__	g__Bacteroides
4b835b25bb2c03c3e5370ec6105347dd	d__Bacteria;p__Bacteroidota;c__Bacteroidia;o__Bacteroidales;f__Porphyromonadaceae;g__Porphyromonas;s__	g__Porphyromonas
ff17b46437971a5b9fcdf32568a65895	d__Bacteria;p__Bacillota;c__Clostridia;o__Christensenellales;f__Christensenellaceae;g__Christensenellaceae_R-7_group;s__	g__Christensenellaceae_R-7_group
894a710295d915ad3a9987209f39e053	d__Bacteria;p__Spirochaetota;c__Spirochaetia;o__Spirochaetales;f__Spirochaetaceae;g__Treponema;s__	g__Treponema
ec7a1dbeeb365da88d1ca39c7d0fe8b7	d__Bacteria;p__Bacillota;c__Bacilli;o__Staphylococcales;f__Gemellaceae;g__Gemella;s__	g__Gemella
3b5edbfff925bae4f5fbe10d6ef7bb7a	d__Bacteria;p__Bacteroidota;c__Bacteroidia;o__Bacteroidales;f__Prevotellaceae;g__Segatella;s__	g__Segatella
038688fc222efef91f166714c343a289	d__Bacteria;p__Bacteroidota;c__Bacteroidia;o__Bacteroidales;f__Prevotellaceae;g__Alloprevotella;s__	g__Alloprevotella
f73815557379b05efcc5e8383ef5a83a	d__Bacteria;p__Bacillota;c__Clostridia;o__Lachnospirales;f__Lachnospiraceae;g__Oribacterium;s__	g__Oribacterium
dbdda1cef8e135520fdc07d6e821a94b	d__Bacteria;p__Bacteroidota;c__Bacteroidia;o__Bacteroidales;f__Prevotellaceae;g__Hoylesella;s__	g__Hoylesella
232351b7d3c1a2a252db19d63bcdf3db	d__Bacteria;p__Pseudomonadota;c__Gammaproteobacteria;o__Pseudomonadales;f__Pseudomonadaceae;g__Pseudomonas;s__	g__Pseudomonas
f7ae428887a73fa8043cf67702a6c62e	d__Bacteria;p__Actinomycetota;c__Actinobacteria;o__Actinomycetales;f__Actinomycetaceae;g__Schaalia;s__	g__Schaalia
44ca626a98173ccc40383c493a21f50b	d__Bacteria;p__Bacteroidota;c__Bacteroidia;o__Bacteroidales;f__Bacteroidaceae;g__Bacteroides;s__	g__Bacteroides
51f79feff826bc2017ea6700b269e0dd	d__Bacteria;p__Fusobacteriota;c__Fusobacteriia;o__Fusobacteriales;f__Leptotrichiaceae;g__Pseudoleptotrichia;s__	g__Pseudoleptotrichia
8d64e9eaf471572e04438c60bf4c8dbe	d__Bacteria;p__Bacteroidota;c__Bacteroidia;o__Flavobacteriales;f__Weeksellaceae;g__Cloacibacterium;s__	g__Cloacibacterium
8764d94f1961bbb5bc515cb73d51db1d	d__Bacteria;p__Pseudomonadota;c__Gammaproteobacteria;o__Burkholderiales;f__Comamonadaceae;g__Incertae_Sedis;s__	g__Incertae_Sedis
8a6ba3484512468525aa707d5074e052	d__Bacteria;p__Bacillota;c__Clostridia;o__Lachnospirales;f__Lachnospiraceae;g__Lachnospiraceae_UCG-008;s__	g__Lachnospiraceae_UCG-008
8071df29c6830d481df2a435ba4c8764	d__Bacteria;p__Bacteroidota;c__Bacteroidia;o__Bacteroidales;f__Bacteroidaceae;g__Bacteroides;s__	g__Bacteroides
60f5ffefa9075cad5a9476bcbd739330	d__Bacteria;p__Bacillota;c__Bacilli;o__Bacillales;f__Bacillaceae;g__Anoxybacillus;s__	g__Anoxybacillus
7cdf7d14ab155f281d0a253bb6ebbfa4	d__Bacteria;p__Bacteroidota;c__Bacteroidia;o__Flavobacteriales;f__Flavobacteriaceae;g__Capnocytophaga;s__	g__Capnocytophaga
9f17ce880689d42a56ce34c01cabfe67	d__Bacteria;p__Bacteroidota;c__Bacteroidia;o__Bacteroidales;f__Tannerellaceae;g__Parabacteroides;s__	g__Parabacteroides
dff4d2daa5ec92dfb74cc4a91c01fe22	d__Bacteria;p__Bacillota;c__Bacilli;o__Lactobacillales;f__P5D1-392;g__Incertae_Sedis;s__	g__Incertae_Sedis
0613fb5931e3212c28a8faba7aa9ddef	d__Bacteria;p__Bacillota;c__Negativicutes;o__Veillonellales-Selenomonadales;f__Selenomonadaceae;g__Selenomonas;s__	g__Selenomonas
328e14085c650e96e870aebf71ee9bda	d__Bacteria;p__Pseudomonadota;c__Alphaproteobacteria;o__Sphingomonadales;f__Sphingomonadaceae;g__Novosphingobium;s__	g__Novosphingobium
2d23aba1f62ef0f036101f2c5af48ef5	d__Bacteria;p__Pseudomonadota;c__Gammaproteobacteria;o__Burkholderiales;f__Neisseriaceae;g__Neisseria;s__	g__Neisseria
fa77d9693e5d34c0864bc67a85287ed0	d__Bacteria;p__Bacillota;c__Bacilli;o__Lactobacillales;f__Streptococcaceae;g__Streptococcus;s__	g__Streptococcus
4a5b34018cda04b4533c284c4375176d	d__Bacteria;p__Actinomycetota;c__Actinobacteria;o__Micrococcales;f__Microbacteriaceae;g__Microbacterium;s__	g__Microbacterium
570313ca5a0e7125818240fc3c3d0c53	d__Bacteria;p__Bacillota;c__Bacilli;o__Lactobacillales;f__Streptococcaceae;g__Streptococcus;s__	g__Streptococcus
4cf4cbf3b049516421306ebbcce29227	d__Bacteria;p__Bacillota;c__Clostridia;o__Lachnospirales;f__Lachnospiraceae;g__Stomatobaculum;s__	g__Stomatobaculum
1d303a92737ab75d22279ae7881a2880	d__Bacteria;p__Fusobacteriota;c__Fusobacteriia;o__Fusobacteriales;f__Leptotrichiaceae;g__Pseudoleptotrichia;s__	g__Pseudoleptotrichia
1d4ea4b0ecabbefd361c08f7291c1b7e	d__Bacteria;p__Bacillota;c__Clostridia;o__Lachnospirales;f__Lachnospiraceae;g__Blautia;s__	g__Blautia
5566e29d8d3654636165a5331ece5aa8	d__Bacteria;p__Bacteroidota;c__Bacteroidia;o__Flavobacteriales;f__Flavobacteriaceae;g__Capnocytophaga;s__	g__Capnocytophaga
e53680a2ed7fc63e79a84787619d2969	d__Bacteria;p__Spirochaetota;c__Spirochaetia;o__Spirochaetales;f__Spirochaetaceae;g__Treponema;s__	g__Treponema
5b2c57efcf6bc54d11eb433ac69b080a	d__Bacteria;p__Pseudomonadota;c__Gammaproteobacteria;o__Burkholderiales;f__Alcaligenaceae;g__Verticiella;s__	g__Verticiella
46145b67fb6f58eef2733f1edca1136a	d__Bacteria;p__Bacteroidota;c__Bacteroidia;o__Bacteroidales;f__Prevotellaceae;g__Segatella;s__	g__Segatella
e7c61199a79e39b3cb86b5a362af48c0	d__Bacteria;p__Pseudomonadota;c__Gammaproteobacteria;o__Burkholderiales;f__Neisseriaceae;g__Neisseria;s__	g__Neisseria
db147b1407dc1ddf35bb1bc42fa4e858	d__Bacteria;p__Pseudomonadota;c__Gammaproteobacteria;o__Burkholderiales;f__Comamonadaceae;g__Hydrogenophaga;s__	g__Hydrogenophaga
3206d58a07fe7723351935db20027422	d__Bacteria;p__Actinomycetota;c__Actinobacteria;o__Bifidobacteriales;f__Bifidobacteriaceae;g__Bifidobacterium;s__	g__Bifidobacterium
7bd8f6b62de6c4f49510f045aa92c32e	d__Bacteria;p__Actinomycetota;c__Actinobacteria;o__Propionibacteriales;f__Nocardioidaceae;g__Nocardioides;s__	g__Nocardioides
0f6b6470497b569584cfba25c809472f	d__Bacteria;p__Fusobacteriota;c__Fusobacteriia;o__Fusobacteriales;f__Leptotrichiaceae;g__Leptotrichia;s__	g__Leptotrichia
dbeb3377a92d53a88f16aa890edf5cf6	d__Bacteria;p__Spirochaetota;c__Spirochaetia;o__Spirochaetales;f__Spirochaetaceae;g__Treponema;s__	g__Treponema
f4b58400292775083dd2dd872b48725d	d__Bacteria;p__Bacteroidota;c__Bacteroidia;o__Bacteroidales;f__Prevotellaceae;g__Hoylesella;s__	g__Hoylesella
02095cf55000dc8dc3746b8602f8e85e	d__Bacteria;p__Bacillota;c__Clostridia;o__Clostridia_UCG-014;f__Incertae_Sedis;g__Incertae_Sedis;s__	g__Incertae_Sedis
72647e7471fc484fac1eac01f8e2faca	d__Bacteria;p__Bacteroidota;c__Bacteroidia;o__Flavobacteriales;f__Flavobacteriaceae;g__Capnocytophaga;s__	g__Capnocytophaga
c75e27194e385ba1a54f9e9ee4b8a1ba	d__Bacteria;p__Pseudomonadota;c__Gammaproteobacteria;o__Enterobacterales;f__Yersiniaceae;g__Serratia;s__	g__Serratia
24ab80962a332c92a7c5b12581f3988c	d__Bacteria;p__Fusobacteriota;c__Fusobacteriia;o__Fusobacteriales;f__Leptotrichiaceae;g__Leptotrichia;s__	g__Leptotrichia
082305e57431fa11246544f0cbc57a32	d__Bacteria;p__Bacillota;c__Bacilli;o__Paenibacillales;f__Paenibacillaceae;g__Paenibacillus;s__	g__Paenibacillus
0a41e238e425c2d8746295c5fb9dc3f6	d__Bacteria;p__Bacteroidota;c__Bacteroidia;o__Sphingobacteriales;f__Lentimicrobiaceae;g__Lentimicrobium;s__	g__Lentimicrobium
49e3b458804811d3055a460108156ec4	d__Bacteria;p__Bacillota;c__Clostridia;o__Peptostreptococcales-Tissierellales;f__Family_XI;g__Incertae_Sedis;s__	g__Incertae_Sedis
213dcc60e19a76fde01dc10b71bae718	d__Bacteria;p__Bacteroidota;c__Bacteroidia;o__Sphingobacteriales;f__Lentimicrobiaceae;g__Lentimicrobium;s__	g__Lentimicrobium
1464b431f62ab4d19181b7d9e6139689	d__Bacteria;p__Bacteroidota;c__Bacteroidia;o__Bacteroidales;f__Bacteroidaceae;g__Bacteroides;s__	g__Bacteroides
5fa61c36ed5d87c392c7c4690e1100a5	d__Bacteria;p__Chloroflexota;c__Anaerolineae;o__Anaerolineales;f__Anaerolineaceae;g__Flexilinea;s__	g__Flexilinea
136628d7840651c5aebbc2ebff58b691	d__Bacteria;p__Bacillota;c__Clostridia;o__Peptostreptococcales-Tissierellales;f__Anaerovoracaceae;g__[Eubacterium]_brachy_group;s__	g__[Eubacterium]_brachy_group
ac9f0e130aec7d6b7d671fc0064a909f	d__Bacteria;p__Fusobacteriota;c__Fusobacteriia;o__Fusobacteriales;f__Fusobacteriaceae;g__Fusobacterium;s__	g__Fusobacterium
5a8f881894b6db9ed2e4e5065bb081aa	d__Bacteria;p__Bacteroidota;c__Bacteroidia;o__Bacteroidales;f__Prevotellaceae;g__Incertae_Sedis;s__	g__Incertae_Sedis
18f5bd14210df02ea0c9fbedfbe0afb6	d__Bacteria;p__Bacillota;c__Negativicutes;o__Veillonellales-Selenomonadales;f__Selenomonadaceae;g__Selenomonas;s__	g__Selenomonas
9a1f5f2dd89a13ff458741666e061540	d__Bacteria;p__Actinomycetota;c__Actinobacteria;o__Actinomycetales;f__Actinomycetaceae;g__Actinomyces;s__	g__Actinomyces
fe362ab61b5fc3e5307a58e32bd753f9	d__Bacteria;p__Bacillota;c__Bacilli;o__Erysipelotrichales;f__Erysipelotrichaceae;g__Solobacterium;s__	g__Solobacterium
7cc86d0486e6a57b8471cc9c16c0d9a4	d__Bacteria;p__Pseudomonadota;c__Gammaproteobacteria;o__Enterobacterales;f__Yersiniaceae;g__Serratia;s__	g__Serratia
a5c1bbaa999b57ad59326436e3da4999	d__Bacteria;p__Bacillota;c__Bacilli;o__Staphylococcales;f__Staphylococcaceae;g__Staphylococcus;s__	g__Staphylococcus
07da60daf8d6e2d3385877571b3fb98f	d__Bacteria;p__Pseudomonadota;c__Gammaproteobacteria;o__Pseudomonadales;f__Moraxellaceae;g__Acinetobacter;s__	g__Acinetobacter
c41af3ba7aeabdb1886cf01eddb79139	d__Bacteria;p__Pseudomonadota;c__Alphaproteobacteria;o__Sphingomonadales;f__Sphingomonadaceae;g__Sphingobium;s__	g__Sphingobium
3725d2bb6121ee513e9e7840202404ab	d__Bacteria;p__Spirochaetota;c__Spirochaetia;o__Spirochaetales;f__Spirochaetaceae;g__Treponema;s__	g__Treponema
b7d9cbfb238cf5ef46b419623c4b66ca	d__Bacteria;p__Bacillota;c__Negativicutes;o__Veillonellales-Selenomonadales;f__Selenomonadaceae;g__Incertae_Sedis;s__	g__Incertae_Sedis
f007ed879cd3e67ede6b1cf9e64ff472	d__Bacteria;p__Bacteroidota;c__Bacteroidia;o__Bacteroidales;f__Prevotellaceae;g__Segatella;s__	g__Segatella
9ac8d5fd6e787579857834d9471c7c96	d__Bacteria;p__Actinomycetota;c__Rubrobacteria;o__Rubrobacterales;f__Rubrobacteriaceae;g__Rubrobacter;s__	g__Rubrobacter
99112933f5198fd50f210e9d9e08088f	d__Bacteria;p__Bacteroidota;c__Bacteroidia;o__Sphingobacteriales;f__Lentimicrobiaceae;g__Lentimicrobium;s__	g__Lentimicrobium
f1c869742c575505fdb4f09dbab3ae35	d__Bacteria;p__Spirochaetota;c__Spirochaetia;o__Spirochaetales;f__Spirochaetaceae;g__Treponema;s__	g__Treponema
9b2433c21271841963182e71f529157e	d__Bacteria;p__Bacillota;c__Clostridia;o__Oscillospirales;f__Ruminococcaceae;g__Faecalibacterium;s__	g__Faecalibacterium
bc0ded0e896754d9bce2204e746b20d6	d__Bacteria;p__Spirochaetota;c__Spirochaetia;o__Spirochaetales;f__Spirochaetaceae;g__Treponema;s__	g__Treponema
77903733cdb62d716637284848175930	d__Bacteria;p__Pseudomonadota;c__Gammaproteobacteria;o__Pseudomonadales;f__Moraxellaceae;g__Acinetobacter;s__	g__Acinetobacter
ebc72870a6cf8d2d5df71becfa8d49e0	d__Bacteria;p__Bacillota;c__Clostridia;o__Oscillospirales;f__Oscillospiraceae;g__Ercella;s__	g__Ercella
a13f70833121758c9b46d3eb802e2c7e	d__Bacteria;p__Pseudomonadota;c__Gammaproteobacteria;o__Pseudomonadales;f__Moraxellaceae;g__Acinetobacter;s__	g__Acinetobacter
a10a05122fe028e5412c4ecab6a87d3c	d__Bacteria;p__Bacteroidota;c__Bacteroidia;o__Bacteroidales;f__Prevotellaceae;g__Prevotella;s__	g__Prevotella
a4214595dcf0dac431e305911f2517a1	d__Bacteria;p__Actinomycetota;c__Actinobacteria;o__Actinomycetales;f__Actinomycetaceae;g__Actinomyces;s__	g__Actinomyces
b765dca7f56640749df19213e5fe687d	d__Bacteria;p__Bacillota;c__Negativicutes;o__Veillonellales-Selenomonadales;f__Veillonellaceae;g__Dialister;s__	g__Dialister
bbae6ed124f4d6b48435a964a95c8418	d__Bacteria;p__Bacillota;c__Clostridia;o__Oscillospirales;f__Ruminococcaceae;g__Faecalibacterium;s__	g__Faecalibacterium
abc1d82f23d96c560a1b4d2ff0f15d58	d__Bacteria;p__Bacteroidota;c__Bacteroidia;o__Flavobacteriales;f__Weeksellaceae;g__Bergeyella;s__	g__Bergeyella
3e5077c43e4d84541f4b695297d995fc	d__Bacteria;p__Deinococcota;c__Deinococci;o__Deinococcales;f__Deinococcaceae;g__Deinococcus;s__	g__Deinococcus
613c1c63e369a8b88c1dae1a639c4c7f	d__Bacteria;p__Bacillota;c__Clostridia;o__Peptostreptococcales-Tissierellales;f__Peptostreptococcaceae;g__Incertae_Sedis;s__	g__Incertae_Sedis
56aeb2bd969d77956bbf8fef4f419e4e	d__Bacteria;p__Pseudomonadota;c__Alphaproteobacteria;o__Sphingomonadales;f__Sphingomonadaceae;g__Novosphingobium;s__	g__Novosphingobium
e87f0a861818776efcf4b443fc592f49	d__Bacteria;p__Bacillota;c__Negativicutes;o__Veillonellales-Selenomonadales;f__Selenomonadaceae;g__Selenomonas;s__	g__Selenomonas
4a483ea3c4238aeef696970c79da488f	d__Bacteria;p__Actinomycetota;c__Coriobacteriia;o__Coriobacteriales;f__Atopobiaceae;g__Lancefieldella;s__	g__Lancefieldella
e304c073c03e70098e94c03ddb6dccdf	d__Bacteria;p__Bacillota;c__Clostridia;o__Oscillospirales;f__Ruminococcaceae;g__Incertae_Sedis;s__	g__Incertae_Sedis
3bedf5aac74bbc0889364d5246f83bcf	d__Bacteria;p__Pseudomonadota;c__Gammaproteobacteria;o__Enterobacterales;f__Pasteurellaceae;g__Haemophilus;s__	g__Haemophilus
8d1571af89b262c319da428cbde485ca	d__Bacteria;p__Bacillota;c__Bacilli;o__Staphylococcales;f__Staphylococcaceae;g__Staphylococcus;s__	g__Staphylococcus
534eeabe544eac9983a06c1f4ab33cc4	d__Bacteria;p__Bacteroidota;c__Bacteroidia;o__Bacteroidales;f__Prevotellaceae;g__Prevotella;s__	g__Prevotella
15bdc787aa87d7f3a98735c9d76a336e	d__Bacteria;p__Spirochaetota;c__Spirochaetia;o__Spirochaetales;f__Spirochaetaceae;g__Treponema;s__	g__Treponema
08c99011aa63650f607151525fd940d0	d__Bacteria;p__Bacillota;c__Bacilli;o__Lactobacillales;f__Streptococcaceae;g__Streptococcus;s__	g__Streptococcus
732d60043acd6f0bf96a5bc675cd8b2f	d__Bacteria;p__Fusobacteriota;c__Fusobacteriia;o__Fusobacteriales;f__Fusobacteriaceae;g__Fusobacterium;s__	g__Fusobacterium
97f6ecc62177fe56e8f4184e1c4e8fb2	d__Bacteria;p__Actinomycetota;c__Actinobacteria;o__Micrococcales;f__Dermabacteraceae;g__Brachybacterium;s__	g__Brachybacterium
500e59d0610fa6fa833775d54d86afb7	d__Bacteria;p__Bacteroidota;c__Bacteroidia;o__Bacteroidales;f__Prevotellaceae;g__Leyella;s__	g__Leyella
f626f49e712806c1ba63e155de0479f0	d__Bacteria;p__Cyanobacteriota;c__Vampirivibrionia;o__Vampirovibrionales;f__Vampirovibrionaceae;g__Vampirovibrio;s__	g__Vampirovibrio
4577ae581430949ec435816428890bb3	d__Bacteria;p__Bacteroidota;c__Bacteroidia;o__Bacteroidales;f__Prevotellaceae;g__Segatella;s__	g__Segatella
ad4b9c9b98dd4bec34cfce01e095a923	d__Bacteria;p__Bacteroidota;c__Bacteroidia;o__Bacteroidales;f__Rikenellaceae;g__Rikenellaceae_RC9_gut_group;s__	g__Rikenellaceae_RC9_gut_group
8d79addb84fbecc583f543559624c071	d__Bacteria;p__Bacillota;c__Negativicutes;o__Veillonellales-Selenomonadales;f__Selenomonadaceae;g__Selenomonas;s__	g__Selenomonas
c6f74d7da14a953224b426fecd4dcc7c	d__Bacteria;p__Bacteroidota;c__Bacteroidia;o__Flavobacteriales;f__Flavobacteriaceae;g__Capnocytophaga;s__	g__Capnocytophaga
fd02445eb10e150b2cac1bee5b09e29e	d__Bacteria;p__Bacillota;c__Bacilli;o__Lactobacillales;f__Lactobacillaceae;g__Ligilactobacillus;s__	g__Ligilactobacillus
15b9f16d038e70825f5e5d546de9c34c	d__Bacteria;p__Bacteroidota;c__Bacteroidia;o__Cytophagales;f__Cyclobacteriaceae;g__Algoriphagus;s__	g__Algoriphagus
338071e9b2a8758db6e5d8a2806edc9a	d__Bacteria;p__Chloroflexota;c__Anaerolineae;o__Anaerolineales;f__Anaerolineaceae;g__Incertae_Sedis;s__	g__Incertae_Sedis
bb5bbc9cede952f308a50c135904c8e9	d__Bacteria;p__Deinococcota;c__Deinococci;o__Deinococcales;f__Deinococcaceae;g__Deinococcus;s__	g__Deinococcus
c2e0c691e6c212f6ea56044740d5d75f	d__Bacteria;p__Bacillota;c__Bacilli;o__Staphylococcales;f__Gemellaceae;g__Gemella;s__	g__Gemella
294073aea3b683f17569405c72f40861	d__Bacteria;p__Actinomycetota;c__Actinobacteria;o__Mycobacteriales;f__Corynebacteriaceae;g__Corynebacterium;s__	g__Corynebacterium
087a6b9b0af64e755186c436597af55a	d__Bacteria;p__Bacteroidota;c__Bacteroidia;o__Bacteroidales;f__Porphyromonadaceae;g__Porphyromonas;s__	g__Porphyromonas
038906b4d945c2d9b81214aa062f6949	d__Bacteria;p__Bdellovibrionota;c__Oligoflexia;o__Oligoflexales;f__Oligoflexaceae;g__Incertae_Sedis;s__	g__Incertae_Sedis
8fd88bade4ab12bca62cbcef70c3c6f0	d__Bacteria;p__Pseudomonadota;c__Gammaproteobacteria;o__Enterobacterales;f__Enterobacteriaceae;g__Klebsiella;s__	g__Klebsiella
b7b45fe1f5cbf338d2dcd1600ec72ac0	d__Bacteria;p__Bacillota;c__Clostridia;o__Peptostreptococcales-Tissierellales;f__Peptostreptococcaceae;g__Peptostreptococcus;s__	g__Peptostreptococcus
71803403ccf3ad6b0da37f0792bbf25b	d__Bacteria;p__Pseudomonadota;c__Gammaproteobacteria;o__Lysobacterales;f__Lysobacteraceae;g__Thermomonas;s__	g__Thermomonas
24f7da58f688ba40cfcd1f36addc2bba	d__Bacteria;p__Bacillota;c__Clostridia;o__Peptostreptococcales-Tissierellales;f__Family_XI;g__Anaerococcus;s__	g__Anaerococcus
e69748024979255607d7c4bced72f58d	d__Bacteria;p__Bacteroidota;c__Bacteroidia;o__Bacteroidales;f__Prevotellaceae;g__Xylanibacter;s__	g__Xylanibacter
cc0d408fc7e97fa78376b4abb8fccc2b	d__Bacteria;p__Pseudomonadota;c__Gammaproteobacteria;o__Burkholderiales;f__Neisseriaceae;g__Neisseria;s__	g__Neisseria
f11392125461b3eaaf5a761341849fcc	d__Bacteria;p__Pseudomonadota;c__Gammaproteobacteria;o__Burkholderiales;f__Comamonadaceae;g__Incertae_Sedis;s__	g__Incertae_Sedis
b3ca728cb194a96157803fed8cfdddf0	d__Bacteria;p__Actinomycetota;c__Actinobacteria;o__Pseudonocardiales;f__Pseudonocardiaceae;g__Actinomycetospora;s__	g__Actinomycetospora
fb700520a5bbb9c24b90adc74b453db1	d__Bacteria;p__Actinomycetota;c__Actinobacteria;o__Mycobacteriales;f__Corynebacteriaceae;g__Corynebacterium;s__	g__Corynebacterium
a1029f962d1ecc72f09d3e2b4dba9979	d__Bacteria;p__Actinomycetota;c__Actinobacteria;o__Propionibacteriales;f__Propionibacteriaceae;g__Cutibacterium;s__	g__Cutibacterium
f0e6778995eb7705ffec9bd06591f1b6	d__Bacteria;p__Bacteroidota;c__Bacteroidia;o__Chitinophagales;f__Chitinophagaceae;g__Sediminibacterium;s__	g__Sediminibacterium
d918d15b23e03e6c50b6e4aff3e9606b	d__Bacteria;p__Pseudomonadota;c__Gammaproteobacteria;o__Burkholderiales;f__Neisseriaceae;g__Neisseria;s__	g__Neisseria
9d57c594742c02699910838573e99658	d__Bacteria;p__Bacillota;c__Negativicutes;o__Veillonellales-Selenomonadales;f__Veillonellaceae;g__Dialister;s__	g__Dialister
b8d1eddf6c0631d2433c23dbae587d07	d__Bacteria;p__Bacillota;c__Clostridia;o__Lachnospirales;f__Lachnospiraceae;g__Stomatobaculum;s__	g__Stomatobaculum
2d0bac2ccebf305aa3bc8d867586da25	d__Bacteria;p__Deinococcota;c__Deinococci;o__Deinococcales;f__Deinococcaceae;g__Deinococcus;s__	g__Deinococcus
a91da6ab220ad02ee3e69121dde1ac12	d__Bacteria;p__Fusobacteriota;c__Fusobacteriia;o__Fusobacteriales;f__Fusobacteriaceae;g__Fusobacterium;s__	g__Fusobacterium
2902e27fdff364052667b72d233f5c99	d__Bacteria;p__Spirochaetota;c__Spirochaetia;o__Spirochaetales;f__Spirochaetaceae;g__Treponema;s__	g__Treponema
9ee7d915aac1016bed8ee7c2b67cf91e	d__Bacteria;p__Bacteroidota;c__Bacteroidia;o__Bacteroidales;f__Prevotellaceae;g__Hoylesella;s__	g__Hoylesella
a88816d5e607f47cd82007d1d0be31d0	d__Bacteria;p__Pseudomonadota;c__Gammaproteobacteria;o__Enterobacterales;f__Pasteurellaceae;g__Haemophilus;s__	g__Haemophilus
5f88242874217b1da8ed3d2a5c4a7a19	d__Bacteria;p__Pseudomonadota;c__Gammaproteobacteria;o__Enterobacterales;f__Pasteurellaceae;g__Haemophilus;s__	g__Haemophilus
201a174d2ebfc8ea2c613293c52bf549	d__Bacteria;p__Bacillota;c__Clostridia;o__Peptostreptococcales-Tissierellales;f__Peptostreptococcaceae;g__Filifactor;s__	g__Filifactor
9a24c53948a060a82d579cc9012e1f3f	d__Bacteria;p__Pseudomonadota;c__Alphaproteobacteria;o__Hyphomicrobiales;f__Beijerinckiaceae;g__Lichenibacterium;s__	g__Lichenibacterium
edcfcdb7f737d0b7c0379e55c4c563b0	d__Bacteria;p__Bacillota;c__Negativicutes;o__Veillonellales-Selenomonadales;f__Selenomonadaceae;g__Selenomonas;s__	g__Selenomonas
d95eae8a5a87ae08a5ffeeb4867436a9	d__Bacteria;p__Bacteroidota;c__Bacteroidia;o__Bacteroidales;f__Prevotellaceae;g__Hoylesella;s__	g__Hoylesella
f579e5e72c097064bd06fdf3c65a2821	d__Bacteria;p__Actinomycetota;c__Actinobacteria;o__Micrococcales;f__Micrococcaceae;g__Kocuria;s__	g__Kocuria
e7a0d2f9fc45d5667eec88aa54cd2f0d	d__Bacteria;p__Fusobacteriota;c__Fusobacteriia;o__Fusobacteriales;f__Leptotrichiaceae;g__Pseudoleptotrichia;s__	g__Pseudoleptotrichia
2fb3977e40546c7f6d790781ba911095	d__Bacteria;p__Pseudomonadota;c__Alphaproteobacteria;o__Caulobacterales;f__Caulobacteraceae;g__Brevundimonas;s__	g__Brevundimonas
c64a14a6c46ee0c52cdd3bb74ffdce2a	d__Bacteria;p__Pseudomonadota;c__Gammaproteobacteria;o__Enterobacterales;f__Yersiniaceae;g__Serratia;s__	g__Serratia
4eac8c770d17f37ba039027a7d06a5b7	d__Bacteria;p__Pseudomonadota;c__Gammaproteobacteria;o__Lysobacterales;f__Lysobacteraceae;g__Lysobacter;s__	g__Lysobacter
862e43da9e620866a3c3d4b8b5a67680	d__Bacteria;p__Bacteroidota;c__Bacteroidia;o__Bacteroidales;f__Prevotellaceae;g__Segatella;s__	g__Segatella
a0430744fb1b00b0060e2aed4eea015f	d__Bacteria;p__Bacillota;c__Bacilli;o__Bacillales;f__Bacillaceae;g__Anoxybacillus;s__	g__Anoxybacillus
e72505f2d55c26a22716c4c71372196d	d__Bacteria;p__Bacillota;c__Clostridia;o__Oscillospirales;f__[Eubacterium]_coprostanoligenes_group;g__Incertae_Sedis;s__	g__Incertae_Sedis
2dfcadd0b11218febcb943110a9ec66e	d__Bacteria;p__Bacillota;c__Bacilli;o__Erysipelotrichales;f__Erysipelotrichaceae;g__Solobacterium;s__	g__Solobacterium
5cd5d0e03f29a5f66fb00b63af713588	d__Bacteria;p__Bacillota;c__Negativicutes;o__Veillonellales-Selenomonadales;f__Selenomonadaceae;g__Selenomonas;s__	g__Selenomonas
5e0a300fc0a9c04699e8a7199e2eeec8	d__Bacteria;p__Bacteroidota;c__Bacteroidia;o__Bacteroidales;f__Prevotellaceae;g__Hoylesella;s__	g__Hoylesella
4d9534c79dcb43f1475d73beb516a8f2	d__Bacteria;p__Bacillota;c__Negativicutes;o__Veillonellales-Selenomonadales;f__Veillonellaceae;g__Veillonella;s__	g__Veillonella
71c4112df03091f40a91b597837400aa	d__Bacteria;p__Bacteroidota;c__Bacteroidia;o__Bacteroidales;f__Tannerellaceae;g__Tannerella;s__	g__Tannerella
1533e295cfd708eafdcc6bb0d1d3a3ba	d__Bacteria;p__Patescibacteria;c__Saccharimonadia;o__Saccharimonadales;f__Incertae_Sedis;g__Incertae_Sedis;s__	g__Incertae_Sedis
84ac895f7d1f6078e1ebdd922e7fc6ce	d__Bacteria;p__Bacteroidota;c__Bacteroidia;o__Bacteroidales;f__Prevotellaceae;g__Hoylesella;s__	g__Hoylesella
c4fbf0472f1214e52e555b7df764b083	d__Bacteria;p__Bacillota;c__Clostridia;o__Peptostreptococcales-Tissierellales;f__Anaerovoracaceae;g__Family_XIII_AD3011_group;s__	g__Family_XIII_AD3011_group
8278cad0d1e9248d2eb908d66a4651d2	d__Bacteria;p__Spirochaetota;c__Spirochaetia;o__Spirochaetales;f__Spirochaetaceae;g__Treponema;s__	g__Treponema
d665d97021453e89d63fcef44a1516ce	d__Bacteria;p__Bacillota;c__Clostridia;o__Lachnospirales;f__Lachnospiraceae;g__Blautia;s__	g__Blautia
450a27bfb49d194f9024223510c82f44	d__Bacteria;p__Campylobacterota;c__Campylobacteria;o__Campylobacterales;f__Campylobacteraceae;g__Campylobacter;s__	g__Campylobacter
32d7a5dc9fb7bcbb6177792ea3443d36	d__Bacteria;p__Pseudomonadota;c__Gammaproteobacteria;o__Enterobacterales;f__Pasteurellaceae	Unclassified
9e66082c02ffad1787a5aa033658071b	d__Bacteria;p__Elusimicrobiota;c__Elusimicrobia;o__Lineage_IV;f__Incertae_Sedis;g__Incertae_Sedis;s__	g__Incertae_Sedis
75734223fa6dda549286da26d6fc9a50	d__Bacteria;p__Pseudomonadota;c__Alphaproteobacteria;o__Rhodobacterales;f__Paracoccaceae;g__Rubellimicrobium;s__	g__Rubellimicrobium
42a8dd3da3dadef1c982f4b713393c42	d__Bacteria;p__Pseudomonadota;c__Gammaproteobacteria;o__Lysobacterales;f__Lysobacteraceae;g__Stenotrophomonas;s__	g__Stenotrophomonas
b0036fb8fe945d184296fb37f9eb0a06	d__Bacteria;p__Pseudomonadota;c__Gammaproteobacteria;o__Burkholderiales;f__Comamonadaceae;g__Comamonas;s__	g__Comamonas
d014cb0944366a848d43a11008f6e7ff	d__Bacteria;p__Pseudomonadota;c__Gammaproteobacteria;o__Burkholderiales;f__Comamonadaceae;g__Comamonas;s__	g__Comamonas
ac732a796aa14590eee7f07d3546c343	d__Bacteria;p__Bacteroidota;c__Bacteroidia;o__Bacteroidales;f__Prevotellaceae;g__Prevotella;s__	g__Prevotella
44576a4b9f9af0dcdbcc1d72617d7f59	d__Bacteria;p__Bacteroidota;c__Bacteroidia;o__Bacteroidales;f__Bacteroidaceae;g__Bacteroides;s__	g__Bacteroides
0c2c8abf1fef8a88c748737b3cab6602	d__Bacteria;p__Patescibacteria;c__Saccharimonadia;o__Saccharimonadales;f__Incertae_Sedis;g__Incertae_Sedis;s__	g__Incertae_Sedis
a591a1096a14d0a01871f16397922725	d__Bacteria;p__Actinomycetota;c__Actinobacteria;o__Mycobacteriales;f__Corynebacteriaceae;g__Corynebacterium;s__	g__Corynebacterium
5b6876c5ccd1063a744e360229f97eca	d__Bacteria;p__Planctomycetota;c__Planctomycetes;o__Pirellulales;f__Pirellulaceae;g__Incertae_Sedis;s__	g__Incertae_Sedis
e0633b2473311bf85a634dc3016147a6	d__Bacteria;p__Bacteroidota;c__Bacteroidia;o__Flavobacteriales;f__Flavobacteriaceae;g__Flavobacterium;s__	g__Flavobacterium
a479fe49649b362b13ac86781f65b2b6	d__Bacteria;p__Pseudomonadota;c__Alphaproteobacteria;o__Caulobacterales;f__Caulobacteraceae;g__Phenylobacterium;s__	g__Phenylobacterium
6bc8223e2cc1d5dc4a591d50de7472c8	d__Bacteria;p__Actinomycetota;c__Actinobacteria;o__Mycobacteriales;f__Corynebacteriaceae;g__Corynebacterium;s__	g__Corynebacterium
21e983aceb175101783ed1a764ec2988	d__Bacteria;p__Bacteroidota;c__Bacteroidia;o__Bacteroidales;f__Prevotellaceae;g__Segatella;s__	g__Segatella
12b0b7e4a7aa206ca8a16575b4b66806	d__Bacteria;p__Bacteroidota;c__Bacteroidia;o__Bacteroidales;f__Prevotellaceae;g__Segatella;s__	g__Segatella
d7591497c8e18402a6813aa36531c10c	d__Bacteria;p__Pseudomonadota;c__Gammaproteobacteria;o__Enterobacterales;f__Yersiniaceae;g__Serratia;s__	g__Serratia
d845fbac031cdcc6c4a0f1f8c6b33b19	d__Bacteria;p__Bacillota;c__Clostridia;o__Lachnospirales;f__Lachnospiraceae;g__Oribacterium;s__	g__Oribacterium
3e3615a656025ba212edb6bb4f230a47	d__Bacteria;p__Pseudomonadota;c__Gammaproteobacteria;o__Pseudomonadales;f__Pseudomonadaceae;g__Pseudomonas;s__	g__Pseudomonas
ca2cd22eb36b26861181b8117e1cac2a	d__Bacteria;p__Bacillota;c__Bacilli;o__Lactobacillales;f__Streptococcaceae;g__Streptococcus;s__	g__Streptococcus
48fbb83a5406084d4536cefa553d4877	d__Bacteria;p__Bacillota;c__Negativicutes;o__Veillonellales-Selenomonadales;f__Selenomonadaceae;g__Selenomonas;s__	g__Selenomonas
b065d84539e9b24c2487ca68977604a5	d__Bacteria;p__Pseudomonadota;c__Gammaproteobacteria;o__Lysobacterales;f__Lysobacteraceae;g__Lysobacter;s__	g__Lysobacter
da6148ca2564c798107f34bc4fd29b09	d__Bacteria;p__Fusobacteriota;c__Fusobacteriia;o__Fusobacteriales;f__Leptotrichiaceae;g__Leptotrichia;s__	g__Leptotrichia
2f75ca9586ac9ef2cf67cba50f9cb0b1	d__Bacteria;p__Spirochaetota;c__Spirochaetia;o__Spirochaetales;f__Spirochaetaceae;g__Treponema;s__	g__Treponema
fe1dec4c85d89c1a467bb0cc0e9b9464	d__Bacteria;p__Pseudomonadota;c__Gammaproteobacteria;o__Enterobacterales;f__Enterobacteriaceae;g__Klebsiella;s__	g__Klebsiella
204acc7cd9755999f71e5ef54d8275a4	d__Bacteria;p__Bacteroidota;c__Bacteroidia;o__Bacteroidales;f__Porphyromonadaceae;g__Porphyromonas;s__	g__Porphyromonas
7c91e026824c6d25b99d85d2f7dea9ae	d__Bacteria;p__Pseudomonadota;c__Alphaproteobacteria;o__Caulobacterales;f__Caulobacteraceae;g__Brevundimonas;s__	g__Brevundimonas
156173b9f2dd4363316fbed15eceb2b5	d__Bacteria;p__Actinomycetota;c__Actinobacteria;o__Bifidobacteriales;f__Bifidobacteriaceae;g__Bifidobacterium;s__	g__Bifidobacterium
3070a8512efbc620785dc205bca12382	d__Bacteria;p__Fusobacteriota;c__Fusobacteriia;o__Fusobacteriales;f__Leptotrichiaceae;g__Sneathia;s__	g__Sneathia
3b4a9af7ebd88a1e2a057d41bfe30b78	d__Bacteria;p__Actinomycetota;c__Thermoleophilia;o__Solirubrobacterales;f__Solirubrobacteraceae;g__Conexibacter;s__	g__Conexibacter
0a45f4497fc0a87f4e3b23eaa0a8d870	d__Bacteria;p__Bacteroidota;c__Bacteroidia;o__Flavobacteriales;f__Flavobacteriaceae;g__Capnocytophaga;s__	g__Capnocytophaga
a920adb9afaa8ff96c096753df20fbc8	d__Bacteria;p__Pseudomonadota;c__Gammaproteobacteria;o__Lysobacterales;f__Lysobacteraceae;g__Lysobacter;s__	g__Lysobacter
c26e00df4d482c1de3c4a7a503b80e9e	d__Bacteria;p__Bacillota;c__Clostridia;o__Peptostreptococcales-Tissierellales;f__Anaerovoracaceae;g__Family_XIII_AD3011_group;s__	g__Family_XIII_AD3011_group
ba379b3a996ce17d8bf79d779ae57144	d__Bacteria;p__Bacillota;c__Bacilli;o__Lactobacillales;f__Streptococcaceae;g__Streptococcus;s__	g__Streptococcus
37428246453d68eba498a79823dc442d	d__Bacteria;p__Bacillota;c__Bacilli;o__Paenibacillales;f__Paenibacillaceae;g__Paenibacillus;s__	g__Paenibacillus
5a16bfc74499e9f50819401dd08ab1bf	d__Bacteria;p__Bacteroidota;c__Bacteroidia;o__Bacteroidales;f__Tannerellaceae;g__Tannerella;s__	g__Tannerella
e7238b7d2cea9d01cdfb37fdb6073ccf	d__Bacteria;p__Pseudomonadota;c__Gammaproteobacteria;o__Burkholderiales;f__Neisseriaceae;g__Alysiella;s__	g__Alysiella
adc4b2e9e40f6704373d57480adebb8a	d__Bacteria;p__Bacillota;c__Clostridia;o__Peptostreptococcales-Tissierellales;f__Peptostreptococcaceae;g__[Eubacterium]_yurii_group;s__	g__[Eubacterium]_yurii_group
893d99f8d5d14e590f1a470cfddf6f02	d__Bacteria;p__Campylobacterota;c__Campylobacteria;o__Campylobacterales;f__Campylobacteraceae;g__Campylobacter;s__	g__Campylobacter
740724b4907dc9ee69cf2a4e23cca841	d__Bacteria;p__Bacteroidota;c__Bacteroidia;o__Bacteroidales;f__Prevotellaceae;g__Hoylesella;s__	g__Hoylesella
ea155885edea16674e47c50223b9bdd0	d__Bacteria;p__Bacteroidota;c__Bacteroidia;o__Bacteroidales;f__Prevotellaceae;g__Segatella;s__	g__Segatella
b847c55f8c4e8d6a0efca70acd8cd05f	d__Bacteria;p__Bacteroidota;c__Bacteroidia;o__Flavobacteriales;f__Flavobacteriaceae;g__Capnocytophaga;s__	g__Capnocytophaga
67883ba9fb9a4f0bdc115034171e28d6	d__Bacteria;p__Bacillota;c__Clostridia;o__Peptostreptococcales-Tissierellales;f__Peptostreptococcaceae;g__Peptostreptococcus;s__	g__Peptostreptococcus
cce6efc2983e537fb821673414419a06	d__Bacteria;p__Bacillota;c__Clostridia;o__Peptostreptococcales-Tissierellales;f__Family_XI;g__Anaerococcus;s__	g__Anaerococcus
2501c15f18f8c55d92c6c867b3433c31	d__Bacteria;p__Pseudomonadota;c__Gammaproteobacteria;o__Enterobacterales;f__Idiomarinaceae;g__Pseudidiomarina;s__	g__Pseudidiomarina
b3af039996bd269f001e7b0a8787bfcf	d__Bacteria;p__Fusobacteriota;c__Fusobacteriia;o__Fusobacteriales;f__Fusobacteriaceae;g__Fusobacterium;s__	g__Fusobacterium
93411c9c9678b0b493ecab4b0ec677d4	d__Bacteria;p__Bacteroidota;c__Bacteroidia;o__Bacteroidales;f__Bacteroidaceae;g__Bacteroides;s__	g__Bacteroides
70a9c81ab9547dc14bd557d2168806b5	d__Bacteria;p__Pseudomonadota;c__Gammaproteobacteria;o__Pseudomonadales;f__Moraxellaceae;g__Acinetobacter;s__	g__Acinetobacter
b9a7e98bec1776d4aef1f2ab3cbb88e0	d__Bacteria;p__Pseudomonadota;c__Alphaproteobacteria;o__Caulobacterales;f__Caulobacteraceae;g__Phenylobacterium;s__	g__Phenylobacterium
ad692d5389c974bcfd010875d841aa32	d__Bacteria;p__Synergistota;c__Synergistia;o__Synergistales;f__Synergistaceae;g__Fretibacterium;s__	g__Fretibacterium
be0b34f613a14814d3cebc93e7c9a7e6	d__Bacteria;p__Pseudomonadota;c__Gammaproteobacteria;o__Burkholderiales;f__Burkholderiaceae;g__Ralstonia;s__	g__Ralstonia
3fac81e6dc8de14924d233913f27de11	d__Bacteria;p__Bacillota;c__Negativicutes;o__Veillonellales-Selenomonadales;f__Veillonellaceae;g__Veillonella;s__	g__Veillonella
7196c68f86dd972f3a1b8458af100385	d__Bacteria;p__Bacteroidota;c__Bacteroidia;o__Bacteroidales;f__Bacteroidales_RF16_group;g__Incertae_Sedis;s__	g__Incertae_Sedis
5c833a5d959eaa8a5e896e12f6b5367d	d__Bacteria;p__Pseudomonadota;c__Gammaproteobacteria;o__Burkholderiales;f__Burkholderiaceae;g__Lautropia;s__	g__Lautropia
b470257e6405c78f7589a1447edde976	d__Bacteria;p__Spirochaetota;c__Spirochaetia;o__Spirochaetales;f__Spirochaetaceae;g__Treponema;s__	g__Treponema
7cd72b776358f8f51e351ea0618a60be	d__Bacteria;p__Bacteroidota;c__Bacteroidia;o__Bacteroidales;f__Prevotellaceae;g__Alloprevotella;s__	g__Alloprevotella
ce16b72f0d1f5f677b23f6fc155bf95f	d__Bacteria;p__Bacteroidota;c__Bacteroidia;o__Bacteroidales;f__Prevotellaceae;g__Hoylesella;s__	g__Hoylesella
ba3aa6ff37ef3bfa119e04742e0206b2	d__Bacteria;p__Bacteroidota;c__Bacteroidia;o__Bacteroidales;f__Prevotellaceae;g__Segatella;s__	g__Segatella
f8e806c39aab818a7836c2cbea6434e8	d__Bacteria;p__Bacillota;c__Clostridia;o__Lachnospirales;f__Lachnospiraceae;g__Shuttleworthia;s__	g__Shuttleworthia
d71af4225fb4a908d6cd79668a300a9d	d__Bacteria;p__Fusobacteriota;c__Fusobacteriia;o__Fusobacteriales;f__Leptotrichiaceae;g__Incertae_Sedis;s__	g__Incertae_Sedis
7dd27d3f58d67a89c684b6a67ef49bd4	d__Bacteria;p__Actinomycetota;c__Actinobacteria;o__Propionibacteriales;f__Nocardioidaceae;g__Nocardioides;s__	g__Nocardioides
842bbd631c56622638dc1d06885a20fb	d__Bacteria;p__Bacteroidota;c__Bacteroidia;o__Flavobacteriales;f__NS7_marine_group;g__Incertae_Sedis;s__	g__Incertae_Sedis
509d5b509069dbfc1cc875f332449324	d__Bacteria;p__Bacillota;c__Clostridia;o__Oscillospirales;f__[Eubacterium]_coprostanoligenes_group;g__Incertae_Sedis;s__	g__Incertae_Sedis
9e7c5acb5863971efdf8f3518310d5e0	d__Bacteria;p__Bacteroidota;c__Bacteroidia;o__Flavobacteriales;f__Weeksellaceae;g__Chryseobacterium;s__	g__Chryseobacterium
b7ad0dd82de3d6e29733221a010093af	d__Bacteria;p__Pseudomonadota;c__Alphaproteobacteria;o__Rhodobacterales;f__Paracoccaceae;g__Fuscovulum;s__	g__Fuscovulum
00ee366d0b7f532bc72efca0337085ce	d__Bacteria;p__Fusobacteriota;c__Fusobacteriia;o__Fusobacteriales;f__Fusobacteriaceae;g__Fusobacterium;s__	g__Fusobacterium
a01821c3329ad9799faf3a5e874f39e9	d__Bacteria;p__Bacteroidota;c__Bacteroidia;o__Bacteroidales;f__Prevotellaceae;g__Prevotella;s__	g__Prevotella
94f9b60e1c67bd23976bdc6df2a3ebef	d__Bacteria;p__Bacteroidota;c__Bacteroidia;o__Bacteroidales;f__Prevotellaceae;g__Hoylesella;s__	g__Hoylesella
f848bc99613bbcceed6f09329a632b05	d__Bacteria;p__Patescibacteria;c__Saccharimonadia;o__Saccharimonadales;f__Saccharimonadaceae;g__Candidatus_Saccharimonas;s__	g__Candidatus_Saccharimonas
d657de8ef8796bf788f8ffe675927a27	d__Bacteria;p__Bacillota;c__Bacilli;o__Lactobacillales;f__Lactobacillaceae;g__Lactobacillus;s__	g__Lactobacillus
70d3a575de7e3bb490ea2139a3221fc4	d__Bacteria;p__Bacillota;c__Bacilli;o__Lactobacillales;f__Streptococcaceae;g__Streptococcus;s__	g__Streptococcus
7b04adb9cca26e10da160723634dfa5d	d__Bacteria;p__Bacillota;c__Negativicutes;o__Veillonellales-Selenomonadales;f__Selenomonadaceae;g__Megamonas;s__	g__Megamonas
f87543a886c90c6aae482468defc058f	d__Bacteria;p__Bacillota;c__Bacilli;o__RF39;f__Incertae_Sedis;g__Incertae_Sedis;s__	g__Incertae_Sedis
70ecf082920859189b7aa62adc9005a7	d__Bacteria;p__Bacteroidota;c__Bacteroidia;o__Bacteroidales;f__Prevotellaceae;g__Leyella;s__	g__Leyella
c687ad9d4f564aae1fb4536abcdf62ff	d__Bacteria;p__Planctomycetota;c__Phycisphaerae;o__Phycisphaerales;f__Phycisphaeraceae;g__SM1A02;s__	g__SM1A02
479276ff2e9b48558ccfd24e842d4a7b	d__Bacteria;p__Pseudomonadota;c__Gammaproteobacteria;o__Enterobacterales;f__Yersiniaceae;g__Serratia;s__	g__Serratia
7e9ef9294d23e0e96ed01c873e3e381a	d__Bacteria;p__Bacillota;c__Bacilli;o__Paenibacillales;f__Paenibacillaceae;g__Paenibacillus;s__	g__Paenibacillus
7e135cb73b9434e97e3e3dcdbd2173c8	d__Bacteria;p__Actinomycetota;c__Actinobacteria;o__Micrococcales;f__Dermabacteraceae;g__Brachybacterium;s__	g__Brachybacterium
01e4e3d2ec268edcf33560ad67ab40d6	d__Bacteria;p__Bacteroidota;c__Bacteroidia;o__Bacteroidales;f__Prevotellaceae;g__Segatella;s__	g__Segatella
b28dde0f934ef58a186ee42b1bc6db38	d__Bacteria;p__Bacteroidota;c__Bacteroidia;o__Bacteroidales;f__Prevotellaceae;g__Segatella;s__	g__Segatella
c676fc43ce26efabbf7d94c282a564cb	d__Bacteria;p__Pseudomonadota;c__Gammaproteobacteria;o__Lysobacterales;f__Lysobacteraceae;g__Luteimonas;s__	g__Luteimonas
3e3765de64fd89c50d60e86f0aae4363	d__Bacteria;p__Bacteroidota;c__Bacteroidia;o__Bacteroidales;f__Prevotellaceae;g__Prevotella;s__	g__Prevotella
e93adeae4fe42d85ed178ca52c881fcf	d__Bacteria;p__Bacillota;c__Bacilli;o__Staphylococcales;f__Staphylococcaceae;g__Staphylococcus;s__	g__Staphylococcus
ceba5516fc58b6d901be2516730485fd	d__Bacteria;p__Actinomycetota;c__Rubrobacteria;o__Rubrobacterales;f__Rubrobacteriaceae;g__Rubrobacter;s__	g__Rubrobacter
feed12941a7c3e843af4c65c46263dd5	d__Bacteria;p__Bacteroidota;c__Bacteroidia;o__Bacteroidales;f__Rikenellaceae;g__Rikenellaceae_RC9_gut_group;s__	g__Rikenellaceae_RC9_gut_group
8e121f6e82f82d6e7e2f831b9ce9e75c	d__Bacteria;p__Bacillota;c__Clostridia;o__Oscillospirales;f__[Eubacterium]_coprostanoligenes_group;g__Incertae_Sedis;s__	g__Incertae_Sedis
bf2da96267afcee99ff82053cd18af28	d__Bacteria;p__Pseudomonadota;c__Gammaproteobacteria;o__Lysobacterales;f__Lysobacteraceae;g__Stenotrophomonas;s__	g__Stenotrophomonas
d7e1e207210f31590f0ad3d79a667863	d__Bacteria;p__Pseudomonadota;c__Alphaproteobacteria;o__Hyphomicrobiales;f__Pleomorphomonadaceae;g__Chthonobacter;s__	g__Chthonobacter
8907be21c3c5fbe5149cfe595a9f1573	d__Bacteria;p__Bacteroidota;c__Bacteroidia;o__Bacteroidales;f__Bacteroidaceae;g__Bacteroides;s__	g__Bacteroides
b07e04f2ae7d56d70149cccdef05af6d	d__Bacteria;p__Bacteroidota;c__Bacteroidia;o__Sphingobacteriales;f__Lentimicrobiaceae;g__Lentimicrobium;s__	g__Lentimicrobium
9ab8e59f3fb10f4646f085cdeb22a7d8	d__Bacteria;p__Bacteroidota;c__Bacteroidia;o__Flavobacteriales;f__Weeksellaceae;g__Bergeyella;s__	g__Bergeyella
e503b8a528fa6e835a88b652998e21a8	d__Bacteria;p__Bacteroidota;c__Bacteroidia;o__Flavobacteriales;f__Flavobacteriaceae;g__Capnocytophaga;s__	g__Capnocytophaga
ca6cf2bd65de6980d88332ec111a22e0	d__Bacteria;p__Pseudomonadota;c__Alphaproteobacteria;o__Hyphomicrobiales;f__Beijerinckiaceae;g__Methylobacterium;s__	g__Methylobacterium
c082094b11fb1410377c0f90dfcf2467	d__Bacteria;p__Bacteroidota;c__Bacteroidia;o__Bacteroidales;f__Prevotellaceae;g__Prevotella;s__	g__Prevotella
a09b6c02d4af267bd2e588aaa534dfbe	d__Bacteria;p__Bacillota;c__Bacilli;o__Lactobacillales;f__Streptococcaceae;g__Streptococcus;s__	g__Streptococcus
e38f46128c9584aaf78b13d1d10b2e3a	d__Bacteria;p__Pseudomonadota;c__Gammaproteobacteria;o__Pseudomonadales	Unclassified
2600569ef2f09e88c2e3988ca79e0194	d__Bacteria;p__Bacillota;c__Bacilli;o__Lactobacillales;f__Streptococcaceae;g__Streptococcus;s__	g__Streptococcus
b4e6860922c37dc413e8b9b972788705	d__Bacteria;p__Fusobacteriota;c__Fusobacteriia;o__Fusobacteriales;f__Leptotrichiaceae;g__Pseudoleptotrichia;s__	g__Pseudoleptotrichia
3fbd235bd72e5b98032fdefa04a84b61	d__Bacteria;p__Bacillota;c__Clostridia;o__Oscillospirales;f__Ruminococcaceae;g__Incertae_Sedis;s__	g__Incertae_Sedis
ce1806e9dd54a99cb906682641b921c2	d__Bacteria;p__Bacillota;c__Clostridia;o__Lachnospirales;f__Lachnospiraceae;g__Lachnoanaerobaculum;s__	g__Lachnoanaerobaculum
686d48fcb2cef6d00acde3d2165b4d8d	d__Bacteria;p__Campylobacterota;c__Campylobacteria;o__Campylobacterales;f__Campylobacteraceae;g__Campylobacter;s__	g__Campylobacter
8be707fa94ead572551dae94818a41c0	d__Bacteria;p__Bacillota;c__Clostridia;o__Peptostreptococcales-Tissierellales;f__Anaerovoracaceae;g__Hornefia;s__	g__Hornefia
0294120cae304abec0a01594de2e1070	d__Bacteria;p__Bacteroidota;c__Bacteroidia;o__Bacteroidales;f__Prevotellaceae;g__Hoylesella;s__	g__Hoylesella
27b892de3ecf38279469dea4f7cf5b2e	d__Bacteria;p__Spirochaetota;c__Spirochaetia;o__Spirochaetales;f__Spirochaetaceae;g__Treponema;s__	g__Treponema
143b1cebb1acfce2fd544f1c452e105e	d__Bacteria;p__Actinomycetota;c__Actinobacteria;o__Propionibacteriales;f__Propionibacteriaceae;g__Cutibacterium;s__	g__Cutibacterium
09ce53c21e0078562df6d485a4ff5915	d__Bacteria;p__Pseudomonadota;c__Gammaproteobacteria;o__Burkholderiales;f__Neisseriaceae;g__Neisseria;s__	g__Neisseria
1f9f1b32c037fa7048db97c2a5d33be2	d__Bacteria;p__Bacteroidota;c__Bacteroidia;o__Bacteroidales;f__Prevotellaceae;g__Incertae_Sedis;s__	g__Incertae_Sedis
faf830fb63188d8165c65e5db50a8c9c	d__Bacteria;p__Bacillota;c__Clostridia;o__Oscillospirales;f__Oscillospiraceae;g__Fastidiosipila;s__	g__Fastidiosipila
3e5188467a0af35e00b1ed706dcb3d2a	d__Bacteria;p__Bacillota;c__Bacilli;o__Lactobacillales;f__Aerococcaceae;g__Aerococcus;s__	g__Aerococcus
a6106f0cf6cf48e03d4dcb760dba5d4b	d__Bacteria;p__Bacteroidota;c__Bacteroidia;o__Bacteroidales;f__Prevotellaceae;g__Hoylesella;s__	g__Hoylesella
a7ac643df1df5df97313a22b84a2a7ac	d__Bacteria;p__Bacteroidota;c__Bacteroidia;o__Bacteroidales;f__Prevotellaceae;g__Alloprevotella;s__	g__Alloprevotella
2794e3800410da89a8287ee1303ecbb2	d__Bacteria;p__Actinomycetota;c__Actinobacteria;o__Actinomycetales;f__Actinomycetaceae;g__Actinomyces;s__	g__Actinomyces
14e09fa34a6e7f622fbed479837e26d6	d__Bacteria;p__Bacteroidota;c__Bacteroidia;o__Bacteroidales;f__Porphyromonadaceae;g__Porphyromonas;s__	g__Porphyromonas
7f0031d8f764247177d4477385cd88bf	d__Bacteria;p__Bacteroidota;c__Bacteroidia;o__Bacteroidales;f__Porphyromonadaceae;g__Porphyromonas;s__	g__Porphyromonas
d51cd2cc9ea637999751cce342b9e1b4	d__Bacteria;p__Bacillota;c__Clostridia;o__Lachnospirales;f__Lachnospiraceae;g__Johnsonella;s__	g__Johnsonella
77e803e70f02b1add84bffc120987cda	d__Bacteria;p__Bacteroidota;c__Bacteroidia;o__Cytophagales;f__Hymenobacteraceae;g__Pontibacter;s__	g__Pontibacter
4ef2db943e5c1fe2d397fc296b3bce73	d__Bacteria;p__Bacteroidota;c__Bacteroidia;o__Bacteroidales;f__Marinifilaceae;g__Butyricimonas;s__	g__Butyricimonas
2d53f3a5bae3310f0bfa9d62ca06dca6	d__Bacteria;p__Bacillota;c__Negativicutes;o__Veillonellales-Selenomonadales;f__Selenomonadaceae;g__Selenomonas;s__	g__Selenomonas
3fcb5097587c257aa86c7b7bd4008814	d__Bacteria;p__Bacteroidota;c__Bacteroidia;o__Bacteroidales;f__Porphyromonadaceae;g__Porphyromonas;s__	g__Porphyromonas
80d7bec27f6e509bf79704e6ee2ba699	d__Bacteria;p__Bacillota;c__Negativicutes;o__Veillonellales-Selenomonadales;f__Selenomonadaceae;g__Selenomonas;s__	g__Selenomonas
754e63fae29b51a643124efe3b4a22cb	d__Bacteria;p__Pseudomonadota;c__Gammaproteobacteria;o__Lysobacterales;f__Lysobacteraceae;g__Stenotrophomonas;s__	g__Stenotrophomonas
ff1ca101a1fc8ada6e1ba8158fd90df0	d__Bacteria;p__Pseudomonadota;c__Gammaproteobacteria;o__Burkholderiales;f__Neisseriaceae;g__Eikenella;s__	g__Eikenella
5bbb4befb58fe23aedbc608e36425581	d__Bacteria;p__Bacteroidota;c__Bacteroidia;o__Cytophagales;f__Hymenobacteraceae;g__Pontibacter;s__	g__Pontibacter
775ca6de2d493ef8f312d3088baa47a8	d__Bacteria;p__Bacteroidota;c__Bacteroidia;o__Cytophagales;f__Microscillaceae;g__Hassallia;s__	g__Hassallia
239d4d39782e963541e33d62b8c0f497	d__Bacteria;p__Bacillota;c__Bacilli;o__Bacillales;f__Bacillaceae;g__Priestia;s__	g__Priestia
0eb96cd277ec3023f0e8a75c5797e96f	d__Bacteria;p__Actinomycetota;c__Actinobacteria;o__Micrococcales;f__Dermabacteraceae;g__Brachybacterium;s__	g__Brachybacterium
710723acbd41d6460353bb4d556cf48e	d__Bacteria;p__Spirochaetota;c__Spirochaetia;o__Spirochaetales;f__Spirochaetaceae;g__Treponema;s__	g__Treponema
5ce77e44ce88e8918b62fdf447e86d32	d__Bacteria;p__Fusobacteriota;c__Fusobacteriia;o__Fusobacteriales;f__Fusobacteriaceae;g__Fusobacterium;s__	g__Fusobacterium
13303d74d0b07d25e9fa66d0edfce7a8	d__Bacteria;p__Pseudomonadota;c__Gammaproteobacteria;o__Enterobacterales;f__Pasteurellaceae;g__Haemophilus;s__	g__Haemophilus
6cf3a2373cf57f634fb3f48a89eec55b	d__Bacteria;p__Pseudomonadota;c__Gammaproteobacteria;o__Burkholderiales;f__Alcaligenaceae;g__Achromobacter;s__	g__Achromobacter
812b97780f1de58775642e98ae0cdc20	d__Bacteria;p__Spirochaetota;c__Spirochaetia;o__Spirochaetales;f__Spirochaetaceae;g__Treponema;s__	g__Treponema
c34a230d632d64b34b132157fdd955ab	d__Bacteria;p__Bacteroidota;c__Bacteroidia;o__Bacteroidales;f__Prevotellaceae;g__Hoylesella;s__	g__Hoylesella
6a0c05558eba46fa21fbd598cd800a39	d__Bacteria;p__Bacillota;c__Bacilli;o__Lactobacillales;f__Streptococcaceae;g__Streptococcus;s__	g__Streptococcus
07a81bf83a7c79c073de26b49fd76707	d__Bacteria;p__Bacteroidota;c__Bacteroidia;o__Bacteroidales;f__Prevotellaceae;g__Alloprevotella;s__	g__Alloprevotella
48169e56bf0dfff0237ca7099413ed44	d__Bacteria;p__Actinomycetota;c__Coriobacteriia;o__Coriobacteriales;f__Coriobacteriaceae;g__Collinsella;s__	g__Collinsella
750bcde0b25af0deba9836bbc71affc4	d__Bacteria;p__Bacteroidota;c__Bacteroidia;o__Sphingobacteriales;f__Lentimicrobiaceae;g__Lentimicrobium;s__	g__Lentimicrobium
3d499d7f32fa90d013ed9525a35c3b6d	d__Bacteria;p__Bacteroidota;c__Bacteroidia;o__Sphingobacteriales;f__Lentimicrobiaceae;g__Lentimicrobium;s__	g__Lentimicrobium
f29c874b22d195cd7b1fa5f80fd40939	d__Bacteria;p__Actinomycetota;c__Actinobacteria;o__Propionibacteriales;f__Propionibacteriaceae;g__Arachnia;s__	g__Arachnia
cc32424b0ab51f37cdbd531ca9867e09	d__Bacteria;p__Bacillota;c__Clostridia;o__Clostridia_vadinBB60_group;f__Incertae_Sedis;g__Incertae_Sedis;s__	g__Incertae_Sedis
750bddc78303d9bbad0e38d3d646cefb	d__Bacteria;p__Bacteroidota;c__Bacteroidia;o__Bacteroidales;f__Prevotellaceae;g__Leyella;s__	g__Leyella
1d3803584ab8efb79b856a88c2875c53	d__Bacteria;p__Bacteroidota;c__Bacteroidia;o__Flavobacteriales;f__Flavobacteriaceae;g__Capnocytophaga;s__	g__Capnocytophaga
d373249107593120dfe10e634f0b9144	d__Bacteria;p__Bacillota;c__Bacilli;o__Mycoplasmatales;f__Mycoplasmataceae;g__Ureaplasma;s__	g__Ureaplasma
17b62f351d130105bef68990afc96770	d__Bacteria;p__Patescibacteria;c__Saccharimonadia;o__Saccharimonadales;f__Saccharimonadaceae;g__TM7a;s__	g__TM7a
36235a829eaab7cfa14f53824baef3bc	d__Bacteria;p__Fusobacteriota;c__Fusobacteriia;o__Fusobacteriales;f__Fusobacteriaceae;g__Fusobacterium;s__	g__Fusobacterium
0daff3797ed26497be96d4a47db0e385	d__Bacteria;p__Actinomycetota;c__Actinobacteria;o__Micrococcales;f__Dermabacteraceae;g__Brachybacterium;s__	g__Brachybacterium
019c4bc776248825f790f34219ccd8e3	d__Bacteria;p__Bacteroidota;c__Bacteroidia;o__Bacteroidales;f__Prevotellaceae;g__Incertae_Sedis;s__	g__Incertae_Sedis
b8d0df60a49aab4ef69e09ac5133bdc6	d__Bacteria;p__Bacteroidota;c__Bacteroidia;o__Bacteroidales;f__p-2534-18B5_gut_group;g__Incertae_Sedis;s__	g__Incertae_Sedis
da39a9945a19aa330b8906db97635c59	d__Bacteria;p__Bacteroidota;c__Bacteroidia;o__Sphingobacteriales;f__Lentimicrobiaceae;g__Lentimicrobium;s__	g__Lentimicrobium
ed489d3ce32a9996399a93552c010889	d__Bacteria;p__Actinomycetota;c__Actinobacteria;o__Actinomycetales;f__Actinomycetaceae;g__Actinomyces;s__	g__Actinomyces
b8644c99b8bf788a7ed979b7ca89856d	d__Bacteria;p__Bacillota;c__Clostridia;o__Lachnospirales;f__Lachnospiraceae;g__Catonella;s__	g__Catonella
40d6824bc5f0f017b8806804174d3752	d__Bacteria;p__Pseudomonadota;c__Gammaproteobacteria;o__Enterobacterales;f__Pasteurellaceae;g__Haemophilus;s__	g__Haemophilus
028c0b12de8a57cf0e1eee3c97c9be1f	d__Bacteria;p__Bacteroidota;c__Bacteroidia;o__Bacteroidales;f__Prevotellaceae;g__Prevotella;s__	g__Prevotella
d57034d5dc037727aa99ccd6dde3b774	d__Bacteria;p__Bacteroidota;c__Bacteroidia;o__Bacteroidales;f__Porphyromonadaceae;g__Porphyromonas;s__	g__Porphyromonas
e4e54c5b96c09331a3d8d0994d2edfb9	d__Bacteria;p__Actinomycetota;c__Actinobacteria;o__Actinomycetales;f__Actinomycetaceae;g__Actinomyces;s__	g__Actinomyces
0d3fe84401bd3f4835fc1c25b5cf0497	d__Bacteria;p__Bacteroidota;c__Bacteroidia;o__Bacteroidales;f__Porphyromonadaceae;g__Porphyromonas;s__	g__Porphyromonas
a8ae45be48e18701cfb2520dca3b05d2	d__Bacteria;p__Bacteroidota;c__Bacteroidia;o__Bacteroidales;f__Prevotellaceae;g__Prevotella;s__	g__Prevotella
116f4c7d48321db226183c52bcda4557	d__Bacteria;p__Fusobacteriota;c__Fusobacteriia;o__Fusobacteriales;f__Fusobacteriaceae;g__Fusobacterium;s__	g__Fusobacterium
78701739fd8158b961de6e52803d8f52	d__Bacteria;p__Pseudomonadota;c__Gammaproteobacteria;o__Burkholderiales;f__Oxalobacteraceae;g__Massilia;s__	g__Massilia
a9ddf1912d194bfc5394343a73297a6a	d__Bacteria;p__Actinomycetota;c__Actinobacteria;o__Actinomycetales;f__Actinomycetaceae;g__Schaalia;s__	g__Schaalia
0c21b4fb21cdc61123b7c42729662221	d__Bacteria;p__Bacillota;c__Bacilli;o__Staphylococcales;f__Staphylococcaceae;g__Staphylococcus;s__	g__Staphylococcus
dd44c3ba1a4ac44a8a3dbe0981fc9d40	d__Bacteria;p__Actinomycetota;c__Actinobacteria;o__Actinomycetales;f__Actinomycetaceae;g__Actinomyces;s__	g__Actinomyces
4fb5e96be0012217bafaaf1bf05b8954	d__Bacteria;p__Pseudomonadota;c__Gammaproteobacteria;o__Enterobacterales;f__Alteromonadaceae;g__Alishewanella;s__	g__Alishewanella
178e40637b7a9f1010ce767bd502b8cf	d__Bacteria;p__Patescibacteria;c__Saccharimonadia;o__Saccharimonadales;f__Saccharimonadaceae;g__Incertae_Sedis;s__	g__Incertae_Sedis
9e949c426ef9b0750d4194c93975e80f	d__Bacteria;p__Bacillota;c__Negativicutes;o__Veillonellales-Selenomonadales;f__Selenomonadaceae;g__Selenomonas;s__	g__Selenomonas
6f903cf7a249bdb6df68abf510ce4711	d__Bacteria;p__Pseudomonadota;c__Gammaproteobacteria;o__Enterobacterales;f__Yersiniaceae;g__Serratia;s__	g__Serratia
7cd1cd836a1405a86c80a3adff5ae541	d__Bacteria;p__Bacteroidota;c__Bacteroidia;o__Bacteroidales;f__Prevotellaceae;g__Segatella;s__	g__Segatella
bbbeebbcabcf0aa4562ccbfdf30ffee4	d__Bacteria;p__Bacillota;c__Bacilli;o__Lactobacillales;f__Streptococcaceae;g__Streptococcus;s__	g__Streptococcus
505ca2a04fdbf074cf8177fa3310e625	d__Bacteria;p__Bacillota;c__Bacilli;o__Staphylococcales;f__Gemellaceae;g__Gemella;s__	g__Gemella
367069391f4aadafab6edb879ca87022	d__Bacteria;p__Bacillota;c__Bacilli;o__Lactobacillales;f__Streptococcaceae;g__Streptococcus;s__	g__Streptococcus
e8c260650492b0ffadbbf9aed56b7116	d__Bacteria;p__Bacillota;c__Negativicutes;o__Veillonellales-Selenomonadales;f__Veillonellaceae;g__Veillonella;s__	g__Veillonella
2a381c347bb2ed3f34dcf2fc5cafbd52	d__Bacteria;p__Bacillota;c__Negativicutes;o__Veillonellales-Selenomonadales;f__Veillonellaceae;g__Dialister;s__	g__Dialister
cf77b35d7ae236d976495d032267ab65	d__Bacteria;p__Bacteroidota;c__Bacteroidia;o__Flavobacteriales;f__Flavobacteriaceae;g__Capnocytophaga;s__	g__Capnocytophaga
fb4f54659dd242fb5cbc4a3bdb3cac06	d__Bacteria;p__Bacteroidota;c__Bacteroidia;o__Bacteroidales;f__Prevotellaceae;g__Hoylesella;s__	g__Hoylesella
082494fb00407ceb574385fbbe984144	d__Bacteria;p__Bacillota;c__Clostridia;o__Peptostreptococcales-Tissierellales;f__Anaerovoracaceae;g__[Eubacterium]_sulci_group;s__	g__[Eubacterium]_sulci_group
5ce9f0b2a0806f37dbcfa0faf10819f0	d__Bacteria;p__Pseudomonadota;c__Gammaproteobacteria;o__Burkholderiales;f__Neisseriaceae;g__Neisseria;s__	g__Neisseria
b35794bd4417a14db93823b927c45a20	d__Bacteria;p__Bacillota;c__Clostridia;o__Oscillospirales;f__Ruminococcaceae;g__Caproiciproducens;s__	g__Caproiciproducens
6616ecc49cc3448860a1d882b3a19ddb	d__Bacteria;p__Bacillota;c__Bacilli;o__Bacillales;f__Bacillaceae;g__Priestia;s__	g__Priestia
6d5677071ad654f4c2e86d341bfda5d9	d__Bacteria;p__Bacillota;c__Clostridia;o__Lachnospirales;f__Lachnospiraceae;g__Agathobacter;s__	g__Agathobacter
fd2ad1fc0c27aed8d9d1daf2821dd8a1	d__Bacteria;p__Bacillota;c__Clostridia;o__Lachnospirales;f__Lachnospiraceae;g__Stomatobaculum;s__	g__Stomatobaculum
4726a15e245bf1f01ee4ed9f5e26aab7	d__Bacteria;p__Actinomycetota;c__Actinobacteria;o__Propionibacteriales;f__Nocardioidaceae;g__Nocardioides;s__	g__Nocardioides
305ab5cea3c9c853af3e641e7aec8a8f	d__Bacteria;p__Bacteroidota;c__Bacteroidia;o__Flavobacteriales;f__Flavobacteriaceae;g__Capnocytophaga;s__	g__Capnocytophaga
30ab31170f77683496c3e8ddbd14199d	d__Bacteria;p__Synergistota;c__Synergistia;o__Synergistales;f__Synergistaceae;g__Fretibacterium;s__	g__Fretibacterium
765ec7ba9e4c1c97624c26e8332c1d35	d__Bacteria;p__Actinomycetota;c__Actinobacteria;o__Mycobacteriales;f__Corynebacteriaceae;g__Corynebacterium;s__	g__Corynebacterium
5a06ab22f98d3626ff19ee66b89145c6	d__Bacteria;p__Bacillota;c__Clostridia;o__Peptostreptococcales-Tissierellales;f__Family_XI;g__Parvimonas;s__	g__Parvimonas
fbccb0b226b24a274e263d61d5d5f19e	d__Bacteria;p__Bacillota;c__Clostridia;o__Peptostreptococcales-Tissierellales;f__Family_XI;g__Peptoniphilus;s__	g__Peptoniphilus
69428f55e42c674e619ad407193a7c32	d__Bacteria;p__Bacteroidota;c__Bacteroidia;o__Flavobacteriales;f__Flavobacteriaceae;g__Capnocytophaga;s__	g__Capnocytophaga
724cbad432503d2e012aa3e1507ea193	d__Bacteria;p__Bacillota;c__Clostridia;o__Lachnospirales;f__Lachnospiraceae;g__Incertae_Sedis;s__	g__Incertae_Sedis
43a6a10ed7040d69bdee1e106912a743	d__Bacteria;p__Bacteroidota;c__Bacteroidia;o__Flavobacteriales;f__Flavobacteriaceae;g__Capnocytophaga;s__	g__Capnocytophaga
d1b5ca52388d493dcfba3bbba10fa6b4	d__Bacteria;p__Chloroflexota;c__Anaerolineae;o__Anaerolineales;f__Anaerolineaceae;g__Anaerolinea;s__	g__Anaerolinea
e5937029a66abea8cc18da9b37c61d37	d__Bacteria;p__Bdellovibrionota;c__Bacteriovoracia;o__Bacteriovoracales;f__Bacteriovoracaceae;g__Peredibacter;s__	g__Peredibacter
025778d1db3913b0c72c0380b66dbd14	d__Bacteria;p__Bacteroidota;c__Bacteroidia;o__Flavobacteriales;f__Weeksellaceae;g__Bergeyella;s__	g__Bergeyella
9ec7c9b3fbe6d456aaec1639aeab851c	d__Bacteria;p__Pseudomonadota;c__Gammaproteobacteria;o__Burkholderiales;f__Neisseriaceae;g__Neisseria;s__	g__Neisseria
a0bd87f2f8dc0cbc15062d87ed461668	d__Bacteria;p__Bacillota;c__Negativicutes;o__Veillonellales-Selenomonadales;f__Veillonellaceae;g__Dialister;s__	g__Dialister
a4a0524ad568cc3b74e9c59725661542	d__Bacteria;p__Bacteroidota;c__Bacteroidia;o__Bacteroidales;f__Prevotellaceae;g__Segatella;s__	g__Segatella
73370a55ebe8c5fe56f2178d03125671	d__Bacteria;p__Pseudomonadota;c__Gammaproteobacteria;o__Burkholderiales;f__Burkholderiaceae;g__Burkholderia-Caballeronia-Paraburkholderia;s__	g__Burkholderia-Caballeronia-Paraburkholderia
7aa56abe83ff4239f613f08493ced699	d__Bacteria;p__Pseudomonadota;c__Alphaproteobacteria;o__Acetobacterales;f__Acetobacteraceae;g__Roseomonas;s__	g__Roseomonas
3428e0ad4a1a4cfaa9fa61d92c48b12f	d__Bacteria;p__Bacillota;c__Negativicutes;o__Veillonellales-Selenomonadales;f__Selenomonadaceae;g__Megamonas;s__	g__Megamonas
59b6ddec4f0ff3f87600af6ca8a44f6c	d__Bacteria;p__Bacillota;c__Bacilli;o__Lactobacillales;f__Streptococcaceae;g__Streptococcus;s__	g__Streptococcus
7c3d5a4f7a454139911c68021195d767	d__Bacteria;p__Actinomycetota;c__Actinobacteria;o__Micrococcales;f__Microbacteriaceae	Unclassified
770a0004c485053efaa65106366ac2ca	d__Bacteria;p__Spirochaetota;c__Spirochaetia;o__Spirochaetales;f__Spirochaetaceae;g__Treponema;s__	g__Treponema
2439159828b78c32021f5e77100afd96	d__Bacteria;p__Bacteroidota;c__Bacteroidia;o__Bacteroidales;f__Prevotellaceae;g__Hoylesella;s__	g__Hoylesella
ab3c0e692b9df8edc43ab02be6c01247	d__Bacteria;p__Bacillota;c__Clostridia;o__Lachnospirales;f__Lachnospiraceae;g__Catonella;s__	g__Catonella
40ed091e0db58c1c05c8f246e9faabc9	d__Bacteria;p__Bacteroidota;c__Bacteroidia;o__Bacteroidales;f__Prevotellaceae;g__Hoylesella;s__	g__Hoylesella
c83a56cd8fc910981bc04ec71027659e	d__Bacteria;p__Bacillota;c__Bacilli;o__Bacillales;f__Bacillaceae;g__Bacillus;s__	g__Bacillus
467d7ae396ff33586641731b67b29561	d__Bacteria;p__Fusobacteriota;c__Fusobacteriia;o__Fusobacteriales;f__Leptotrichiaceae;g__Pseudoleptotrichia;s__	g__Pseudoleptotrichia
0c87b3a324f21f457267a07e7918f9dc	d__Bacteria;p__Bacillota;c__Clostridia;o__Lachnospirales;f__Lachnospiraceae;g__Incertae_Sedis;s__	g__Incertae_Sedis
a976469f5cc9cc2e4f6630da7cf2b3f5	d__Bacteria;p__Bacteroidota;c__Bacteroidia;o__Flavobacteriales;f__Weeksellaceae;g__Bergeyella;s__	g__Bergeyella
0e4ec49a5b9f431fea2b276b505a5f55	d__Bacteria;p__Actinomycetota;c__Actinobacteria;o__Propionibacteriales;f__Propionibacteriaceae;g__Arachnia;s__	g__Arachnia
815a2a2cb3521867ff1bb3a240add4be	d__Bacteria;p__Bacteroidota;c__Bacteroidia;o__Bacteroidales;f__Porphyromonadaceae;g__Porphyromonas;s__	g__Porphyromonas
04d2b04be7f88422f6f119d5c1444805	d__Bacteria;p__Spirochaetota;c__Spirochaetia;o__Spirochaetales;f__Spirochaetaceae;g__Treponema;s__	g__Treponema
b5fcd0925524f45df49e600aa80ceb86	d__Bacteria;p__Spirochaetota;c__Spirochaetia;o__Spirochaetales;f__Spirochaetaceae;g__Treponema;s__	g__Treponema
a279cb5af166ed5f67c78c42cd3d5b2e	d__Bacteria;p__Bacteroidota;c__Bacteroidia;o__Bacteroidales;f__Bacteroidaceae;g__Bacteroides;s__	g__Bacteroides
bacc23715e1407c800e1a85f8fd6414b	d__Bacteria;p__Spirochaetota;c__Spirochaetia;o__Spirochaetales;f__Spirochaetaceae;g__Treponema;s__	g__Treponema
55c4f1416abfdf5bd0a32481202dcbbb	d__Bacteria;p__Pseudomonadota;c__Alphaproteobacteria;o__Sphingomonadales;f__Sphingomonadaceae;g__Tsuneonella;s__	g__Tsuneonella
c8fe21565757160160ab56f8b799665d	d__Bacteria;p__Pseudomonadota;c__Gammaproteobacteria;o__Burkholderiales;f__Neisseriaceae;g__Alysiella;s__	g__Alysiella
ca88f9216e0c735b422af1a08faf7b13	d__Bacteria;p__Bacillota;c__Bacilli;o__Bacillales;f__Bacillaceae;g__Anoxybacillus;s__	g__Anoxybacillus
b2e97c17927bcfc4caa5ce55fbfd36e7	d__Bacteria;p__Bacillota;c__Clostridia;o__Christensenellales;f__Christensenellaceae;g__Christensenellaceae_R-7_group;s__	g__Christensenellaceae_R-7_group
51bab62d2167f5c10cc43714a49150e2	d__Bacteria;p__Bacteroidota;c__Bacteroidia;o__Bacteroidales;f__Prevotellaceae;g__Hoylesella;s__	g__Hoylesella
e5d005045aac6c736a224e5b50d80b54	d__Bacteria;p__Bacteroidota;c__Bacteroidia;o__Bacteroidales;f__Prevotellaceae;g__Hoylesella;s__	g__Hoylesella
a699d03501f0a4f36b9cf02a4441f79e	d__Bacteria;p__Pseudomonadota;c__Gammaproteobacteria;o__Enterobacterales;f__Pasteurellaceae;g__Haemophilus;s__	g__Haemophilus
6ad6548a26720835766dc271af2c0ef0	d__Bacteria;p__Bacteroidota;c__Bacteroidia;o__Flavobacteriales;f__Weeksellaceae;g__Empedobacter;s__	g__Empedobacter
6b98f719607304dab83f1282a63e65af	d__Bacteria;p__Bacteroidota;c__Bacteroidia;o__Bacteroidales;f__Prevotellaceae;g__Prevotella;s__	g__Prevotella
f364e96b4991a672035996b5e849703f	d__Bacteria;p__Actinomycetota;c__Coriobacteriia;o__Coriobacteriales;f__Atopobiaceae;g__Lancefieldella;s__	g__Lancefieldella
86f1ac018c97c9de7aefd59d4ab9ae44	d__Bacteria;p__Bacteroidota;c__Bacteroidia;o__Bacteroidales;f__Prevotellaceae;g__Prevotella;s__	g__Prevotella
31f6432bb8afa79f9bd133ec9f5d9f50	d__Bacteria;p__Fusobacteriota;c__Fusobacteriia;o__Fusobacteriales;f__Fusobacteriaceae;g__Fusobacterium;s__	g__Fusobacterium
d9502f5e81bcb080dfabe160264d5dd4	d__Bacteria;p__Actinomycetota;c__Actinobacteria;o__Mycobacteriales;f__Corynebacteriaceae;g__Lawsonella;s__	g__Lawsonella
1dfa01b060941dddcc884ada58993130	d__Bacteria;p__Pseudomonadota;c__Alphaproteobacteria;o__Hyphomicrobiales;f__Pleomorphomonadaceae;g__Chthonobacter;s__	g__Chthonobacter
b34307822bd8a99dcd782040f4efa767	d__Bacteria;p__Bacillota;c__Clostridia;o__Lachnospirales;f__Lachnospiraceae;g__Agathobacter;s__	g__Agathobacter
15e29241dca7f1c96f34c82c13bf6968	d__Bacteria;p__Pseudomonadota;c__Gammaproteobacteria;o__Enterobacterales;f__Alteromonadaceae;g__Rheinheimera;s__	g__Rheinheimera
342a803bca21232a8870f4686575eabe	d__Bacteria;p__Bacteroidota;c__Bacteroidia;o__Bacteroidales;f__Prevotellaceae;g__Segatella;s__	g__Segatella
99b027d47d7c70694968ff85fdde5eea	d__Bacteria;p__Actinomycetota;c__Actinobacteria;o__Mycobacteriales;f__Corynebacteriaceae;g__Lawsonella;s__	g__Lawsonella
89ce245d31396d7e3e1a39865fd04512	d__Bacteria;p__Spirochaetota;c__Spirochaetia;o__Spirochaetales;f__Spirochaetaceae;g__Treponema;s__	g__Treponema
74289f73eed9f85fb96288c6bc4a0e9d	d__Bacteria;p__Pseudomonadota;c__Gammaproteobacteria;o__Burkholderiales;f__Neisseriaceae;g__Neisseria;s__	g__Neisseria
24ea0c78ffb69613b221d4e837f5966f	d__Bacteria;p__Bacillota;c__Negativicutes;o__Veillonellales-Selenomonadales;f__Selenomonadaceae;g__Selenomonas;s__	g__Selenomonas
6b8e787cd9dacf0db253dbc6f4648950	d__Bacteria;p__Pseudomonadota;c__Gammaproteobacteria;o__Enterobacterales;f__Pasteurellaceae;g__Haemophilus;s__	g__Haemophilus
90eb4b25f95477b4509b2d33c835b540	d__Bacteria;p__Pseudomonadota;c__Gammaproteobacteria;o__Burkholderiales;f__Neisseriaceae;g__Neisseria;s__	g__Neisseria
3e7334d28704e5016181aa90d753d75a	d__Bacteria;p__Bacteroidota;c__Bacteroidia;o__Bacteroidales;f__Prevotellaceae;g__Prevotella;s__	g__Prevotella
a621b0be053fd961a59709ef4feaaee2	d__Bacteria;p__Bacteroidota;c__Bacteroidia;o__Bacteroidales;f__Prevotellaceae;g__Segatella;s__	g__Segatella
8251c6e74326659bc3713216073aa5b3	d__Bacteria;p__Planctomycetota;c__Planctomycetes;o__Isosphaerales;f__Isosphaeraceae;g__Tautonia;s__	g__Tautonia
f4bfbe40a08808166229bc209c173866	d__Bacteria;p__Bacteroidota;c__Bacteroidia;o__Bacteroidales;f__Rikenellaceae;g__Rikenellaceae_RC9_gut_group;s__	g__Rikenellaceae_RC9_gut_group
6689342a45c172614c5e3346b7b99989	d__Bacteria;p__Bacteroidota;c__Bacteroidia;o__Bacteroidales;f__Muribaculaceae;g__Incertae_Sedis;s__	g__Incertae_Sedis
a2881d1008cbf03549ecbf18e9885858	d__Bacteria;p__Bacillota;c__Bacilli;o__Lactobacillales;f__Carnobacteriaceae;g__Granulicatella;s__	g__Granulicatella
d9c6de22d7d935749e92c8ef7dc76ef2	d__Bacteria;p__Bacillota;c__Bacilli;o__Erysipelotrichales;f__Erysipelotrichaceae;g__Erysipelotrichaceae_UCG-006;s__	g__Erysipelotrichaceae_UCG-006
6361cad86f06789038f1c30d183e4a0e	d__Bacteria;p__Bacteroidota;c__Bacteroidia;o__Bacteroidales;f__Prevotellaceae;g__Alloprevotella;s__	g__Alloprevotella
837c4a50c64e932f4120a0d4293fe297	d__Bacteria;p__Pseudomonadota;c__Gammaproteobacteria;o__Enterobacterales;f__Pasteurellaceae;g__Haemophilus;s__	g__Haemophilus
c10e4198dc6c9ac1a2b48c24e3c48e8c	d__Bacteria;p__Pseudomonadota;c__Alphaproteobacteria;o__Sphingomonadales;f__Sphingomonadaceae;g__Incertae_Sedis;s__	g__Incertae_Sedis
479c03c9c679708a152f1dafc4e2166a	d__Bacteria;p__Bacillota;c__Clostridia;o__Oscillospirales;f__Ruminococcaceae;g__Incertae_Sedis;s__	g__Incertae_Sedis
3bdba8e83f0d46c1dd1b1db883216f55	d__Bacteria;p__Bacillota;c__Bacilli;o__Lactobacillales;f__Streptococcaceae;g__Streptococcus;s__	g__Streptococcus
088b1a45ee3cc895c8d4c6f6946270de	d__Bacteria;p__Bacteroidota;c__Bacteroidia;o__Bacteroidales;f__Prevotellaceae;g__Prevotella;s__	g__Prevotella
427fbc4d85a74a0111687bca89c44cdf	d__Bacteria;p__Pseudomonadota;c__Gammaproteobacteria;o__Burkholderiales;f__Neisseriaceae;g__Alysiella;s__	g__Alysiella
a1b4ad39f07a72b548d6fce2f5d92aca	d__Bacteria;p__Pseudomonadota;c__Alphaproteobacteria;o__Rhodobacterales;f__Paracoccaceae;g__Paracoccus;s__	g__Paracoccus
e33e2a5156ea0476816e7db83876b2a8	d__Bacteria;p__Planctomycetota;c__Planctomycetes;o__Pirellulales;f__Pirellulaceae;g__Incertae_Sedis;s__	g__Incertae_Sedis
100064817c15ea157164c0e40030546e	d__Bacteria;p__Bacteroidota;c__Bacteroidia;o__Bacteroidales;f__Prevotellaceae;g__Prevotella;s__	g__Prevotella
1265577d62cd2948bf2438409fd4b4af	d__Bacteria;p__Bacteroidota;c__Bacteroidia;o__Bacteroidales;f__Bacteroidaceae;g__Bacteroides;s__	g__Bacteroides
232685e030ea850998e24929019b9742	d__Bacteria;p__Actinomycetota;c__Coriobacteriia;o__Coriobacteriales;f__Coriobacteriaceae;g__Collinsella;s__	g__Collinsella
41c9a16a0ef104e67a39746dde6c11b8	d__Bacteria;p__Fusobacteriota;c__Fusobacteriia;o__Fusobacteriales;f__Leptotrichiaceae;g__Leptotrichia;s__	g__Leptotrichia
6556f00819fe78118d0e6db6c7bbadd6	d__Bacteria;p__Actinomycetota;c__Actinobacteria;o__Propionibacteriales;f__Propionibacteriaceae;g__Cutibacterium;s__	g__Cutibacterium
445d0ccd5e97af17de42432f52d9caf4	d__Bacteria;p__Actinomycetota;c__Actinobacteria;o__Micrococcales;f__Micrococcaceae;g__Rothia;s__	g__Rothia
e2cebb5944a6d8038a804e5b31004073	d__Bacteria;p__Bacillota;c__Negativicutes;o__Veillonellales-Selenomonadales;f__Selenomonadaceae;g__Selenomonas;s__	g__Selenomonas
9c16e40b10d6a15d590801c669018a62	d__Bacteria;p__Bacteroidota;c__Bacteroidia;o__Bacteroidales;f__Porphyromonadaceae;g__Porphyromonas;s__	g__Porphyromonas
49f0c5cc53a9b6eb85767fb5d88bee15	d__Bacteria;p__Bacteroidota;c__Bacteroidia;o__Bacteroidales;f__Porphyromonadaceae;g__Porphyromonas;s__	g__Porphyromonas
50d3adf1633ae2ef466c46692d6be02f	d__Bacteria;p__Campylobacterota;c__Campylobacteria;o__Campylobacterales;f__Campylobacteraceae;g__Campylobacter;s__	g__Campylobacter
407e94b8ef104a5e1b1e6809c0a52c56	d__Bacteria;p__Bacillota;c__Negativicutes;o__Veillonellales-Selenomonadales;f__Selenomonadaceae;g__Selenomonas;s__	g__Selenomonas
ff78f70d0483324a125ec3bf0bd2dbb1	d__Bacteria;p__Bacillota;c__Clostridia;o__Lachnospirales;f__Lachnospiraceae;g__Lachnospiraceae_UCG-008;s__	g__Lachnospiraceae_UCG-008
1c0a312b6be2f59b81759d38c88225d2	d__Bacteria;p__Bacteroidota;c__Bacteroidia;o__Bacteroidales;f__Prevotellaceae;g__Prevotella;s__	g__Prevotella
c6f241824f89a9db533591b9cf7e2465	d__Bacteria;p__Bacteroidota;c__Bacteroidia;o__Sphingobacteriales;f__Lentimicrobiaceae;g__Lentimicrobium;s__	g__Lentimicrobium
3be1731f7e4e7005f1d85c6c9bce6f62	d__Bacteria;p__Patescibacteria;c__Saccharimonadia;o__Saccharimonadales;f__Saccharimonadaceae;g__Incertae_Sedis;s__	g__Incertae_Sedis
0922b6ab2189fde867017d177ae901ea	d__Bacteria;p__Bacillota;c__Negativicutes;o__Veillonellales-Selenomonadales;f__Selenomonadaceae;g__Selenomonas;s__	g__Selenomonas
cbdac7455559991cffa7c4c8de8ac030	d__Bacteria;p__Pseudomonadota;c__Gammaproteobacteria;o__Enterobacterales;f__Pasteurellaceae;g__Haemophilus;s__	g__Haemophilus
ae20ac681fb74f3bc6048a2aa2f030ee	d__Bacteria;p__Pseudomonadota;c__Alphaproteobacteria;o__Hyphomicrobiales;f__Beijerinckiaceae;g__Methylobacterium;s__	g__Methylobacterium
3863880d29f02cfa90745fbfd5cdf927	d__Bacteria;p__Bacillota;c__Bacilli;o__Staphylococcales;f__Gemellaceae;g__Gemella;s__	g__Gemella
36beb88a28ced9f297c7b2ee9318afbb	d__Bacteria;p__Pseudomonadota;c__Gammaproteobacteria;o__Pseudomonadales;f__Pseudomonadaceae;g__Pseudomonas;s__	g__Pseudomonas
53ec40bca25e721e428cbeeffb222829	d__Bacteria;p__Pseudomonadota;c__Gammaproteobacteria;o__Burkholderiales;f__Alcaligenaceae;g__Achromobacter;s__	g__Achromobacter
77e6893134335c8acf10073341d6121b	d__Bacteria;p__Pseudomonadota;c__Gammaproteobacteria;o__Burkholderiales;f__Oxalobacteraceae;g__Noviherbaspirillum;s__	g__Noviherbaspirillum
7cc9d26e9bdd449a0fbcc7564bc9a5a3	d__Bacteria;p__Actinomycetota;c__Actinobacteria;o__Mycobacteriales;f__Corynebacteriaceae;g__Corynebacterium;s__	g__Corynebacterium
d315c34127d7a3b7980ae42ba4a8c152	d__Bacteria;p__Actinomycetota;c__Actinobacteria;o__Pseudonocardiales;f__Pseudonocardiaceae;g__Pseudonocardia;s__	g__Pseudonocardia
c52608315137847af8d7ccf636fafb92	d__Bacteria;p__Bacteroidota;c__Bacteroidia;o__Bacteroidales;f__Prevotellaceae;g__Prevotella;s__	g__Prevotella
b0553a7cf3e72573824b0dacf2747ae5	d__Bacteria;p__Bacillota;c__Clostridia;o__Peptostreptococcales-Tissierellales;f__Anaerovoracaceae;g__Family_XIII_AD3011_group;s__	g__Family_XIII_AD3011_group
ab60f44072fda6bab2f223deac76e38c	d__Bacteria;p__Bacteroidota;c__Bacteroidia;o__Bacteroidales;f__Dysgonomonadaceae;g__Proteiniphilum;s__	g__Proteiniphilum
f5a5bf0a75c486e334d54d7d943d02d6	d__Bacteria;p__Bacillota;c__Negativicutes;o__Veillonellales-Selenomonadales;f__Veillonellaceae;g__Megasphaera;s__	g__Megasphaera
23b1c1b1a369df9b412b3be200405b5e	d__Bacteria;p__Bacillota;c__Bacilli;o__Lactobacillales;f__Streptococcaceae;g__Streptococcus;s__	g__Streptococcus
c871efdbc36de0112cee57080b77b09f	d__Bacteria;p__Bacillota;c__Clostridia;o__Lachnospirales;f__Lachnospiraceae;g__Roseburia;s__	g__Roseburia
256a0d06b03b30606c375da5f20fb3c1	d__Bacteria;p__Bacteroidota;c__Bacteroidia;o__Sphingobacteriales;f__Sphingobacteriaceae;g__Arcticibacter;s__	g__Arcticibacter
55a261060ff0c1385e1f1c249302160e	d__Bacteria;p__Pseudomonadota;c__Gammaproteobacteria;o__Lysobacterales;f__Lysobacteraceae;g__Stenotrophomonas;s__	g__Stenotrophomonas
f4a295393ccf88acbfd3266e6bec046a	d__Bacteria;p__Bacteroidota;c__Bacteroidia;o__Bacteroidales;f__Prevotellaceae;g__Prevotella;s__	g__Prevotella
6ebc5cb4faf68e2ada2e233d4da2b7f9	d__Bacteria;p__Pseudomonadota;c__Gammaproteobacteria;o__Enterobacterales;f__Yersiniaceae;g__Serratia;s__	g__Serratia
9492bfae57bbe6477f0125c249a8ac30	d__Bacteria;p__Campylobacterota;c__Campylobacteria;o__Campylobacterales;f__Campylobacteraceae;g__Campylobacter;s__	g__Campylobacter
8efdd8394e7274ce755a7b0a3884cee5	d__Bacteria;p__Spirochaetota;c__Spirochaetia;o__Spirochaetales;f__Spirochaetaceae;g__Treponema;s__	g__Treponema
acb028fbc9c1952bae7d34c79acdd5be	d__Bacteria;p__Pseudomonadota;c__Gammaproteobacteria;o__Pseudomonadales;f__Moraxellaceae;g__Acinetobacter;s__	g__Acinetobacter
58305cfa7517e9657eaaeaa80216f08b	d__Bacteria;p__Bacteroidota;c__Bacteroidia;o__Cytophagales;f__Cyclobacteriaceae;g__Nafulsella;s__	g__Nafulsella
b1d52406ae7e8c547993a7c0603cae71	d__Bacteria;p__Bacillota;c__Clostridia;o__Lachnospirales;f__Lachnospiraceae;g__Incertae_Sedis;s__	g__Incertae_Sedis
c0170b4f7f075dd88d71476b6a64461b	d__Bacteria;p__Pseudomonadota;c__Gammaproteobacteria;o__Burkholderiales;f__Oxalobacteraceae;g__Massilia;s__	g__Massilia
182b49094c41ec9cd254fb6784203200	d__Bacteria;p__Campylobacterota;c__Campylobacteria;o__Campylobacterales;f__Campylobacteraceae;g__Campylobacter;s__	g__Campylobacter
27c04a62625ecdf762f21f7ad2ce9670	d__Bacteria;p__Bacillota;c__Clostridia;o__Lachnospirales;f__Lachnospiraceae;g__Lachnoanaerobaculum;s__	g__Lachnoanaerobaculum
dd43919a5c1ff832f2bd938187f11d63	d__Bacteria;p__Patescibacteria;c__Saccharimonadia;o__Saccharimonadales;f__Saccharimonadaceae;g__Candidatus_Saccharimonas;s__	g__Candidatus_Saccharimonas
fd3db639c3eba8d4365c4d8f449e5467	d__Bacteria;p__Pseudomonadota;c__Gammaproteobacteria;o__Burkholderiales;f__Comamonadaceae;g__Caldimonas;s__	g__Caldimonas
3a86dba20d28000d393aee5d8cf6374a	d__Bacteria;p__Fusobacteriota;c__Fusobacteriia;o__Fusobacteriales;f__Leptotrichiaceae;g__Leptotrichia;s__	g__Leptotrichia
f4c50400382025a360a4821b67d1f00c	d__Bacteria;p__Pseudomonadota;c__Gammaproteobacteria;o__Pseudomonadales;f__Moraxellaceae;g__Acinetobacter;s__	g__Acinetobacter
b7c1e72cfc7d6b6ac2e8989f6f82c136	d__Bacteria;p__Pseudomonadota;c__Gammaproteobacteria;o__Burkholderiales;f__Oxalobacteraceae;g__Massilia;s__	g__Massilia
c58cc0ff0e4b2a3126a2c7f0bd056743	d__Bacteria;p__Pseudomonadota;c__Gammaproteobacteria;o__Enterobacterales;f__Vibrionaceae;g__Vibrio;s__	g__Vibrio
f1704de8542f458d2d861fd7364ec0ee	d__Bacteria;p__Pseudomonadota;c__Gammaproteobacteria;o__Enterobacterales;f__Pasteurellaceae;g__Aggregatibacter;s__	g__Aggregatibacter
5bf4c6b80694891723318d85c355805e	d__Bacteria;p__Bacillota;c__Clostridia;o__Peptococcales;f__Peptococcaceae;g__Peptococcus;s__	g__Peptococcus
32e521f43f1f699381a43f8c1b8c27fd	d__Bacteria;p__Patescibacteria;c__Saccharimonadia;o__Saccharimonadales;f__Saccharimonadaceae;g__Incertae_Sedis;s__	g__Incertae_Sedis
a6e9838e1c633eca7696f6d426166f71	d__Bacteria;p__Synergistota;c__Synergistia;o__Synergistales;f__Synergistaceae;g__Fretibacterium;s__	g__Fretibacterium
4959e3444561edef1520e4ed1233cd3e	d__Bacteria;p__Bacteroidota;c__Bacteroidia;o__Bacteroidales;f__Prevotellaceae;g__Hoylesella;s__	g__Hoylesella
3b7bde6693d7c2c79cb7200d090757f0	d__Bacteria;p__Fusobacteriota;c__Fusobacteriia;o__Fusobacteriales;f__Fusobacteriaceae;g__Fusobacterium;s__	g__Fusobacterium
379eb6ce599eec82539c6c8741c69746	d__Bacteria;p__Pseudomonadota;c__Gammaproteobacteria;o__Burkholderiales;f__Neisseriaceae;g__Incertae_Sedis;s__	g__Incertae_Sedis
d63bfb43d9d84554a91deb908964721f	d__Bacteria;p__Bacteroidota;c__Bacteroidia;o__Flavobacteriales;f__Flavobacteriaceae;g__Capnocytophaga;s__	g__Capnocytophaga
41d885fc1420ee189a318db3b76f3110	d__Bacteria;p__Bacteroidota;c__Bacteroidia;o__Bacteroidales;f__Porphyromonadaceae;g__Porphyromonas;s__	g__Porphyromonas
1f3ecb127aee311feb1be9ff48d68b04	d__Bacteria;p__Bacteroidota;c__Bacteroidia;o__Bacteroidales;f__Prevotellaceae;g__Prevotella;s__	g__Prevotella
0337bd649f28604a30020b6dd812666f	d__Bacteria;p__Bacillota;c__Clostridia;o__Lachnospirales;f__Lachnospiraceae;g__Stomatobaculum;s__	g__Stomatobaculum
51b7f8dbcd3f9607f9a07022466a1baf	d__Bacteria;p__Bacillota;c__Negativicutes;o__Veillonellales-Selenomonadales;f__Veillonellaceae;g__Dialister;s__	g__Dialister
7f67600a6b47265e4b8186255dfb4af3	d__Bacteria;p__Bacillota;c__Bacilli;o__Erysipelotrichales;f__Erysipelotrichaceae;g__Solobacterium;s__	g__Solobacterium
a804c70872763c07866be62ec6609fac	d__Bacteria;p__Pseudomonadota;c__Alphaproteobacteria;o__Caulobacterales;f__Caulobacteraceae;g__Brevundimonas;s__	g__Brevundimonas
1d3d77afb018f8a9fb18ad86224ffce8	d__Bacteria;p__Pseudomonadota;c__Gammaproteobacteria;o__Enterobacterales;f__Yersiniaceae;g__Serratia;s__	g__Serratia
efd66d36c72f1e199ed21808f9c92a61	d__Bacteria;p__Bacillota;c__Negativicutes;o__Veillonellales-Selenomonadales;f__Veillonellaceae;g__Veillonella;s__	g__Veillonella
bdda2deb23591903e2853b39947ff75a	d__Bacteria;p__Pseudomonadota;c__Gammaproteobacteria;o__Enterobacterales;f__Pasteurellaceae;g__Haemophilus;s__	g__Haemophilus
962423423c39e413be8bdac7947b6cc7	d__Bacteria;p__Bacillota;c__Bacilli;o__Staphylococcales;f__Staphylococcaceae;g__Staphylococcus;s__	g__Staphylococcus
4b9e42f8e8b1a116704054cc268401d3	d__Bacteria;p__Bacillota;c__Bacilli;o__Lactobacillales;f__Streptococcaceae;g__Streptococcus;s__	g__Streptococcus
d84cc861c1e6415a83e00d046e290f36	d__Bacteria;p__Bacteroidota;c__Bacteroidia;o__Bacteroidales;f__Prevotellaceae;g__Alloprevotella;s__	g__Alloprevotella
14ddce0fc97feeccaedd33ff2bf86878	d__Bacteria;p__Bacillota;c__Clostridia;o__Peptostreptococcales-Tissierellales;f__Anaerovoracaceae;g__Family_XIII_UCG-001;s__	g__Family_XIII_UCG-001
5c27ac7a7832b256dda30c40a9412433	d__Bacteria;p__Pseudomonadota;c__Alphaproteobacteria;o__Rhodobacterales;f__Paracoccaceae;g__Paracoccus;s__	g__Paracoccus
e1bda6bc4d092f21c2d152de4a43c9f9	d__Bacteria;p__Bacteroidota;c__Bacteroidia;o__Bacteroidales;f__Porphyromonadaceae;g__Porphyromonas;s__	g__Porphyromonas
c0c1d7a8d0d51a53a57ae1bb5df4b802	d__Bacteria;p__Bacillota;c__Bacilli;o__Staphylococcales;f__Gemellaceae;g__Gemella;s__	g__Gemella
3255ec2db52fd84847c68487e2c42429	d__Bacteria;p__Campylobacterota;c__Campylobacteria;o__Campylobacterales;f__Campylobacteraceae;g__Campylobacter;s__	g__Campylobacter
9d67191624d67b3ab924c46614a191ff	d__Bacteria;p__Bacillota;c__Clostridia;o__Lachnospirales;f__Lachnospiraceae;g__Johnsonella;s__	g__Johnsonella
7e4955b231fa34b129d82bbffb702499	d__Bacteria;p__Fusobacteriota;c__Fusobacteriia;o__Fusobacteriales;f__Leptotrichiaceae;g__Leptotrichia;s__	g__Leptotrichia
520c812cade28465c0cffc0302f5d26e	d__Bacteria;p__Actinomycetota;c__Actinobacteria;o__Propionibacteriales;f__Propionibacteriaceae;g__Cutibacterium;s__	g__Cutibacterium
28c0c67a29e777d35e5925448e5b8a92	d__Bacteria;p__Bacillota;c__Clostridia;o__Lachnospirales;f__Lachnospiraceae;g__Oribacterium;s__	g__Oribacterium
8cdbfd66f3cfe2e499b21294d9057e2c	d__Bacteria;p__Bacteroidota;c__Bacteroidia;o__Bacteroidales;f__Porphyromonadaceae;g__Porphyromonas;s__	g__Porphyromonas
a05559b82f056953aa74706a8f83dd63	d__Bacteria;p__Pseudomonadota;c__Gammaproteobacteria;o__Enterobacterales;f__Pasteurellaceae;g__Aggregatibacter;s__	g__Aggregatibacter
68916593c0df893feefde312467d114b	d__Bacteria;p__Pseudomonadota;c__Gammaproteobacteria;o__Enterobacterales;f__Yersiniaceae;g__Serratia;s__	g__Serratia
bfb9434ac5601dd209ab0e05cd368d8e	d__Bacteria;p__Pseudomonadota;c__Gammaproteobacteria;o__Enterobacterales;f__Yersiniaceae;g__Serratia;s__	g__Serratia
dd8126d2e6da86bce9d9beb5057c439b	d__Bacteria;p__Fusobacteriota;c__Fusobacteriia;o__Fusobacteriales;f__Leptotrichiaceae;g__Pseudoleptotrichia;s__	g__Pseudoleptotrichia
fa7b7c3257ac13ffc59c96058386a0e6	d__Bacteria;p__Fusobacteriota;c__Fusobacteriia;o__Fusobacteriales;f__Fusobacteriaceae;g__Fusobacterium;s__	g__Fusobacterium
3fd33ee805f892812b2ce6fe91002242	d__Bacteria;p__Bacillota;c__Clostridia;o__Clostridia_vadinBB60_group;f__Incertae_Sedis;g__Incertae_Sedis;s__	g__Incertae_Sedis
ac41646a0399773e7b5aaf14697c7196	d__Bacteria;p__Pseudomonadota;c__Gammaproteobacteria;o__Pseudomonadales;f__Moraxellaceae;g__Acinetobacter;s__	g__Acinetobacter
f46aeaa4ddfa3a1efa9347d666d002c7	d__Bacteria;p__Bacillota;c__Bacilli;o__Lactobacillales;f__P5D1-392;g__Incertae_Sedis;s__	g__Incertae_Sedis
49789ccdb0ba7f1594e8b9de6418037f	d__Bacteria;p__Bacillota;c__Negativicutes;o__Veillonellales-Selenomonadales;f__Veillonellaceae;g__Veillonella;s__	g__Veillonella
6ee7427c37dab73d35505291236550e0	d__Bacteria;p__Bacillota;c__Bacilli;o__Lactobacillales;f__Carnobacteriaceae;g__Granulicatella;s__	g__Granulicatella
0e4f55700d1abda1e25555d8ebc9ece7	d__Bacteria;p__Fusobacteriota;c__Fusobacteriia;o__Fusobacteriales;f__Leptotrichiaceae;g__Pseudoleptotrichia;s__	g__Pseudoleptotrichia
2911a80718fb5485a7be1453fb1a07fc	d__Bacteria;p__Bacillota;c__Bacilli;o__Lactobacillales;f__Streptococcaceae;g__Streptococcus;s__	g__Streptococcus
6639bb4bed6df3dda3fec36c59d9d987	d__Bacteria;p__Bacteroidota;c__Bacteroidia;o__Bacteroidales;f__Prevotellaceae;g__Incertae_Sedis;s__	g__Incertae_Sedis
1ee6a94767ee470254a5ac34854973df	d__Bacteria;p__Actinomycetota;c__Coriobacteriia;o__Coriobacteriales;f__Atopobiaceae;g__Lancefieldella;s__	g__Lancefieldella
8e67c5e936fc5d8bd6a8a97433db91da	d__Bacteria;p__Actinomycetota;c__Actinobacteria;o__Mycobacteriales;f__Corynebacteriaceae;g__Corynebacterium;s__	g__Corynebacterium
41c80a3e43975ea61fdeaee24c108c17	d__Bacteria;p__Bacteroidota;c__Bacteroidia;o__Bacteroidales;f__Prevotellaceae;g__Segatella;s__	g__Segatella
876b1bba3461b7dcf5fe1e9e53ccea54	d__Bacteria;p__Bacillota;c__Negativicutes;o__Veillonellales-Selenomonadales;f__Selenomonadaceae;g__Selenomonas;s__	g__Selenomonas
ba33108cdb79e3f175aa741b33a7eeed	d__Bacteria;p__Pseudomonadota;c__Gammaproteobacteria;o__Salinisphaerales;f__Nevskiaceae;g__Nevskia;s__	g__Nevskia
43d179f3d57948a5739beb20eb2e3b5c	d__Bacteria;p__Actinomycetota;c__Actinobacteria;o__Propionibacteriales;f__Propionibacteriaceae;g__Cutibacterium;s__	g__Cutibacterium
6695ffb0deb771c73d0ed792e1459191	d__Bacteria;p__Bacillota;c__Clostridia;o__Peptostreptococcales-Tissierellales;f__Family_XI;g__Anaerococcus;s__	g__Anaerococcus
08dacdf9675bd950fbbf02659877e240	d__Bacteria;p__Bacteroidota;c__Bacteroidia;o__Bacteroidales;f__Bacteroidaceae;g__Bacteroides;s__	g__Bacteroides
78d7043b77d12dffb7766028d5a4b1eb	d__Bacteria;p__Bacteroidota;c__Bacteroidia;o__Bacteroidales;f__Bacteroidaceae;g__Bacteroides;s__	g__Bacteroides
fb581a5de46bfc17f4009bf50322b89c	d__Bacteria;p__Bacillota;c__Negativicutes;o__Veillonellales-Selenomonadales;f__Selenomonadaceae;g__Selenomonas;s__	g__Selenomonas
9f04d125aa2b08b00d27663f09baf090	d__Bacteria;p__Pseudomonadota;c__Gammaproteobacteria;o__Burkholderiales;f__Neisseriaceae;g__Alysiella;s__	g__Alysiella
d56f82a838c0faf262fb058e640a39f8	d__Bacteria;p__Campylobacterota;c__Campylobacteria;o__Campylobacterales;f__Campylobacteraceae;g__Campylobacter;s__	g__Campylobacter
fb0e6fab8aa56ffd74236a7f6cdb0277	d__Bacteria;p__Bacteroidota;c__Bacteroidia;o__Flavobacteriales;f__Weeksellaceae;g__Bergeyella;s__	g__Bergeyella
9a580098b9910e3e71e230b8067203cc	d__Bacteria;p__Bacillota;c__Clostridia;o__Peptostreptococcales-Tissierellales;f__Family_XI;g__Peptoniphilus;s__	g__Peptoniphilus
6dd32e33c78a21fef169e6423c91dfcd	d__Bacteria;p__Bacillota;c__Clostridia;o__Oscillospirales;f__Oscillospiraceae;g__Oscillibacter;s__	g__Oscillibacter
8ff36432554322f3e99c58c56bb804ea	d__Bacteria;p__Campylobacterota;c__Campylobacteria;o__Campylobacterales;f__Campylobacteraceae;g__Campylobacter;s__	g__Campylobacter
113555399e01755a26ac184cd3f8514c	d__Bacteria;p__Bacillota;c__Bacilli;o__Lactobacillales;f__Streptococcaceae;g__Streptococcus;s__	g__Streptococcus
486914961d5be843c4b44715ba0c46de	d__Bacteria;p__Bacillota;c__Bacilli;o__Lactobacillales;f__Streptococcaceae;g__Streptococcus;s__	g__Streptococcus
a15bf9558722a806cff048b3685cbfce	d__Bacteria;p__Bacteroidota;c__Bacteroidia;o__Bacteroidales;f__Rikenellaceae;g__Rikenellaceae_RC9_gut_group;s__	g__Rikenellaceae_RC9_gut_group
b9965873e3e719546e8afd00949befaa	d__Bacteria;p__Patescibacteria;c__Gracilibacteria;o__Absconditabacteriales_(SR1);f__Incertae_Sedis;g__Incertae_Sedis;s__	g__Incertae_Sedis
410867558334dcec69169e7411bff2a4	d__Bacteria;p__Bacillota;c__Clostridia;o__Lachnospirales;f__Lachnospiraceae;g__Stomatobaculum;s__	g__Stomatobaculum
653e6bfe09856bb4a1d450f9b3f9e0d1	d__Bacteria;p__Pseudomonadota;c__Gammaproteobacteria;o__Burkholderiales;f__Neisseriaceae;g__Neisseria;s__	g__Neisseria
e15e5dd85c8e17a16da3f99df0341ba3	d__Bacteria;p__Bacillota;c__Clostridia;o__Lachnospirales;f__Lachnospiraceae;g__Shuttleworthia;s__	g__Shuttleworthia
ff805e637b37fa7d89d8836b25d1486a	d__Bacteria;p__Pseudomonadota;c__Gammaproteobacteria;o__Burkholderiales;f__Neisseriaceae;g__Neisseria;s__	g__Neisseria
d767471374706b6513d6e76c8478e04e	d__Bacteria;p__Bacteroidota;c__Bacteroidia;o__Bacteroidales;f__Bacteroidaceae;g__Bacteroides;s__	g__Bacteroides
a525b3b755ba3993d69c2c95854b772b	d__Bacteria;p__Spirochaetota;c__Spirochaetia;o__Spirochaetales;f__Spirochaetaceae;g__Treponema;s__	g__Treponema
cf5540de58cc86fb4906893317c1de47	d__Bacteria;p__Fusobacteriota;c__Fusobacteriia;o__Fusobacteriales;f__Fusobacteriaceae;g__Fusobacterium;s__	g__Fusobacterium
8682682a79a9a48a03b389b842bd84b1	d__Bacteria;p__Pseudomonadota;c__Gammaproteobacteria;o__Burkholderiales;f__Comamonadaceae;g__Incertae_Sedis;s__	g__Incertae_Sedis
9ebc06815e43f9d1537cc1e77ecee46f	d__Bacteria;p__Bacillota;c__Bacilli;o__Lactobacillales;f__Lactobacillaceae;g__Lactobacillus;s__	g__Lactobacillus
5d2223525a855dc1a3776ba803b4c47f	d__Bacteria;p__Bacillota;c__Bacilli;o__Lactobacillales;f__Streptococcaceae;g__Streptococcus;s__	g__Streptococcus
086a615e96b847097c6e8498533e6b7d	d__Bacteria;p__Pseudomonadota;c__Gammaproteobacteria;o__Pseudomonadales;f__Pseudomonadaceae;g__Pseudomonas;s__	g__Pseudomonas
6d251606a78fd6b8c15bcebcbb938622	d__Bacteria;p__Bacteroidota;c__Bacteroidia;o__Bacteroidales;f__Prevotellaceae;g__Prevotella;s__	g__Prevotella
a23b3134abd1c3eef5ffc9f1ca8189c1	d__Bacteria;p__Campylobacterota;c__Campylobacteria;o__Campylobacterales;f__Campylobacteraceae;g__Campylobacter;s__	g__Campylobacter
1760c36c253786a03f1c6a75a76f48ed	d__Bacteria;p__Bacillota;c__Clostridia;o__Peptostreptococcales-Tissierellales;f__Peptostreptococcaceae;g__Peptostreptococcus;s__	g__Peptostreptococcus
412ca3fdd2e22c50e71ae70313a0b9c6	d__Bacteria;p__Campylobacterota;c__Campylobacteria;o__Campylobacterales;f__Campylobacteraceae;g__Campylobacter;s__	g__Campylobacter
509c3eed07e29b49a5e1c4be1547b33b	d__Bacteria;p__Bacteroidota;c__Bacteroidia;o__Bacteroidales;f__Prevotellaceae;g__Hoylesella;s__	g__Hoylesella
d3013c6a6c06bdc2a5ca5d4fc2c47fff	d__Bacteria;p__Actinomycetota;c__Actinobacteria;o__Micrococcales;f__Micrococcaceae;g__Rothia;s__	g__Rothia
25fb15297c87eed576277b3ce8482acf	d__Bacteria;p__Spirochaetota;c__Spirochaetia;o__Spirochaetales;f__Spirochaetaceae;g__Treponema;s__	g__Treponema
58d77a27569adb567c806395b2962ef6	d__Bacteria;p__Pseudomonadota;c__Gammaproteobacteria;o__Pseudomonadales;f__Moraxellaceae;g__Acinetobacter;s__	g__Acinetobacter
1c6a01fb3d872eaf7ad1161b92842d1f	d__Bacteria;p__Bacillota;c__Clostridia;o__Lachnospirales;f__Lachnospiraceae;g__Anaerobutyricum;s__	g__Anaerobutyricum
84c8fbdec3c0849e0ca83b35aa2d1c99	d__Bacteria;p__Bacteroidota;c__Bacteroidia;o__Bacteroidales;f__Williamwhitmaniaceae;g__Blvii28_wastewater-sludge_group;s__	g__Blvii28_wastewater-sludge_group
2d12e2a834cd7a34e16a23a344fb6ef8	d__Bacteria;p__Spirochaetota;c__Spirochaetia;o__Spirochaetales;f__Spirochaetaceae;g__Treponema;s__	g__Treponema
ee2bd3990bc36d903b45fdc2dc49ff80	d__Bacteria;p__Pseudomonadota;c__Gammaproteobacteria;o__Enterobacterales;f__Yersiniaceae;g__Serratia;s__	g__Serratia
8ac6c4a94a5f9419b12aa95755283395	d__Bacteria;p__Bacillota;c__Clostridia;o__Peptostreptococcales-Tissierellales;f__Family_XI;g__Parvimonas;s__	g__Parvimonas
ebad85a37ca901ccad710dce948ab09d	d__Bacteria;p__Pseudomonadota;c__Gammaproteobacteria;o__Burkholderiales;f__Neisseriaceae;g__Neisseria;s__	g__Neisseria
7e1e23ac5c975a88e2f160c43b90e773	d__Bacteria;p__Bacteroidota;c__Bacteroidia;o__Flavobacteriales;f__Flavobacteriaceae;g__Capnocytophaga;s__	g__Capnocytophaga
f5cdd82720cdc402d9d8ddf5f39fc400	d__Bacteria;p__Bacillota;c__Bacilli;o__Mycoplasmatales;f__Mycoplasmataceae;g__Mycoplasma;s__	g__Mycoplasma
305b5020a803b9a149af4b646fb9415b	d__Bacteria;p__Bacteroidota;c__Bacteroidia;o__Flavobacteriales;f__Flavobacteriaceae;g__Capnocytophaga;s__	g__Capnocytophaga
6c390cfbd5994f20e7e3d7459b9c3c5a	d__Bacteria;p__Pseudomonadota;c__Gammaproteobacteria;o__Burkholderiales;f__Neisseriaceae;g__Neisseria;s__	g__Neisseria
dd591c9089853af05f1a4ad070b32465	d__Bacteria;p__Bacillota;c__Bacilli;o__Lactobacillales;f__Carnobacteriaceae;g__Granulicatella;s__	g__Granulicatella
305e87ad6600cb342487f888c09c0e7c	d__Bacteria;p__Spirochaetota;c__Spirochaetia;o__Spirochaetales;f__Spirochaetaceae;g__Treponema;s__	g__Treponema
3ffccad2f909d738d95a6e76b0bd8ac4	d__Bacteria;p__Actinomycetota;c__Actinobacteria;o__Actinomycetales;f__Actinomycetaceae;g__Schaalia;s__	g__Schaalia
30625602c27c5883681f3967963d9810	d__Bacteria;p__Bacillota;c__Clostridia;o__Lachnospirales;f__Lachnospiraceae;g__Mediterraneibacter;s__	g__Mediterraneibacter
a42b924b2dd95ac26e624e9069765d8b	d__Bacteria;p__Bacillota;c__Clostridia;o__Lachnospirales;f__Lachnospiraceae;g__Blautia;s__	g__Blautia
391d55f07491f43159b1ebe996923a63	d__Bacteria;p__Actinomycetota;c__Actinobacteria;o__Bifidobacteriales;f__Bifidobacteriaceae;g__Bifidobacterium;s__	g__Bifidobacterium
dedfd01b4a305057ff052a7f389c07fb	d__Bacteria;p__Spirochaetota;c__Spirochaetia;o__Spirochaetales;f__Spirochaetaceae;g__Treponema;s__	g__Treponema
9934ee5302956c069daeaed108b25567	d__Bacteria;p__Bacteroidota;c__Bacteroidia;o__Bacteroidales;f__Prevotellaceae;g__Incertae_Sedis;s__	g__Incertae_Sedis
1bdb115c00ddc239138d5584864a568f	d__Bacteria;p__Spirochaetota;c__Spirochaetia;o__Spirochaetales;f__Spirochaetaceae;g__Treponema;s__	g__Treponema
d4de23ee7073ec0fbe9b5d5dc9953493	d__Bacteria;p__Bacillota;c__Clostridia;o__Lachnospirales;f__Lachnospiraceae;g__Moryella;s__	g__Moryella
6be7c68e8d65d344ccc57844035426b8	d__Bacteria;p__Bacteroidota;c__Bacteroidia;o__Bacteroidales;f__Prevotellaceae;g__Prevotellaceae_NK3B31_group;s__	g__Prevotellaceae_NK3B31_group
e453b5df6b6d961d547b0760711729d0	d__Bacteria;p__Bacteroidota;c__Bacteroidia;o__Bacteroidales;f__Porphyromonadaceae;g__Porphyromonas;s__	g__Porphyromonas
5b7ef5f84fa313354e4b964d977f64e2	d__Bacteria;p__Bacillota;c__Clostridia;o__Christensenellales;f__Christensenellaceae;g__Christensenellaceae_R-7_group;s__	g__Christensenellaceae_R-7_group
c03a4c26004cb8b1ab92545a1b0ac35f	d__Bacteria;p__Pseudomonadota;c__Gammaproteobacteria;o__Enterobacterales;f__Pasteurellaceae;g__Haemophilus;s__	g__Haemophilus
bd4c17a519e3fc5f4a9e427a9a12a8a5	d__Bacteria;p__Pseudomonadota;c__Gammaproteobacteria;o__Enterobacterales;f__Yersiniaceae;g__Serratia;s__	g__Serratia
5f95a17c26dbbcb8cf5f16c4c2f3286a	d__Bacteria;p__Bacillota;c__Negativicutes;o__Veillonellales-Selenomonadales;f__Veillonellaceae;g__Veillonella;s__	g__Veillonella
db881d997cf8d7eb8bf2d3acbecebc95	d__Bacteria;p__Bacillota;c__Bacilli;o__Lactobacillales;f__Streptococcaceae;g__Streptococcus;s__	g__Streptococcus
25bbdd00998e633402bf7f547a6194f0	d__Bacteria;p__Pseudomonadota;c__Gammaproteobacteria;o__Burkholderiales;f__Sutterellaceae;g__Sutterella;s__	g__Sutterella
519be7ac4fc23c57e6ee7227305e8450	d__Bacteria;p__Patescibacteria;c__Saccharimonadia;o__Saccharimonadales;f__Incertae_Sedis;g__Incertae_Sedis;s__	g__Incertae_Sedis
850217c367fab54417480b6f0828211f	d__Bacteria;p__Pseudomonadota;c__Gammaproteobacteria;o__Pseudomonadales;f__Moraxellaceae;g__Acinetobacter;s__	g__Acinetobacter
7f4ce49aa24bd804e1e39038bf78ec1d	d__Bacteria;p__Pseudomonadota;c__Gammaproteobacteria;o__Burkholderiales;f__Neisseriaceae;g__Neisseria;s__	g__Neisseria
208068407c6a3ad9748d38ec1b10270c	d__Bacteria;p__Fusobacteriota;c__Fusobacteriia;o__Fusobacteriales;f__Leptotrichiaceae;g__Pseudoleptotrichia;s__	g__Pseudoleptotrichia
21764002529cc6b0193fb5531477b821	d__Bacteria;p__Bacillota;c__Clostridia;o__Lachnospirales;f__Lachnospiraceae;g__Hungatella;s__	g__Hungatella
f3c1b2b8462339689ded61ffbc40af4e	d__Bacteria;p__Bacillota;c__Clostridia;o__Clostridia_vadinBB60_group;f__Incertae_Sedis;g__Incertae_Sedis;s__	g__Incertae_Sedis
8df372872e4dfc471d32d928ae145cfd	d__Bacteria;p__Actinomycetota;c__Actinobacteria;o__Actinomycetales;f__Actinomycetaceae;g__Schaalia;s__	g__Schaalia
b27ab787863ac28571588240c95d3b32	d__Bacteria;p__Bacillota;c__Clostridia;o__Lachnospirales;f__Lachnospiraceae;g__Johnsonella;s__	g__Johnsonella
df86c8d72fedb362bd2c30944400bf90	d__Bacteria;p__Fusobacteriota;c__Fusobacteriia;o__Fusobacteriales;f__Fusobacteriaceae;g__Fusobacterium;s__	g__Fusobacterium
2e8a898d0140cb73c127727bd558b434	d__Bacteria;p__Bacillota;c__Bacilli;o__Staphylococcales;f__Staphylococcaceae;g__Staphylococcus;s__	g__Staphylococcus
ca5cb57bb44ce29316ef7862208fa8a9	d__Bacteria;p__Bacillota;c__Negativicutes;o__Veillonellales-Selenomonadales;f__Selenomonadaceae;g__Megamonas;s__	g__Megamonas
145825589849c5c6d44bc400a3ec8fa5	d__Bacteria;p__Actinomycetota;c__Actinobacteria;o__Micrococcales;f__Brevibacteriaceae;g__Brevibacterium;s__	g__Brevibacterium
8e29f91e0f197712ae822ba588017df2	d__Bacteria;p__Thermodesulfobacteriota;c__Desulfovibrionia;o__Desulfovibrionales;f__Desulfovibrionaceae;g__Bilophila;s__	g__Bilophila
a19d8f6e23706fb44aac38756461cc17	d__Bacteria;p__Pseudomonadota;c__Gammaproteobacteria;o__Enterobacterales;f__Pasteurellaceae;g__Haemophilus;s__	g__Haemophilus
106fd6b268b30ab260e69de0028a5d99	d__Bacteria;p__Bacillota;c__Bacilli;o__Bacillales;f__Bacillaceae;g__Anoxybacillus;s__	g__Anoxybacillus
8f2ca92d13c33d3927c9c65be6a2dc96	d__Bacteria;p__Pseudomonadota;c__Gammaproteobacteria;o__Enterobacterales;f__Yersiniaceae;g__Serratia;s__	g__Serratia
9ecb68af94f534122c695910d109d8e0	d__Bacteria;p__Bacillota;c__Negativicutes;o__Veillonellales-Selenomonadales;f__Veillonellaceae;g__Veillonella;s__	g__Veillonella
7eabf5126da7e8e1f71db969bff89c56	d__Bacteria;p__Bacteroidota;c__Bacteroidia;o__Bacteroidales;f__Prevotellaceae;g__Segatella;s__	g__Segatella
7622998557d1c47e2fc2d78ab4e0c37d	d__Bacteria;p__Actinomycetota;c__Thermoleophilia;o__Solirubrobacterales;f__67-14;g__Incertae_Sedis;s__	g__Incertae_Sedis
5c69f705d8c0ec621a9930c0ced9d51e	d__Bacteria;p__Bacteroidota;c__Bacteroidia;o__Flavobacteriales;f__Flavobacteriaceae;g__Capnocytophaga;s__	g__Capnocytophaga
24065868fbfba081f95b1d7efd6a1128	d__Bacteria;p__Pseudomonadota;c__Gammaproteobacteria;o__Enterobacterales;f__Yersiniaceae;g__Serratia;s__	g__Serratia
eac053753a5dd25cb34e14d227978586	d__Bacteria;p__Bacteroidota;c__Bacteroidia;o__Bacteroidales;f__Bacteroidaceae;g__Bacteroides;s__	g__Bacteroides
d285c2587d59a43bb73d03a515d32786	d__Bacteria;p__Bacillota;c__Clostridia;o__Oscillospirales;f__Ruminococcaceae;g__Faecalibacterium;s__	g__Faecalibacterium
8e1cd1191a496b263493b2eee0223c56	d__Bacteria;p__Pseudomonadota;c__Gammaproteobacteria;o__Enterobacterales;f__Yersiniaceae;g__Serratia;s__	g__Serratia
d171b2bfff77773ddd8b99a1f7eeb7a0	d__Bacteria;p__Bacillota;c__Bacilli;o__Brevibacillales;f__Brevibacillaceae;g__Brevibacillus;s__	g__Brevibacillus
716ff43516f07b532ef9501ca30693df	d__Bacteria;p__Pseudomonadota;c__Gammaproteobacteria;o__Enterobacterales;f__Yersiniaceae;g__Serratia;s__	g__Serratia
1ce606dfda510d77b332fdb67d6b4357	d__Bacteria;p__Bacillota;c__Clostridia;o__Lachnospirales;f__Lachnospiraceae;g__Enterocloster;s__	g__Enterocloster
ec572dd1b94fe1a6df9bab660cc98765	d__Bacteria;p__Bacillota;c__Clostridia;o__Lachnospirales;f__Lachnospiraceae;g__Blautia;s__	g__Blautia
12747b2c23f937965928a95ec7b7e5a0	d__Bacteria;p__Pseudomonadota;c__Gammaproteobacteria;o__Enterobacterales;f__Pasteurellaceae;g__Haemophilus;s__	g__Haemophilus
ffe9debff4e6305321367ced28002ca8	d__Bacteria;p__Pseudomonadota;c__Gammaproteobacteria;o__Burkholderiales;f__Neisseriaceae;g__Neisseria;s__	g__Neisseria
6ea1e43ab04e2b7eb4c28910877d959c	d__Bacteria;p__Pseudomonadota;c__Gammaproteobacteria;o__Enterobacterales;f__Yersiniaceae;g__Serratia;s__	g__Serratia
16891d3d4d358c3e0e87c7b1afba3238	d__Bacteria;p__Pseudomonadota;c__Gammaproteobacteria;o__Pseudomonadales;f__Moraxellaceae;g__Acinetobacter;s__	g__Acinetobacter
075300375739274295ad44d07c050bd9	d__Bacteria;p__Bacillota;c__Bacilli;o__Staphylococcales;f__Gemellaceae;g__Gemella;s__	g__Gemella
0147d244e6de33155de4fb69ab77a50c	d__Bacteria;p__Bacillota;c__Bacilli;o__Lactobacillales;f__Streptococcaceae;g__Streptococcus;s__	g__Streptococcus
03de0e73d5a3d0d6ef1610d3c7d57093	d__Bacteria;p__Bacillota;c__Bacilli;o__Lactobacillales;f__Streptococcaceae;g__Streptococcus;s__	g__Streptococcus
3b658de37eb87a703a8deeecb3fad15e	d__Bacteria;p__Bacillota;c__Negativicutes;o__Veillonellales-Selenomonadales;f__Veillonellaceae;g__Veillonella;s__	g__Veillonella
d011d0eea023fe6bcad0e5e6238ce7bf	d__Bacteria;p__Pseudomonadota;c__Alphaproteobacteria;o__Caulobacterales;f__Caulobacteraceae;g__Phenylobacterium;s__	g__Phenylobacterium
c6c322c0818876597c6db6a92204622b	d__Bacteria;p__Bacillota;c__Bacilli;o__Lactobacillales;f__Streptococcaceae;g__Streptococcus;s__	g__Streptococcus
cf6c4d05971e9ba19c18aef41b27cdab	d__Bacteria;p__Bacteroidota;c__Bacteroidia;o__Flavobacteriales;f__Weeksellaceae;g__Cloacibacterium;s__	g__Cloacibacterium
029893eb658aa9b21143e29a610d8f52	d__Bacteria;p__Bacillota;c__Clostridia;o__Oscillospirales;f__Ruminococcaceae;g__Incertae_Sedis;s__	g__Incertae_Sedis
a7ad1e95a85b52cb69702da1d96d967c	d__Bacteria;p__Pseudomonadota;c__Gammaproteobacteria;o__Lysobacterales;f__Lysobacteraceae;g__Lysobacter;s__	g__Lysobacter
5e2293f167c9315fd37239ab03ab831f	d__Bacteria;p__Bacteroidota;c__Bacteroidia;o__Chitinophagales;f__Chitinophagaceae	Unclassified
9cfdf4dc3ba684b59bb1eea11bd06cc3	d__Bacteria;p__Pseudomonadota;c__Gammaproteobacteria;o__Lysobacterales;f__Lysobacteraceae;g__Stenotrophomonas;s__	g__Stenotrophomonas
81e912a29942a6a98715d282698b6a6c	d__Bacteria;p__Bacillota;c__Clostridia;o__Peptostreptococcales-Tissierellales;f__Family_XI;g__Anaerococcus;s__	g__Anaerococcus
2e6384429c7457431f62594897810988	d__Bacteria;p__Bacteroidota;c__Bacteroidia;o__Bacteroidales;f__Prevotellaceae;g__Hoylesella;s__	g__Hoylesella
be7d5962493ee6334b9c63a205a60cc0	d__Bacteria;p__Fusobacteriota;c__Fusobacteriia;o__Fusobacteriales;f__Leptotrichiaceae;g__Leptotrichia;s__	g__Leptotrichia
0dec364b4ee16c79272c0da4d69b3c55	d__Bacteria;p__Bacillota;c__Clostridia;o__Peptostreptococcales-Tissierellales;f__Anaerovoracaceae;g__Family_XIII_UCG-001;s__	g__Family_XIII_UCG-001
39c719e3eb92f657b30b55cfa749d5d9	d__Bacteria;p__Actinomycetota;c__Actinobacteria;o__Propionibacteriales;f__Nocardioidaceae;g__Nocardioides;s__	g__Nocardioides
48b9e8f1aaf905463072bcbaef8262d0	d__Bacteria;p__Bacillota;c__Bacilli;o__Lactobacillales;f__Streptococcaceae;g__Streptococcus;s__	g__Streptococcus
8793e9438783e174eb0535debc501a3b	d__Bacteria;p__Actinomycetota;c__Actinobacteria;o__Propionibacteriales;f__Propionibacteriaceae;g__Cutibacterium;s__	g__Cutibacterium
59844ec43fc8f96fc48c4a87275604ad	d__Bacteria;p__Bacillota;c__Bacilli;o__Staphylococcales;f__Gemellaceae;g__Gemella;s__	g__Gemella
937337708022dea62a86bb62137cf0ca	d__Bacteria;p__Bacteroidota;c__Bacteroidia;o__Bacteroidales;f__Bacteroidaceae;g__Bacteroides;s__	g__Bacteroides
d24fd479c89ab2a1209f0fafc0b4edb6	d__Bacteria;p__Bacillota;c__Negativicutes;o__Veillonellales-Selenomonadales;f__Veillonellaceae;g__Veillonella;s__	g__Veillonella
dc62edc435fed14f83d5ddd89da8f50b	d__Bacteria;p__Bacteroidota;c__Bacteroidia;o__Flavobacteriales;f__Weeksellaceae;g__Bergeyella;s__	g__Bergeyella
f8df46cf4992919e77d77b26e22aaf11	d__Bacteria;p__Actinomycetota;c__Actinobacteria;o__Mycobacteriales;f__Mycobacteriaceae;g__Mycobacterium;s__	g__Mycobacterium
5c3b901aad625859e7cff3e7897bbd5e	d__Bacteria;p__Fusobacteriota;c__Fusobacteriia;o__Fusobacteriales;f__Fusobacteriaceae;g__Fusobacterium;s__	g__Fusobacterium
12ba71bddb80966197192d198719f4b9	d__Bacteria;p__Pseudomonadota;c__Gammaproteobacteria;o__Enterobacterales;f__Pasteurellaceae;g__Haemophilus;s__	g__Haemophilus
6fbc7668bb028ba850bf97ce0de98c6a	d__Bacteria;p__Actinomycetota;c__Actinobacteria;o__Propionibacteriales;f__Propionibacteriaceae;g__Cutibacterium;s__	g__Cutibacterium
cb9c4b9c3c95b8f961c4ddf339c93698	d__Bacteria;p__Bacillota;c__Clostridia;o__Lachnospirales;f__Lachnospiraceae;g__[Eubacterium]_eligens_group;s__	g__[Eubacterium]_eligens_group
a7db3acfc1cc357caa739944b5193b51	d__Bacteria;p__Bacillota;c__Clostridia;o__Peptostreptococcales-Tissierellales;f__Anaerovoracaceae;g__Hornefia;s__	g__Hornefia
e5560ead71f77f9acfc39e2da11da357	d__Bacteria;p__Bacteroidota;c__Bacteroidia;o__Bacteroidales;f__Porphyromonadaceae;g__Porphyromonas;s__	g__Porphyromonas
d643a49c0b4c630b4d1f4d4fbf80371d	d__Bacteria;p__Bacillota;c__Bacilli;o__Lactobacillales;f__Streptococcaceae;g__Streptococcus;s__	g__Streptococcus
cee9fad470158df4502df2280a42d486	d__Bacteria;p__Bacteroidota;c__Bacteroidia;o__Bacteroidales;f__Rikenellaceae;g__Rikenellaceae_RC9_gut_group;s__	g__Rikenellaceae_RC9_gut_group
90420df90eaa3f3b7085fb09fbbda96e	d__Bacteria;p__Patescibacteria;c__Gracilibacteria;o__Absconditabacteriales_(SR1);f__Incertae_Sedis;g__Incertae_Sedis;s__	g__Incertae_Sedis
5c1eab3e1e53699c28d7d323a7f966e3	d__Bacteria;p__Bacillota;c__Bacilli;o__Lactobacillales;f__Streptococcaceae;g__Streptococcus;s__	g__Streptococcus
b0b5932e7fcd12efbb542bf615d9680d	d__Bacteria;p__Pseudomonadota;c__Gammaproteobacteria;o__Enterobacterales;f__Yersiniaceae;g__Serratia;s__	g__Serratia
6f588db6cbbf8f12e3c23af6dcd1f292	d__Bacteria;p__Bacillota;c__Clostridia;o__Clostridia_UCG-014;f__Incertae_Sedis;g__Incertae_Sedis;s__	g__Incertae_Sedis
ed7b805c7152bbb9742d9cf72bbd8580	d__Bacteria;p__Bacteroidota;c__Bacteroidia;o__Bacteroidales;f__Porphyromonadaceae;g__Porphyromonas;s__	g__Porphyromonas
caf6dd187321081286efc1e0f3792440	d__Bacteria;p__Bacteroidota;c__Bacteroidia;o__Bacteroidales;f__Prevotellaceae;g__Hoylesella;s__	g__Hoylesella
631168ecc8676f729d359881337e29dc	d__Bacteria;p__Fusobacteriota;c__Fusobacteriia;o__Fusobacteriales;f__Fusobacteriaceae;g__Fusobacterium;s__	g__Fusobacterium
31a1a6bd7d500654668d6efcbe450c95	d__Bacteria;p__Patescibacteria;c__Saccharimonadia;o__Saccharimonadales;f__Saccharimonadaceae;g__Incertae_Sedis;s__	g__Incertae_Sedis
2ad865a9409b5a71eff7ae9c63c812e7	d__Bacteria;p__Bacillota;c__Negativicutes;o__Veillonellales-Selenomonadales;f__Selenomonadaceae;g__Selenomonas;s__	g__Selenomonas
ff65909a4c7254a1b66cc6762c2d7f50	d__Bacteria;p__Bacillota;c__Bacilli;o__Mycoplasmatales;f__Mycoplasmataceae;g__Mycoplasma;s__	g__Mycoplasma
e67f75fa5c4296c0da32932648509892	d__Bacteria;p__Bacillota;c__Bacilli;o__Mycoplasmatales;f__Mycoplasmataceae;g__Mycoplasma;s__	g__Mycoplasma
f5740ab3d2557c3e1a645effc89ce582	d__Bacteria;p__Bacteroidota;c__Bacteroidia;o__Bacteroidales;f__Porphyromonadaceae;g__Porphyromonas;s__	g__Porphyromonas
29f6e73532b7c14ad6929bb6951b1992	d__Bacteria;p__Pseudomonadota;c__Gammaproteobacteria;o__Enterobacterales;f__Enterobacteriaceae;g__Enterobacter;s__	g__Enterobacter
93db88dd5421c089042a10abb9d1da11	d__Bacteria;p__Spirochaetota;c__Spirochaetia;o__Spirochaetales;f__Spirochaetaceae;g__Treponema;s__	g__Treponema
ec740880e732db53e789063173e1a606	d__Bacteria;p__Bacteroidota;c__Bacteroidia;o__Bacteroidales;f__Prevotellaceae;g__Prevotella;s__	g__Prevotella
e849989c85ddcb2f716178b760c5edfe	d__Bacteria;p__Bacteroidota;c__Bacteroidia;o__Bacteroidales;f__Bacteroidaceae;g__Bacteroides;s__	g__Bacteroides
5de69512be27658389975452a605abca	d__Bacteria;p__Bacteroidota;c__Bacteroidia;o__Bacteroidales;f__Prevotellaceae;g__Segatella;s__	g__Segatella
de75b7170793fcf1240f3fc85e02593a	d__Bacteria;p__Actinomycetota;c__Actinobacteria;o__Actinomycetales;f__Actinomycetaceae;g__Schaalia;s__	g__Schaalia
19656b812492d635b023465a95f3b542	d__Bacteria;p__Spirochaetota;c__Spirochaetia;o__Spirochaetales;f__Spirochaetaceae;g__Treponema;s__	g__Treponema
05a8a567f6c2ecc9571b64b7aa97f185	d__Bacteria;p__Pseudomonadota;c__Gammaproteobacteria;o__Enterobacterales;f__Yersiniaceae;g__Serratia;s__	g__Serratia
55d5a3ce047f9533999750c847842695	d__Bacteria;p__Spirochaetota;c__Spirochaetia;o__Spirochaetales;f__Spirochaetaceae;g__Treponema;s__	g__Treponema
ffebd3198fd93477a113f004b46ebb64	d__Bacteria;p__Bacteroidota;c__Bacteroidia;o__Flavobacteriales;f__Flavobacteriaceae;g__Capnocytophaga;s__	g__Capnocytophaga
de88ecc5cefff2a33d9f027918e131e1	d__Bacteria;p__Fusobacteriota;c__Fusobacteriia;o__Fusobacteriales;f__Fusobacteriaceae;g__Fusobacterium;s__	g__Fusobacterium
f6a556d9be04c99813c5ba2d8b1bfa36	d__Bacteria;p__Pseudomonadota;c__Gammaproteobacteria;o__Lysobacterales;f__Lysobacteraceae;g__Thermomonas;s__	g__Thermomonas
75c4ba8ef60f9f43f1ae5b79a8646ab8	d__Bacteria;p__Bacteroidota;c__Bacteroidia;o__Flavobacteriales;f__Flavobacteriaceae;g__Capnocytophaga;s__	g__Capnocytophaga
29f0e3f1bb76a83e0d302640d42a2e41	d__Bacteria;p__Pseudomonadota;c__Gammaproteobacteria;o__Enterobacterales;f__Pasteurellaceae;g__Mannheimia;s__	g__Mannheimia
c0ba463b585e83939dcdc0452fee283b	d__Bacteria;p__Pseudomonadota;c__Gammaproteobacteria;o__Enterobacterales;f__Enterobacteriaceae;g__Escherichia-Shigella;s__	g__Escherichia-Shigella
197489f260dfd83440e3255a329d6d41	d__Bacteria;p__Actinomycetota;c__Actinobacteria;o__Propionibacteriales;f__Nocardioidaceae;g__Nocardioides;s__	g__Nocardioides
c83fd5e14b81ac4e39eb08eda1b3dcb2	d__Bacteria;p__Pseudomonadota;c__Gammaproteobacteria;o__Enterobacterales;f__Pasteurellaceae;g__Haemophilus;s__	g__Haemophilus
f4ee4f29721f1e878bb331de89f717d0	d__Bacteria;p__Bacillota;c__Bacilli;o__Lactobacillales;f__Aerococcaceae;g__Abiotrophia;s__	g__Abiotrophia
0f6b8e60932457a03121bd9afd101142	d__Bacteria;p__Pseudomonadota;c__Gammaproteobacteria;o__Enterobacterales;f__Pasteurellaceae;g__Haemophilus;s__	g__Haemophilus
6b30bfe815aac9a7cb35689f41f50626	d__Bacteria;p__Bacteroidota;c__Bacteroidia;o__Bacteroidales;f__Bacteroidaceae;g__Bacteroides;s__	g__Bacteroides
c2a9d85de0795f05f9231b520734aa7b	d__Bacteria;p__Bacillota;c__Negativicutes;o__Acidaminococcales;f__Acidaminococcaceae;g__Phascolarctobacterium;s__	g__Phascolarctobacterium
fd8514a3e3859b53b6fb4bacd8063cb6	d__Bacteria;p__Pseudomonadota;c__Gammaproteobacteria;o__Burkholderiales;f__Neisseriaceae;g__Neisseria;s__	g__Neisseria
1164ce2d52713ac4e0d1de333f37639b	d__Bacteria;p__Bacillota;c__Negativicutes;o__Veillonellales-Selenomonadales;f__Veillonellaceae;g__Veillonella;s__	g__Veillonella
d19fa084612ccd652dbb0201a1216002	d__Bacteria;p__Pseudomonadota;c__Gammaproteobacteria;o__Burkholderiales;f__Neisseriaceae;g__Neisseria;s__	g__Neisseria
97300ac2942e508f044bda793bc26ab5	d__Bacteria;p__Fusobacteriota;c__Fusobacteriia;o__Fusobacteriales;f__Fusobacteriaceae;g__Fusobacterium;s__	g__Fusobacterium
c05ef82cc452d6d674cdf8e89ea7dc5f	d__Bacteria;p__Bacillota;c__Negativicutes;o__Veillonellales-Selenomonadales;f__Veillonellaceae;g__Veillonella;s__	g__Veillonella
8e5248aef8aa598b1e607065d4eb3eb0	d__Bacteria;p__Bacteroidota;c__Bacteroidia;o__Flavobacteriales;f__Flavobacteriaceae;g__Capnocytophaga;s__	g__Capnocytophaga
4fcf3245424eb222897fadfcb51c0fb8	d__Bacteria;p__Bacillota;c__Clostridia;o__Lachnospirales;f__Lachnospiraceae;g__[Eubacterium]_eligens_group;s__	g__[Eubacterium]_eligens_group
673bb7b0a56da8f6aa84fea1484b1b4d	d__Bacteria;p__Pseudomonadota;c__Gammaproteobacteria;o__Enterobacterales;f__Succinivibrionaceae;g__Succinivibrio;s__	g__Succinivibrio
b1ae311c2f3ede7d78bda3c7a6366496	d__Bacteria;p__Bacillota;c__Clostridia;o__Lachnospirales;f__Lachnospiraceae;g__Agathobacter;s__	g__Agathobacter
12499f0187fa898fe9c0e103dce0ee60	d__Bacteria;p__Pseudomonadota;c__Gammaproteobacteria;o__Lysobacterales;f__Lysobacteraceae;g__Pseudoxanthomonas;s__	g__Pseudoxanthomonas
4b6ce058740d67d1f86eb2b65b16f70c	d__Bacteria;p__Bacillota;c__Bacilli;o__Paenibacillales;f__Paenibacillaceae;g__Paenibacillus;s__	g__Paenibacillus
e313b941da70c623f8f0ba7029dfbefb	d__Bacteria;p__Pseudomonadota;c__Gammaproteobacteria;o__Lysobacterales;f__Lysobacteraceae;g__Stenotrophomonas;s__	g__Stenotrophomonas
963b4d50347c3cd8d1662ab898c2eef4	d__Bacteria;p__Pseudomonadota;c__Alphaproteobacteria;o__Sphingomonadales;f__Sphingomonadaceae;g__Novosphingobium;s__	g__Novosphingobium
6e6df7a72d383eb7c97851a5dca500f9	d__Bacteria;p__Fusobacteriota;c__Fusobacteriia;o__Fusobacteriales;f__Fusobacteriaceae;g__Fusobacterium;s__	g__Fusobacterium
9861d6b83f88ac0a77c4d0648cad51ad	d__Bacteria;p__Pseudomonadota;c__Gammaproteobacteria;o__Burkholderiales;f__Neisseriaceae;g__Neisseria;s__	g__Neisseria
ed7697a879e095605dfd816b374bac13	d__Bacteria;p__Pseudomonadota;c__Alphaproteobacteria;o__Sphingomonadales;f__Sphingomonadaceae;g__Sphingomonas;s__	g__Sphingomonas
56d5eb85c676dd762d66a417786538ac	d__Bacteria;p__Bacillota;c__Negativicutes;o__Veillonellales-Selenomonadales;f__Veillonellaceae;g__Veillonella;s__	g__Veillonella
d658d502fdfd229d9456e28c6ed65c4b	d__Bacteria;p__Bacteroidota;c__Bacteroidia;o__Bacteroidales;f__Tannerellaceae;g__Tannerella;s__	g__Tannerella
1d00c90f9cf1b1fac547e8033f90a18f	d__Bacteria;p__Fusobacteriota;c__Fusobacteriia;o__Fusobacteriales;f__Leptotrichiaceae;g__Leptotrichia;s__	g__Leptotrichia
49cd589c03a397444b894dd8121f3b68	d__Bacteria;p__Pseudomonadota;c__Alphaproteobacteria;o__Acetobacterales;f__Acetobacteraceae;g__Roseomonas;s__	g__Roseomonas
842654e9b9ff9dd2e55f8d6a3bc0fa50	d__Bacteria;p__Bacillota;c__Clostridia;o__Oscillospirales;f__[Eubacterium]_coprostanoligenes_group;g__Incertae_Sedis;s__	g__Incertae_Sedis
8d5d8df83dcc66eaa62053b83fda8383	d__Bacteria;p__Bacillota;c__Bacilli;o__Staphylococcales;f__Staphylococcaceae;g__Staphylococcus;s__	g__Staphylococcus
ed5ab531951b7c5ee3c8a0f07e14033e	d__Bacteria;p__Bacillota;c__Bacilli;o__Staphylococcales;f__Gemellaceae;g__Gemella;s__	g__Gemella
9aa67db47336508cb3f33ef1507aa2ce	d__Bacteria;p__Pseudomonadota;c__Gammaproteobacteria;o__Pseudomonadales;f__Pseudomonadaceae;g__Pseudomonas;s__	g__Pseudomonas
36440fee216bbc925611dd42e69fad3d	d__Bacteria;p__Bacillota;c__Bacilli;o__Lactobacillales;f__Streptococcaceae;g__Streptococcus;s__	g__Streptococcus
28f7448fdc8b6c4030e0251802f2a177	d__Bacteria;p__Pseudomonadota;c__Gammaproteobacteria;o__Enterobacterales;f__Pasteurellaceae	Unclassified
52890808a00ab32e30bd11fa6833a952	d__Bacteria;p__Actinomycetota;c__Actinobacteria;o__Mycobacteriales;f__Corynebacteriaceae;g__Corynebacterium;s__	g__Corynebacterium
53a3cdefe6fd7cf0ac1f2d330065a01b	d__Bacteria;p__Campylobacterota;c__Campylobacteria;o__Campylobacterales;f__Campylobacteraceae;g__Campylobacter;s__	g__Campylobacter
0be8f4484a0d815f13a04412802e8e3a	d__Bacteria;p__Bacteroidota;c__Bacteroidia;o__Bacteroidales;f__Prevotellaceae;g__Segatella;s__	g__Segatella
90ea48df11b1d703272880993e578e1b	d__Bacteria;p__Bacillota;c__Bacilli;o__Staphylococcales;f__Gemellaceae;g__Gemella;s__	g__Gemella
72a610d19d038dcdb01908f007c12d90	d__Bacteria;p__Bacteroidota;c__Bacteroidia;o__Bacteroidales;f__Prevotellaceae;g__Segatella;s__	g__Segatella
328f6dd35f4e5e844073145163519a7f	d__Bacteria;p__Bacillota;c__Negativicutes;o__Veillonellales-Selenomonadales;f__Veillonellaceae;g__Dialister;s__	g__Dialister
b753b267e8baf04d3b963e2c8e60ca9b	d__Bacteria;p__Bacillota;c__Bacilli;o__Lactobacillales;f__Streptococcaceae;g__Streptococcus;s__	g__Streptococcus
5123280e173b2821b9b20e5dd7a67e8a	d__Bacteria;p__Bacillota;c__Clostridia;o__Lachnospirales;f__Lachnospiraceae;g__Johnsonella;s__	g__Johnsonella
2d77458d6bd979e4c595c9b5ecf59189	d__Bacteria;p__Bacteroidota;c__Bacteroidia;o__Bacteroidales;f__Bacteroidaceae;g__Bacteroides;s__	g__Bacteroides
d1f6e05903f426b022e697d73eaf8c50	d__Bacteria;p__Actinomycetota;c__Coriobacteriia;o__Coriobacteriales;f__Atopobiaceae;g__Lancefieldella;s__	g__Lancefieldella
d9e82cc9b1ace8a9fe67baadc0fd4987	d__Bacteria;p__Bacillota;c__Bacilli;o__Lactobacillales;f__Streptococcaceae;g__Streptococcus;s__	g__Streptococcus
ab048b3c55681f2a0599a0acd3856f4a	d__Bacteria;p__Bacillota;c__Negativicutes;o__Veillonellales-Selenomonadales;f__Veillonellaceae;g__Veillonella;s__	g__Veillonella
7ae6c77c9b492ed936b8225c94235b7e	d__Bacteria;p__Bacillota;c__Bacilli;o__Lactobacillales;f__Streptococcaceae;g__Streptococcus;s__	g__Streptococcus
e5aaec296fdb82c7f3b3ce9f2055e0ea	d__Bacteria;p__Bacteroidota;c__Bacteroidia;o__Bacteroidales;f__Prevotellaceae;g__Paraprevotella;s__	g__Paraprevotella
833e80474b9c5c60ce8511cbd4096727	d__Bacteria;p__Bacteroidota;c__Bacteroidia;o__Bacteroidales;f__Porphyromonadaceae;g__Porphyromonas;s__	g__Porphyromonas
de2a8968b49477e97ab84e37911d8bb6	d__Bacteria;p__Bacillota;c__Clostridia;o__Lachnospirales;f__Lachnospiraceae	Unclassified
25d12e8b5e49d050512be3ab7a6afa7b	d__Bacteria;p__Actinomycetota;c__Actinobacteria;o__Bifidobacteriales;f__Bifidobacteriaceae;g__Bifidobacterium;s__	g__Bifidobacterium
bb652c77fd6ccac4832c6bc2fb678a4e	d__Bacteria;p__Bacteroidota;c__Bacteroidia;o__Bacteroidales;f__Muribaculaceae;g__Incertae_Sedis;s__	g__Incertae_Sedis
84367ce26ec373c8b3a9bffd48d0c3cc	d__Bacteria;p__Bacillota;c__Bacilli;o__Staphylococcales;f__Staphylococcaceae;g__Staphylococcus;s__	g__Staphylococcus
b4f4c0ecbb53ac91aeef2d13e47ee470	d__Bacteria;p__Bacillota;c__Negativicutes;o__Veillonellales-Selenomonadales;f__Selenomonadaceae;g__Selenomonas;s__	g__Selenomonas
70338fb2a93e4a33e18a79f6194b9e46	d__Bacteria;p__Bacteroidota;c__Bacteroidia;o__Flavobacteriales;f__Flavobacteriaceae;g__Capnocytophaga;s__	g__Capnocytophaga
4b7e2a6a7e6b31dbd489bd247c890b03	d__Bacteria;p__Actinomycetota;c__Actinobacteria;o__Bifidobacteriales;f__Bifidobacteriaceae;g__Bifidobacterium;s__	g__Bifidobacterium
780ca46ef0994b70be090c57fb73a0ff	d__Bacteria;p__Pseudomonadota;c__Gammaproteobacteria;o__Enterobacterales;f__Yersiniaceae;g__Serratia;s__	g__Serratia
02a3bd853c76d96982fd4a6be817cfce	d__Bacteria;p__Bacillota;c__Clostridia;o__Lachnospirales;f__Lachnospiraceae;g__Catonella;s__	g__Catonella
7ef5a86b1e3c9098ea94dcfc2881a125	d__Bacteria;p__Bacillota;c__Negativicutes;o__Veillonellales-Selenomonadales;f__Veillonellaceae	Unclassified
c78114ce6d7b171d34f394e5ba89cff7	d__Bacteria;p__Bacteroidota;c__Bacteroidia;o__Bacteroidales;f__Bacteroidaceae;g__Bacteroides;s__	g__Bacteroides
7c60ec4ce7a8934f17081e5472cc474b	d__Bacteria;p__Thermodesulfobacteriota;c__Desulfobulbia;o__Desulfobulbales;f__Desulfobulbaceae;g__Desulfobulbus;s__	g__Desulfobulbus
e95676e0789265a3710ef220699d913e	d__Bacteria;p__Campylobacterota;c__Campylobacteria;o__Campylobacterales;f__Campylobacteraceae;g__Campylobacter;s__	g__Campylobacter
ffa26c679b25ce20ce2f7b4c0e16eb07	d__Bacteria;p__Bacillota;c__Bacilli;o__Lactobacillales;f__Streptococcaceae;g__Streptococcus;s__	g__Streptococcus
44d46a6717fd536139a000776aa24b5f	d__Bacteria;p__Patescibacteria;c__Saccharimonadia;o__Saccharimonadales;f__Incertae_Sedis;g__Incertae_Sedis;s__	g__Incertae_Sedis
1f96eb5bee7f65cbd9cd5f6dbdeb68dd	d__Bacteria;p__Fusobacteriota;c__Fusobacteriia;o__Fusobacteriales;f__Fusobacteriaceae;g__Fusobacterium;s__	g__Fusobacterium
1e9a4036c0c648e115e2c30293cbe64d	d__Bacteria;p__Bacteroidota;c__Bacteroidia;o__Bacteroidales;f__Porphyromonadaceae;g__Porphyromonas;s__	g__Porphyromonas
f55882f3ab062a0b3edef9f7b3e9c7ef	d__Bacteria;p__Fusobacteriota;c__Fusobacteriia;o__Fusobacteriales;f__Leptotrichiaceae;g__Pseudoleptotrichia;s__	g__Pseudoleptotrichia
b31a9bc46a7921c3f409d7e96c9dc77b	d__Bacteria;p__Bacteroidota;c__Bacteroidia;o__Flavobacteriales;f__Flavobacteriaceae;g__Capnocytophaga;s__	g__Capnocytophaga
7057eb3c9372bcb4754eeb0283b6ae6b	d__Bacteria;p__Bacillota;c__Negativicutes;o__Veillonellales-Selenomonadales;f__Selenomonadaceae;g__Megamonas;s__	g__Megamonas
702d50d5c40e1a6c38489e53bfa41ea7	d__Bacteria;p__Actinomycetota;c__Actinobacteria;o__Propionibacteriales;f__Propionibacteriaceae;g__Cutibacterium;s__	g__Cutibacterium
41fa0fbf9abeb95df1114f6a94b7cf35	d__Bacteria;p__Bacteroidota;c__Bacteroidia;o__Bacteroidales;f__Bacteroidaceae;g__Bacteroides;s__	g__Bacteroides
0186a4810ef24f0fe10ee42e670f0696	d__Bacteria;p__Pseudomonadota;c__Gammaproteobacteria;o__Pseudomonadales;f__Pseudomonadaceae;g__Pseudomonas;s__	g__Pseudomonas
2630373639a66306c8f60722ebf8f3a2	d__Bacteria;p__Myxococcota;c__Polyangiia;o__Polyangiales;f__Phaselicystaceae;g__Phaselicystis;s__	g__Phaselicystis
d94eaf7db1e76fedf0ed0c5a5d7677ff	d__Bacteria;p__Bacteroidota;c__Bacteroidia;o__Bacteroidales;f__Bacteroidaceae;g__Bacteroides;s__	g__Bacteroides
b4483b35466a4b77f1f009e126382705	d__Bacteria;p__Bacillota;c__Clostridia;o__Peptostreptococcales-Tissierellales;f__Peptostreptococcaceae;g__Peptostreptococcus;s__	g__Peptostreptococcus
be6b7d60e048c3cdf1aacf0aef405474	d__Bacteria;p__Pseudomonadota;c__Gammaproteobacteria;o__Enterobacterales;f__Pasteurellaceae;g__Haemophilus;s__	g__Haemophilus
1f4ee89236649bde85ecb7c9f4e24cc8	d__Bacteria;p__Bacillota;c__Bacilli;o__Bacillales;f__Bacillaceae;g__Anoxybacillus;s__	g__Anoxybacillus
547d285016aa8fe46013c7bf81104287	d__Bacteria;p__Pseudomonadota;c__Gammaproteobacteria;o__Enterobacterales;f__Pasteurellaceae;g__Haemophilus;s__	g__Haemophilus
49aae1f5fe8938c0169a59bb28e0acdb	d__Bacteria;p__Pseudomonadota;c__Alphaproteobacteria;o__Caulobacterales;f__Caulobacteraceae;g__Brevundimonas;s__	g__Brevundimonas
590b70463b376d9fa667e556f70a8e58	d__Bacteria;p__Pseudomonadota;c__Alphaproteobacteria;o__Hyphomicrobiales;f__Rhizobiaceae;g__Rhizobium;s__	g__Rhizobium
0489b9fe2e46f4490bfc91e46f3f8fef	d__Bacteria;p__Patescibacteria;c__Saccharimonadia;o__Saccharimonadales;f__Incertae_Sedis;g__Incertae_Sedis;s__	g__Incertae_Sedis
c3d1153329c945a38d26aaebc316efb4	d__Bacteria;p__Bacillota;c__Bacilli;o__Staphylococcales;f__Gemellaceae;g__Gemella;s__	g__Gemella
a3dd907684dbdf1487a72b4355b8899a	d__Bacteria;p__Bacteroidota;c__Bacteroidia;o__Flavobacteriales;f__Weeksellaceae;g__Chryseobacterium;s__	g__Chryseobacterium
983820e3404772af54cfb666e0a8737b	d__Bacteria;p__Actinomycetota;c__Actinobacteria;o__Micrococcales;f__Jonesiaceae;g__Jonesia;s__	g__Jonesia
6459997fc209cf35b6c3337670aa0e34	d__Bacteria;p__Bacillota;c__Bacilli;o__Lactobacillales;f__Carnobacteriaceae;g__Alloiococcus;s__	g__Alloiococcus
3dc2c5a74b0082dc3d634dc4f3522207	d__Bacteria;p__Bacillota;c__Clostridia;o__Peptostreptococcales-Tissierellales;f__Anaerovoracaceae;g__Incertae_Sedis;s__	g__Incertae_Sedis
dce9744aa5bf44d6e1dbb0d37649acd1	d__Bacteria;p__Bacillota;c__Bacilli;o__Lactobacillales;f__Carnobacteriaceae;g__Granulicatella;s__	g__Granulicatella
ce79678200eb7cfea72ef5c73b59c3ff	d__Bacteria;p__Bacillota;c__Bacilli;o__Lactobacillales;f__Carnobacteriaceae;g__Granulicatella;s__	g__Granulicatella
b4b9d4f0a46cbbfacb3ec21d4dbf4e7c	d__Bacteria;p__Pseudomonadota;c__Gammaproteobacteria;o__Lysobacterales;f__Lysobacteraceae;g__Stenotrophomonas;s__	g__Stenotrophomonas
303fc0ddb6a890a9689a26f413955597	d__Bacteria;p__Bacillota;c__Bacilli;o__Bacillales;f__Bacillaceae;g__Anoxybacillus;s__	g__Anoxybacillus
8b6599173a5ee8f69c52033ec2e94696	d__Bacteria;p__Pseudomonadota;c__Gammaproteobacteria;o__Lysobacterales;f__Lysobacteraceae;g__Stenotrophomonas;s__	g__Stenotrophomonas
6d548986704657fca5a674b48ec859b1	d__Bacteria;p__Spirochaetota;c__Spirochaetia;o__Spirochaetales;f__Spirochaetaceae;g__Treponema;s__	g__Treponema
a7a5e32b939f9866b357c7864465bbb4	d__Bacteria;p__Fusobacteriota;c__Fusobacteriia;o__Fusobacteriales;f__Fusobacteriaceae;g__Fusobacterium;s__	g__Fusobacterium
02d7505285376f7cc9c7f054b360f65c	d__Bacteria;p__Fusobacteriota;c__Fusobacteriia;o__Fusobacteriales;f__Fusobacteriaceae;g__Fusobacterium;s__	g__Fusobacterium
e3a5da9749bf79053c5e04a7d0986dca	d__Bacteria;p__Bacteroidota;c__Bacteroidia;o__Sphingobacteriales;f__Lentimicrobiaceae;g__Lentimicrobium;s__	g__Lentimicrobium
4eb936f70a1081dd664c118b68989cd3	d__Bacteria;p__Campylobacterota;c__Campylobacteria;o__Campylobacterales;f__Campylobacteraceae;g__Campylobacter;s__	g__Campylobacter
ded6ba8d9674fe083840b2ab811d597a	d__Bacteria;p__Fusobacteriota;c__Fusobacteriia;o__Fusobacteriales;f__Fusobacteriaceae;g__Fusobacterium;s__	g__Fusobacterium
a8f872d58efab869647e061535550790	d__Bacteria;p__Pseudomonadota;c__Gammaproteobacteria;o__Burkholderiales;f__Neisseriaceae;g__Neisseria;s__	g__Neisseria
bb984e41c4747d49003de73660fa5e61	d__Bacteria;p__Bacillota;c__Clostridia;o__Peptostreptococcales-Tissierellales;f__Anaerovoracaceae;g__Family_XIII_UCG-001;s__	g__Family_XIII_UCG-001
e3b637e6d6e80025f0a2818f6716db81	d__Bacteria;p__Pseudomonadota;c__Gammaproteobacteria;o__Pseudomonadales;f__Moraxellaceae;g__Acinetobacter;s__	g__Acinetobacter
2dce9590766fb022ffbab817782177e6	d__Bacteria;p__Fusobacteriota;c__Fusobacteriia;o__Fusobacteriales;f__Fusobacteriaceae;g__Fusobacterium;s__	g__Fusobacterium
3d84b8ec7ddad8b1b95628daf80a4220	d__Bacteria;p__Bacteroidota;c__Bacteroidia;o__Flavobacteriales;f__Flavobacteriaceae;g__Capnocytophaga;s__	g__Capnocytophaga
cdd4235793c389e96f8fb640fb47831d	d__Bacteria;p__Actinomycetota;c__Actinobacteria;o__Bifidobacteriales;f__Bifidobacteriaceae;g__Bifidobacterium;s__	g__Bifidobacterium
3c51641b590ffa4eae887ee0a36659e4	d__Bacteria;p__Bacillota;c__Bacilli;o__Lactobacillales;f__Streptococcaceae;g__Streptococcus;s__	g__Streptococcus
a0ead6b2136a8ba066db64b129c0a069	d__Bacteria;p__Bacillota;c__Negativicutes;o__Veillonellales-Selenomonadales;f__Selenomonadaceae;g__Selenomonas;s__	g__Selenomonas
031cbbfcafdb6392c069c44f8081f707	d__Bacteria;p__Bacillota;c__Clostridia;o__Lachnospirales;f__Lachnospiraceae;g__Stomatobaculum;s__	g__Stomatobaculum
fc241ad52d32bcdc296373bd9aabc9b4	d__Bacteria;p__Bacillota;c__Negativicutes;o__Veillonellales-Selenomonadales;f__Selenomonadaceae;g__Selenomonas;s__	g__Selenomonas
a3ef1f0e9408856a9f2710c67be07713	d__Bacteria;p__Bacillota;c__Bacilli;o__Staphylococcales;f__Gemellaceae;g__Gemella;s__	g__Gemella
e717f9e6aca69082007aa7404906fb19	d__Bacteria;p__Bacillota;c__Bacilli;o__Paenibacillales;f__Paenibacillaceae;g__Paenibacillus;s__	g__Paenibacillus
bfc1c5f3fdd2761b3311ad0d982909db	d__Bacteria;p__Bacillota;c__Negativicutes;o__Veillonellales-Selenomonadales;f__Selenomonadaceae;g__Selenomonas;s__	g__Selenomonas
3519d68d159c841ea5b41926e7d21edc	d__Bacteria;p__Bacteroidota;c__Bacteroidia;o__Flavobacteriales;f__Flavobacteriaceae;g__Capnocytophaga;s__	g__Capnocytophaga
0192e0bdbdffc84cd067893d2e8a5404	d__Bacteria;p__Bacillota;c__Negativicutes;o__Veillonellales-Selenomonadales;f__Veillonellaceae;g__Veillonella;s__	g__Veillonella
0d40cd4972a0ecb55d21a03865fe5ea2	d__Bacteria;p__Actinomycetota;c__Coriobacteriia;o__Coriobacteriales;f__Coriobacteriaceae;g__Collinsella;s__	g__Collinsella
5039ff52b226bcc9d66221ea2f0f8516	d__Bacteria;p__Pseudomonadota;c__Gammaproteobacteria;o__Pseudomonadales;f__Moraxellaceae;g__Acinetobacter;s__	g__Acinetobacter
148c0af460515b846d55dbd95265010c	d__Bacteria;p__Bacillota;c__Bacilli;o__Brevibacillales;f__Brevibacillaceae;g__Brevibacillus;s__	g__Brevibacillus
d4a8d4a63b29d8053896fb1e493625f7	d__Bacteria;p__Pseudomonadota;c__Gammaproteobacteria;o__Burkholderiales;f__Neisseriaceae;g__Neisseria;s__	g__Neisseria
839201990c59a4f012649b8a25ebcee1	d__Bacteria;p__Pseudomonadota;c__Gammaproteobacteria;o__Burkholderiales;f__Neisseriaceae;g__Eikenella;s__	g__Eikenella
c0b0fd048bca0a6ad5e005ec96754779	d__Bacteria;p__Pseudomonadota;c__Gammaproteobacteria;o__Enterobacterales	Unclassified
482553bf87230d4e5ea533f47be3050d	d__Bacteria;p__Bacillota;c__Bacilli;o__Lactobacillales;f__Streptococcaceae;g__Streptococcus;s__	g__Streptococcus
244078143d21d5ff92187cf509a1c4ec	d__Bacteria;p__Bacteroidota;c__Bacteroidia;o__Bacteroidales;f__Prevotellaceae;g__Alloprevotella;s__	g__Alloprevotella
fdcbd83b8ff5806ad063b16bbc0b1b63	d__Bacteria;p__Bacteroidota;c__Bacteroidia;o__Flavobacteriales;f__Flavobacteriaceae;g__Capnocytophaga;s__	g__Capnocytophaga
5415460e1794e3fb65a63dd4a4a737c0	d__Bacteria;p__Campylobacterota;c__Campylobacteria;o__Campylobacterales;f__Campylobacteraceae;g__Campylobacter;s__	g__Campylobacter
b33b3ba29b888263f3db901621525d3e	d__Bacteria;p__Pseudomonadota;c__Gammaproteobacteria;o__Lysobacterales;f__Lysobacteraceae;g__Pseudoxanthomonas;s__	g__Pseudoxanthomonas
280a154bba719794bf06285b6b86540d	d__Bacteria;p__Bacillota;c__Bacilli;o__Brevibacillales;f__Brevibacillaceae;g__Brevibacillus;s__	g__Brevibacillus
57bb55b47cc12d38987b36174ae1acad	d__Bacteria;p__Bacillota;c__Clostridia;o__Lachnospirales;f__Lachnospiraceae;g__Johnsonella;s__	g__Johnsonella
9e62c409ced16327a4b5ed9ac3c1a5e2	d__Bacteria;p__Bacillota;c__Negativicutes;o__Veillonellales-Selenomonadales;f__Veillonellaceae;g__Veillonella;s__	g__Veillonella
c5773f954099bbc548a7c43042d0d756	d__Bacteria;p__Pseudomonadota;c__Gammaproteobacteria;o__Enterobacterales;f__Yersiniaceae;g__Serratia;s__	g__Serratia
0d3ede686e199af6295125f8aa4af517	d__Bacteria;p__Pseudomonadota;c__Gammaproteobacteria;o__Enterobacterales;f__Pasteurellaceae;g__Haemophilus;s__	g__Haemophilus
814762dbd5d1d36b0f279711b27a9b52	d__Bacteria;p__Pseudomonadota;c__Gammaproteobacteria;o__Enterobacterales;f__Yersiniaceae;g__Serratia;s__	g__Serratia
8ba29cb2c965ef03a42951bbde7cddba	d__Bacteria;p__Bacteroidota;c__Bacteroidia;o__Bacteroidales;f__Prevotellaceae;g__Segatella;s__	g__Segatella
953fcc9244c3bee9dcc2d8b3b9c83fa7	d__Bacteria;p__Bacillota;c__Clostridia;o__Lachnospirales;f__Lachnospiraceae;g__Catonella;s__	g__Catonella
e75e058c2e34178185e04222f7bd57f3	d__Bacteria;p__Bacillota;c__Clostridia;o__Lachnospirales;f__Lachnospiraceae;g__Catonella;s__	g__Catonella
cfe5fe378ab5d8edfbe3e3590312eaf5	d__Bacteria;p__Fusobacteriota;c__Fusobacteriia;o__Fusobacteriales;f__Leptotrichiaceae;g__Leptotrichia;s__	g__Leptotrichia
56c76271b9920f07ba098d549b5f9adb	d__Bacteria;p__Bacillota;c__Negativicutes;o__Veillonellales-Selenomonadales;f__Selenomonadaceae;g__Selenomonas;s__	g__Selenomonas
a8dd1c13f191e9e1329ad5fa90de2631	d__Bacteria;p__Fusobacteriota;c__Fusobacteriia;o__Fusobacteriales;f__Leptotrichiaceae;g__Leptotrichia;s__	g__Leptotrichia
a6312e511eef4134adbb69b4a65803bd	d__Bacteria;p__Fusobacteriota;c__Fusobacteriia;o__Fusobacteriales;f__Leptotrichiaceae;g__Leptotrichia;s__	g__Leptotrichia
a4d93a0f75d970fce409a79c13f8a5ee	d__Bacteria;p__Actinomycetota;c__Actinobacteria;o__Micrococcales;f__Dermacoccaceae;g__Kytococcus;s__	g__Kytococcus
cd4d970286b7af58f05ea14f84b8d791	d__Bacteria;p__Bacillota;c__Clostridia;o__Clostridia_UCG-014;f__Incertae_Sedis;g__Incertae_Sedis;s__	g__Incertae_Sedis
c2fb55a0b77c8657593d9283d0845555	d__Bacteria;p__Pseudomonadota;c__Gammaproteobacteria;o__Pseudomonadales;f__Moraxellaceae;g__Moraxella;s__	g__Moraxella
175362c059fee1ddedad458d5d2c0481	d__Bacteria;p__Bacillota;c__Bacilli;o__Bacillales;f__Bacillaceae;g__Priestia;s__	g__Priestia
bc1f17c696580001da778d6ca513e0bf	d__Bacteria;p__Pseudomonadota;c__Gammaproteobacteria;o__Enterobacterales;f__Pasteurellaceae;g__Haemophilus;s__	g__Haemophilus
c44114b3f425b90bb8f0f1e13b9c0084	d__Bacteria;p__Bacteroidota;c__Bacteroidia;o__Sphingobacteriales;f__Lentimicrobiaceae;g__Lentimicrobium;s__	g__Lentimicrobium
a872ebb7ca0d262ea53d301f111c758e	d__Bacteria;p__Bacillota;c__Bacilli;o__Lactobacillales;f__Carnobacteriaceae;g__Granulicatella;s__	g__Granulicatella
020d740340f337ff6db4842f3c3c8264	d__Bacteria;p__Bacillota;c__Clostridia;o__Lachnospirales;f__Lachnospiraceae;g__Lachnoanaerobaculum;s__	g__Lachnoanaerobaculum
a517de6df64701804dc91b86e04c6908	d__Bacteria;p__Bacteroidota;c__Bacteroidia;o__Flavobacteriales;f__Weeksellaceae;g__Bergeyella;s__	g__Bergeyella
53694945b9fd08d33c8f3aaf00f1252f	d__Bacteria;p__Bacillota;c__Bacilli;o__Lactobacillales;f__Streptococcaceae;g__Streptococcus;s__	g__Streptococcus
aed3f8a337f429f1ad9146934d10806d	d__Bacteria;p__Bacillota;c__Bacilli;o__Lactobacillales;f__Streptococcaceae;g__Streptococcus;s__	g__Streptococcus
a62e6e29652b9a10c8f4a27d224fb347	d__Bacteria;p__Fusobacteriota;c__Fusobacteriia;o__Fusobacteriales;f__Leptotrichiaceae;g__Pseudoleptotrichia;s__	g__Pseudoleptotrichia
b16b331f33406f63a19e5c2d4134b19f	d__Bacteria;p__Bacillota;c__Bacilli;o__Lactobacillales;f__Streptococcaceae;g__Streptococcus;s__	g__Streptococcus
9300ebec0c6231cb7d7c81aae1aa0de5	d__Bacteria;p__Actinomycetota;c__Actinobacteria;o__Actinomycetales;f__Actinomycetaceae;g__Schaalia;s__	g__Schaalia
1189db945915eabc6adee44921974e0b	d__Bacteria;p__Bacillota;c__Bacilli;o__Staphylococcales;f__Gemellaceae;g__Gemella;s__	g__Gemella
9786f0fd677dccc406b2ce0891f2d1c7	d__Bacteria;p__Bacillota;c__Bacilli;o__Staphylococcales;f__Gemellaceae;g__Gemella;s__	g__Gemella
c9c7bee31e0f144d37383f83c8399da2	d__Bacteria;p__Campylobacterota;c__Campylobacteria;o__Campylobacterales;f__Campylobacteraceae;g__Campylobacter;s__	g__Campylobacter
b0796a42c3094b398b37201fe933b37f	d__Bacteria;p__Bacillota;c__Bacilli;o__Lactobacillales;f__Streptococcaceae;g__Streptococcus;s__	g__Streptococcus
43f8950024e11993023a70bfb389e848	d__Bacteria;p__Bacteroidota;c__Bacteroidia;o__Bacteroidales;f__Porphyromonadaceae;g__Porphyromonas;s__	g__Porphyromonas
60ea7db2d5436d73d892cfebc89da8c8	d__Bacteria;p__Campylobacterota;c__Campylobacteria;o__Campylobacterales;f__Campylobacteraceae;g__Campylobacter;s__	g__Campylobacter
1cbb1c3adb30edb4bf67a78aca2fd980	d__Bacteria;p__Campylobacterota;c__Campylobacteria;o__Campylobacterales;f__Campylobacteraceae;g__Campylobacter;s__	g__Campylobacter
94c37aa100572529e96dbdd6dffffdff	d__Bacteria;p__Bacteroidota;c__Bacteroidia;o__Flavobacteriales;f__Flavobacteriaceae;g__Capnocytophaga;s__	g__Capnocytophaga
7e844012ab93db581be2d2f541a1dfe4	d__Bacteria;p__Pseudomonadota;c__Gammaproteobacteria;o__Burkholderiales;f__Comamonadaceae;g__Ramlibacter;s__	g__Ramlibacter
12c3409b1dad6268bfbb61025a34059e	d__Bacteria;p__Bacillota;c__Bacilli;o__Lactobacillales;f__Streptococcaceae;g__Streptococcus;s__	g__Streptococcus
b5e14b971af961644efa7974e7e5bacb	d__Bacteria;p__Actinomycetota;c__Coriobacteriia;o__Coriobacteriales;f__Coriobacteriaceae;g__Collinsella;s__	g__Collinsella
8a3b931497df69abc70571f2a849cf81	d__Bacteria;p__Pseudomonadota;c__Gammaproteobacteria;o__Pseudomonadales;f__Pseudomonadaceae;g__Pseudomonas;s__	g__Pseudomonas
38f5a29b99929ba5a37876dbc358d9ec	d__Bacteria;p__Bacteroidota;c__Bacteroidia;o__Bacteroidales;f__Prevotellaceae;g__Prevotella;s__	g__Prevotella
fc3be54e3a9d6f7ee70dd5908c8252b3	d__Bacteria;p__Pseudomonadota;c__Gammaproteobacteria;o__Burkholderiales;f__Sutterellaceae;g__Sutterella;s__	g__Sutterella
28d6bc2990290524d20ea90be9e54e25	d__Bacteria;p__Bacillota;c__Bacilli;o__Lactobacillales;f__Lactobacillaceae;g__Ligilactobacillus;s__	g__Ligilactobacillus
6fca73a7b72d8b7dcabb797d7e27932c	d__Bacteria;p__Bacillota;c__Bacilli;o__Lactobacillales;f__Carnobacteriaceae;g__Granulicatella;s__	g__Granulicatella
281d90ec74113abba1c15af8ff739e25	d__Bacteria;p__Bacillota;c__Bacilli;o__Lactobacillales;f__Carnobacteriaceae;g__Granulicatella;s__	g__Granulicatella
3fc0ab964b5b1ae903d3fbac80d9eca9	d__Bacteria;p__Bacillota;c__Bacilli;o__Lactobacillales;f__P5D1-392;g__Incertae_Sedis;s__	g__Incertae_Sedis
1e592847c9d28ec6d38a7b24196cbee6	d__Bacteria;p__Bacillota;c__Bacilli;o__Lactobacillales;f__P5D1-392;g__Incertae_Sedis;s__	g__Incertae_Sedis
ff11ffd0dcaac4cc59c2e7a4a22276b6	d__Bacteria;p__Actinomycetota;c__Actinobacteria;o__Actinomycetales;f__Actinomycetaceae;g__Schaalia;s__	g__Schaalia
f2c84fe5085ffc310226db547e3f85b4	d__Bacteria;p__Pseudomonadota;c__Gammaproteobacteria;o__Burkholderiales;f__Neisseriaceae;g__Eikenella;s__	g__Eikenella
7ad12066cac887aa32de178888afe69f	d__Bacteria;p__Bacteroidota;c__Bacteroidia;o__Flavobacteriales;f__Weeksellaceae;g__Cloacibacterium;s__	g__Cloacibacterium
5a9c1f8e6db761457de0a92b2d32e57e	d__Bacteria;p__Bacillota;c__Bacilli;o__Lactobacillales;f__Streptococcaceae;g__Streptococcus;s__	g__Streptococcus
788a3f9460f92736620f8094824fedae	d__Bacteria;p__Pseudomonadota;c__Gammaproteobacteria;o__Lysobacterales;f__Lysobacteraceae;g__Lysobacter;s__	g__Lysobacter
d3567f4c950d2d1de16684be254cf5a2	d__Bacteria;p__Bacillota;c__Clostridia;o__Oscillospirales;f__Ruminococcaceae;g__Incertae_Sedis;s__	g__Incertae_Sedis
bf6d57c91eec5140d81d636b8bad64fe	d__Bacteria;p__Bacteroidota;c__Bacteroidia;o__Bacteroidales;f__Prevotellaceae;g__Incertae_Sedis;s__	g__Incertae_Sedis
536d6d845cb61f3cf5a788973a253da9	d__Bacteria;p__Bacteroidota;c__Bacteroidia;o__Bacteroidales;f__Bacteroidaceae;g__Bacteroides;s__	g__Bacteroides
84efb6bb35202937ed2d1eaaedd276dc	d__Bacteria;p__Bacillota;c__Clostridia;o__Oscillospirales;f__Ruminococcaceae;g__Incertae_Sedis;s__	g__Incertae_Sedis
677ccb774b82e42156701197397b9e93	d__Bacteria;p__Actinomycetota;c__Coriobacteriia;o__Coriobacteriales;f__Eggerthellaceae;g__Senegalimassilia;s__	g__Senegalimassilia
ad2a9c961180bb2c32e905cde482d50f	d__Bacteria;p__Bacillota;c__Bacilli;o__Bacillales;f__Bacillaceae;g__Bacillus;s__	g__Bacillus
bbfbedee58d36dfb85f668c852b4a8c7	d__Bacteria;p__Bacillota;c__Negativicutes;o__Veillonellales-Selenomonadales;f__Selenomonadaceae;g__Selenomonas;s__	g__Selenomonas
924eb0405926789be5142b1b42e564a6	d__Bacteria;p__Bacillota;c__Negativicutes;o__Veillonellales-Selenomonadales;f__Selenomonadaceae;g__Selenomonas;s__	g__Selenomonas
29b49fb43ce6b2e24458b229bd870424	d__Bacteria;p__Bacillota;c__Clostridia;o__Lachnospirales;f__Lachnospiraceae;g__Stomatobaculum;s__	g__Stomatobaculum
a04d694723be2bfbb6b2d902f35560c2	d__Bacteria;p__Pseudomonadota;c__Gammaproteobacteria;o__Burkholderiales;f__Rhodocyclaceae	Unclassified
ccbd9770ea12802f3c0dfb71533d694c	d__Bacteria;p__Bacillota;c__Negativicutes;o__Veillonellales-Selenomonadales;f__Veillonellaceae;g__Veillonella;s__	g__Veillonella
b5c41bf8238d82e4d047737269c24aef	d__Bacteria;p__Bacillota;c__Negativicutes;o__Veillonellales-Selenomonadales;f__Veillonellaceae;g__Veillonella;s__	g__Veillonella
b5b6f8d349bb44510cbba19f85bed8dc	d__Bacteria;p__Pseudomonadota;c__Gammaproteobacteria;o__Burkholderiales;f__Rhodocyclaceae	Unclassified
aec89ae821acbf29a5ab875b72097a7b	d__Bacteria;p__Fusobacteriota;c__Fusobacteriia;o__Fusobacteriales;f__Leptotrichiaceae;g__Pseudoleptotrichia;s__	g__Pseudoleptotrichia
712f61179caf7f7d4fbfb16456ea789b	d__Bacteria;p__Bacteroidota;c__Bacteroidia;o__Bacteroidales;f__Prevotellaceae;g__Alloprevotella;s__	g__Alloprevotella
0a3a68bed98ac78fd5e8c0ba319d2744	d__Bacteria;p__Pseudomonadota;c__Gammaproteobacteria;o__Lysobacterales;f__Lysobacteraceae;g__Arenimonas;s__	g__Arenimonas
5ad97149ae855c43e092d4528af1860d	d__Bacteria;p__Bacillota;c__Clostridia;o__Lachnospirales;f__Lachnospiraceae;g__Enterocloster;s__	g__Enterocloster
a2b1efe83ae252c75ecf06085ae853ab	d__Bacteria;p__Bacteroidota;c__Bacteroidia;o__Bacteroidales;f__Rikenellaceae;g__Incertae_Sedis;s__	g__Incertae_Sedis
e7a6e7a9552ed093eb201074740f78bc	d__Bacteria;p__Bacillota;c__Clostridia;o__Oscillospirales;f__Butyricicoccaceae;g__Agathobaculum;s__	g__Agathobaculum
7dd87b2ac60842bf4090406140dff525	d__Bacteria;p__Actinomycetota;c__Actinobacteria;o__Bifidobacteriales;f__Bifidobacteriaceae;g__Bifidobacterium;s__	g__Bifidobacterium
9b17f20687cc162e2ec6e4f154237856	d__Bacteria;p__Actinomycetota;c__Actinobacteria;o__Bifidobacteriales;f__Bifidobacteriaceae;g__Bifidobacterium;s__	g__Bifidobacterium
03994bb3bfc97d72a1893ae2e999cf9c	d__Bacteria;p__Actinomycetota;c__Actinobacteria;o__Bifidobacteriales;f__Bifidobacteriaceae;g__Bifidobacterium;s__	g__Bifidobacterium
daa7ce053f09d4b6a0a899a95aefa0cd	d__Bacteria;p__Fusobacteriota;c__Fusobacteriia;o__Fusobacteriales;f__Leptotrichiaceae;g__Pseudoleptotrichia;s__	g__Pseudoleptotrichia
f291423657fb26c3e3c1273da0a5c7ef	d__Bacteria;p__Fusobacteriota;c__Fusobacteriia;o__Fusobacteriales;f__Fusobacteriaceae;g__Fusobacterium;s__	g__Fusobacterium
0c2889b17f1393a870311cfd50d81a32	d__Bacteria;p__Fusobacteriota;c__Fusobacteriia;o__Fusobacteriales;f__Fusobacteriaceae;g__Fusobacterium;s__	g__Fusobacterium
2bdaa0abf449aa60a62dbd7409e14672	d__Bacteria;p__Fusobacteriota;c__Fusobacteriia;o__Fusobacteriales;f__Fusobacteriaceae;g__Fusobacterium;s__	g__Fusobacterium
bb1dfaeee51b08540d39ae622d0eeda7	d__Bacteria;p__Bacillota;c__Clostridia;o__Oscillospirales;f__Ruminococcaceae;g__Incertae_Sedis;s__	g__Incertae_Sedis
d73df7cfc55eae2fd1077e0bb47b75e5	d__Bacteria;p__Bacillota;c__Clostridia;o__Lachnospirales;f__Lachnospiraceae;g__Blautia;s__	g__Blautia
1289680c01899a722d9b3c35136eb9dc	d__Bacteria;p__Bacillota;c__Clostridia;o__Lachnospirales;f__Lachnospiraceae	Unclassified
e92ce127e19774575f76fc8082ffbd38	d__Bacteria;p__Bacillota;c__Clostridia;o__Lachnospirales;f__Lachnospiraceae;g__Blautia;s__	g__Blautia
d8d351d661801a769802c946b5f547ec	d__Bacteria;p__Bacillota;c__Clostridia;o__Lachnospirales;f__Lachnospiraceae;g__Blautia;s__	g__Blautia
077e4636eff883988f7b94f3b13d3060	d__Bacteria;p__Bacteroidota;c__Bacteroidia;o__Bacteroidales;f__Prevotellaceae;g__Segatella;s__	g__Segatella
bcffaff7218d17c7df726c0b60ada2f2	d__Bacteria;p__Bacteroidota;c__Bacteroidia;o__Bacteroidales;f__Prevotellaceae;g__Segatella;s__	g__Segatella
a439bfe230257813a59fc2c9b4f1f5b1	d__Bacteria;p__Bacteroidota;c__Bacteroidia;o__Bacteroidales;f__Prevotellaceae;g__Segatella;s__	g__Segatella
0a2efa04124a6322ae2882875b4779cd	d__Bacteria;p__Bacteroidota;c__Bacteroidia;o__Bacteroidales;f__Prevotellaceae;g__Segatella;s__	g__Segatella
917c267adf48dc3a9f5766ec8a8bf79e	d__Bacteria;p__Bacillota;c__Negativicutes;o__Veillonellales-Selenomonadales;f__Selenomonadaceae;g__Selenomonas;s__	g__Selenomonas
f241ddd94b6f86f6fb8c14e2bfb76a74	d__Bacteria;p__Pseudomonadota;c__Gammaproteobacteria;o__Enterobacterales;f__Yersiniaceae;g__Serratia;s__	g__Serratia
01e81a100d8c945aaef7b06e8a19cb4e	d__Bacteria;p__Bacteroidota;c__Bacteroidia;o__Bacteroidales;f__Prevotellaceae;g__Segatella;s__	g__Segatella
83554a310b78d3ca9c4198454112739a	d__Bacteria;p__Bacteroidota;c__Bacteroidia;o__Bacteroidales;f__Prevotellaceae;g__Segatella;s__	g__Segatella
cd9c3bdc93029ecd8ffcb0ad7d11a8af	d__Bacteria;p__Fusobacteriota;c__Fusobacteriia;o__Fusobacteriales;f__Leptotrichiaceae;g__Leptotrichia;s__	g__Leptotrichia
7b8193ca8b8bf814f805532c5b42e569	d__Bacteria;p__Verrucomicrobiota;c__Verrucomicrobiia;o__Verrucomicrobiales;f__Verrucomicrobiaceae;g__Prosthecobacter;s__	g__Prosthecobacter
4f30d0e4eb4eb3f79156c779dacd1554	d__Bacteria;p__Pseudomonadota;c__Gammaproteobacteria;o__Burkholderiales;f__Burkholderiaceae;g__Lautropia;s__	g__Lautropia
03b27bf99e3db808693177f847be7a7b	d__Bacteria;p__Bacteroidota;c__Bacteroidia;o__Bacteroidales;f__Prevotellaceae;g__Segatella;s__	g__Segatella
5645673bb5e8cfda33aba097486f84fe	d__Bacteria;p__Bacillota;c__Clostridia;o__Peptostreptococcales-Tissierellales;f__Family_XI;g__W5053;s__	g__W5053
38fe075fe7145e38adfa2e4e7213d8fe	d__Bacteria;p__Synergistota;c__Synergistia;o__Synergistales;f__Synergistaceae;g__Fretibacterium;s__	g__Fretibacterium
1060d0e84fd4af14e01fff92ed807d00	d__Bacteria;p__Bacillota;c__Bacilli;o__Staphylococcales;f__Staphylococcaceae;g__Staphylococcus;s__	g__Staphylococcus
26ed581de05412a27473cfd185813daf	d__Bacteria;p__Bacillota;c__Clostridia;o__Lachnospirales;f__Lachnospiraceae;g__Lachnospiraceae_NK3A20_group;s__	g__Lachnospiraceae_NK3A20_group
1fc35530bff63c72e54a772f2e6cedd4	d__Bacteria;p__Bacillota;c__Negativicutes;o__Veillonellales-Selenomonadales;f__Selenomonadaceae;g__Selenomonas;s__	g__Selenomonas
04ebe84e14ba462f9796a65d062b82fd	d__Bacteria;p__Fusobacteriota;c__Fusobacteriia;o__Fusobacteriales;f__Fusobacteriaceae;g__Fusobacterium;s__	g__Fusobacterium
f13374234c8b915a7210d02a6375b678	d__Bacteria;p__Fusobacteriota;c__Fusobacteriia;o__Fusobacteriales;f__Fusobacteriaceae;g__Fusobacterium;s__	g__Fusobacterium
9112297a4ac553708e86d2159c4b68fe	d__Bacteria;p__Bacillota;c__Negativicutes;o__Veillonellales-Selenomonadales;f__Veillonellaceae;g__Dialister;s__	g__Dialister
837d4dfa800a32f6537ff43540a6f984	d__Bacteria;p__Bacillota;c__Negativicutes;o__Veillonellales-Selenomonadales;f__Veillonellaceae;g__Veillonella;s__	g__Veillonella
32c494472577218ca5992c369d0f16c6	d__Bacteria;p__Bacillota;c__Negativicutes;o__Veillonellales-Selenomonadales;f__Veillonellaceae;g__Dialister;s__	g__Dialister
896d7ef0854c3b5608ea6d92013252cf	d__Bacteria;p__Pseudomonadota;c__Gammaproteobacteria;o__Enterobacterales;f__Yersiniaceae;g__Serratia;s__	g__Serratia
f205d2d30c99b04d9848bbcb89c7c39f	d__Bacteria;p__Pseudomonadota;c__Gammaproteobacteria;o__Burkholderiales;f__Neisseriaceae;g__Neisseria;s__	g__Neisseria
39e62bd0d1998b584b202a76b8ca3594	d__Bacteria;p__Pseudomonadota;c__Gammaproteobacteria;o__Burkholderiales;f__Neisseriaceae;g__Kingella;s__	g__Kingella
134dd7b1a88f6f8b18b220385355898d	d__Bacteria;p__Bacteroidota;c__Bacteroidia;o__Bacteroidales;f__Prevotellaceae;g__Segatella;s__	g__Segatella
234781473be0861266869ad2ac73a451	d__Bacteria;p__Pseudomonadota;c__Gammaproteobacteria;o__Enterobacterales;f__Enterobacteriaceae;g__Escherichia-Shigella;s__	g__Escherichia-Shigella
ec6687195ba26ce79a346157928658e9	d__Bacteria;p__Bacteroidota;c__Bacteroidia;o__Cytophagales;f__Hymenobacteraceae;g__Pontibacter;s__	g__Pontibacter
c7d3f66ff891647c32c402f016c27895	d__Bacteria;p__Spirochaetota;c__Spirochaetia;o__Spirochaetales;f__Spirochaetaceae;g__Treponema;s__	g__Treponema
572f32b5b3f52c5b368559df5e030dc4	d__Bacteria;p__Spirochaetota;c__Spirochaetia;o__Spirochaetales;f__Spirochaetaceae;g__Treponema;s__	g__Treponema
5b3795af3dfe85b3908a3df8824cb3d8	d__Bacteria;p__Bacillota;c__Bacilli;o__Lactobacillales;f__Carnobacteriaceae;g__Granulicatella;s__	g__Granulicatella
fad72f6107b16f1903f3182a3fd71e38	d__Bacteria;p__Pseudomonadota;c__Gammaproteobacteria;o__Pseudomonadales;f__Pseudomonadaceae;g__Pseudomonas;s__	g__Pseudomonas
fd1babbe2b6361868162e9f2cad84e18	d__Bacteria;p__Campylobacterota;c__Campylobacteria;o__Campylobacterales;f__Campylobacteraceae;g__Campylobacter;s__	g__Campylobacter
76824a3b7a0403bef506e8e5bc9f79dc	d__Bacteria;p__Bacteroidota;c__Bacteroidia;o__Bacteroidales;f__Prevotellaceae;g__Hoylesella;s__	g__Hoylesella
49375abff23b113b3a649bb0a5613e96	d__Bacteria;p__Bacillota;c__Bacilli;o__Lactobacillales;f__Streptococcaceae;g__Streptococcus;s__	g__Streptococcus
500561e41b70ae763bae36188d14f845	d__Bacteria;p__Bacillota;c__Bacilli;o__Lactobacillales;f__Streptococcaceae;g__Streptococcus;s__	g__Streptococcus
acb082f9479145773d7cc1d168b8d91e	d__Bacteria;p__Bacillota;c__Bacilli;o__Lactobacillales;f__Streptococcaceae;g__Streptococcus;s__	g__Streptococcus
f6a3c11914942b6b3e437fedd5c44600	d__Bacteria;p__Actinomycetota;c__Actinobacteria;o__Mycobacteriales;f__Corynebacteriaceae;g__Corynebacterium;s__	g__Corynebacterium
40f04984afd4aea68090b8594a9cda5e	d__Bacteria;p__Bacillota;c__Bacilli;o__Lactobacillales;f__Streptococcaceae;g__Streptococcus;s__	g__Streptococcus
a856cf620060a8dbc80ed957d4b9f346	d__Bacteria;p__Actinomycetota;c__Actinobacteria;o__Mycobacteriales;f__Corynebacteriaceae;g__Corynebacterium;s__	g__Corynebacterium
c4228348d779e9fab621c286cbc0f367	d__Bacteria;p__Bacillota;c__Bacilli;o__Lactobacillales;f__Streptococcaceae;g__Streptococcus;s__	g__Streptococcus
ee47c66f3abd609932073701f2ef5ff6	d__Bacteria;p__Patescibacteria;c__Saccharimonadia;o__Saccharimonadales;f__Saccharimonadaceae;g__Incertae_Sedis;s__	g__Incertae_Sedis
4254421d641ec2b79efd0f7fb67667b3	d__Bacteria;p__Bacillota;c__Bacilli;o__Lactobacillales;f__Streptococcaceae;g__Streptococcus;s__	g__Streptococcus
a7cde6bfcf53b3910c5f4dc6532eb29c	d__Bacteria;p__Bacillota;c__Bacilli;o__Lactobacillales;f__Streptococcaceae;g__Streptococcus;s__	g__Streptococcus
5cd170964379a40abf898889db45ac30	d__Bacteria;p__Bacillota;c__Bacilli;o__Bacillales;f__Bacillaceae;g__Mesobacillus;s__	g__Mesobacillus
