	Unclassified	g__Abiotrophia	g__Acholeplasma	g__Achromobacter	g__Acidiferrimicrobium	g__Acidocella	g__Acidovorax	g__Acinetobacter	g__Actinobacillus	g__Actinomyces	g__Aeriscardovia	g__Aerococcus	g__Aeromonas	g__Aggregatibacter	g__Akkermansia	g__Alistipes	g__Alloprevotella	g__Alloscardovia	g__Alysiella	g__Aminipila	g__Anaerobutyricum	g__Anaerococcus	g__Anaeroglobus	g__Anaerostipes	g__Anaerovorax	g__Atopobium	g__Azospirillum	g__Bacillus	g__Bacteroides	g__Bergeyella	g__Bifidobacterium	g__Bilophila	g__Blautia	g__Blvii28_wastewater-sludge_group	g__Brachymonas	g__Bradyrhizobium	g__Brevibacterium	g__Brevundimonas	g__Brucella	g__Bryobacter	g__Bulleidia	g__Burkholderia-Caballeronia-Paraburkholderia	g__Butyrivibrio	g__Campylobacter	g__Candidatus_Cardinium	g__Candidatus_Saccharimonas	g__Capnocytophaga	g__Cardiobacterium	g__Catonella	g__Caulobacter	g__Christensenellaceae_R-7_group	g__Chryseobacterium	g__Cloacibacterium	g__Comamonas	g__Coprococcus	g__Corynebacterium	g__Coxiella	g__Cryptobacterium	g__Cupriavidus	g__Defluviitaleaceae_UCG-011	g__Deinococcus	g__Desulfobulbus	g__Desulfomicrobium	g__Desulfovibrio	g__Dialister	g__Dietzia	g__Dolosigranulum	g__Dubosiella	g__Dyella	g__Eggerthia	g__Eikenella	g__Elizabethkingia	g__Enhydrobacter	g__Enterobacter	g__Enterocloster	g__Enterococcus	g__Erysipelotrichaceae_UCG-006	g__Erythrobacter	g__Escherichia-Shigella	g__F0058	g__F0332	g__Faecalibacterium	g__Family_XIII_AD3011_group	g__Family_XIII_UCG-001	g__Fannyhessea	g__Filifactor	g__Finegoldia	g__Flavobacterium	g__Flexilinea	g__Fluviicola	g__Fretibacterium	g__Fuscovulum	g__Fusobacterium	g__GOUTA6	g__Gardnerella	g__Gemella	g__Gemmiger	g__Gordonia	g__Granulicatella	g__Haemophilus	g__Halomonas	g__Hornefia	g__Howardella	g__Hoylesella	g__Hyphomicrobium	g__Incertae_Sedis	g__Insolitispirillum	g__Intestinibacter	g__Janibacter	g__Johnsonella	g__Kingella	g__Klebsiella	g__Lachnoanaerobaculum	g__Lachnospira	g__Lachnospiraceae_NK3A20_group	g__Lachnospiraceae_UCG-004	g__Lacticaseibacillus	g__Lactobacillus	g__Lancefieldella	g__Lautropia	g__Lawsonella	g__Legionella	g__Leifsonia	g__Lentimicrobium	g__Leptotrichia	g__Leucobacter	g__Ligilactobacillus	g__Limnohabitans	g__Limosilactobacillus	g__Listeria	g__Luteimonas	g__Lysinibacillus	g__Mediterraneibacter	g__Megamonas	g__Megasphaera	g__Mesomycoplasma	g__Methylophilus	g__Methylorubrum	g__Methyloversatilis	g__Mobiluncus	g__Mogibacterium	g__Moraxella	g__Morganella	g__Mycobacterium	g__Mycoplasma	g__Mycoplasmopsis	g__Neisseria	g__Neobacillus	g__Niabella	g__Nitrosomonas	g__Novosphingobium	g__Nubsella	g__Odoribacter	g__Olsenella	g__Opitutus	g__Oribacterium	g__Ottowia	g__Parabacteroides	g__Paracoccus	g__Parascardovia	g__Parasutterella	g__Parvimonas	g__Paucibacter	g__Pelosinus	g__Pelospora	g__Peptoanaerobacter	g__Peptococcus	g__Peptoniphilus	g__Peptostreptococcus	g__Phaselicystis	g__Phocaeicola	g__Plesiomonas	g__Polynucleobacter	g__Porphyromonas	g__Prevotella	g__Prosthecobacter	g__Proteiniphilum	g__Pseudaeromonas	g__Pseudoleptotrichia	g__Pseudolysobacter	g__Pseudomonas	g__Pseudoprevotella	g__Pseudoramibacter	g__Pseudoxanthomonas	g__Pyramidobacter	g__Ralstonia	g__Rhizorhabdus	g__Rhodanobacter	g__Rhodoluna	g__Rikenellaceae_RC9_gut_group	g__Romboutsia	g__Roseburia	g__Roseimarinus	g__Roseomonas	g__Rothia	g__Ruminococcus	g__Ruthenibacterium	g__SH3-11	g__Scardovia	g__Schaalia	g__Schleiferilactobacillus	g__Segatella	g__Selenomonas	g__Serratia	g__Simonsiella	g__Skermanella	g__Sneathia	g__Solobacterium	g__Sphaerotilus	g__Sphingobium	g__Sphingomonas	g__Staphylococcus	g__Stenotrophomonas	g__Stomatobaculum	g__Streptobacillus	g__Streptococcus	g__Sutterella	g__TM7a	g__TM7x	g__Tannerella	g__Tepidimonas	g__Thiomonas	g__Treponema	g__Tsuneonella	g__UCG-002	g__Variovorax	g__Veillonella	g__Vibrionimonas	g__Vulcaniibacterium	g__W5053	g__Wolinella	g__Xanthomonas	g__Xylanibacter	g__Yersinia	g__[Eubacterium]_brachy_group	g__[Eubacterium]_saphenum_group	g__[Eubacterium]_sulci_group	g__[Eubacterium]_ventriosum_group	g__[Eubacterium]_yurii_group
SRR18595688	-0.645469	3.39758	-0.645469	-0.645469	-0.645469	-0.645469	-0.645469	-0.645469	-0.645469	-0.645469	-0.645469	-0.645469	-0.645469	-0.645469	-0.645469	-0.645469	4.54192	-0.645469	-0.645469	-0.645469	-0.645469	-0.645469	-0.645469	-0.645469	-0.645469	-0.645469	-0.645469	-0.645469	-0.645469	3.20468	-0.645469	-0.645469	-0.645469	-0.645469	-0.645469	-0.645469	-0.645469	-0.645469	-0.645469	-0.645469	-0.645469	-0.645469	-0.645469	3.82044	-0.645469	-0.645469	4.06406	-0.645469	4.09946	-0.645469	-0.645469	-0.645469	-0.645469	-0.645469	-0.645469	-0.645469	-0.645469	-0.645469	-0.645469	-0.645469	-0.645469	-0.645469	-0.645469	-0.645469	-0.645469	-0.645469	-0.645469	-0.645469	-0.645469	-0.645469	-0.645469	-0.645469	-0.645469	-0.645469	-0.645469	-0.645469	-0.645469	-0.645469	-0.645469	-0.645469	-0.645469	-0.645469	-0.645469	-0.645469	-0.645469	-0.645469	-0.645469	-0.645469	-0.645469	-0.645469	-0.645469	-0.645469	5.59481	-0.645469	-0.645469	4.68725	-0.645469	-0.645469	6.08912	7.10083	-0.645469	-0.645469	-0.645469	3.94965	-0.645469	7.0869	-0.645469	-0.645469	-0.645469	-0.645469	-0.645469	-0.645469	3.72398	-0.645469	-0.645469	-0.645469	-0.645469	-0.645469	2.57341	-0.645469	-0.645469	-0.645469	-0.645469	-0.645469	-0.645469	-0.645469	-0.645469	-0.645469	-0.645469	-0.645469	-0.645469	-0.645469	-0.645469	-0.645469	-0.645469	-0.645469	-0.645469	-0.645469	-0.645469	-0.645469	-0.645469	-0.645469	-0.645469	-0.645469	-0.645469	-0.645469	7.26402	-0.645469	-0.645469	-0.645469	-0.645469	-0.645469	-0.645469	-0.645469	-0.645469	5.25989	-0.645469	-0.645469	-0.645469	-0.645469	-0.645469	2.65037	-0.645469	-0.645469	-0.645469	-0.645469	-0.645469	-0.645469	5.28146	-0.645469	-0.645469	-0.645469	-0.645469	6.80983	6.91305	-0.645469	-0.645469	-0.645469	-0.645469	-0.645469	-0.645469	-0.645469	-0.645469	-0.645469	-0.645469	-0.645469	-0.645469	-0.645469	-0.645469	-0.645469	-0.645469	-0.645469	-0.645469	-0.645469	4.82259	-0.645469	-0.645469	-0.645469	-0.645469	3.0681	-0.645469	3.55922	-0.645469	-0.645469	-0.645469	-0.645469	-0.645469	4.99998	-0.645469	-0.645469	-0.645469	-0.645469	-0.645469	-0.645469	-0.645469	6.86715	-0.645469	-0.645469	2.18774	2.06258	-0.645469	-0.645469	-0.645469	-0.645469	-0.645469	-0.645469	6.0253	-0.645469	-0.645469	-0.645469	-0.645469	-0.645469	-0.645469	-0.645469	-0.645469	-0.645469	3.84317	-0.645469	-0.645469
SRR18595689	-1.06813	-1.06813	-1.06813	-1.06813	-1.06813	-1.06813	-1.06813	-1.06813	-1.06813	2.73854	-1.06813	-1.06813	-1.06813	-1.06813	-1.06813	-1.06813	2.42838	-1.06813	-1.06813	-1.06813	-1.06813	-1.06813	-1.06813	-1.06813	-1.06813	-1.06813	-1.06813	-1.06813	2.36586	-1.06813	-1.06813	-1.06813	-1.06813	-1.06813	-1.06813	-1.06813	-1.06813	-1.06813	-1.06813	-1.06813	1.49682	-1.06813	-1.06813	4.65872	-1.06813	-1.06813	5.07391	1.63992	2.54279	-1.06813	-1.06813	-1.06813	-1.06813	-1.06813	-1.06813	-1.06813	-1.06813	-1.06813	-1.06813	2.48722	-1.06813	-1.06813	-1.06813	-1.06813	4.09666	-1.06813	-1.06813	-1.06813	-1.06813	-1.06813	-1.06813	-1.06813	-1.06813	-1.06813	-1.06813	-1.06813	-1.06813	-1.06813	-1.06813	2.54279	-1.06813	-1.06813	-1.06813	1.76509	-1.06813	4.17362	-1.06813	1.9764	-1.06813	-1.06813	2.64545	-1.06813	6.3398	-1.06813	-1.06813	3.30132	-1.06813	-1.06813	4.30251	5.41345	-1.06813	1.63992	-1.06813	2.54279	-1.06813	5.56913	-1.06813	-1.06813	-1.06813	2.29917	2.82369	-1.06813	3.85186	-1.06813	-1.06813	-1.06813	-1.06813	-1.06813	4.42494	-1.06813	-1.06813	-1.06813	-1.06813	3.35071	-1.06813	-1.06813	-1.06813	-1.06813	-1.06813	-1.06813	-1.06813	-1.06813	-1.06813	-1.06813	4.94069	-1.06813	-1.06813	-1.06813	-1.06813	-1.06813	2.54279	-1.06813	-1.06813	-1.06813	3.79169	-1.06813	4.02562	-1.06813	-1.06813	-1.06813	-1.06813	-1.06813	-1.06813	-1.06813	-1.06813	2.48722	-1.06813	-1.06813	-1.06813	-1.06813	-1.06813	5.06527	-1.06813	-1.06813	-1.06813	2.64545	3.44273	-1.06813	4.01328	-1.06813	2.22771	-1.06813	-1.06813	5.53174	7.0453	-1.06813	-1.06813	-1.06813	-1.06813	-1.06813	-1.06813	-1.06813	-1.06813	-1.06813	-1.06813	-1.06813	-1.06813	-1.06813	-1.06813	2.29917	-1.06813	-1.06813	-1.06813	-1.06813	3.96231	-1.06813	-1.06813	-1.06813	-1.06813	3.10626	-1.06813	4.83177	3.13657	2.59544	-1.06813	-1.06813	1.49682	3.85186	-1.06813	-1.06813	-1.06813	-1.06813	-1.06813	3.6047	-1.06813	6.39867	-1.06813	-1.06813	-1.06813	3.65926	-1.06813	-1.06813	5.19146	-1.06813	-1.06813	-1.06813	6.10583	-1.06813	-1.06813	-1.06813	-1.06813	-1.06813	3.39778	-1.06813	3.74406	2.90217	-1.06813	-1.06813	-1.06813
SRR18595690	-0.925878	-0.925878	-0.925878	-0.925878	-0.925878	-0.925878	-0.925878	1.02003	-0.925878	3.80151	-0.925878	-0.925878	-0.925878	-0.925878	-0.925878	-0.925878	-0.925878	-0.925878	-0.925878	-0.925878	-0.925878	-0.925878	-0.925878	-0.925878	-0.925878	-0.925878	-0.925878	-0.925878	-0.925878	-0.925878	-0.925878	-0.925878	-0.925878	2.11864	-0.925878	-0.925878	-0.925878	-0.925878	-0.925878	-0.925878	-0.925878	-0.925878	-0.925878	4.11755	-0.925878	-0.925878	4.70533	-0.925878	-0.925878	-0.925878	-0.925878	-0.925878	-0.925878	-0.925878	-0.925878	3.04441	-0.925878	-0.925878	-0.925878	-0.925878	-0.925878	-0.925878	-0.925878	-0.925878	4.28361	-0.925878	-0.925878	-0.925878	-0.925878	-0.925878	-0.925878	-0.925878	-0.925878	-0.925878	-0.925878	-0.925878	-0.925878	-0.925878	-0.925878	3.41793	-0.925878	-0.925878	-0.925878	-0.925878	-0.925878	2.57063	-0.925878	-0.925878	-0.925878	-0.925878	-0.925878	-0.925878	6.16503	-0.925878	-0.925878	4.63864	-0.925878	-0.925878	6.4412	7.26973	4.76785	-0.925878	-0.925878	5.04283	-0.925878	3.21726	-0.925878	-0.925878	-0.925878	2.96594	-0.925878	-0.925878	4.72661	-0.925878	-0.925878	-0.925878	-0.925878	-0.925878	4.63864	-0.925878	-0.925878	-0.925878	-0.925878	-0.925878	2.78769	-0.925878	-0.925878	-0.925878	-0.925878	-0.925878	-0.925878	-0.925878	-0.925878	-0.925878	4.9957	-0.925878	-0.925878	-0.925878	-0.925878	-0.925878	-0.925878	-0.925878	-0.925878	2.50811	-0.925878	-0.925878	3.36458	-0.925878	-0.925878	3.74695	-0.925878	-0.925878	-0.925878	3.00595	-0.925878	5.37123	-0.925878	-0.925878	-0.925878	-0.925878	-0.925878	-0.925878	-0.925878	-0.925878	-0.925878	-0.925878	-0.925878	-0.925878	3.27881	-0.925878	-0.925878	-0.925878	-0.925878	4.78785	5.81818	-0.925878	-0.925878	-0.925878	4.69089	-0.925878	-0.925878	-0.925878	-0.925878	-0.925878	2.78769	-0.925878	-0.925878	-0.925878	-0.925878	-0.925878	-0.925878	-0.925878	-0.925878	-0.925878	4.06455	-0.925878	-0.925878	-0.925878	-0.925878	4.78123	-0.925878	1.78217	3.54003	5.23322	-0.925878	-0.925878	-0.925878	-0.925878	-0.925878	-0.925878	-0.925878	-0.925878	-0.925878	5.84606	-0.925878	7.10323	-0.925878	-0.925878	-0.925878	4.85795	-0.925878	-0.925878	3.08146	-0.925878	-0.925878	-0.925878	6.58783	-0.925878	-0.925878	-0.925878	-0.925878	-0.925878	-0.925878	-0.925878	-0.925878	-0.925878	4.30523	-0.925878	4.19212
SRR18595691	-0.498071	-0.498071	-0.498071	-0.498071	-0.498071	-0.498071	-0.498071	-0.498071	-0.498071	3.50926	-0.498071	-0.498071	-0.498071	2.93592	-0.498071	-0.498071	-0.498071	-0.498071	-0.498071	-0.498071	-0.498071	-0.498071	-0.498071	-0.498071	-0.498071	-0.498071	-0.498071	-0.498071	-0.498071	3.57947	-0.498071	-0.498071	-0.498071	-0.498071	-0.498071	-0.498071	-0.498071	-0.498071	-0.498071	-0.498071	-0.498071	-0.498071	-0.498071	5.73438	-0.498071	-0.498071	4.09705	4.37713	-0.498071	-0.498071	-0.498071	-0.498071	-0.498071	-0.498071	-0.498071	2.44637	-0.498071	-0.498071	-0.498071	-0.498071	-0.498071	-0.498071	-0.498071	-0.498071	3.2155	-0.498071	-0.498071	-0.498071	-0.498071	-0.498071	-0.498071	-0.498071	-0.498071	-0.498071	-0.498071	-0.498071	-0.498071	-0.498071	-0.498071	-0.498071	-0.498071	-0.498071	-0.498071	-0.498071	-0.498071	-0.498071	-0.498071	2.93592	-0.498071	-0.498071	-0.498071	-0.498071	5.77292	-0.498071	-0.498071	5.44996	-0.498071	-0.498071	-0.498071	4.81513	-0.498071	-0.498071	-0.498071	2.7208	-0.498071	-0.498071	-0.498071	-0.498071	-0.498071	2.99844	2.7208	-0.498071	-0.498071	-0.498071	-0.498071	-0.498071	-0.498071	-0.498071	-0.498071	2.06688	-0.498071	-0.498071	-0.498071	-0.498071	-0.498071	-0.498071	-0.498071	-0.498071	-0.498071	-0.498071	-0.498071	-0.498071	-0.498071	-0.498071	-0.498071	-0.498071	-0.498071	-0.498071	-0.498071	-0.498071	-0.498071	-0.498071	-0.498071	-0.498071	-0.498071	-0.498071	4.03453	-0.498071	-0.498071	-0.498071	-0.498071	-0.498071	-0.498071	-0.498071	-0.498071	-0.498071	-0.498071	-0.498071	-0.498071	-0.498071	-0.498071	-0.498071	-0.498071	-0.498071	-0.498071	-0.498071	2.33514	-0.498071	-0.498071	-0.498071	-0.498071	-0.498071	-0.498071	3.47222	5.31007	-0.498071	-0.498071	-0.498071	-0.498071	-0.498071	-0.498071	-0.498071	-0.498071	-0.498071	-0.498071	-0.498071	-0.498071	-0.498071	-0.498071	-0.498071	-0.498071	-0.498071	-0.498071	-0.498071	4.01279	-0.498071	-0.498071	-0.498071	-0.498071	-0.498071	-0.498071	2.86922	5.37966	2.79777	-0.498071	-0.498071	-0.498071	-0.498071	-0.498071	-0.498071	-0.498071	-0.498071	-0.498071	-0.498071	-0.498071	5.81366	-0.498071	-0.498071	-0.498071	3.64506	-0.498071	-0.498071	-0.498071	-0.498071	-0.498071	-0.498071	6.54509	-0.498071	-0.498071	-0.498071	-0.498071	-0.498071	-0.498071	-0.498071	-0.498071	-0.498071	-0.498071	-0.498071	-0.498071
SRR18595692	-0.40968	-0.40968	-0.40968	-0.40968	-0.40968	-0.40968	-0.40968	4.70831	-0.40968	-0.40968	-0.40968	-0.40968	-0.40968	-0.40968	-0.40968	-0.40968	-0.40968	-0.40968	-0.40968	-0.40968	-0.40968	-0.40968	-0.40968	-0.40968	-0.40968	-0.40968	-0.40968	-0.40968	-0.40968	-0.40968	-0.40968	-0.40968	-0.40968	-0.40968	-0.40968	-0.40968	-0.40968	-0.40968	-0.40968	-0.40968	-0.40968	-0.40968	-0.40968	3.93413	-0.40968	-0.40968	2.29837	-0.40968	-0.40968	-0.40968	-0.40968	-0.40968	-0.40968	-0.40968	-0.40968	-0.40968	-0.40968	-0.40968	-0.40968	-0.40968	-0.40968	-0.40968	-0.40968	1.98822	-0.40968	-0.40968	-0.40968	-0.40968	-0.40968	-0.40968	2.53476	-0.40968	-0.40968	-0.40968	-0.40968	-0.40968	1.53623	-0.40968	-0.40968	-0.40968	-0.40968	-0.40968	-0.40968	-0.40968	-0.40968	-0.40968	-0.40968	3.79501	-0.40968	-0.40968	-0.40968	-0.40968	-0.40968	-0.40968	-0.40968	-0.40968	-0.40968	-0.40968	-0.40968	4.77771	-0.40968	-0.40968	-0.40968	3.02431	-0.40968	2.95762	-0.40968	-0.40968	-0.40968	2.15527	-0.40968	-0.40968	-0.40968	-0.40968	-0.40968	-0.40968	-0.40968	-0.40968	-0.40968	-0.40968	-0.40968	-0.40968	-0.40968	-0.40968	-0.40968	-0.40968	-0.40968	-0.40968	-0.40968	-0.40968	-0.40968	-0.40968	-0.40968	-0.40968	-0.40968	-0.40968	-0.40968	-0.40968	-0.40968	-0.40968	-0.40968	-0.40968	-0.40968	-0.40968	4.65922	-0.40968	-0.40968	-0.40968	-0.40968	-0.40968	2.53476	-0.40968	-0.40968	-0.40968	-0.40968	3.66786	-0.40968	-0.40968	-0.40968	-0.40968	-0.40968	3.853	-0.40968	-0.40968	-0.40968	-0.40968	-0.40968	-0.40968	-0.40968	-0.40968	5.24281	-0.40968	-0.40968	-0.40968	2.29837	-0.40968	-0.40968	-0.40968	-0.40968	-0.40968	-0.40968	-0.40968	2.53476	-0.40968	4.82143	-0.40968	-0.40968	-0.40968	-0.40968	-0.40968	-0.40968	-0.40968	-0.40968	-0.40968	-0.40968	-0.40968	-0.40968	-0.40968	-0.40968	-0.40968	-0.40968	4.43451	-0.40968	8.48663	-0.40968	-0.40968	-0.40968	-0.40968	-0.40968	-0.40968	1.53623	-0.40968	2.29837	-0.40968	-0.40968	5.17005	-0.40968	-0.40968	-0.40968	-0.40968	-0.40968	-0.40968	-0.40968	-0.40968	-0.40968	-0.40968	2.42353	-0.40968	-0.40968	-0.40968	-0.40968	-0.40968	-0.40968	-0.40968	-0.40968	-0.40968	-0.40968	-0.40968	-0.40968
SRR18595693	-0.547565	-0.547565	-0.547565	-0.547565	-0.547565	-0.547565	-0.547565	-0.547565	-0.547565	-0.547565	-0.547565	-0.547565	-0.547565	4.06756	-0.547565	-0.547565	-0.547565	-0.547565	-0.547565	-0.547565	-0.547565	-0.547565	-0.547565	-0.547565	-0.547565	-0.547565	-0.547565	-0.547565	-0.547565	3.06335	-0.547565	-0.547565	-0.547565	-0.547565	-0.547565	-0.547565	-0.547565	-0.547565	-0.547565	-0.547565	-0.547565	-0.547565	1.85033	2.81973	-0.547565	-0.547565	3.00778	2.58793	-0.547565	-0.547565	-0.547565	-0.547565	1.39834	3.16601	-0.547565	-0.547565	-0.547565	-0.547565	-0.547565	-0.547565	-0.547565	-0.547565	-0.547565	-0.547565	-0.547565	-0.547565	-0.547565	-0.547565	-0.547565	-0.547565	-0.547565	-0.547565	-0.547565	-0.547565	-0.547565	-0.547565	-0.547565	-0.547565	-0.547565	-0.547565	-0.547565	-0.547565	-0.547565	-0.547565	-0.547565	1.39834	-0.547565	2.49696	-0.547565	-0.547565	-0.547565	-0.547565	4.93723	-0.547565	-0.547565	4.32763	-0.547565	-0.547565	4.49586	7.63806	-0.547565	-0.547565	-0.547565	4.96989	-0.547565	5.02459	-0.547565	-0.547565	-0.547565	-0.547565	2.81973	-0.547565	-0.547565	-0.547565	-0.547565	-0.547565	-0.547565	-0.547565	-0.547565	3.94107	-0.547565	-0.547565	-0.547565	-0.547565	-0.547565	-0.547565	-0.547565	-0.547565	-0.547565	-0.547565	-0.547565	-0.547565	-0.547565	-0.547565	-0.547565	-0.547565	-0.547565	-0.547565	-0.547565	-0.547565	-0.547565	-0.547565	-0.547565	-0.547565	-0.547565	-0.547565	5.41601	-0.547565	-0.547565	-0.547565	-0.547565	-0.547565	-0.547565	-0.547565	-0.547565	1.39834	-0.547565	-0.547565	-0.547565	-0.547565	-0.547565	2.94894	-0.547565	-0.547565	-0.547565	-0.547565	-0.547565	-0.547565	2.58793	-0.547565	-0.547565	-0.547565	-0.547565	5.03968	4.10639	-0.547565	-0.547565	-0.547565	-0.547565	-0.547565	-0.547565	-0.547565	-0.547565	-0.547565	-0.547565	-0.547565	-0.547565	-0.547565	-0.547565	-0.547565	-0.547565	-0.547565	-0.547565	-0.547565	-0.547565	-0.547565	-0.547565	-0.547565	-0.547565	-0.547565	-0.547565	2.81973	3.116	-0.547565	-0.547565	-0.547565	-0.547565	-0.547565	-0.547565	-0.547565	-0.547565	2.01738	-0.547565	1.85033	-0.547565	7.48804	-0.547565	-0.547565	-0.547565	3.56331	-0.547565	-0.547565	-0.547565	-0.547565	-0.547565	-0.547565	4.82307	-0.547565	-0.547565	-0.547565	-0.547565	-0.547565	-0.547565	-0.547565	-0.547565	-0.547565	2.16048	-0.547565	-0.547565
SRR18595694	1.93743	4.0577	-0.25979	-0.25979	-0.25979	-0.25979	-0.25979	-0.25979	-0.25979	-0.25979	-0.25979	-0.25979	-0.25979	-0.25979	-0.25979	-0.25979	-0.25979	-0.25979	-0.25979	-0.25979	-0.25979	-0.25979	-0.25979	-0.25979	-0.25979	-0.25979	-0.25979	-0.25979	-0.25979	-0.25979	-0.25979	-0.25979	-0.25979	-0.25979	-0.25979	-0.25979	-0.25979	-0.25979	-0.25979	-0.25979	-0.25979	-0.25979	-0.25979	-0.25979	-0.25979	-0.25979	2.95909	-0.25979	-0.25979	-0.25979	-0.25979	-0.25979	-0.25979	-0.25979	-0.25979	-0.25979	-0.25979	-0.25979	-0.25979	-0.25979	-0.25979	-0.25979	-0.25979	-0.25979	-0.25979	-0.25979	-0.25979	-0.25979	-0.25979	-0.25979	-0.25979	-0.25979	3.29556	-0.25979	-0.25979	-0.25979	-0.25979	-0.25979	-0.25979	-0.25979	-0.25979	-0.25979	-0.25979	-0.25979	-0.25979	-0.25979	-0.25979	3.03605	-0.25979	2.44826	-0.25979	-0.25979	-0.25979	-0.25979	-0.25979	-0.25979	-0.25979	-0.25979	2.78473	4.71694	-0.25979	-0.25979	-0.25979	2.44826	-0.25979	-0.25979	-0.25979	-0.25979	-0.25979	-0.25979	-0.25979	-0.25979	-0.25979	-0.25979	-0.25979	-0.25979	-0.25979	-0.25979	-0.25979	-0.25979	-0.25979	-0.25979	-0.25979	-0.25979	-0.25979	-0.25979	-0.25979	-0.25979	-0.25979	-0.25979	-0.25979	-0.25979	-0.25979	-0.25979	-0.25979	-0.25979	-0.25979	-0.25979	-0.25979	-0.25979	-0.25979	-0.25979	-0.25979	-0.25979	-0.25979	-0.25979	5.7923	-0.25979	-0.25979	-0.25979	-0.25979	-0.25979	-0.25979	-0.25979	-0.25979	-0.25979	-0.25979	-0.25979	-0.25979	-0.25979	-0.25979	-0.25979	-0.25979	-0.25979	-0.25979	-0.25979	-0.25979	-0.25979	-0.25979	-0.25979	-0.25979	-0.25979	-0.25979	3.10751	5.45394	-0.25979	-0.25979	-0.25979	2.57342	-0.25979	-0.25979	-0.25979	-0.25979	-0.25979	-0.25979	-0.25979	-0.25979	-0.25979	-0.25979	-0.25979	-0.25979	-0.25979	-0.25979	-0.25979	-0.25979	-0.25979	-0.25979	-0.25979	-0.25979	-0.25979	-0.25979	3.54687	-0.25979	-0.25979	-0.25979	-0.25979	-0.25979	-0.25979	-0.25979	-0.25979	-0.25979	-0.25979	-0.25979	-0.25979	-0.25979	4.905	-0.25979	-0.25979	-0.25979	-0.25979	-0.25979	-0.25979	-0.25979	-0.25979	-0.25979	-0.25979	4.87011	-0.25979	-0.25979	-0.25979	-0.25979	-0.25979	-0.25979	-0.25979	-0.25979	-0.25979	-0.25979	-0.25979	-0.25979
SRR18595695	-0.853923	3.28921	-0.853923	-0.853923	-0.853923	-0.853923	-0.853923	-0.853923	-0.853923	2.51337	-0.853923	-0.853923	-0.853923	4.1895	-0.853923	-0.853923	-0.853923	-0.853923	-0.853923	-0.853923	-0.853923	-0.853923	-0.853923	-0.853923	-0.853923	-0.853923	-0.853923	-0.853923	-0.853923	1.71103	-0.853923	-0.853923	-0.853923	-0.853923	-0.853923	-0.853923	-0.853923	-0.853923	-0.853923	-0.853923	-0.853923	-0.853923	-0.853923	4.66353	-0.853923	-0.853923	5.41707	2.75699	3.58873	-0.853923	-0.853923	-0.853923	-0.853923	-0.853923	-0.853923	-0.853923	-0.853923	-0.853923	-0.853923	-0.853923	-0.853923	-0.853923	-0.853923	-0.853923	2.80964	-0.853923	-0.853923	-0.853923	-0.853923	-0.853923	3.0779	-0.853923	-0.853923	-0.853923	-0.853923	-0.853923	-0.853923	-0.853923	-0.853923	-0.853923	2.90728	-0.853923	-0.853923	-0.853923	-0.853923	-0.853923	-0.853923	2.70142	-0.853923	-0.853923	-0.853923	-0.853923	5.5997	-0.853923	-0.853923	4.29937	-0.853923	-0.853923	5.06766	5.23512	-0.853923	-0.853923	-0.853923	4.49793	-0.853923	5.6667	-0.853923	-0.853923	-0.853923	4.56218	-0.853923	-0.853923	4.22748	-0.853923	-0.853923	-0.853923	-0.853923	-0.853923	-0.853923	5.51426	-0.853923	-0.853923	-0.853923	-0.853923	-0.853923	-0.853923	-0.853923	-0.853923	-0.853923	-0.853923	-0.853923	-0.853923	-0.853923	-0.853923	3.81891	-0.853923	-0.853923	-0.853923	-0.853923	-0.853923	2.75699	-0.853923	-0.853923	-0.853923	-0.853923	-0.853923	7.52928	-0.853923	-0.853923	-0.853923	-0.853923	-0.853923	-0.853923	-0.853923	-0.853923	4.17651	-0.853923	-0.853923	-0.853923	-0.853923	-0.853923	3.94187	-0.853923	-0.853923	-0.853923	-0.853923	2.90728	-0.853923	4.21498	-0.853923	-0.853923	-0.853923	-0.853923	6.20827	5.34659	-0.853923	-0.853923	-0.853923	-0.853923	-0.853923	-0.853923	-0.853923	-0.853923	-0.853923	-0.853923	-0.853923	-0.853923	-0.853923	-0.853923	-0.853923	-0.853923	-0.853923	-0.853923	-0.853923	3.11637	-0.853923	-0.853923	-0.853923	-0.853923	3.22361	-0.853923	-0.853923	3.72079	-0.853923	-0.853923	-0.853923	-0.853923	2.64258	-0.853923	-0.853923	-0.853923	-0.853923	-0.853923	-0.853923	-0.853923	6.63101	-0.853923	-0.853923	3.46356	3.61198	-0.853923	-0.853923	1.85413	-0.853923	-0.853923	-0.853923	5.41328	-0.853923	-0.853923	-0.853923	-0.853923	-0.853923	-0.853923	-0.853923	1.71103	-0.853923	3.81891	-0.853923	3.81891
SRR18595696	-0.467492	-0.467492	-0.467492	-0.467492	-0.467492	-0.467492	-0.467492	-0.467492	-0.467492	-0.467492	-0.467492	-0.467492	-0.467492	-0.467492	-0.467492	-0.467492	-0.467492	-0.467492	-0.467492	-0.467492	-0.467492	4.08638	-0.467492	-0.467492	-0.467492	-0.467492	-0.467492	-0.467492	-0.467492	-0.467492	-0.467492	-0.467492	-0.467492	-0.467492	-0.467492	-0.467492	-0.467492	-0.467492	-0.467492	-0.467492	-0.467492	2.75138	-0.467492	-0.467492	-0.467492	-0.467492	3.57556	-0.467492	-0.467492	-0.467492	-0.467492	3.92696	-0.467492	-0.467492	-0.467492	-0.467492	-0.467492	-0.467492	-0.467492	-0.467492	2.09746	-0.467492	2.82834	-0.467492	-0.467492	-0.467492	-0.467492	-0.467492	-0.467492	-0.467492	-0.467492	-0.467492	2.82834	-0.467492	-0.467492	-0.467492	-0.467492	-0.467492	-0.467492	-0.467492	-0.467492	-0.467492	-0.467492	-0.467492	-0.467492	-0.467492	-0.467492	5.57514	-0.467492	-0.467492	-0.467492	4.10722	2.75138	-0.467492	-0.467492	3.70689	-0.467492	-0.467492	-0.467492	-0.467492	-0.467492	-0.467492	-0.467492	-0.467492	-0.467492	4.18647	-0.467492	3.08786	-0.467492	2.57703	-0.467492	-0.467492	-0.467492	-0.467492	-0.467492	-0.467492	-0.467492	-0.467492	-0.467492	-0.467492	-0.467492	2.82834	-0.467492	-0.467492	-0.467492	-0.467492	-0.467492	3.46433	-0.467492	-0.467492	3.82297	-0.467492	-0.467492	-0.467492	-0.467492	-0.467492	-0.467492	-0.467492	-0.467492	-0.467492	-0.467492	-0.467492	3.7372	-0.467492	-0.467492	-0.467492	-0.467492	-0.467492	-0.467492	-0.467492	-0.467492	-0.467492	-0.467492	-0.467492	2.668	-0.467492	-0.467492	-0.467492	-0.467492	-0.467492	-0.467492	-0.467492	-0.467492	-0.467492	-0.467492	-0.467492	-0.467492	2.36572	-0.467492	-0.467492	-0.467492	-0.467492	3.29371	-0.467492	-0.467492	2.82834	-0.467492	-0.467492	-0.467492	-0.467492	3.7372	-0.467492	-0.467492	-0.467492	-0.467492	-0.467492	-0.467492	-0.467492	3.14343	-0.467492	-0.467492	-0.467492	-0.467492	-0.467492	-0.467492	-0.467492	-0.467492	2.75138	-0.467492	-0.467492	-0.467492	-0.467492	-0.467492	-0.467492	-0.467492	-0.467492	-0.467492	-0.467492	-0.467492	4.37669	-0.467492	5.19893	-0.467492	-0.467492	-0.467492	6.33823	-0.467492	-0.467492	-0.467492	-0.467492	-0.467492	-0.467492	-0.467492	-0.467492	-0.467492	-0.467492	-0.467492	-0.467492	-0.467492	-0.467492	-0.467492	-0.467492	-0.467492	-0.467492	-0.467492	-0.467492	-0.467492	-0.467492	-0.467492
SRR18595697	-1.35259	-1.35259	-1.35259	-1.35259	-1.35259	-1.35259	-1.35259	-1.35259	3.39234	3.58188	-1.35259	-1.35259	-1.35259	3.98013	-1.35259	-1.35259	2.88151	-1.35259	-1.35259	-1.35259	-1.35259	3.11332	3.4432	-1.35259	-1.35259	-1.35259	-1.35259	-1.35259	1.0453	2.08139	-1.35259	-1.35259	-1.35259	-1.35259	-1.35259	-1.35259	-1.35259	-1.35259	-1.35259	-1.35259	-1.35259	-1.35259	-1.35259	4.36772	-1.35259	-1.35259	5.26881	3.32024	3.13604	-1.35259	-1.35259	-1.35259	-1.35259	-1.35259	-1.35259	3.28214	-1.35259	-1.35259	-1.35259	3.81219	-1.35259	-1.35259	2.25833	-1.35259	2.40861	-1.35259	-1.35259	-1.35259	-1.35259	-1.35259	3.30137	-1.35259	-1.35259	-1.35259	-1.35259	-1.35259	-1.35259	-1.35259	-1.35259	4.66112	3.5226	-1.35259	-1.35259	1.21236	-1.35259	2.69046	-1.35259	-1.35259	-1.35259	-1.35259	3.95071	-1.35259	6.19121	-1.35259	-1.35259	3.94071	-1.35259	-1.35259	4.18867	5.89804	-1.35259	1.69193	1.35546	4.5582	-1.35259	5.6312	-1.35259	-1.35259	-1.35259	4.45555	4.44347	-1.35259	5.67649	-1.35259	-1.35259	-1.35259	-1.35259	-1.35259	-1.35259	3.18001	1.94324	-1.35259	-1.35259	5.33327	7.33062	-1.35259	-1.35259	-1.35259	-1.35259	-1.35259	-1.35259	-1.35259	-1.35259	-1.35259	2.8521	-1.35259	2.20276	-1.35259	-1.35259	-1.35259	2.99121	-1.35259	-1.35259	-1.35259	-1.35259	-1.35259	6.51872	-1.35259	-1.35259	-1.35259	-1.35259	-1.35259	1.0453	-1.35259	-1.35259	-1.35259	-1.35259	-1.35259	-1.35259	-1.35259	-1.35259	4.05458	-1.35259	-1.35259	-1.35259	1.48062	-1.35259	-1.35259	2.45407	-1.35259	3.45959	-1.35259	-1.35259	5.72828	5.04932	-1.35259	-1.35259	-1.35259	4.28576	-1.35259	-1.35259	-1.35259	-1.35259	-1.35259	-1.35259	-1.35259	-1.35259	-1.35259	-1.35259	3.62414	-1.35259	-1.35259	-1.35259	-1.35259	3.71631	-1.35259	-1.35259	-1.35259	-1.35259	-1.35259	-1.35259	2.91009	4.93341	-1.35259	-1.35259	-1.35259	-1.35259	-1.35259	-1.35259	-1.35259	-1.35259	4.37426	-1.35259	0.844632	-1.35259	5.70444	-1.35259	-1.35259	3.04186	5.6349	-1.35259	-1.35259	5.71473	-1.35259	-1.35259	1.86628	4.25688	-1.35259	-1.35259	-1.35259	-1.35259	-1.35259	1.59185	-1.35259	4.16486	2.45407	1.86628	-1.35259	-1.35259
SRR18595698	-0.867615	-0.867615	-0.867615	-0.867615	-0.867615	-0.867615	-0.867615	-0.867615	3.02421	-0.867615	-0.867615	-0.867615	-0.867615	3.30677	-0.867615	-0.867615	1.9656	-0.867615	5.49714	-0.867615	-0.867615	-0.867615	-0.867615	-0.867615	-0.867615	-0.867615	-0.867615	-0.867615	-0.867615	3.36649	-0.867615	-0.867615	-0.867615	-0.867615	-0.867615	-0.867615	-0.867615	-0.867615	-0.867615	-0.867615	-0.867615	-0.867615	-0.867615	3.42284	-0.867615	-0.867615	7.66722	1.53028	4.63364	-0.867615	-0.867615	-0.867615	-0.867615	-0.867615	-0.867615	-0.867615	-0.867615	-0.867615	-0.867615	-0.867615	-0.867615	-0.867615	-0.867615	-0.867615	4.4554	-0.867615	-0.867615	-0.867615	-0.867615	-0.867615	-0.867615	-0.867615	-0.867615	-0.867615	-0.867615	-0.867615	-0.867615	-0.867615	-0.867615	-0.867615	-0.867615	-0.867615	-0.867615	2.26788	-0.867615	4.22614	-0.867615	-0.867615	-0.867615	-0.867615	-0.867615	-0.867615	7.50224	-0.867615	-0.867615	4.97012	-0.867615	-0.867615	4.20129	5.73497	-0.867615	-0.867615	-0.867615	2.42822	-0.867615	7.71143	-0.867615	-0.867615	-0.867615	4.23833	-0.867615	-0.867615	3.06421	-0.867615	-0.867615	-0.867615	-0.867615	-0.867615	2.07682	1.32961	-0.867615	-0.867615	-0.867615	2.26788	5.7591	-0.867615	-0.867615	-0.867615	-0.867615	-0.867615	-0.867615	-0.867615	-0.867615	-0.867615	-0.867615	-0.867615	-0.867615	-0.867615	-0.867615	-0.867615	4.03766	-0.867615	-0.867615	-0.867615	-0.867615	-0.867615	5.98357	-0.867615	-0.867615	-0.867615	-0.867615	-0.867615	-0.867615	-0.867615	-0.867615	2.07682	-0.867615	-0.867615	-0.867615	-0.867615	-0.867615	5.80821	-0.867615	-0.867615	-0.867615	-0.867615	3.24326	-0.867615	5.96001	-0.867615	-0.867615	-0.867615	-0.867615	5.56372	4.48424	-0.867615	-0.867615	-0.867615	4.26228	-0.867615	-0.867615	-0.867615	-0.867615	-0.867615	-0.867615	-0.867615	-0.867615	-0.867615	-0.867615	3.20992	-0.867615	-0.867615	-0.867615	-0.867615	-0.867615	-0.867615	-0.867615	-0.867615	-0.867615	2.07682	-0.867615	1.69733	3.30677	-0.867615	-0.867615	-0.867615	-0.867615	1.69733	-0.867615	-0.867615	-0.867615	-0.867615	-0.867615	2.49968	3.17544	5.12135	-0.867615	-0.867615	-0.867615	2.17691	-0.867615	-0.867615	2.62889	-0.867615	-0.867615	-0.867615	3.52683	-0.867615	-0.867615	-0.867615	-0.867615	-0.867615	-0.867615	-0.867615	-0.867615	-0.867615	-0.867615	-0.867615	-0.867615
SRR18595699	-0.544727	-0.544727	-0.544727	-0.544727	-0.544727	-0.544727	-0.544727	-0.544727	-0.544727	3.16884	-0.544727	-0.544727	-0.544727	-0.544727	-0.544727	-0.544727	3.79908	-0.544727	-0.544727	-0.544727	-0.544727	-0.544727	-0.544727	-0.544727	-0.544727	-0.544727	-0.544727	-0.544727	-0.544727	-0.544727	-0.544727	-0.544727	-0.544727	-0.544727	-0.544727	-0.544727	-0.544727	-0.544727	-0.544727	-0.544727	-0.544727	-0.544727	2.49979	5.62279	-0.544727	-0.544727	2.39971	-0.544727	3.21647	-0.544727	-0.544727	-0.544727	-0.544727	2.16332	-0.544727	-0.544727	-0.544727	-0.544727	-0.544727	-0.544727	-0.544727	-0.544727	-0.544727	-0.544727	2.67415	-0.544727	-0.544727	-0.544727	-0.544727	-0.544727	-0.544727	-0.544727	-0.544727	-0.544727	-0.544727	-0.544727	-0.544727	-0.544727	-0.544727	1.40118	-0.544727	-0.544727	-0.544727	-0.544727	-0.544727	-0.544727	-0.544727	4.59694	-0.544727	-0.544727	2.67415	-0.544727	4.68638	-0.544727	-0.544727	-0.544727	-0.544727	-0.544727	2.16332	2.59077	-0.544727	3.42556	-0.544727	-0.544727	-0.544727	4.93174	-0.544727	-0.544727	-0.544727	-0.544727	-0.544727	-0.544727	-0.544727	-0.544727	-0.544727	-0.544727	-0.544727	-0.544727	1.85317	-0.544727	-0.544727	-0.544727	-0.544727	3.3871	-0.544727	-0.544727	-0.544727	-0.544727	-0.544727	-0.544727	-0.544727	-0.544727	-0.544727	-0.544727	2.82257	-0.544727	-0.544727	-0.544727	-0.544727	-0.544727	2.75111	-0.544727	-0.544727	-0.544727	2.59077	-0.544727	4.1281	-0.544727	-0.544727	-0.544727	-0.544727	-0.544727	-0.544727	-0.544727	-0.544727	-0.544727	-0.544727	-0.544727	-0.544727	-0.544727	-0.544727	3.06619	-0.544727	-0.544727	-0.544727	2.28849	-0.544727	-0.544727	2.02022	-0.544727	2.67415	-0.544727	-0.544727	4.68638	4.74858	-0.544727	-0.544727	-0.544727	-0.544727	-0.544727	-0.544727	-0.544727	-0.544727	-0.544727	-0.544727	-0.544727	-0.544727	-0.544727	-0.544727	-0.544727	2.59077	-0.544727	-0.544727	-0.544727	-0.544727	-0.544727	-0.544727	-0.544727	-0.544727	-0.544727	-0.544727	3.62966	1.6525	-0.544727	-0.544727	-0.544727	-0.544727	2.67415	-0.544727	-0.544727	-0.544727	-0.544727	-0.544727	-0.544727	-0.544727	4.91486	-0.544727	-0.544727	-0.544727	1.85317	-0.544727	-0.544727	4.77828	-0.544727	-0.544727	-0.544727	-0.544727	-0.544727	-0.544727	-0.544727	-0.544727	-0.544727	-0.544727	-0.544727	-0.544727	-0.544727	-0.544727	-0.544727	-0.544727
SRR18595700	-0.225592	-0.225592	-0.225592	-0.225592	-0.225592	-0.225592	-0.225592	-0.225592	-0.225592	-0.225592	-0.225592	-0.225592	-0.225592	-0.225592	-0.225592	-0.225592	4.6186	-0.225592	-0.225592	-0.225592	-0.225592	-0.225592	-0.225592	-0.225592	-0.225592	-0.225592	-0.225592	-0.225592	4.36953	-0.225592	-0.225592	-0.225592	-0.225592	-0.225592	-0.225592	-0.225592	-0.225592	-0.225592	-0.225592	-0.225592	-0.225592	-0.225592	-0.225592	-0.225592	-0.225592	-0.225592	-0.225592	-0.225592	-0.225592	-0.225592	-0.225592	-0.225592	-0.225592	-0.225592	-0.225592	-0.225592	-0.225592	-0.225592	-0.225592	-0.225592	-0.225592	-0.225592	-0.225592	-0.225592	-0.225592	-0.225592	-0.225592	-0.225592	-0.225592	-0.225592	-0.225592	-0.225592	-0.225592	-0.225592	-0.225592	-0.225592	-0.225592	-0.225592	-0.225592	-0.225592	-0.225592	-0.225592	-0.225592	-0.225592	-0.225592	-0.225592	-0.225592	3.70623	-0.225592	-0.225592	-0.225592	-0.225592	-0.225592	-0.225592	-0.225592	4.58659	-0.225592	-0.225592	5.48814	-0.225592	-0.225592	-0.225592	-0.225592	-0.225592	-0.225592	1.97163	-0.225592	-0.225592	-0.225592	-0.225592	-0.225592	-0.225592	-0.225592	-0.225592	-0.225592	-0.225592	-0.225592	-0.225592	-0.225592	-0.225592	-0.225592	-0.225592	-0.225592	-0.225592	-0.225592	-0.225592	-0.225592	-0.225592	-0.225592	-0.225592	-0.225592	-0.225592	-0.225592	-0.225592	-0.225592	-0.225592	-0.225592	-0.225592	-0.225592	-0.225592	-0.225592	-0.225592	-0.225592	-0.225592	-0.225592	-0.225592	-0.225592	-0.225592	-0.225592	-0.225592	-0.225592	-0.225592	-0.225592	-0.225592	-0.225592	-0.225592	-0.225592	-0.225592	-0.225592	-0.225592	-0.225592	5.44773	-0.225592	-0.225592	-0.225592	-0.225592	-0.225592	-0.225592	-0.225592	-0.225592	-0.225592	-0.225592	-0.225592	-0.225592	-0.225592	-0.225592	-0.225592	-0.225592	-0.225592	-0.225592	-0.225592	-0.225592	-0.225592	-0.225592	-0.225592	-0.225592	-0.225592	-0.225592	-0.225592	-0.225592	-0.225592	-0.225592	-0.225592	-0.225592	5.60041	-0.225592	-0.225592	-0.225592	-0.225592	-0.225592	-0.225592	-0.225592	-0.225592	-0.225592	-0.225592	-0.225592	-0.225592	-0.225592	-0.225592	-0.225592	-0.225592	-0.225592	-0.225592	-0.225592	-0.225592	5.91214	-0.225592	-0.225592	-0.225592	-0.225592	-0.225592	-0.225592	2.48246	-0.225592	-0.225592	-0.225592	3.81746	-0.225592	-0.225592	-0.225592	-0.225592	-0.225592	-0.225592	-0.225592	3.2084	-0.225592	-0.225592	-0.225592	-0.225592
SRR18595701	-0.442023	-0.442023	-0.442023	-0.442023	-0.442023	-0.442023	-0.442023	-0.442023	-0.442023	-0.442023	-0.442023	-0.442023	-0.442023	-0.442023	-0.442023	-0.442023	-0.442023	-0.442023	-0.442023	-0.442023	-0.442023	-0.442023	-0.442023	-0.442023	-0.442023	-0.442023	-0.442023	-0.442023	2.85381	-0.442023	-0.442023	-0.442023	-0.442023	-0.442023	-0.442023	-0.442023	-0.442023	-0.442023	-0.442023	-0.442023	-0.442023	-0.442023	-0.442023	3.82066	-0.442023	-0.442023	5.6957	-0.442023	-0.442023	-0.442023	-0.442023	-0.442023	-0.442023	2.92527	-0.442023	-0.442023	-0.442023	-0.442023	-0.442023	2.99196	-0.442023	-0.442023	-0.442023	-0.442023	-0.442023	-0.442023	-0.442023	-0.442023	-0.442023	-0.442023	-0.442023	-0.442023	-0.442023	-0.442023	-0.442023	-0.442023	-0.442023	-0.442023	-0.442023	-0.442023	-0.442023	-0.442023	-0.442023	-0.442023	-0.442023	-0.442023	-0.442023	2.92527	-0.442023	-0.442023	1.50389	-0.442023	4.67597	-0.442023	-0.442023	-0.442023	-0.442023	-0.442023	4.92861	4.53471	-0.442023	-0.442023	-0.442023	3.66885	-0.442023	5.71707	-0.442023	-0.442023	-0.442023	-0.442023	4.52082	-0.442023	-0.442023	-0.442023	-0.442023	-0.442023	-0.442023	-0.442023	-0.442023	-0.442023	-0.442023	-0.442023	-0.442023	-0.442023	-0.442023	-0.442023	-0.442023	-0.442023	-0.442023	-0.442023	-0.442023	-0.442023	-0.442023	-0.442023	3.05448	-0.442023	-0.442023	-0.442023	-0.442023	-0.442023	-0.442023	-0.442023	-0.442023	-0.442023	-0.442023	-0.442023	6.7651	-0.442023	-0.442023	-0.442023	-0.442023	-0.442023	-0.442023	-0.442023	-0.442023	2.26603	-0.442023	-0.442023	-0.442023	-0.442023	-0.442023	2.77685	-0.442023	-0.442023	-0.442023	-0.442023	-0.442023	-0.442023	-0.442023	-0.442023	-0.442023	-0.442023	-0.442023	6.13862	4.13269	-0.442023	-0.442023	-0.442023	-0.442023	-0.442023	-0.442023	-0.442023	-0.442023	-0.442023	-0.442023	-0.442023	-0.442023	-0.442023	-0.442023	-0.442023	-0.442023	-0.442023	-0.442023	-0.442023	3.79208	-0.442023	-0.442023	-0.442023	-0.442023	-0.442023	-0.442023	-0.442023	-0.442023	-0.442023	-0.442023	-0.442023	-0.442023	-0.442023	-0.442023	-0.442023	-0.442023	1.95587	-0.442023	-0.442023	-0.442023	6.00211	-0.442023	1.7552	-0.442023	-0.442023	-0.442023	-0.442023	-0.442023	-0.442023	-0.442023	-0.442023	4.02389	-0.442023	-0.442023	-0.442023	-0.442023	-0.442023	-0.442023	-0.442023	-0.442023	1.16741	-0.442023	-0.442023	-0.442023
SRR18595702	-0.61352	-0.61352	-0.61352	-0.61352	-0.61352	-0.61352	-0.61352	-0.61352	3.49735	3.14768	-0.61352	-0.61352	-0.61352	-0.61352	-0.61352	-0.61352	-0.61352	-0.61352	-0.61352	-0.61352	-0.61352	-0.61352	-0.61352	-0.61352	-0.61352	-0.61352	-0.61352	-0.61352	-0.61352	2.60536	-0.61352	-0.61352	-0.61352	-0.61352	-0.61352	-0.61352	-0.61352	-0.61352	0.995918	-0.61352	-0.61352	-0.61352	-0.61352	4.04044	-0.61352	-0.61352	4.30646	-0.61352	2.82047	-0.61352	-0.61352	-0.61352	-0.61352	-0.61352	-0.61352	4.11387	-0.61352	-0.61352	-0.61352	-0.61352	-0.61352	-0.61352	-0.61352	-0.61352	-0.61352	-0.61352	-0.61352	-0.61352	-0.61352	-0.61352	-0.61352	-0.61352	-0.61352	-0.61352	-0.61352	-0.61352	-0.61352	-0.61352	-0.61352	-0.61352	-0.61352	-0.61352	-0.61352	-0.61352	-0.61352	-0.61352	-0.61352	3.2783	-0.61352	1.5837	-0.61352	-0.61352	-0.61352	-0.61352	-0.61352	3.42953	-0.61352	-0.61352	-0.61352	3.14768	-0.61352	-0.61352	-0.61352	3.82913	-0.61352	4.61759	-0.61352	-0.61352	-0.61352	-0.61352	-0.61352	-0.61352	3.05004	-0.61352	-0.61352	-0.61352	-0.61352	-0.61352	-0.61352	2.431	-0.61352	-0.61352	-0.61352	-0.61352	-0.61352	-0.61352	-0.61352	-0.61352	-0.61352	-0.61352	-0.61352	-0.61352	-0.61352	-0.61352	3.9816	-0.61352	-0.61352	-0.61352	-0.61352	-0.61352	-0.61352	-0.61352	-0.61352	-0.61352	-0.61352	-0.61352	4.50447	-0.61352	-0.61352	-0.61352	-0.61352	-0.61352	-0.61352	-0.61352	-0.61352	2.09453	-0.61352	-0.61352	-0.61352	-0.61352	-0.61352	2.21969	-0.61352	-0.61352	-0.61352	-0.61352	2.431	-0.61352	2.431	-0.61352	1.5837	-0.61352	-0.61352	4.19866	5.54558	-0.61352	-0.61352	-0.61352	-0.61352	-0.61352	-0.61352	-0.61352	-0.61352	-0.61352	-0.61352	-0.61352	-0.61352	-0.61352	-0.61352	-0.61352	2.431	-0.61352	-0.61352	-0.61352	2.9974	-0.61352	-0.61352	-0.61352	-0.61352	3.80532	-0.61352	4.98119	3.75593	-0.61352	-0.61352	-0.61352	-0.61352	3.19314	-0.61352	-0.61352	-0.61352	2.75378	-0.61352	-0.61352	-0.61352	5.75467	-0.61352	-0.61352	1.78438	3.49735	-0.61352	-0.61352	1.78438	-0.61352	-0.61352	-0.61352	3.94036	-0.61352	-0.61352	-0.61352	-0.61352	-0.61352	-0.61352	-0.61352	-0.61352	-0.61352	2.75378	-0.61352	-0.61352
SRR18595703	-0.661831	-0.661831	-0.661831	-0.661831	-0.661831	-0.661831	-0.661831	-0.661831	-0.661831	-0.661831	-0.661831	-0.661831	-0.661831	-0.661831	-0.661831	-0.661831	-0.661831	-0.661831	-0.661831	-0.661831	-0.661831	-0.661831	-0.661831	-0.661831	-0.661831	-0.661831	-0.661831	-0.661831	-0.661831	-0.661831	-0.661831	-0.661831	-0.661831	-0.661831	-0.661831	-0.661831	-0.661831	-0.661831	-0.661831	-0.661831	-0.661831	-0.661831	-0.661831	5.40428	-0.661831	-0.661831	3.89205	-0.661831	3.70762	-0.661831	-0.661831	-0.661831	-0.661831	-0.661831	-0.661831	-0.661831	-0.661831	-0.661831	-0.661831	-0.661831	-0.661831	-0.661831	-0.661831	-0.661831	-0.661831	-0.661831	-0.661831	-0.661831	-0.661831	-0.661831	-0.661831	-0.661831	-0.661831	-0.661831	-0.661831	-0.661831	-0.661831	-0.661831	-0.661831	2.38269	-0.661831	-0.661831	-0.661831	-0.661831	-0.661831	-0.661831	-0.661831	1.73606	-0.661831	-0.661831	-0.661831	-0.661831	5.70636	-0.661831	-0.661831	3.18832	-0.661831	-0.661831	3.22999	3.05174	-0.661831	-0.661831	-0.661831	5.06502	-0.661831	5.97017	-0.661831	-0.661831	-0.661831	-0.661831	-0.661831	-0.661831	4.74534	-0.661831	-0.661831	-0.661831	-0.661831	-0.661831	-0.661831	-0.661831	-0.661831	0.947607	-0.661831	-0.661831	-0.661831	-0.661831	-0.661831	-0.661831	-0.661831	-0.661831	-0.661831	-0.661831	-0.661831	-0.661831	3.70762	-0.661831	-0.661831	-0.661831	-0.661831	-0.661831	3.62863	-0.661831	-0.661831	-0.661831	-0.661831	-0.661831	5.99103	-0.661831	-0.661831	-0.661831	-0.661831	-0.661831	-0.661831	-0.661831	-0.661831	3.99213	-0.661831	-0.661831	-0.661831	-0.661831	-0.661831	2.17138	-0.661831	-0.661831	-0.661831	-0.661831	3.68197	-0.661831	4.41957	-0.661831	-0.661831	-0.661831	-0.661831	4.83123	7.16421	-0.661831	-0.661831	-0.661831	-0.661831	-0.661831	-0.661831	-0.661831	-0.661831	-0.661831	-0.661831	-0.661831	-0.661831	-0.661831	-0.661831	-0.661831	-0.661831	-0.661831	-0.661831	-0.661831	3.80408	-0.661831	-0.661831	-0.661831	-0.661831	3.89205	-0.661831	5.04528	3.3455	-0.661831	-0.661831	-0.661831	-0.661831	3.70762	-0.661831	-0.661831	-0.661831	-0.661831	-0.661831	3.57228	-0.661831	6.46023	-0.661831	-0.661831	3.22999	-0.661831	-0.661831	-0.661831	2.55705	-0.661831	-0.661831	-0.661831	5.72673	-0.661831	-0.661831	-0.661831	-0.661831	-0.661831	-0.661831	-0.661831	0.947607	-0.661831	4.77189	-0.661831	-0.661831
SRR18595704	-1.01774	-1.01774	-1.01774	-1.01774	-1.01774	-1.01774	-1.01774	-1.01774	-1.01774	3.44816	-1.01774	-1.01774	-1.01774	3.59738	-1.01774	-1.01774	3.02531	-1.01774	1.69031	-1.01774	-1.01774	-1.01774	-1.01774	-1.01774	-1.01774	-1.01774	-1.01774	-1.01774	-1.01774	3.51486	-1.01774	-1.01774	-1.01774	-1.01774	-1.01774	-1.01774	-1.01774	-1.01774	-1.01774	-1.01774	-1.01774	-1.01774	1.17948	4.98119	-1.01774	-1.01774	5.09372	3.51486	-1.01774	-1.01774	-1.01774	-1.01774	-1.01774	1.54721	-1.01774	3.57738	-1.01774	-1.01774	-1.01774	-1.01774	-1.01774	-1.01774	-1.01774	-1.01774	4.06366	-1.01774	-1.01774	-1.01774	-1.01774	-1.01774	-1.01774	-1.01774	-1.01774	-1.01774	-1.01774	-1.01774	-1.01774	-1.01774	-1.01774	4.87113	-1.01774	-1.01774	-1.01774	-1.01774	-1.01774	3.65509	-1.01774	-1.01774	-1.01774	-1.01774	-1.01774	-1.01774	5.8228	-1.01774	-1.01774	3.61699	-1.01774	-1.01774	3.65509	5.55454	-1.01774	2.02678	-1.01774	4.31497	-1.01774	4.12392	-1.01774	-1.01774	-1.01774	3.9451	-1.01774	-1.01774	4.21336	-1.01774	-1.01774	-1.01774	-1.01774	-1.01774	-1.01774	4.75991	-1.01774	-1.01774	-1.01774	-1.01774	-1.01774	-1.01774	-1.01774	-1.01774	-1.01774	-1.01774	-1.01774	-1.01774	-1.01774	-1.01774	2.47876	-1.01774	-1.01774	-1.01774	-1.01774	-1.01774	-1.01774	-1.01774	-1.01774	-1.01774	2.34955	-1.01774	6.28273	-1.01774	-1.01774	-1.01774	-1.01774	-1.01774	-1.01774	-1.01774	-1.01774	3.76138	-1.01774	-1.01774	-1.01774	-1.01774	-1.01774	4.56199	-1.01774	-1.01774	-1.01774	2.74346	2.91408	-1.01774	3.32606	-1.01774	-1.01774	-1.01774	-1.01774	6.24278	5.21077	-1.01774	-1.01774	-1.01774	0.591694	-1.01774	-1.01774	-1.01774	-1.01774	-1.01774	1.17948	-1.01774	-1.01774	-1.01774	-1.01774	-1.01774	-1.01774	-1.01774	-1.01774	-1.01774	3.05979	-1.01774	-1.01774	-1.01774	-1.01774	3.49312	-1.01774	3.81057	4.62061	-1.01774	-1.01774	-1.01774	3.85745	2.02678	-1.01774	-1.01774	-1.01774	-1.01774	-1.01774	1.81547	-1.01774	6.11555	-1.01774	-1.01774	2.11775	3.59738	-1.01774	-1.01774	4.224	-1.01774	-1.01774	-1.01774	5.7701	-1.01774	-1.01774	3.09313	-1.01774	-1.01774	2.87408	-1.01774	3.47089	1.38015	-1.01774	-1.01774	2.5376
SRR18595705	-0.62308	-0.62308	-0.62308	-0.62308	-0.62308	-0.62308	-0.62308	-0.62308	-0.62308	-0.62308	-0.62308	-0.62308	-0.62308	-0.62308	-0.62308	-0.62308	4.71925	-0.62308	-0.62308	-0.62308	-0.62308	-0.62308	2.5958	-0.62308	-0.62308	-0.62308	-0.62308	-0.62308	5.51896	-0.62308	-0.62308	-0.62308	-0.62308	-0.62308	-0.62308	-0.62308	-0.62308	-0.62308	-0.62308	-0.62308	-0.62308	-0.62308	-0.62308	-0.62308	-0.62308	-0.62308	1.57415	-0.62308	2.42144	-0.62308	-0.62308	-0.62308	-0.62308	-0.62308	-0.62308	-0.62308	-0.62308	-0.62308	-0.62308	-0.62308	-0.62308	-0.62308	1.32283	-0.62308	5.54024	-0.62308	-0.62308	-0.62308	-0.62308	-0.62308	-0.62308	0.986358	-0.62308	-0.62308	-0.62308	-0.62308	-0.62308	-0.62308	-0.62308	-0.62308	-0.62308	-0.62308	-0.62308	2.93227	-0.62308	-0.62308	-0.62308	3.34721	-0.62308	1.32283	-0.62308	-0.62308	-0.62308	-0.62308	-0.62308	-0.62308	-0.62308	-0.62308	2.08497	-0.62308	-0.62308	-0.62308	-0.62308	3.97204	-0.62308	4.89437	-0.62308	-0.62308	-0.62308	4.77508	-0.62308	-0.62308	-0.62308	-0.62308	-0.62308	-0.62308	-0.62308	-0.62308	2.42144	-0.62308	-0.62308	-0.62308	-0.62308	5.44303	-0.62308	-0.62308	-0.62308	2.08497	-0.62308	-0.62308	-0.62308	-0.62308	-0.62308	-0.62308	-0.62308	-0.62308	-0.62308	-0.62308	-0.62308	-0.62308	3.04048	-0.62308	-0.62308	-0.62308	-0.62308	-0.62308	3.88778	-0.62308	-0.62308	-0.62308	-0.62308	-0.62308	-0.62308	-0.62308	-0.62308	2.08497	-0.62308	-0.62308	-0.62308	-0.62308	-0.62308	5.68137	-0.62308	-0.62308	-0.62308	3.58161	3.22707	-0.62308	5.93795	-0.62308	-0.62308	-0.62308	-0.62308	-0.62308	5.75195	-0.62308	-0.62308	-0.62308	-0.62308	-0.62308	-0.62308	-0.62308	2.51241	-0.62308	-0.62308	-0.62308	-0.62308	-0.62308	-0.62308	-0.62308	1.57415	-0.62308	-0.62308	-0.62308	-0.62308	-0.62308	-0.62308	-0.62308	2.74422	-0.62308	-0.62308	2.93227	4.08645	-0.62308	-0.62308	-0.62308	-0.62308	3.18358	-0.62308	-0.62308	-0.62308	-0.62308	-0.62308	-0.62308	-0.62308	6.44082	-0.62308	-0.62308	-0.62308	-0.62308	-0.62308	-0.62308	4.98639	-0.62308	-0.62308	-0.62308	-0.62308	-0.62308	-0.62308	-0.62308	-0.62308	-0.62308	4.55307	-0.62308	-0.62308	-0.62308	2.32136	-0.62308	-0.62308
SRR18595706	-0.540967	5.21161	-0.540967	-0.540967	-0.540967	-0.540967	-0.540967	-0.540967	-0.540967	-0.540967	-0.540967	-0.540967	-0.540967	2.89302	-0.540967	-0.540967	2.29225	-0.540967	-0.540967	-0.540967	-0.540967	-0.540967	-0.540967	-0.540967	-0.540967	-0.540967	-0.540967	-0.540967	-0.540967	2.50356	-0.540967	-0.540967	-0.540967	-0.540967	-0.540967	-0.540967	-0.540967	-0.540967	-0.540967	-0.540967	-0.540967	-0.540967	-0.540967	4.96029	-0.540967	-0.540967	4.44947	-0.540967	-0.540967	-0.540967	-0.540967	-0.540967	-0.540967	-0.540967	-0.540967	-0.540967	-0.540967	-0.540967	-0.540967	-0.540967	-0.540967	-0.540967	-0.540967	-0.540967	1.85693	-0.540967	-0.540967	-0.540967	-0.540967	-0.540967	-0.540967	-0.540967	-0.540967	-0.540967	-0.540967	-0.540967	-0.540967	-0.540967	-0.540967	-0.540967	-0.540967	-0.540967	-0.540967	-0.540967	-0.540967	-0.540967	-0.540967	3.35085	-0.540967	-0.540967	1.65626	-0.540967	3.80284	-0.540967	-0.540967	3.90168	-0.540967	-0.540967	4.47631	4.51528	-0.540967	-0.540967	-0.540967	3.35085	-0.540967	4.61232	-0.540967	-0.540967	-0.540967	-0.540967	3.69314	-0.540967	3.12259	-0.540967	-0.540967	-0.540967	-0.540967	-0.540967	-0.540967	3.2657	-0.540967	-0.540967	-0.540967	-0.540967	2.59453	-0.540967	-0.540967	-0.540967	-0.540967	-0.540967	-0.540967	-0.540967	-0.540967	-0.540967	-0.540967	-0.540967	-0.540967	-0.540967	-0.540967	-0.540967	-0.540967	-0.540967	-0.540967	-0.540967	-0.540967	-0.540967	6.73766	-0.540967	-0.540967	-0.540967	-0.540967	-0.540967	-0.540967	-0.540967	-0.540967	-0.540967	-0.540967	-0.540967	-0.540967	-0.540967	-0.540967	3.30918	-0.540967	-0.540967	-0.540967	-0.540967	-0.540967	-0.540967	2.40347	-0.540967	-0.540967	-0.540967	-0.540967	5.49212	4.30322	-0.540967	-0.540967	-0.540967	-0.540967	-0.540967	-0.540967	-0.540967	-0.540967	-0.540967	-0.540967	-0.540967	-0.540967	-0.540967	-0.540967	-0.540967	-0.540967	-0.540967	-0.540967	-0.540967	3.22023	-0.540967	-0.540967	-0.540967	-0.540967	-0.540967	-0.540967	2.75487	-0.540967	-0.540967	-0.540967	-0.540967	-0.540967	2.29225	-0.540967	-0.540967	-0.540967	-0.540967	-0.540967	-0.540967	-0.540967	5.9158	-0.540967	-0.540967	-0.540967	3.35085	-0.540967	-0.540967	2.40347	-0.540967	-0.540967	-0.540967	3.82848	-0.540967	-0.540967	-0.540967	-0.540967	-0.540967	-0.540967	-0.540967	-0.540967	-0.540967	-0.540967	-0.540967	-0.540967
SRR18595707	-1.47823	1.88907	-1.47823	4.73438	-1.47823	-1.47823	-1.47823	3.63977	-1.47823	-1.47823	-1.47823	-1.47823	-1.47823	5.08563	-1.47823	-1.47823	4.20875	-1.47823	-1.47823	-1.47823	-1.47823	-1.47823	3.17573	-1.47823	-1.47823	-1.47823	-1.47823	-1.47823	-1.47823	1.46621	-1.47823	-1.47823	-1.47823	-1.47823	2.23534	-1.47823	-1.47823	-1.47823	3.52572	-1.47823	-1.47823	-1.47823	-1.47823	5.18491	-1.47823	-1.47823	5.08844	-1.47823	4.60627	-1.47823	-1.47823	-1.47823	-1.47823	2.23534	-1.47823	3.45625	-1.47823	-1.47823	-1.47823	4.42167	-1.47823	-1.47823	2.18533	-1.47823	4.11648	-1.47823	-1.47823	-1.47823	-1.47823	-1.47823	2.56482	3.45625	-1.47823	-1.47823	-1.47823	-1.47823	1.81761	-1.47823	-1.47823	4.35365	-1.47823	-1.47823	-1.47823	2.59931	-1.47823	5.26583	-1.47823	-1.47823	-1.47823	-1.47823	4.75422	-1.47823	7.15675	-1.47823	-1.47823	4.57856	-1.47823	-1.47823	2.23534	-1.47823	-1.47823	4.15298	-1.47823	4.76982	-1.47823	5.20513	-1.47823	-1.47823	-1.47823	4.56441	5.29828	4.22222	1.35499	-1.47823	-1.47823	-1.47823	-1.47823	-1.47823	3.52572	-1.47823	-1.47823	-1.47823	-1.47823	5.7851	-1.47823	-1.47823	-1.47823	-1.47823	-1.47823	-1.47823	-1.47823	-1.47823	-1.47823	-1.47823	-1.47823	-1.47823	-1.47823	-1.47823	-1.47823	-1.47823	3.53905	1.81761	1.74065	-1.47823	3.45625	-1.47823	3.69792	-1.47823	-1.47823	-1.47823	-1.47823	-1.47823	4.55486	-1.47823	-1.47823	4.58788	1.46621	-1.47823	-1.47823	-1.47823	-1.47823	5.85675	-1.47823	-1.47823	-1.47823	-1.47823	1.74065	-1.47823	5.51662	-1.47823	3.89241	-1.47823	-1.47823	5.71395	5.53479	-1.47823	-1.47823	-1.47823	-1.47823	-1.47823	5.40626	-1.47823	4.3711	-1.47823	-1.47823	-1.47823	-1.47823	-1.47823	-1.47823	4.97224	-1.47823	-1.47823	-1.47823	-1.47823	-1.47823	-1.47823	-1.47823	-1.47823	-1.47823	-1.47823	-1.47823	2.81223	4.27435	-1.47823	-1.47823	-1.47823	-1.47823	4.00657	-1.47823	-1.47823	-1.47823	-1.47823	3.03263	3.05437	-1.47823	5.22004	-1.47823	-1.47823	-1.47823	4.05516	-1.47823	-1.47823	5.36872	-1.47823	-1.47823	-1.47823	-1.47823	0.919668	-1.47823	6.04741	-1.47823	-1.47823	-1.47823	-1.47823	-1.47823	4.24862	2.07712	-1.47823	3.83498
SRR18595708	-0.57652	-0.57652	1.98843	-0.57652	-0.57652	-0.57652	-0.57652	-0.57652	-0.57652	-0.57652	-0.57652	-0.57652	-0.57652	-0.57652	-0.57652	-0.57652	4.2026	-0.57652	2.97883	-0.57652	-0.57652	-0.57652	-0.57652	-0.57652	-0.57652	-0.57652	-0.57652	-0.57652	2.13153	2.25669	-0.57652	-0.57652	-0.57652	-0.57652	-0.57652	-0.57652	-0.57652	-0.57652	-0.57652	-0.57652	1.82138	-0.57652	1.98843	-0.57652	-0.57652	-0.57652	-0.57652	-0.57652	2.85747	-0.57652	-0.57652	-0.57652	-0.57652	-0.57652	-0.57652	-0.57652	-0.57652	-0.57652	-0.57652	-0.57652	-0.57652	-0.57652	-0.57652	-0.57652	-0.57652	-0.57652	-0.57652	-0.57652	-0.57652	-0.57652	-0.57652	-0.57652	-0.57652	-0.57652	-0.57652	-0.57652	-0.57652	-0.57652	-0.57652	-0.57652	-0.57652	-0.57652	-0.57652	-0.57652	-0.57652	2.55897	-0.57652	-0.57652	-0.57652	-0.57652	-0.57652	-0.57652	5.45176	-0.57652	-0.57652	6.02063	-0.57652	-0.57652	-0.57652	4.25179	-0.57652	-0.57652	-0.57652	3.53435	-0.57652	4.80338	-0.57652	-0.57652	-0.57652	3.46653	-0.57652	-0.57652	3.35531	-0.57652	-0.57652	-0.57652	-0.57652	-0.57652	-0.57652	-0.57652	-0.57652	-0.57652	-0.57652	4.8572	-0.57652	-0.57652	-0.57652	-0.57652	-0.57652	-0.57652	-0.57652	-0.57652	-0.57652	-0.57652	-0.57652	-0.57652	-0.57652	-0.57652	-0.57652	-0.57652	1.98843	-0.57652	-0.57652	-0.57652	-0.57652	6.56946	-0.57652	-0.57652	-0.57652	-0.57652	-0.57652	-0.57652	-0.57652	-0.57652	-0.57652	-0.57652	-0.57652	-0.57652	-0.57652	-0.57652	-0.57652	-0.57652	-0.57652	-0.57652	-0.57652	4.25179	2.36792	-0.57652	1.6207	-0.57652	-0.57652	-0.57652	-0.57652	3.3153	5.39219	-0.57652	-0.57652	-0.57652	-0.57652	-0.57652	-0.57652	-0.57652	-0.57652	-0.57652	-0.57652	-0.57652	-0.57652	-0.57652	-0.57652	3.71394	-0.57652	4.38632	-0.57652	-0.57652	1.82138	-0.57652	-0.57652	-0.57652	-0.57652	-0.57652	-0.57652	-0.57652	3.35531	-0.57652	-0.57652	-0.57652	-0.57652	-0.57652	-0.57652	-0.57652	-0.57652	-0.57652	-0.57652	-0.57652	-0.57652	3.74097	-0.57652	-0.57652	-0.57652	-0.57652	-0.57652	-0.57652	8.99533	-0.57652	-0.57652	-0.57652	3.97736	-0.57652	-0.57652	-0.57652	5.31788	-0.57652	-0.57652	-0.57652	-0.57652	-0.57652	-0.57652	-0.57652	-0.57652
SRR18595709	-0.740072	-0.740072	-0.740072	-0.740072	-0.740072	-0.740072	-0.740072	-0.740072	-0.740072	-0.740072	-0.740072	-0.740072	-0.740072	-0.740072	-0.740072	-0.740072	4.00486	-0.740072	-0.740072	2.20437	-0.740072	-0.740072	-0.740072	-0.740072	-0.740072	-0.740072	-0.740072	-0.740072	-0.740072	-0.740072	-0.740072	-0.740072	-0.740072	-0.740072	-0.740072	-0.740072	-0.740072	-0.740072	-0.740072	-0.740072	-0.740072	-0.740072	2.09314	3.65438	-0.740072	1.45715	-0.740072	-0.740072	4.17991	-0.740072	-0.740072	-0.740072	-0.740072	-0.740072	-0.740072	-0.740072	-0.740072	-0.740072	-0.740072	-0.740072	-0.740072	-0.740072	-0.740072	-0.740072	3.96946	-0.740072	-0.740072	-0.740072	-0.740072	-0.740072	-0.740072	-0.740072	-0.740072	-0.740072	-0.740072	-0.740072	-0.740072	-0.740072	-0.740072	-0.740072	-0.740072	-0.740072	-0.740072	3.57742	-0.740072	-0.740072	-0.740072	-0.740072	-0.740072	-0.740072	-0.740072	-0.740072	5.08593	-0.740072	-0.740072	3.11008	-0.740072	-0.740072	2.62722	3.67877	-0.740072	-0.740072	-0.740072	-0.740072	-0.740072	4.32883	-0.740072	-0.740072	-0.740072	5.19217	-0.740072	-0.740072	3.67877	-0.740072	-0.740072	-0.740072	-0.740072	-0.740072	-0.740072	-0.740072	-0.740072	-0.740072	-0.740072	4.38983	-0.740072	-0.740072	-0.740072	-0.740072	-0.740072	-0.740072	-0.740072	-0.740072	-0.740072	-0.740072	2.69392	-0.740072	-0.740072	-0.740072	-0.740072	1.82488	3.79253	-0.740072	-0.740072	-0.740072	-0.740072	5.2978	4.54313	-0.740072	-0.740072	-0.740072	-0.740072	-0.740072	-0.740072	-0.740072	-0.740072	6.18651	-0.740072	-0.740072	-0.740072	-0.740072	-0.740072	3.57742	-0.740072	-0.740072	-0.740072	-0.740072	3.02113	-0.740072	4.05572	-0.740072	-0.740072	-0.740072	-0.740072	4.54313	5.74151	-0.740072	-0.740072	-0.740072	2.4788	-0.740072	-0.740072	-0.740072	-0.740072	-0.740072	-0.740072	-0.740072	-0.740072	-0.740072	-0.740072	-0.740072	-0.740072	-0.740072	-0.740072	-0.740072	3.33747	-0.740072	-0.740072	-0.740072	-0.740072	-0.740072	-0.740072	5.04375	6.66664	-0.740072	-0.740072	-0.740072	2.87085	1.96798	-0.740072	-0.740072	-0.740072	-0.740072	-0.740072	-0.740072	-0.740072	4.69365	-0.740072	-0.740072	3.02113	2.9735	-0.740072	-0.740072	5.66846	-0.740072	-0.740072	-0.740072	4.08824	-0.740072	-0.740072	-0.740072	-0.740072	-0.740072	-0.740072	-0.740072	-0.740072	-0.740072	2.69392	-0.740072	-0.740072
SRR18595710	-0.684894	-0.684894	-0.684894	-0.684894	-0.684894	-0.684894	-0.684894	-0.684894	-0.684894	-0.684894	-0.684894	-0.684894	-0.684894	-0.684894	-0.684894	-0.684894	3.24693	-0.684894	6.72666	-0.684894	-0.684894	-0.684894	-0.684894	-0.684894	-0.684894	-0.684894	-0.684894	-0.684894	-0.684894	1.26102	-0.684894	-0.684894	-0.684894	2.02316	-0.684894	-0.684894	-0.684894	-0.684894	-0.684894	-0.684894	-0.684894	-0.684894	-0.684894	5.13519	-0.684894	-0.684894	-0.684894	-0.684894	3.39264	-0.684894	-0.684894	-0.684894	-0.684894	-0.684894	-0.684894	-0.684894	-0.684894	-0.684894	-0.684894	-0.684894	-0.684894	-0.684894	-0.684894	-0.684894	-0.684894	-0.684894	-0.684894	-0.684894	-0.684894	-0.684894	5.53171	-0.684894	-0.684894	-0.684894	-0.684894	-0.684894	-0.684894	-0.684894	-0.684894	-0.684894	-0.684894	-0.684894	-0.684894	4.12729	-0.684894	4.89484	-0.684894	-0.684894	-0.684894	-0.684894	-0.684894	-0.684894	6.45	-0.684894	-0.684894	4.82449	-0.684894	-0.684894	-0.684894	3.24693	-0.684894	2.14832	-0.684894	4.75752	-0.684894	4.87193	-0.684894	-0.684894	-0.684894	-0.684894	-0.684894	-0.684894	5.27353	-0.684894	-0.684894	-0.684894	-0.684894	-0.684894	-0.684894	-0.684894	-0.684894	-0.684894	-0.684894	2.14832	2.4506	-0.684894	-0.684894	-0.684894	-0.684894	-0.684894	-0.684894	-0.684894	-0.684894	-0.684894	-0.684894	-0.684894	-0.684894	-0.684894	-0.684894	-0.684894	-0.684894	-0.684894	-0.684894	-0.684894	5.53171	-0.684894	6.4452	-0.684894	-0.684894	-0.684894	-0.684894	-0.684894	-0.684894	-0.684894	-0.684894	-0.684894	-0.684894	-0.684894	-0.684894	-0.684894	-0.684894	4.29184	-0.684894	-0.684894	-0.684894	-0.684894	4.02464	-0.684894	6.50276	-0.684894	-0.684894	-0.684894	-0.684894	5.84744	6.88709	-0.684894	-0.684894	-0.684894	-0.684894	-0.684894	-0.684894	-0.684894	-0.684894	-0.684894	-0.684894	-0.684894	-0.684894	-0.684894	-0.684894	-0.684894	-0.684894	-0.684894	-0.684894	-0.684894	-0.684894	-0.684894	-0.684894	-0.684894	-0.684894	-0.684894	-0.684894	5.40868	4.49126	-0.684894	-0.684894	-0.684894	-0.684894	3.12177	-0.684894	-0.684894	-0.684894	-0.684894	-0.684894	-0.684894	-0.684894	4.76614	-0.684894	-0.684894	-0.684894	-0.684894	-0.684894	-0.684894	6.99065	-0.684894	-0.684894	-0.684894	-0.684894	-0.684894	-0.684894	-0.684894	-0.684894	-0.684894	-0.684894	-0.684894	-0.684894	-0.684894	-0.684894	-0.684894	5.63767
SRR18595711	-0.518621	-0.518621	-0.518621	-0.518621	-0.518621	-0.518621	-0.518621	-0.518621	-0.518621	-0.518621	-0.518621	-0.518621	-0.518621	-0.518621	-0.518621	-0.518621	-0.518621	-0.518621	-0.518621	-0.518621	-0.518621	-0.518621	-0.518621	-0.518621	-0.518621	-0.518621	-0.518621	-0.518621	-0.518621	-0.518621	-0.518621	-0.518621	-0.518621	-0.518621	-0.518621	-0.518621	-0.518621	-0.518621	-0.518621	-0.518621	-0.518621	-0.518621	-0.518621	2.18943	-0.518621	-0.518621	-0.518621	-0.518621	6.68404	-0.518621	-0.518621	-0.518621	-0.518621	-0.518621	-0.518621	-0.518621	-0.518621	-0.518621	-0.518621	6.14195	-0.518621	-0.518621	-0.518621	-0.518621	4.8141	-0.518621	-0.518621	-0.518621	-0.518621	-0.518621	-0.518621	-0.518621	-0.518621	-0.518621	-0.518621	-0.518621	-0.518621	-0.518621	-0.518621	-0.518621	-0.518621	-0.518621	-0.518621	4.24355	-0.518621	4.59937	-0.518621	-0.518621	-0.518621	-0.518621	-0.518621	-0.518621	2.61687	-0.518621	-0.518621	3.59225	-0.518621	-0.518621	-0.518621	-0.518621	-0.518621	-0.518621	-0.518621	4.93242	-0.518621	6.57395	-0.518621	-0.518621	-0.518621	3.4132	-0.518621	-0.518621	4.0765	-0.518621	-0.518621	-0.518621	-0.518621	-0.518621	-0.518621	-0.518621	-0.518621	-0.518621	-0.518621	7.63127	2.31459	-0.518621	-0.518621	-0.518621	-0.518621	-0.518621	-0.518621	-0.518621	-0.518621	-0.518621	-0.518621	-0.518621	-0.518621	-0.518621	-0.518621	-0.518621	-0.518621	-0.518621	-0.518621	-0.518621	-0.518621	-0.518621	-0.518621	-0.518621	-0.518621	-0.518621	-0.518621	-0.518621	-0.518621	-0.518621	-0.518621	-0.518621	-0.518621	-0.518621	-0.518621	-0.518621	-0.518621	3.33153	-0.518621	-0.518621	-0.518621	6.31117	3.24258	-0.518621	5.09815	-0.518621	-0.518621	-0.518621	-0.518621	4.0965	5.22758	-0.518621	-0.518621	-0.518621	-0.518621	-0.518621	2.91537	-0.518621	-0.518621	-0.518621	-0.518621	-0.518621	-0.518621	-0.518621	-0.518621	-0.518621	-0.518621	-0.518621	-0.518621	-0.518621	-0.518621	-0.518621	-0.518621	-0.518621	-0.518621	-0.518621	-0.518621	-0.518621	6.03958	-0.518621	-0.518621	-0.518621	-0.518621	-0.518621	-0.518621	-0.518621	-0.518621	-0.518621	-0.518621	-0.518621	-0.518621	2.84867	-0.518621	-0.518621	-0.518621	-0.518621	-0.518621	-0.518621	8.56899	-0.518621	-0.518621	-0.518621	-0.518621	-0.518621	-0.518621	-0.518621	-0.518621	-0.518621	-0.518621	-0.518621	-0.518621	-0.518621	-0.518621	-0.518621	-0.518621
SRR18595712	-0.412204	-0.412204	-0.412204	-0.412204	-0.412204	-0.412204	-0.412204	-0.412204	-0.412204	-0.412204	-0.412204	-0.412204	-0.412204	-0.412204	-0.412204	-0.412204	-0.412204	-0.412204	-0.412204	-0.412204	-0.412204	-0.412204	-0.412204	-0.412204	-0.412204	-0.412204	-0.412204	-0.412204	-0.412204	-0.412204	-0.412204	-0.412204	-0.412204	-0.412204	-0.412204	-0.412204	-0.412204	-0.412204	-0.412204	-0.412204	-0.412204	-0.412204	-0.412204	2.29585	-0.412204	-0.412204	-0.412204	-0.412204	-0.412204	-0.412204	-0.412204	-0.412204	-0.412204	-0.412204	-0.412204	-0.412204	-0.412204	-0.412204	-0.412204	-0.412204	-0.412204	-0.412204	-0.412204	-0.412204	-0.412204	-0.412204	-0.412204	-0.412204	-0.412204	-0.412204	-0.412204	-0.412204	-0.412204	-0.412204	-0.412204	-0.412204	-0.412204	-0.412204	-0.412204	-0.412204	-0.412204	-0.412204	-0.412204	-0.412204	-0.412204	-0.412204	-0.412204	-0.412204	-0.412204	-0.412204	-0.412204	-0.412204	-0.412204	-0.412204	-0.412204	-0.412204	-0.412204	-0.412204	-0.412204	6.80817	-0.412204	-0.412204	-0.412204	-0.412204	-0.412204	-0.412204	-0.412204	-0.412204	-0.412204	-0.412204	-0.412204	2.72329	3.85048	-0.412204	-0.412204	-0.412204	-0.412204	3.98225	-0.412204	-0.412204	-0.412204	-0.412204	-0.412204	-0.412204	-0.412204	-0.412204	3.39446	-0.412204	3.30137	-0.412204	-0.412204	-0.412204	-0.412204	-0.412204	5.52533	-0.412204	-0.412204	-0.412204	-0.412204	-0.412204	2.29585	-0.412204	-0.412204	-0.412204	-0.412204	-0.412204	3.47962	-0.412204	-0.412204	-0.412204	-0.412204	-0.412204	-0.412204	-0.412204	-0.412204	3.51962	-0.412204	-0.412204	-0.412204	-0.412204	-0.412204	4.53656	-0.412204	-0.412204	-0.412204	-0.412204	-0.412204	-0.412204	-0.412204	-0.412204	-0.412204	-0.412204	-0.412204	-0.412204	8.2838	-0.412204	-0.412204	-0.412204	-0.412204	-0.412204	6.9396	-0.412204	-0.412204	-0.412204	-0.412204	-0.412204	-0.412204	-0.412204	-0.412204	-0.412204	-0.412204	-0.412204	-0.412204	-0.412204	3.19871	-0.412204	-0.412204	-0.412204	-0.412204	-0.412204	-0.412204	6.01267	5.31464	-0.412204	-0.412204	-0.412204	-0.412204	3.0843	-0.412204	-0.412204	-0.412204	-0.412204	-0.412204	-0.412204	-0.412204	6.55853	-0.412204	-0.412204	-0.412204	-0.412204	-0.412204	-0.412204	-0.412204	-0.412204	-0.412204	-0.412204	5.16753	-0.412204	-0.412204	-0.412204	-0.412204	-0.412204	-0.412204	-0.412204	-0.412204	-0.412204	-0.412204	-0.412204	-0.412204
SRR18595713	-0.437757	-0.437757	-0.437757	-0.437757	-0.437757	-0.437757	-0.437757	-0.437757	-0.437757	-0.437757	-0.437757	-0.437757	-0.437757	-0.437757	-0.437757	-0.437757	-0.437757	-0.437757	-0.437757	-0.437757	-0.437757	-0.437757	-0.437757	-0.437757	-0.437757	-0.437757	-0.437757	-0.437757	-0.437757	1.96014	-0.437757	-0.437757	-0.437757	-0.437757	-0.437757	-0.437757	-0.437757	-0.437757	-0.437757	-0.437757	-0.437757	-0.437757	2.50668	-0.437757	-0.437757	-0.437757	2.50668	-0.437757	6.44877	-0.437757	-0.437757	-0.437757	-0.437757	-0.437757	-0.437757	-0.437757	-0.437757	-0.437757	-0.437757	-0.437757	-0.437757	-0.437757	-0.437757	-0.437757	3.17316	-0.437757	-0.437757	-0.437757	-0.437757	-0.437757	-0.437757	-0.437757	-0.437757	-0.437757	-0.437757	-0.437757	-0.437757	-0.437757	-0.437757	-0.437757	-0.437757	-0.437757	-0.437757	-0.437757	-0.437757	-0.437757	-0.437757	-0.437757	-0.437757	-0.437757	-0.437757	-0.437757	4.49672	-0.437757	-0.437757	-0.437757	-0.437757	-0.437757	-0.437757	2.85808	-0.437757	-0.437757	-0.437757	5.40579	-0.437757	-0.437757	-0.437757	-0.437757	-0.437757	-0.437757	-0.437757	-0.437757	3.93169	-0.437757	-0.437757	-0.437757	-0.437757	-0.437757	-0.437757	-0.437757	-0.437757	-0.437757	-0.437757	-0.437757	3.36891	-0.437757	-0.437757	-0.437757	-0.437757	-0.437757	-0.437757	-0.437757	-0.437757	-0.437757	4.56619	-0.437757	-0.437757	-0.437757	-0.437757	-0.437757	-0.437757	-0.437757	-0.437757	-0.437757	-0.437757	-0.437757	2.12719	-0.437757	-0.437757	-0.437757	-0.437757	-0.437757	-0.437757	-0.437757	-0.437757	4.65599	-0.437757	-0.437757	-0.437757	-0.437757	-0.437757	-0.437757	-0.437757	-0.437757	-0.437757	-0.437757	-0.437757	-0.437757	4.05088	-0.437757	-0.437757	-0.437757	-0.437757	-0.437757	5.88481	-0.437757	-0.437757	-0.437757	1.75947	-0.437757	-0.437757	-0.437757	-0.437757	-0.437757	-0.437757	-0.437757	-0.437757	-0.437757	-0.437757	-0.437757	-0.437757	-0.437757	-0.437757	-0.437757	-0.437757	-0.437757	-0.437757	-0.437757	-0.437757	2.85808	-0.437757	4.81452	5.90612	-0.437757	-0.437757	-0.437757	-0.437757	-0.437757	-0.437757	-0.437757	-0.437757	-0.437757	-0.437757	3.53254	-0.437757	9.2785	-0.437757	-0.437757	-0.437757	2.69774	-0.437757	-0.437757	-0.437757	-0.437757	-0.437757	-0.437757	5.7668	-0.437757	-0.437757	-0.437757	-0.437757	-0.437757	-0.437757	-0.437757	-0.437757	-0.437757	-0.437757	-0.437757	-0.437757
SRR18595714	-0.182641	-0.182641	-0.182641	-0.182641	-0.182641	-0.182641	-0.182641	-0.182641	-0.182641	-0.182641	-0.182641	-0.182641	-0.182641	4.30599	-0.182641	-0.182641	-0.182641	-0.182641	-0.182641	-0.182641	-0.182641	-0.182641	-0.182641	-0.182641	-0.182641	-0.182641	-0.182641	-0.182641	-0.182641	-0.182641	-0.182641	-0.182641	-0.182641	-0.182641	-0.182641	-0.182641	-0.182641	-0.182641	-0.182641	-0.182641	-0.182641	-0.182641	3.53093	-0.182641	-0.182641	-0.182641	-0.182641	-0.182641	4.34996	-0.182641	-0.182641	-0.182641	-0.182641	-0.182641	-0.182641	-0.182641	-0.182641	-0.182641	-0.182641	-0.182641	-0.182641	-0.182641	-0.182641	-0.182641	-0.182641	-0.182641	-0.182641	-0.182641	-0.182641	-0.182641	-0.182641	-0.182641	-0.182641	-0.182641	-0.182641	-0.182641	-0.182641	-0.182641	-0.182641	3.48092	-0.182641	-0.182641	-0.182641	-0.182641	-0.182641	-0.182641	-0.182641	-0.182641	-0.182641	-0.182641	-0.182641	-0.182641	-0.182641	-0.182641	-0.182641	-0.182641	-0.182641	-0.182641	-0.182641	-0.182641	-0.182641	-0.182641	-0.182641	-0.182641	-0.182641	4.30599	-0.182641	-0.182641	-0.182641	3.62402	-0.182641	-0.182641	-0.182641	-0.182641	-0.182641	-0.182641	-0.182641	-0.182641	-0.182641	-0.182641	-0.182641	-0.182641	-0.182641	5.33481	-0.182641	-0.182641	-0.182641	-0.182641	-0.182641	-0.182641	-0.182641	-0.182641	-0.182641	-0.182641	-0.182641	-0.182641	-0.182641	-0.182641	-0.182641	-0.182641	-0.182641	-0.182641	-0.182641	-0.182641	-0.182641	-0.182641	-0.182641	-0.182641	-0.182641	-0.182641	-0.182641	-0.182641	-0.182641	-0.182641	-0.182641	-0.182641	-0.182641	-0.182641	-0.182641	-0.182641	-0.182641	-0.182641	-0.182641	-0.182641	-0.182641	3.42828	-0.182641	-0.182641	-0.182641	-0.182641	-0.182641	-0.182641	-0.182641	-0.182641	3.25135	-0.182641	-0.182641	-0.182641	-0.182641	-0.182641	-0.182641	-0.182641	-0.182641	-0.182641	-0.182641	-0.182641	-0.182641	-0.182641	-0.182641	-0.182641	-0.182641	-0.182641	-0.182641	-0.182641	-0.182641	-0.182641	-0.182641	-0.182641	-0.182641	-0.182641	-0.182641	-0.182641	-0.182641	-0.182641	-0.182641	-0.182641	-0.182641	-0.182641	-0.182641	-0.182641	-0.182641	-0.182641	-0.182641	-0.182641	-0.182641	-0.182641	-0.182641	-0.182641	-0.182641	-0.182641	-0.182641	-0.182641	6.21262	-0.182641	-0.182641	-0.182641	-0.182641	-0.182641	-0.182641	-0.182641	-0.182641	-0.182641	-0.182641	-0.182641	-0.182641	-0.182641	-0.182641	-0.182641	-0.182641
SRR18595715	-0.263664	-0.263664	-0.263664	-0.263664	-0.263664	-0.263664	-0.263664	-0.263664	-0.263664	-0.263664	-0.263664	-0.263664	-0.263664	2.68078	-0.263664	-0.263664	-0.263664	-0.263664	-0.263664	-0.263664	-0.263664	-0.263664	-0.263664	-0.263664	-0.263664	-0.263664	-0.263664	-0.263664	-0.263664	1.68225	-0.263664	-0.263664	-0.263664	-0.263664	-0.263664	-0.263664	-0.263664	-0.263664	-0.263664	-0.263664	-0.263664	-0.263664	-0.263664	-0.263664	-0.263664	-0.263664	3.3999	-0.263664	2.78086	-0.263664	-0.263664	-0.263664	-0.263664	-0.263664	-0.263664	-0.263664	-0.263664	-0.263664	-0.263664	-0.263664	-0.263664	-0.263664	-0.263664	-0.263664	-0.263664	-0.263664	-0.263664	-0.263664	-0.263664	-0.263664	-0.263664	-0.263664	-0.263664	-0.263664	-0.263664	-0.263664	-0.263664	-0.263664	-0.263664	1.93356	-0.263664	-0.263664	-0.263664	-0.263664	-0.263664	-0.263664	-0.263664	-0.263664	-0.263664	-0.263664	-0.263664	-0.263664	-0.263664	-0.263664	-0.263664	2.87183	-0.263664	-0.263664	-0.263664	-0.263664	-0.263664	-0.263664	-0.263664	-0.263664	-0.263664	6.14156	-0.263664	-0.263664	-0.263664	-0.263664	4.69918	-0.263664	4.72677	-0.263664	-0.263664	-0.263664	-0.263664	-0.263664	-0.263664	-0.263664	-0.263664	-0.263664	-0.263664	-0.263664	-0.263664	-0.263664	-0.263664	-0.263664	-0.263664	-0.263664	-0.263664	-0.263664	-0.263664	-0.263664	-0.263664	-0.263664	-0.263664	-0.263664	-0.263664	-0.263664	-0.263664	-0.263664	-0.263664	-0.263664	-0.263664	-0.263664	-0.263664	-0.263664	-0.263664	-0.263664	-0.263664	-0.263664	-0.263664	-0.263664	-0.263664	-0.263664	-0.263664	-0.263664	-0.263664	-0.263664	-0.263664	3.03217	-0.263664	-0.263664	-0.263664	-0.263664	-0.263664	-0.263664	2.13423	-0.263664	-0.263664	-0.263664	-0.263664	5.59141	-0.263664	-0.263664	-0.263664	-0.263664	-0.263664	-0.263664	-0.263664	-0.263664	-0.263664	-0.263664	-0.263664	-0.263664	-0.263664	-0.263664	-0.263664	-0.263664	-0.263664	-0.263664	-0.263664	-0.263664	2.44439	-0.263664	-0.263664	-0.263664	-0.263664	-0.263664	-0.263664	-0.263664	4.48127	-0.263664	-0.263664	-0.263664	-0.263664	-0.263664	-0.263664	-0.263664	-0.263664	-0.263664	-0.263664	-0.263664	-0.263664	3.23284	-0.263664	-0.263664	-0.263664	2.56955	-0.263664	-0.263664	4.13079	-0.263664	-0.263664	-0.263664	-0.263664	-0.263664	-0.263664	-0.263664	-0.263664	-0.263664	-0.263664	-0.263664	-0.263664	-0.263664	-0.263664	-0.263664	-0.263664
SRR18595716	-0.351036	-0.351036	-0.351036	-0.351036	-0.351036	-0.351036	-0.351036	-0.351036	-0.351036	-0.351036	-0.351036	-0.351036	-0.351036	-0.351036	-0.351036	-0.351036	-0.351036	-0.351036	-0.351036	-0.351036	-0.351036	-0.351036	-0.351036	-0.351036	-0.351036	-0.351036	-0.351036	-0.351036	-0.351036	-0.351036	-0.351036	-0.351036	-0.351036	-0.351036	-0.351036	-0.351036	-0.351036	-0.351036	-0.351036	-0.351036	-0.351036	-0.351036	-0.351036	1.84619	-0.351036	-0.351036	8.29032	-0.351036	5.86955	-0.351036	-0.351036	-0.351036	-0.351036	-0.351036	-0.351036	-0.351036	-0.351036	-0.351036	-0.351036	-0.351036	-0.351036	-0.351036	-0.351036	-0.351036	-0.351036	-0.351036	-0.351036	-0.351036	-0.351036	-0.351036	3.08295	-0.351036	-0.351036	-0.351036	-0.351036	-0.351036	-0.351036	-0.351036	-0.351036	-0.351036	-0.351036	-0.351036	-0.351036	-0.351036	-0.351036	-0.351036	-0.351036	-0.351036	-0.351036	-0.351036	-0.351036	-0.351036	8.02113	-0.351036	-0.351036	-0.351036	-0.351036	-0.351036	-0.351036	2.9448	-0.351036	-0.351036	-0.351036	-0.351036	-0.351036	-0.351036	-0.351036	-0.351036	-0.351036	2.5934	-0.351036	-0.351036	6.28097	-0.351036	-0.351036	-0.351036	-0.351036	-0.351036	-0.351036	-0.351036	-0.351036	-0.351036	-0.351036	-0.351036	-0.351036	-0.351036	-0.351036	-0.351036	-0.351036	-0.351036	-0.351036	-0.351036	-0.351036	-0.351036	-0.351036	-0.351036	-0.351036	-0.351036	-0.351036	-0.351036	3.54078	-0.351036	-0.351036	-0.351036	-0.351036	-0.351036	-0.351036	-0.351036	-0.351036	-0.351036	-0.351036	-0.351036	-0.351036	-0.351036	-0.351036	3.31253	-0.351036	-0.351036	-0.351036	-0.351036	-0.351036	5.40787	-0.351036	-0.351036	-0.351036	-0.351036	2.69349	-0.351036	5.83311	-0.351036	-0.351036	-0.351036	-0.351036	-0.351036	7.37076	-0.351036	-0.351036	-0.351036	-0.351036	-0.351036	-0.351036	-0.351036	-0.351036	-0.351036	-0.351036	-0.351036	-0.351036	-0.351036	-0.351036	-0.351036	-0.351036	-0.351036	-0.351036	-0.351036	-0.351036	-0.351036	-0.351036	-0.351036	-0.351036	-0.351036	-0.351036	-0.351036	1.84619	-0.351036	-0.351036	-0.351036	-0.351036	4.1376	-0.351036	-0.351036	-0.351036	-0.351036	-0.351036	-0.351036	-0.351036	4.85845	-0.351036	-0.351036	-0.351036	-0.351036	-0.351036	-0.351036	-0.351036	-0.351036	-0.351036	-0.351036	-0.351036	-0.351036	-0.351036	-0.351036	-0.351036	-0.351036	-0.351036	-0.351036	-0.351036	-0.351036	-0.351036	-0.351036	-0.351036
SRR18595717	-0.661732	-0.661732	-0.661732	-0.661732	-0.661732	-0.661732	-0.661732	-0.661732	-0.661732	-0.661732	-0.661732	-0.661732	-0.661732	-0.661732	-0.661732	-0.661732	-0.661732	-0.661732	4.50305	-0.661732	-0.661732	-0.661732	-0.661732	-0.661732	-0.661732	-0.661732	-0.661732	-0.661732	-0.661732	-0.661732	-0.661732	-0.661732	-0.661732	-0.661732	-0.661732	-0.661732	-0.661732	-0.661732	-0.661732	-0.661732	-0.661732	-0.661732	-0.661732	2.89362	-0.661732	-0.661732	-0.661732	-0.661732	2.47376	-0.661732	-0.661732	-0.661732	-0.661732	-0.661732	-0.661732	-0.661732	-0.661732	-0.661732	-0.661732	-0.661732	-0.661732	-0.661732	-0.661732	-0.661732	2.04632	-0.661732	-0.661732	-0.661732	-0.661732	-0.661732	2.55714	-0.661732	-0.661732	2.28271	-0.661732	-0.661732	-0.661732	-0.661732	6.42417	3.41581	-0.661732	-0.661732	-0.661732	-0.661732	-0.661732	-0.661732	-0.661732	-0.661732	-0.661732	-0.661732	-0.661732	-0.661732	-0.661732	-0.661732	-0.661732	-0.661732	-0.661732	-0.661732	-0.661732	9.61459	2.17148	-0.661732	-0.661732	2.47376	-0.661732	4.6806	-0.661732	-0.661732	-0.661732	-0.661732	-0.661732	-0.661732	2.83478	-0.661732	-0.661732	-0.661732	-0.661732	4.30111	-0.661732	-0.661732	-0.661732	-0.661732	-0.661732	4.0111	-0.661732	-0.661732	-0.661732	-0.661732	3.99223	-0.661732	-0.661732	-0.661732	-0.661732	-0.661732	3.14493	-0.661732	-0.661732	-0.661732	-0.661732	-0.661732	-0.661732	-0.661732	-0.661732	-0.661732	-0.661732	4.62147	-0.661732	-0.661732	-0.661732	-0.661732	-0.661732	-0.661732	-0.661732	-0.661732	-0.661732	-0.661732	-0.661732	-0.661732	-0.661732	-0.661732	-0.661732	3.05184	-0.661732	-0.661732	-0.661732	2.47376	-0.661732	-0.661732	3.18842	-0.661732	-0.661732	-0.661732	-0.661732	5.216	5.23817	-0.661732	-0.661732	-0.661732	2.17148	-0.661732	7.96503	-0.661732	-0.661732	-0.661732	-0.661732	-0.661732	-0.661732	-0.661732	-0.661732	2.38279	-0.661732	-0.661732	-0.661732	-0.661732	2.38279	-0.661732	-0.661732	-0.661732	-0.661732	2.83478	-0.661732	5.17015	3.38132	-0.661732	-0.661732	-0.661732	-0.661732	1.53549	-0.661732	-0.661732	-0.661732	4.84766	-0.661732	-0.661732	-0.661732	4.76322	-0.661732	-0.661732	-0.661732	-0.661732	-0.661732	-0.661732	2.77226	-0.661732	-0.661732	-0.661732	4.34221	-0.661732	-0.661732	-0.661732	-0.661732	-0.661732	-0.661732	-0.661732	2.17148	-0.661732	-0.661732	-0.661732	-0.661732
SRR18595718	-0.638605	-0.638605	-0.638605	-0.638605	-0.638605	-0.638605	-0.638605	-0.638605	-0.638605	-0.638605	-0.638605	-0.638605	-0.638605	3.78024	-0.638605	-0.638605	-0.638605	-0.638605	4.12357	1.75929	-0.638605	-0.638605	-0.638605	-0.638605	-0.638605	-0.638605	-0.638605	-0.638605	-0.638605	4.31016	-0.638605	-0.638605	-0.638605	-0.638605	-0.638605	-0.638605	-0.638605	-0.638605	-0.638605	-0.638605	-0.638605	-0.638605	-0.638605	3.67888	-0.638605	-0.638605	6.02962	-0.638605	-0.638605	-0.638605	-0.638605	-0.638605	-0.638605	-0.638605	-0.638605	-0.638605	-0.638605	-0.638605	-0.638605	-0.638605	-0.638605	-0.638605	-0.638605	-0.638605	-0.638605	-0.638605	-0.638605	-0.638605	-0.638605	-0.638605	-0.638605	-0.638605	-0.638605	-0.638605	-0.638605	-0.638605	-0.638605	-0.638605	-0.638605	-0.638605	-0.638605	-0.638605	-0.638605	-0.638605	-0.638605	-0.638605	-0.638605	-0.638605	-0.638605	-0.638605	-0.638605	-0.638605	6.8339	-0.638605	-0.638605	5.76992	-0.638605	-0.638605	3.67888	7.31471	-0.638605	-0.638605	-0.638605	2.79538	-0.638605	5.63238	-0.638605	-0.638605	-0.638605	3.99612	-0.638605	-0.638605	6.08162	-0.638605	-0.638605	-0.638605	-0.638605	-0.638605	-0.638605	-0.638605	-0.638605	-0.638605	-0.638605	-0.638605	-0.638605	-0.638605	-0.638605	-0.638605	-0.638605	-0.638605	-0.638605	-0.638605	-0.638605	-0.638605	-0.638605	-0.638605	-0.638605	-0.638605	-0.638605	-0.638605	-0.638605	-0.638605	-0.638605	-0.638605	-0.638605	-0.638605	6.67661	-0.638605	-0.638605	-0.638605	-0.638605	-0.638605	-0.638605	-0.638605	-0.638605	2.97231	-0.638605	-0.638605	-0.638605	-0.638605	-0.638605	3.93611	-0.638605	-0.638605	-0.638605	-0.638605	3.29322	-0.638605	4.39183	-0.638605	-0.638605	-0.638605	-0.638605	5.47729	3.85003	-0.638605	-0.638605	-0.638605	5.85212	-0.638605	6.56107	-0.638605	-0.638605	-0.638605	-0.638605	-0.638605	-0.638605	-0.638605	-0.638605	-0.638605	-0.638605	-0.638605	-0.638605	-0.638605	3.47227	-0.638605	-0.638605	-0.638605	-0.638605	2.06945	-0.638605	-0.638605	-0.638605	-0.638605	5.76992	-0.638605	-0.638605	2.06945	-0.638605	-0.638605	-0.638605	-0.638605	-0.638605	-0.638605	-0.638605	5.9694	-0.638605	-0.638605	-0.638605	1.30731	-0.638605	-0.638605	-0.638605	-0.638605	-0.638605	-0.638605	4.01536	-0.638605	-0.638605	-0.638605	-0.638605	-0.638605	-0.638605	-0.638605	-0.638605	-0.638605	-0.638605	-0.638605	-0.638605
SRR18595719	-0.0996609	-0.0996609	-0.0996609	-0.0996609	-0.0996609	-0.0996609	-0.0996609	-0.0996609	-0.0996609	-0.0996609	-0.0996609	-0.0996609	-0.0996609	-0.0996609	-0.0996609	-0.0996609	-0.0996609	-0.0996609	-0.0996609	-0.0996609	-0.0996609	-0.0996609	-0.0996609	-0.0996609	-0.0996609	-0.0996609	-0.0996609	-0.0996609	-0.0996609	-0.0996609	-0.0996609	-0.0996609	-0.0996609	-0.0996609	-0.0996609	-0.0996609	-0.0996609	-0.0996609	-0.0996609	-0.0996609	-0.0996609	-0.0996609	-0.0996609	-0.0996609	-0.0996609	-0.0996609	-0.0996609	-0.0996609	-0.0996609	-0.0996609	-0.0996609	-0.0996609	-0.0996609	-0.0996609	-0.0996609	-0.0996609	-0.0996609	-0.0996609	-0.0996609	-0.0996609	-0.0996609	-0.0996609	-0.0996609	-0.0996609	-0.0996609	-0.0996609	-0.0996609	-0.0996609	-0.0996609	-0.0996609	-0.0996609	-0.0996609	-0.0996609	4.72865	-0.0996609	-0.0996609	-0.0996609	-0.0996609	-0.0996609	-0.0996609	-0.0996609	-0.0996609	-0.0996609	-0.0996609	-0.0996609	-0.0996609	-0.0996609	-0.0996609	-0.0996609	-0.0996609	-0.0996609	-0.0996609	4.45422	-0.0996609	-0.0996609	2.60839	-0.0996609	-0.0996609	-0.0996609	3.03583	-0.0996609	-0.0996609	-0.0996609	-0.0996609	-0.0996609	-0.0996609	-0.0996609	-0.0996609	-0.0996609	-0.0996609	-0.0996609	-0.0996609	-0.0996609	-0.0996609	-0.0996609	-0.0996609	-0.0996609	-0.0996609	-0.0996609	-0.0996609	-0.0996609	-0.0996609	-0.0996609	-0.0996609	-0.0996609	-0.0996609	-0.0996609	-0.0996609	-0.0996609	-0.0996609	-0.0996609	-0.0996609	-0.0996609	-0.0996609	-0.0996609	-0.0996609	-0.0996609	-0.0996609	-0.0996609	-0.0996609	-0.0996609	-0.0996609	-0.0996609	-0.0996609	-0.0996609	-0.0996609	4.31918	-0.0996609	-0.0996609	-0.0996609	-0.0996609	-0.0996609	-0.0996609	-0.0996609	-0.0996609	-0.0996609	-0.0996609	-0.0996609	-0.0996609	-0.0996609	-0.0996609	-0.0996609	-0.0996609	-0.0996609	-0.0996609	-0.0996609	-0.0996609	-0.0996609	-0.0996609	-0.0996609	-0.0996609	-0.0996609	-0.0996609	-0.0996609	-0.0996609	-0.0996609	-0.0996609	-0.0996609	-0.0996609	-0.0996609	-0.0996609	-0.0996609	-0.0996609	-0.0996609	-0.0996609	-0.0996609	-0.0996609	-0.0996609	-0.0996609	-0.0996609	-0.0996609	-0.0996609	-0.0996609	-0.0996609	-0.0996609	-0.0996609	-0.0996609	-0.0996609	-0.0996609	-0.0996609	-0.0996609	-0.0996609	-0.0996609	-0.0996609	-0.0996609	-0.0996609	-0.0996609	-0.0996609	-0.0996609	-0.0996609	-0.0996609	-0.0996609	-0.0996609	-0.0996609	-0.0996609	4.07473	-0.0996609	-0.0996609	-0.0996609	-0.0996609	-0.0996609	-0.0996609	-0.0996609	-0.0996609	-0.0996609	-0.0996609	-0.0996609	-0.0996609	-0.0996609	-0.0996609	-0.0996609	-0.0996609	-0.0996609	-0.0996609	-0.0996609	-0.0996609	-0.0996609	-0.0996609	-0.0996609
SRR18595720	-0.663462	-0.663462	-0.663462	-0.663462	-0.663462	-0.663462	-0.663462	-0.663462	-0.663462	-0.663462	-0.663462	-0.663462	-0.663462	4.48983	-0.663462	-0.663462	-0.663462	-0.663462	3.95166	-0.663462	-0.663462	-0.663462	2.04459	-0.663462	-0.663462	-0.663462	-0.663462	-0.663462	-0.663462	1.73443	-0.663462	-0.663462	-0.663462	-0.663462	-0.663462	-0.663462	-0.663462	-0.663462	-0.663462	-0.663462	-0.663462	-0.663462	-0.663462	6.10158	-0.663462	-0.663462	1.90149	-0.663462	-0.663462	-0.663462	-0.663462	-0.663462	-0.663462	1.73443	-0.663462	-0.663462	-0.663462	-0.663462	-0.663462	4.31327	-0.663462	-0.663462	-0.663462	-0.663462	4.69783	-0.663462	-0.663462	-0.663462	-0.663462	-0.663462	-0.663462	-0.663462	-0.663462	-0.663462	-0.663462	-0.663462	-0.663462	-0.663462	-0.663462	-0.663462	-0.663462	-0.663462	-0.663462	3.37959	-0.663462	6.38319	-0.663462	-0.663462	-0.663462	-0.663462	-0.663462	-0.663462	6.35135	-0.663462	-0.663462	5.55713	-0.663462	-0.663462	2.83305	3.37959	-0.663462	-0.663462	-0.663462	4.37996	-0.663462	5.82117	-0.663462	-0.663462	-0.663462	4.11566	-0.663462	-0.663462	-0.663462	-0.663462	-0.663462	-0.663462	-0.663462	-0.663462	-0.663462	-0.663462	-0.663462	-0.663462	-0.663462	6.54662	-0.663462	-0.663462	-0.663462	-0.663462	-0.663462	-0.663462	-0.663462	-0.663462	-0.663462	-0.663462	-0.663462	-0.663462	-0.663462	-0.663462	-0.663462	-0.663462	3.18669	-0.663462	-0.663462	-0.663462	-0.663462	-0.663462	4.53503	-0.663462	-0.663462	-0.663462	-0.663462	-0.663462	-0.663462	-0.663462	-0.663462	-0.663462	-0.663462	-0.663462	-0.663462	-0.663462	-0.663462	6.0199	-0.663462	-0.663462	-0.663462	4.53503	2.70383	-0.663462	5.73513	-0.663462	-0.663462	-0.663462	-0.663462	5.66982	5.9659	-0.663462	-0.663462	-0.663462	-0.663462	-0.663462	-0.663462	-0.663462	-0.663462	-0.663462	-0.663462	-0.663462	-0.663462	-0.663462	-0.663462	-0.663462	-0.663462	-0.663462	-0.663462	-0.663462	-0.663462	-0.663462	-0.663462	-0.663462	-0.663462	-0.663462	-0.663462	-0.663462	-0.663462	-0.663462	-0.663462	-0.663462	-0.663462	4.06393	-0.663462	-0.663462	-0.663462	4.13233	-0.663462	-0.663462	-0.663462	3.54123	-0.663462	-0.663462	-0.663462	1.90149	-0.663462	-0.663462	5.62996	-0.663462	-0.663462	-0.663462	-0.663462	-0.663462	-0.663462	-0.663462	-0.663462	-0.663462	-0.663462	-0.663462	-0.663462	-0.663462	-0.663462	-0.663462	-0.663462
SRR18595721	-0.64044	-0.64044	-0.64044	-0.64044	-0.64044	-0.64044	-0.64044	-0.64044	3.53395	-0.64044	-0.64044	-0.64044	-0.64044	-0.64044	-0.64044	-0.64044	3.07313	-0.64044	-0.64044	-0.64044	-0.64044	-0.64044	-0.64044	-0.64044	-0.64044	-0.64044	-0.64044	-0.64044	4.59067	-0.64044	-0.64044	-0.64044	-0.64044	-0.64044	-0.64044	-0.64044	-0.64044	-0.64044	-0.64044	-0.64044	-0.64044	-0.64044	-0.64044	6.54419	-0.64044	-0.64044	6.2623	-0.64044	3.67705	-0.64044	-0.64044	-0.64044	-0.64044	-0.64044	-0.64044	-0.64044	-0.64044	-0.64044	-0.64044	4.57992	-0.64044	-0.64044	-0.64044	-0.64044	2.97048	-0.64044	-0.64044	-0.64044	-0.64044	-0.64044	-0.64044	-0.64044	-0.64044	-0.64044	-0.64044	-0.64044	-0.64044	-0.64044	-0.64044	-0.64044	-0.64044	-0.64044	-0.64044	1.30547	-0.64044	-0.64044	-0.64044	-0.64044	-0.64044	-0.64044	-0.64044	-0.64044	5.68571	-0.64044	-0.64044	3.36689	-0.64044	-0.64044	-0.64044	7.13063	-0.64044	-0.64044	-0.64044	1.75746	-0.64044	4.65286	-0.64044	-0.64044	-0.64044	4.23476	-0.64044	-0.64044	2.19277	-0.64044	-0.64044	-0.64044	-0.64044	-0.64044	-0.64044	-0.64044	-0.64044	-0.64044	-0.64044	7.19751	-0.64044	-0.64044	-0.64044	-0.64044	-0.64044	-0.64044	-0.64044	-0.64044	-0.64044	-0.64044	-0.64044	-0.64044	-0.64044	-0.64044	-0.64044	-0.64044	-0.64044	-0.64044	-0.64044	-0.64044	-0.64044	-0.64044	7.1548	-0.64044	-0.64044	-0.64044	-0.64044	-0.64044	-0.64044	-0.64044	-0.64044	-0.64044	-0.64044	-0.64044	-0.64044	-0.64044	-0.64044	4.44096	-0.64044	-0.64044	-0.64044	4.90082	2.72686	-0.64044	4.47755	-0.64044	-0.64044	-0.64044	-0.64044	4.7302	5.04654	-0.64044	-0.64044	-0.64044	4.37684	-0.64044	-0.64044	-0.64044	-0.64044	-0.64044	-0.64044	-0.64044	-0.64044	-0.64044	-0.64044	-0.64044	-0.64044	-0.64044	-0.64044	-0.64044	-0.64044	-0.64044	-0.64044	-0.64044	-0.64044	-0.64044	-0.64044	-0.64044	6.01757	-0.64044	-0.64044	-0.64044	-0.64044	-0.64044	-0.64044	-0.64044	-0.64044	-0.64044	-0.64044	-0.64044	-0.64044	5.85331	-0.64044	-0.64044	-0.64044	0.968998	-0.64044	-0.64044	6.8678	-0.64044	-0.64044	-0.64044	-0.64044	-0.64044	-0.64044	-0.64044	-0.64044	-0.64044	3.53395	-0.64044	-0.64044	-0.64044	-0.64044	-0.64044	-0.64044
SRR18595722	-0.719616	-0.719616	-0.719616	-0.719616	-0.719616	-0.719616	-0.719616	-0.719616	-0.719616	2.64768	-0.719616	-0.719616	-0.719616	-0.719616	-0.719616	-0.719616	-0.719616	-0.719616	-0.719616	-0.719616	-0.719616	-0.719616	-0.719616	-0.719616	-0.719616	-0.719616	-0.719616	-0.719616	-0.719616	2.32491	-0.719616	-0.719616	-0.719616	-0.719616	-0.719616	-0.719616	-0.719616	-0.719616	-0.719616	-0.719616	-0.719616	-0.719616	-0.719616	4.63224	-0.719616	-0.719616	5.27932	-0.719616	-0.719616	-0.719616	-0.719616	-0.719616	-0.719616	-0.719616	-0.719616	-0.719616	-0.719616	-0.719616	-0.719616	2.41588	-0.719616	-0.719616	-0.719616	-0.719616	2.22482	-0.719616	-0.719616	-0.719616	-0.719616	-0.719616	-0.719616	-0.719616	-0.719616	-0.719616	-0.719616	-0.719616	-0.719616	-0.719616	-0.719616	-0.719616	-0.719616	-0.719616	-0.719616	-0.719616	-0.719616	-0.719616	-0.719616	-0.719616	-0.719616	-0.719616	-0.719616	-0.719616	6.74604	-0.719616	-0.719616	5.6723	-0.719616	-0.719616	2.1136	-0.719616	-0.719616	-0.719616	2.8913	3.32344	-0.719616	4.48987	-0.719616	-0.719616	-0.719616	4.22914	-0.719616	-0.719616	3.8551	-0.719616	-0.719616	-0.719616	-0.719616	-0.719616	-0.719616	-0.719616	-0.719616	-0.719616	-0.719616	-0.719616	-0.719616	-0.719616	-0.719616	-0.719616	4.80584	-0.719616	-0.719616	-0.719616	-0.719616	2.94395	4.25712	-0.719616	-0.719616	-0.719616	-0.719616	-0.719616	3.32344	-0.719616	-0.719616	-0.719616	-0.719616	-0.719616	4.78977	-0.719616	-0.719616	-0.719616	-0.719616	-0.719616	-0.719616	-0.719616	-0.719616	3.45477	-0.719616	-0.719616	-0.719616	-0.719616	-0.719616	4.9044	-0.719616	-0.719616	-0.719616	3.08705	3.42352	-0.719616	2.22482	-0.719616	-0.719616	-0.719616	-0.719616	4.50074	4.59359	-0.719616	-0.719616	-0.719616	-0.719616	-0.719616	-0.719616	-0.719616	-0.719616	-0.719616	-0.719616	-0.719616	-0.719616	-0.719616	-0.719616	-0.719616	-0.719616	2.83573	-0.719616	-0.719616	3.95321	-0.719616	-0.719616	-0.719616	-0.719616	4.33663	-0.719616	4.63224	-0.719616	-0.719616	-0.719616	-0.719616	-0.719616	2.99396	-0.719616	-0.719616	-0.719616	3.04158	-0.719616	4.15558	-0.719616	7.10962	-0.719616	-0.719616	-0.719616	3.32344	-0.719616	-0.719616	1.47761	-0.719616	-0.719616	-0.719616	4.98083	-0.719616	-0.719616	-0.719616	-0.719616	-0.719616	-0.719616	-0.719616	-0.719616	-0.719616	-0.719616	-0.719616	2.64768
SRR18595723	-0.208109	-0.208109	-0.208109	-0.208109	-0.208109	-0.208109	-0.208109	-0.208109	-0.208109	-0.208109	-0.208109	-0.208109	-0.208109	-0.208109	-0.208109	-0.208109	-0.208109	-0.208109	-0.208109	-0.208109	-0.208109	-0.208109	-0.208109	-0.208109	-0.208109	-0.208109	-0.208109	-0.208109	-0.208109	-0.208109	-0.208109	-0.208109	-0.208109	-0.208109	-0.208109	-0.208109	-0.208109	-0.208109	-0.208109	-0.208109	-0.208109	-0.208109	-0.208109	4.99039	-0.208109	-0.208109	5.72943	-0.208109	-0.208109	-0.208109	-0.208109	-0.208109	-0.208109	-0.208109	-0.208109	-0.208109	-0.208109	-0.208109	-0.208109	-0.208109	-0.208109	-0.208109	-0.208109	-0.208109	-0.208109	-0.208109	-0.208109	-0.208109	-0.208109	-0.208109	-0.208109	-0.208109	-0.208109	-0.208109	-0.208109	-0.208109	-0.208109	-0.208109	-0.208109	-0.208109	-0.208109	-0.208109	-0.208109	-0.208109	-0.208109	-0.208109	-0.208109	-0.208109	-0.208109	-0.208109	-0.208109	-0.208109	5.92962	-0.208109	-0.208109	-0.208109	-0.208109	-0.208109	-0.208109	-0.208109	-0.208109	-0.208109	-0.208109	-0.208109	-0.208109	3.99658	-0.208109	-0.208109	-0.208109	2.35684	-0.208109	-0.208109	4.75474	-0.208109	-0.208109	-0.208109	-0.208109	-0.208109	-0.208109	-0.208109	-0.208109	-0.208109	-0.208109	-0.208109	-0.208109	-0.208109	-0.208109	-0.208109	-0.208109	-0.208109	-0.208109	-0.208109	-0.208109	-0.208109	-0.208109	-0.208109	-0.208109	-0.208109	-0.208109	-0.208109	-0.208109	-0.208109	-0.208109	-0.208109	-0.208109	-0.208109	-0.208109	-0.208109	-0.208109	-0.208109	-0.208109	-0.208109	-0.208109	-0.208109	-0.208109	-0.208109	-0.208109	-0.208109	-0.208109	-0.208109	-0.208109	-0.208109	-0.208109	-0.208109	-0.208109	-0.208109	-0.208109	-0.208109	-0.208109	-0.208109	-0.208109	-0.208109	-0.208109	-0.208109	1.7378	-0.208109	-0.208109	-0.208109	4.71187	-0.208109	-0.208109	-0.208109	-0.208109	-0.208109	-0.208109	-0.208109	-0.208109	-0.208109	-0.208109	-0.208109	-0.208109	-0.208109	-0.208109	-0.208109	-0.208109	-0.208109	-0.208109	-0.208109	-0.208109	-0.208109	-0.208109	-0.208109	-0.208109	-0.208109	-0.208109	-0.208109	-0.208109	-0.208109	-0.208109	-0.208109	-0.208109	-0.208109	-0.208109	3.08773	-0.208109	3.15919	-0.208109	-0.208109	-0.208109	4.16134	-0.208109	-0.208109	-0.208109	-0.208109	-0.208109	-0.208109	2.6251	-0.208109	-0.208109	-0.208109	-0.208109	-0.208109	-0.208109	-0.208109	-0.208109	-0.208109	-0.208109	-0.208109	-0.208109
SRR18595724	-0.378287	-0.378287	-0.378287	-0.378287	-0.378287	-0.378287	-0.378287	-0.378287	-0.378287	-0.378287	-0.378287	-0.378287	-0.378287	-0.378287	-0.378287	-0.378287	-0.378287	-0.378287	-0.378287	-0.378287	-0.378287	-0.378287	-0.378287	-0.378287	-0.378287	-0.378287	-0.378287	-0.378287	-0.378287	-0.378287	-0.378287	-0.378287	-0.378287	-0.378287	-0.378287	-0.378287	-0.378287	-0.378287	-0.378287	-0.378287	-0.378287	-0.378287	-0.378287	3.96552	-0.378287	-0.378287	-0.378287	-0.378287	-0.378287	-0.378287	-0.378287	-0.378287	-0.378287	-0.378287	-0.378287	-0.378287	-0.378287	-0.378287	-0.378287	-0.378287	-0.378287	-0.378287	-0.378287	-0.378287	-0.378287	-0.378287	-0.378287	-0.378287	-0.378287	-0.378287	4.71546	-0.378287	-0.378287	-0.378287	-0.378287	-0.378287	-0.378287	-0.378287	-0.378287	-0.378287	-0.378287	-0.378287	-0.378287	-0.378287	-0.378287	-0.378287	-0.378287	-0.378287	-0.378287	-0.378287	-0.378287	-0.378287	7.45966	-0.378287	-0.378287	6.8766	-0.378287	-0.378287	2.98901	-0.378287	-0.378287	-0.378287	-0.378287	-0.378287	-0.378287	-0.378287	-0.378287	-0.378287	-0.378287	-0.378287	-0.378287	-0.378287	-0.378287	-0.378287	-0.378287	-0.378287	-0.378287	-0.378287	3.17706	-0.378287	-0.378287	-0.378287	-0.378287	-0.378287	-0.378287	-0.378287	-0.378287	-0.378287	-0.378287	-0.378287	-0.378287	-0.378287	-0.378287	-0.378287	-0.378287	-0.378287	-0.378287	-0.378287	-0.378287	-0.378287	-0.378287	-0.378287	-0.378287	-0.378287	-0.378287	-0.378287	-0.378287	-0.378287	-0.378287	-0.378287	-0.378287	-0.378287	-0.378287	4.04055	-0.378287	5.02888	-0.378287	-0.378287	-0.378287	-0.378287	-0.378287	6.47712	-0.378287	-0.378287	-0.378287	-0.378287	-0.378287	-0.378287	5.55925	-0.378287	-0.378287	-0.378287	-0.378287	-0.378287	7.19061	-0.378287	-0.378287	-0.378287	4.08762	-0.378287	-0.378287	-0.378287	2.01961	-0.378287	-0.378287	-0.378287	-0.378287	-0.378287	-0.378287	-0.378287	-0.378287	-0.378287	-0.378287	-0.378287	-0.378287	-0.378287	-0.378287	-0.378287	-0.378287	-0.378287	-0.378287	4.84207	4.31306	-0.378287	-0.378287	-0.378287	-0.378287	5.36792	-0.378287	-0.378287	-0.378287	-0.378287	-0.378287	-0.378287	-0.378287	5.86976	-0.378287	-0.378287	-0.378287	-0.378287	-0.378287	-0.378287	-0.378287	-0.378287	-0.378287	-0.378287	-0.378287	-0.378287	-0.378287	-0.378287	-0.378287	-0.378287	-0.378287	-0.378287	-0.378287	-0.378287	-0.378287	-0.378287	-0.378287
SRR18595725	-0.550707	-0.550707	-0.550707	-0.550707	-0.550707	-0.550707	-0.550707	-0.550707	-0.550707	-0.550707	-0.550707	-0.550707	-0.550707	-0.550707	-0.550707	-0.550707	-0.550707	-0.550707	-0.550707	4.47973	-0.550707	-0.550707	-0.550707	-0.550707	-0.550707	-0.550707	-0.550707	-0.550707	-0.550707	1.3952	-0.550707	-0.550707	-0.550707	3.71197	-0.550707	-0.550707	-0.550707	-0.550707	-0.550707	-0.550707	-0.550707	-0.550707	5.98163	6.53016	-0.550707	-0.550707	5.20187	-0.550707	4.024	-0.550707	-0.550707	-0.550707	-0.550707	-0.550707	-0.550707	-0.550707	-0.550707	-0.550707	-0.550707	-0.550707	-0.550707	-0.550707	-0.550707	-0.550707	-0.550707	-0.550707	-0.550707	-0.550707	-0.550707	-0.550707	-0.550707	-0.550707	-0.550707	-0.550707	-0.550707	-0.550707	-0.550707	-0.550707	-0.550707	-0.550707	-0.550707	-0.550707	-0.550707	-0.550707	-0.550707	6.70418	-0.550707	-0.550707	-0.550707	-0.550707	-0.550707	-0.550707	7.74209	-0.550707	-0.550707	-0.550707	-0.550707	-0.550707	2.39373	4.24508	-0.550707	-0.550707	-0.550707	-0.550707	-0.550707	6.61247	-0.550707	-0.550707	-0.550707	5.18263	-0.550707	-0.550707	3.34111	-0.550707	-0.550707	-0.550707	-0.550707	-0.550707	-0.550707	-0.550707	-0.550707	-0.550707	-0.550707	7.84883	-0.550707	-0.550707	-0.550707	-0.550707	-0.550707	-0.550707	-0.550707	-0.550707	-0.550707	-0.550707	-0.550707	-0.550707	-0.550707	-0.550707	-0.550707	-0.550707	-0.550707	-0.550707	-0.550707	-0.550707	-0.550707	-0.550707	5.1564	-0.550707	-0.550707	-0.550707	-0.550707	-0.550707	-0.550707	-0.550707	-0.550707	-0.550707	-0.550707	-0.550707	-0.550707	-0.550707	-0.550707	-0.550707	-0.550707	-0.550707	-0.550707	-0.550707	5.95208	-0.550707	4.04441	-0.550707	-0.550707	-0.550707	-0.550707	4.46657	3.65399	-0.550707	-0.550707	-0.550707	-0.550707	-0.550707	-0.550707	-0.550707	-0.550707	-0.550707	-0.550707	-0.550707	-0.550707	-0.550707	-0.550707	3.38112	-0.550707	-0.550707	-0.550707	-0.550707	-0.550707	-0.550707	-0.550707	-0.550707	-0.550707	-0.550707	-0.550707	-0.550707	3.25596	-0.550707	-0.550707	-0.550707	-0.550707	-0.550707	-0.550707	-0.550707	-0.550707	-0.550707	-0.550707	-0.550707	1.64652	3.06021	-0.550707	-0.550707	-0.550707	-0.550707	-0.550707	-0.550707	7.83933	-0.550707	-0.550707	-0.550707	-0.550707	-0.550707	-0.550707	-0.550707	-0.550707	-0.550707	-0.550707	-0.550707	-0.550707	-0.550707	-0.550707	-0.550707	-0.550707
SRR18595726	-0.369482	3.34409	-0.369482	-0.369482	-0.369482	-0.369482	-0.369482	-0.369482	-0.369482	-0.369482	-0.369482	-0.369482	-0.369482	-0.369482	-0.369482	-0.369482	-0.369482	-0.369482	-0.369482	-0.369482	-0.369482	-0.369482	-0.369482	-0.369482	-0.369482	-0.369482	-0.369482	-0.369482	-0.369482	3.06451	-0.369482	-0.369482	-0.369482	-0.369482	-0.369482	-0.369482	-0.369482	-0.369482	-0.369482	-0.369482	-0.369482	-0.369482	-0.369482	7.11769	-0.369482	-0.369482	-0.369482	-0.369482	5.71956	-0.369482	-0.369482	-0.369482	-0.369482	-0.369482	-0.369482	-0.369482	-0.369482	-0.369482	-0.369482	3.24144	-0.369482	-0.369482	-0.369482	-0.369482	-0.369482	-0.369482	-0.369482	-0.369482	-0.369482	-0.369482	-0.369482	-0.369482	-0.369482	-0.369482	-0.369482	-0.369482	-0.369482	-0.369482	-0.369482	-0.369482	-0.369482	-0.369482	-0.369482	-0.369482	-0.369482	2.99781	-0.369482	-0.369482	-0.369482	-0.369482	-0.369482	-0.369482	4.99181	-0.369482	-0.369482	3.74139	-0.369482	-0.369482	-0.369482	-0.369482	-0.369482	-0.369482	-0.369482	-0.369482	-0.369482	3.39172	-0.369482	-0.369482	-0.369482	-0.369482	-0.369482	-0.369482	2.76601	-0.369482	-0.369482	-0.369482	-0.369482	-0.369482	-0.369482	-0.369482	-0.369482	-0.369482	-0.369482	-0.369482	5.23999	-0.369482	-0.369482	-0.369482	-0.369482	-0.369482	-0.369482	-0.369482	-0.369482	-0.369482	-0.369482	-0.369482	-0.369482	-0.369482	-0.369482	-0.369482	-0.369482	-0.369482	-0.369482	-0.369482	-0.369482	-0.369482	2.57496	-0.369482	-0.369482	-0.369482	-0.369482	-0.369482	-0.369482	-0.369482	-0.369482	-0.369482	-0.369482	-0.369482	-0.369482	-0.369482	-0.369482	3.63785	-0.369482	-0.369482	-0.369482	-0.369482	3.99997	-0.369482	3.52234	-0.369482	-0.369482	-0.369482	-0.369482	5.31069	5.14797	-0.369482	-0.369482	-0.369482	-0.369482	-0.369482	-0.369482	-0.369482	-0.369482	-0.369482	-0.369482	-0.369482	-0.369482	-0.369482	-0.369482	-0.369482	-0.369482	-0.369482	-0.369482	-0.369482	-0.369482	-0.369482	-0.369482	-0.369482	-0.369482	-0.369482	-0.369482	-0.369482	-0.369482	-0.369482	-0.369482	-0.369482	-0.369482	-0.369482	-0.369482	-0.369482	-0.369482	-0.369482	-0.369482	-0.369482	-0.369482	-0.369482	-0.369482	-0.369482	-0.369482	3.29408	-0.369482	-0.369482	2.76601	-0.369482	-0.369482	-0.369482	-0.369482	-0.369482	-0.369482	-0.369482	-0.369482	-0.369482	-0.369482	-0.369482	-0.369482	-0.369482	-0.369482	-0.369482	5.04662
SRR18595727	-0.607428	5.07274	-0.607428	-0.607428	-0.607428	-0.607428	-0.607428	-0.607428	-0.607428	-0.607428	-0.607428	-0.607428	-0.607428	-0.607428	-0.607428	-0.607428	-0.607428	-0.607428	-0.607428	-0.607428	-0.607428	-0.607428	-0.607428	-0.607428	-0.607428	-0.607428	-0.607428	-0.607428	2.68841	4.39652	-0.607428	-0.607428	-0.607428	-0.607428	-0.607428	-0.607428	-0.607428	-0.607428	-0.607428	-0.607428	-0.607428	-0.607428	-0.607428	3.47011	-0.607428	-0.607428	4.51057	-0.607428	-0.607428	-0.607428	-0.607428	-0.607428	-0.607428	-0.607428	-0.607428	-0.607428	-0.607428	-0.607428	-0.607428	-0.607428	-0.607428	-0.607428	-0.607428	-0.607428	-0.607428	-0.607428	-0.607428	-0.607428	-0.607428	-0.607428	-0.607428	-0.607428	-0.607428	-0.607428	-0.607428	-0.607428	-0.607428	-0.607428	-0.607428	-0.607428	-0.607428	-0.607428	-0.607428	-0.607428	-0.607428	-0.607428	-0.607428	-0.607428	-0.607428	-0.607428	-0.607428	-0.607428	6.52746	-0.607428	-0.607428	4.62368	-0.607428	-0.607428	4.18836	5.94508	-0.607428	-0.607428	-0.607428	5.01659	-0.607428	4.34133	-0.607428	-0.607428	-0.607428	-0.607428	-0.607428	-0.607428	3.10614	-0.607428	-0.607428	-0.607428	-0.607428	-0.607428	-0.607428	3.43562	-0.607428	-0.607428	-0.607428	-0.607428	6.48015	-0.607428	-0.607428	-0.607428	-0.607428	-0.607428	-0.607428	-0.607428	-0.607428	-0.607428	2.68841	1.33848	-0.607428	-0.607428	-0.607428	-0.607428	-0.607428	-0.607428	-0.607428	-0.607428	-0.607428	-0.607428	7.64032	-0.607428	-0.607428	-0.607428	-0.607428	-0.607428	-0.607428	-0.607428	-0.607428	1.95752	-0.607428	-0.607428	1.33848	-0.607428	-0.607428	2.33701	-0.607428	-0.607428	-0.607428	-0.607428	-0.607428	-0.607428	3.56696	-0.607428	-0.607428	-0.607428	-0.607428	5.60918	4.48632	-0.607428	-0.607428	-0.607428	3.98769	-0.607428	-0.607428	-0.607428	-0.607428	-0.607428	-0.607428	-0.607428	-0.607428	-0.607428	-0.607428	-0.607428	-0.607428	1.33848	-0.607428	-0.607428	3.71006	-0.607428	-0.607428	-0.607428	-0.607428	2.52807	-0.607428	2.68841	-0.607428	-0.607428	-0.607428	-0.607428	-0.607428	-0.607428	-0.607428	-0.607428	-0.607428	-0.607428	-0.607428	3.62668	-0.607428	6.46499	-0.607428	-0.607428	-0.607428	1.5898	-0.607428	-0.607428	-0.607428	-0.607428	-0.607428	-0.607428	5.03802	-0.607428	-0.607428	-0.607428	-0.607428	-0.607428	-0.607428	-0.607428	-0.607428	-0.607428	-0.607428	-0.607428	-0.607428
SRR18595728	-0.51085	-0.51085	-0.51085	-0.51085	-0.51085	-0.51085	-0.51085	-0.51085	-0.51085	-0.51085	-0.51085	-0.51085	-0.51085	-0.51085	-0.51085	-0.51085	-0.51085	-0.51085	-0.51085	-0.51085	-0.51085	-0.51085	-0.51085	-0.51085	-0.51085	-0.51085	-0.51085	-0.51085	-0.51085	3.25035	-0.51085	-0.51085	-0.51085	-0.51085	-0.51085	-0.51085	-0.51085	-0.51085	-0.51085	-0.51085	-0.51085	-0.51085	-0.51085	4.86905	-0.51085	-0.51085	3.66354	-0.51085	-0.51085	-0.51085	-0.51085	-0.51085	-0.51085	-0.51085	-0.51085	-0.51085	-0.51085	-0.51085	-0.51085	-0.51085	-0.51085	-0.51085	-0.51085	-0.51085	-0.51085	-0.51085	-0.51085	-0.51085	-0.51085	-0.51085	-0.51085	-0.51085	-0.51085	-0.51085	-0.51085	-0.51085	-0.51085	-0.51085	-0.51085	-0.51085	-0.51085	-0.51085	-0.51085	-0.51085	-0.51085	-0.51085	-0.51085	-0.51085	-0.51085	-0.51085	-0.51085	-0.51085	4.21654	-0.51085	-0.51085	5.87097	-0.51085	-0.51085	5.80812	7.5058	-0.51085	-0.51085	-0.51085	2.0541	-0.51085	1.88705	-0.51085	-0.51085	-0.51085	-0.51085	-0.51085	3.45944	4.3795	-0.51085	-0.51085	-0.51085	-0.51085	-0.51085	-0.51085	-0.51085	-0.51085	-0.51085	-0.51085	-0.51085	-0.51085	-0.51085	-0.51085	-0.51085	-0.51085	-0.51085	-0.51085	-0.51085	-0.51085	-0.51085	2.98566	-0.51085	-0.51085	-0.51085	-0.51085	-0.51085	2.0541	-0.51085	-0.51085	-0.51085	-0.51085	-0.51085	7.12783	-0.51085	-0.51085	-0.51085	-0.51085	-0.51085	-0.51085	-0.51085	-0.51085	3.10007	-0.51085	-0.51085	-0.51085	-0.51085	-0.51085	-0.51085	-0.51085	-0.51085	-0.51085	-0.51085	-0.51085	-0.51085	-0.51085	-0.51085	-0.51085	-0.51085	-0.51085	2.43359	7.23372	-0.51085	-0.51085	-0.51085	-0.51085	-0.51085	-0.51085	-0.51085	-0.51085	-0.51085	-0.51085	-0.51085	-0.51085	-0.51085	-0.51085	-0.51085	-0.51085	-0.51085	-0.51085	-0.51085	6.37568	-0.51085	-0.51085	-0.51085	-0.51085	4.30133	-0.51085	3.77961	-0.51085	-0.51085	-0.51085	-0.51085	-0.51085	-0.51085	-0.51085	-0.51085	-0.51085	-0.51085	-0.51085	2.92314	2.70803	7.94425	-0.51085	-0.51085	-0.51085	-0.51085	-0.51085	-0.51085	-0.51085	-0.51085	-0.51085	-0.51085	6.46736	-0.51085	-0.51085	-0.51085	-0.51085	-0.51085	-0.51085	-0.51085	-0.51085	-0.51085	-0.51085	-0.51085	2.92314
SRR18595729	-0.478741	-0.478741	-0.478741	-0.478741	-0.478741	-0.478741	-0.478741	-0.478741	-0.478741	-0.478741	-0.478741	-0.478741	-0.478741	6.65933	-0.478741	-0.478741	5.11597	-0.478741	-0.478741	-0.478741	-0.478741	-0.478741	-0.478741	-0.478741	-0.478741	-0.478741	-0.478741	-0.478741	-0.478741	-0.478741	-0.478741	-0.478741	-0.478741	-0.478741	-0.478741	-0.478741	-0.478741	-0.478741	-0.478741	-0.478741	-0.478741	-0.478741	-0.478741	2.22931	-0.478741	-0.478741	2.95525	-0.478741	-0.478741	-0.478741	-0.478741	-0.478741	-0.478741	-0.478741	-0.478741	-0.478741	-0.478741	-0.478741	-0.478741	-0.478741	-0.478741	-0.478741	-0.478741	-0.478741	3.41308	-0.478741	-0.478741	-0.478741	-0.478741	-0.478741	-0.478741	-0.478741	-0.478741	-0.478741	-0.478741	-0.478741	-0.478741	-0.478741	-0.478741	-0.478741	-0.478741	-0.478741	-0.478741	-0.478741	-0.478741	-0.478741	-0.478741	-0.478741	-0.478741	-0.478741	-0.478741	-0.478741	4.44124	-0.478741	-0.478741	5.11597	-0.478741	-0.478741	6.42801	6.04482	-0.478741	-0.478741	-0.478741	6.63846	-0.478741	3.37141	-0.478741	-0.478741	-0.478741	-0.478741	5.13803	-0.478741	-0.478741	-0.478741	-0.478741	-0.478741	-0.478741	-0.478741	-0.478741	-0.478741	-0.478741	-0.478741	-0.478741	-0.478741	-0.478741	-0.478741	-0.478741	-0.478741	-0.478741	-0.478741	-0.478741	-0.478741	-0.478741	-0.478741	-0.478741	-0.478741	-0.478741	-0.478741	-0.478741	-0.478741	-0.478741	-0.478741	-0.478741	-0.478741	4.31705	-0.478741	7.76691	-0.478741	-0.478741	-0.478741	-0.478741	-0.478741	-0.478741	-0.478741	-0.478741	-0.478741	-0.478741	-0.478741	-0.478741	-0.478741	-0.478741	5.14528	-0.478741	-0.478741	-0.478741	-0.478741	-0.478741	-0.478741	-0.478741	-0.478741	-0.478741	-0.478741	-0.478741	-0.478741	3.96391	-0.478741	-0.478741	-0.478741	-0.478741	-0.478741	7.50504	-0.478741	-0.478741	-0.478741	-0.478741	-0.478741	-0.478741	-0.478741	-0.478741	-0.478741	-0.478741	-0.478741	-0.478741	-0.478741	-0.478741	-0.478741	-0.478741	-0.478741	-0.478741	-0.478741	-0.478741	4.03212	-0.478741	-0.478741	-0.478741	-0.478741	-0.478741	3.89071	-0.478741	-0.478741	-0.478741	-0.478741	-0.478741	-0.478741	-0.478741	5.73787	-0.478741	-0.478741	-0.478741	-0.478741	-0.478741	-0.478741	-0.478741	-0.478741	-0.478741	-0.478741	4.45573	-0.478741	-0.478741	-0.478741	-0.478741	-0.478741	-0.478741	-0.478741	-0.478741	-0.478741	-0.478741	-0.478741	-0.478741
SRR18595730	-0.815618	4.50739	-0.815618	-0.815618	-0.815618	-0.815618	-0.815618	-0.815618	-0.815618	-0.815618	-0.815618	-0.815618	-0.815618	-0.815618	-0.815618	-0.815618	3.47484	-0.815618	-0.815618	-0.815618	-0.815618	-0.815618	-0.815618	-0.815618	-0.815618	-0.815618	-0.815618	-0.815618	-0.815618	3.44706	-0.815618	-0.815618	-0.815618	-0.815618	-0.815618	-0.815618	-0.815618	-0.815618	-0.815618	-0.815618	-0.815618	-0.815618	-0.815618	5.13763	-0.815618	-0.815618	5.40894	-0.815618	3.65029	-0.815618	-0.815618	-0.815618	-0.815618	-0.815618	-0.815618	-0.815618	-0.815618	-0.815618	-0.815618	-0.815618	-0.815618	-0.815618	-0.815618	-0.815618	3.35877	-0.815618	-0.815618	-0.815618	-0.815618	-0.815618	-0.815618	-0.815618	-0.815618	-0.815618	-0.815618	-0.815618	-0.815618	-0.815618	-0.815618	-0.815618	-0.815618	-0.815618	-0.815618	3.22743	-0.815618	5.3519	-0.815618	-0.815618	-0.815618	-0.815618	-0.815618	-0.815618	7.1565	-0.815618	-0.815618	5.92844	-0.815618	-0.815618	4.52672	5.83982	-0.815618	3.0762	-0.815618	1.13029	-0.815618	4.22781	-0.815618	-0.815618	-0.815618	1.89243	-0.815618	-0.815618	4.04419	-0.815618	-0.815618	-0.815618	-0.815618	-0.815618	2.40326	-0.815618	-0.815618	-0.815618	-0.815618	-0.815618	-0.815618	-0.815618	-0.815618	-0.815618	-0.815618	-0.815618	-0.815618	-0.815618	-0.815618	-0.815618	-0.815618	-0.815618	-0.815618	-0.815618	-0.815618	-0.815618	-0.815618	-0.815618	-0.815618	-0.815618	-0.815618	-0.815618	5.0565	-0.815618	-0.815618	-0.815618	-0.815618	-0.815618	-0.815618	-0.815618	-0.815618	2.31988	-0.815618	-0.815618	-0.815618	-0.815618	-0.815618	4.84386	-0.815618	-0.815618	-0.815618	-0.815618	4.64397	-0.815618	1.58228	-0.815618	-0.815618	-0.815618	-0.815618	5.80312	6.30483	-0.815618	-0.815618	-0.815618	6.09114	-0.815618	-0.815618	-0.815618	-0.815618	-0.815618	-0.815618	-0.815618	-0.815618	-0.815618	-0.815618	2.48022	-0.815618	-0.815618	-0.815618	-0.815618	3.47484	-0.815618	-0.815618	-0.815618	-0.815618	3.19172	-0.815618	2.94558	-0.815618	-0.815618	-0.815618	-0.815618	-0.815618	2.99104	-0.815618	-0.815618	-0.815618	-0.815618	-0.815618	2.2289	-0.815618	6.99595	-0.815618	-0.815618	2.68089	6.84685	-0.815618	-0.815618	4.25329	-0.815618	-0.815618	-0.815618	5.03945	-0.815618	-0.815618	-0.815618	-0.815618	-0.815618	-0.815618	-0.815618	5.55941	-0.815618	-0.815618	-0.815618	-0.815618
SRR18595731	-0.72148	-0.72148	-0.72148	-0.72148	-0.72148	-0.72148	-0.72148	1.47574	-0.72148	-0.72148	-0.72148	-0.72148	-0.72148	-0.72148	-0.72148	-0.72148	-0.72148	-0.72148	-0.72148	-0.72148	-0.72148	-0.72148	3.62233	-0.72148	-0.72148	-0.72148	-0.72148	-0.72148	-0.72148	-0.72148	5.21076	-0.72148	-0.72148	-0.72148	-0.72148	-0.72148	-0.72148	-0.72148	-0.72148	-0.72148	-0.72148	-0.72148	-0.72148	2.99209	-0.72148	-0.72148	2.64582	-0.72148	-0.72148	-0.72148	-0.72148	-0.72148	-0.72148	-0.72148	-0.72148	-0.72148	-0.72148	2.41401	-0.72148	-0.72148	-0.72148	-0.72148	-0.72148	-0.72148	3.12867	-0.72148	-0.72148	-0.72148	-0.72148	-0.72148	-0.72148	-0.72148	-0.72148	-0.72148	-0.72148	-0.72148	-0.72148	-0.72148	-0.72148	3.62233	-0.72148	-0.72148	-0.72148	-0.72148	3.12867	-0.72148	-0.72148	-0.72148	-0.72148	-0.72148	-0.72148	-0.72148	4.2958	-0.72148	-0.72148	4.12271	-0.72148	-0.72148	4.21299	3.8324	-0.72148	-0.72148	-0.72148	-0.72148	-0.72148	6.00115	-0.72148	-0.72148	-0.72148	-0.72148	-0.72148	-0.72148	3.51263	-0.72148	-0.72148	-0.72148	5.26748	7.57182	4.65842	-0.72148	-0.72148	-0.72148	-0.72148	-0.72148	-0.72148	-0.72148	-0.72148	-0.72148	7.01352	-0.72148	-0.72148	-0.72148	-0.72148	-0.72148	3.56898	-0.72148	-0.72148	-0.72148	-0.72148	-0.72148	2.77503	-0.72148	-0.72148	-0.72148	-0.72148	-0.72148	-0.72148	-0.72148	-0.72148	-0.72148	-0.72148	-0.72148	-0.72148	-0.72148	-0.72148	1.98657	-0.72148	-0.72148	-0.72148	-0.72148	-0.72148	4.58182	-0.72148	-0.72148	-0.72148	3.59601	-0.72148	-0.72148	3.64797	-0.72148	-0.72148	-0.72148	-0.72148	-0.72148	6.84535	-0.72148	-0.72148	-0.72148	-0.72148	-0.72148	-0.72148	-0.72148	-0.72148	-0.72148	-0.72148	-0.72148	-0.72148	-0.72148	-0.72148	-0.72148	-0.72148	-0.72148	-0.72148	-0.72148	-0.72148	-0.72148	-0.72148	-0.72148	-0.72148	2.71251	-0.72148	4.54121	4.77158	-0.72148	-0.72148	-0.72148	-0.72148	3.59601	-0.72148	-0.72148	-0.72148	-0.72148	-0.72148	4.1985	-0.72148	6.53482	-0.72148	2.77503	-0.72148	2.64582	-0.72148	-0.72148	2.99209	-0.72148	-0.72148	-0.72148	5.96188	-0.72148	-0.72148	-0.72148	-0.72148	-0.72148	-0.72148	-0.72148	-0.72148	-0.72148	-0.72148	-0.72148	-0.72148
SRR18595732	-0.911939	-0.911939	-0.911939	-0.911939	-0.911939	-0.911939	-0.911939	-0.911939	-0.911939	-0.911939	-0.911939	3.40555	-0.911939	-0.911939	-0.911939	-0.911939	3.05835	-0.911939	3.48251	3.1656	-0.911939	-0.911939	-0.911939	-0.911939	-0.911939	-0.911939	-0.911939	-0.911939	-0.911939	-0.911939	-0.911939	-0.911939	-0.911939	3.05835	-0.911939	-0.911939	-0.911939	-0.911939	-0.911939	-0.911939	2.45536	-0.911939	2.64341	6.37494	-0.911939	-0.911939	1.03397	-0.911939	4.16947	-0.911939	-0.911939	-0.911939	-0.911939	-0.911939	-0.911939	-0.911939	-0.911939	-0.911939	-0.911939	-0.911939	-0.911939	-0.911939	-0.911939	-0.911939	4.39137	-0.911939	-0.911939	-0.911939	-0.911939	2.89472	-0.911939	-0.911939	-0.911939	-0.911939	-0.911939	-0.911939	-0.911939	-0.911939	-0.911939	-0.911939	-0.911939	-0.911939	-0.911939	3.01989	-0.911939	4.1185	-0.911939	-0.911939	-0.911939	-0.911939	2.30694	-0.911939	5.94136	-0.911939	-0.911939	4.16947	-0.911939	-0.911939	-0.911939	3.88385	-0.911939	1.79611	-0.911939	4.10534	-0.911939	2.80163	-0.911939	-0.911939	-0.911939	4.41107	-0.911939	-0.911939	-0.911939	-0.911939	-0.911939	-0.911939	-0.911939	-0.911939	3.48251	-0.911939	-0.911939	-0.911939	-0.911939	-0.911939	-0.911939	-0.911939	-0.911939	-0.911939	-0.911939	-0.911939	-0.911939	-0.911939	-0.911939	-0.911939	-0.911939	-0.911939	-0.911939	-0.911939	-0.911939	6.15367	-0.911939	-0.911939	-0.911939	-0.911939	5.51293	-0.911939	3.5069	-0.911939	-0.911939	-0.911939	-0.911939	-0.911939	-0.911939	-0.911939	-0.911939	3.45751	-0.911939	-0.911939	-0.911939	-0.911939	-0.911939	4.58112	-0.911939	-0.911939	-0.911939	4.40127	4.27545	-0.911939	3.90025	-0.911939	1.48596	-0.911939	-0.911939	6.17563	6.53172	-0.911939	-0.911939	-0.911939	-0.911939	-0.911939	-0.911939	-0.911939	-0.911939	-0.911939	-0.911939	-0.911939	-0.911939	-0.911939	-0.911939	-0.911939	-0.911939	-0.911939	-0.911939	-0.911939	2.0325	-0.911939	-0.911939	-0.911939	-0.911939	1.92127	-0.911939	3.97841	4.15697	-0.911939	-0.911939	-0.911939	6.13471	1.65301	-0.911939	-0.911939	-0.911939	-0.911939	-0.911939	2.69898	-0.911939	3.2312	-0.911939	-0.911939	-0.911939	-0.911939	-0.911939	-0.911939	7.13525	-0.911939	-0.911939	-0.911939	-0.911939	-0.911939	-0.911939	3.26245	-0.911939	-0.911939	2.64341	-0.911939	2.58457	-0.911939	-0.911939	-0.911939	3.5069
SRR18595733	-0.729571	-0.729571	-0.729571	-0.729571	-0.729571	-0.729571	-0.729571	-0.729571	-0.729571	-0.729571	-0.729571	-0.729571	-0.729571	4.27438	-0.729571	-0.729571	-0.729571	-0.729571	-0.729571	-0.729571	-0.729571	-0.729571	-0.729571	-0.729571	-0.729571	2.40592	-0.729571	-0.729571	-0.729571	3.34797	-0.729571	-0.729571	-0.729571	1.97848	-0.729571	-0.729571	-0.729571	-0.729571	-0.729571	-0.729571	-0.729571	-0.729571	-0.729571	4.64107	-0.729571	-0.729571	5.16483	-0.729571	5.3685	-0.729571	-0.729571	-0.729571	-0.729571	3.12058	-0.729571	-0.729571	-0.729571	-0.729571	-0.729571	3.31348	-0.729571	-0.729571	-0.729571	-0.729571	1.83538	-0.729571	-0.729571	-0.729571	-0.729571	-0.729571	-0.729571	-0.729571	-0.729571	-0.729571	-0.729571	-0.729571	-0.729571	-0.729571	-0.729571	-0.729571	-0.729571	-0.729571	-0.729571	2.93399	-0.729571	3.86555	-0.729571	-0.729571	-0.729571	-0.729571	-0.729571	-0.729571	6.72919	-0.729571	-0.729571	4.6595	-0.729571	-0.729571	3.50454	5.45869	-0.729571	-0.729571	-0.729571	3.73634	-0.729571	6.01213	-0.729571	-0.729571	-0.729571	-0.729571	4.57373	-0.729571	-0.729571	-0.729571	-0.729571	-0.729571	-0.729571	-0.729571	-0.729571	-0.729571	-0.729571	-0.729571	-0.729571	6.21259	-0.729571	-0.729571	-0.729571	-0.729571	-0.729571	-0.729571	-0.729571	-0.729571	-0.729571	-0.729571	-0.729571	-0.729571	-0.729571	-0.729571	-0.729571	-0.729571	-0.729571	-0.729571	-0.729571	-0.729571	-0.729571	-0.729571	6.00502	-0.729571	-0.729571	-0.729571	-0.729571	-0.729571	-0.729571	-0.729571	-0.729571	-0.729571	-0.729571	-0.729571	-0.729571	-0.729571	-0.729571	4.79588	-0.729571	-0.729571	-0.729571	4.83495	2.56627	-0.729571	4.79588	-0.729571	-0.729571	-0.729571	-0.729571	4.96416	5.06649	-0.729571	-0.729571	-0.729571	-0.729571	-0.729571	-0.729571	-0.729571	-0.729571	-0.729571	-0.729571	-0.729571	-0.729571	-0.729571	-0.729571	1.66832	-0.729571	-0.729571	-0.729571	-0.729571	3.58792	-0.729571	-0.729571	-0.729571	-0.729571	-0.729571	-0.729571	2.76694	4.49078	-0.729571	-0.729571	-0.729571	-0.729571	-0.729571	-0.729571	-0.729571	-0.729571	-0.729571	-0.729571	-0.729571	3.3813	4.57373	-0.729571	-0.729571	-0.729571	-0.729571	-0.729571	-0.729571	5.87573	-0.729571	-0.729571	-0.729571	1.66832	-0.729571	-0.729571	-0.729571	-0.729571	-0.729571	-0.729571	-0.729571	-0.729571	-0.729571	-0.729571	-0.729571	3.92439
SRR18595734	-0.554357	-0.554357	-0.554357	-0.554357	2.27886	-0.554357	-0.554357	-0.554357	-0.554357	-0.554357	-0.554357	-0.554357	-0.554357	-0.554357	-0.554357	-0.554357	3.20684	-0.554357	-0.554357	-0.554357	-0.554357	-0.554357	-0.554357	-0.554357	-0.554357	-0.554357	-0.554357	-0.554357	-0.554357	-0.554357	-0.554357	-0.554357	-0.554357	-0.554357	-0.554357	-0.554357	-0.554357	-0.554357	-0.554357	3.00099	-0.554357	-0.554357	-0.554357	4.75885	-0.554357	-0.554357	-0.554357	-0.554357	4.35092	-0.554357	-0.554357	-0.554357	-0.554357	-0.554357	-0.554357	-0.554357	-0.554357	-0.554357	-0.554357	-0.554357	-0.554357	-0.554357	-0.554357	-0.554357	3.65034	-0.554357	-0.554357	-0.554357	-0.554357	-0.554357	-0.554357	-0.554357	-0.554357	-0.554357	-0.554357	-0.554357	-0.554357	-0.554357	-0.554357	6.2267	-0.554357	-0.554357	-0.554357	-0.554357	-0.554357	-0.554357	-0.554357	1.64287	-0.554357	-0.554357	-0.554357	-0.554357	-0.554357	-0.554357	-0.554357	4.63303	-0.554357	-0.554357	-0.554357	3.1092	-0.554357	-0.554357	-0.554357	-0.554357	-0.554357	3.7361	-0.554357	-0.554357	-0.554357	-0.554357	-0.554357	-0.554357	3.33746	-0.554357	-0.554357	-0.554357	-0.554357	-0.554357	3.76313	-0.554357	-0.554357	-0.554357	-0.554357	-0.554357	-0.554357	-0.554357	-0.554357	-0.554357	-0.554357	-0.554357	-0.554357	-0.554357	-0.554357	-0.554357	-0.554357	-0.554357	-0.554357	-0.554357	-0.554357	-0.554357	3.05656	-0.554357	-0.554357	-0.554357	-0.554357	-0.554357	4.25783	-0.554357	-0.554357	-0.554357	-0.554357	-0.554357	-0.554357	-0.554357	-0.554357	-0.554357	-0.554357	-0.554357	-0.554357	-0.554357	-0.554357	-0.554357	-0.554357	-0.554357	-0.554357	-0.554357	-0.554357	-0.554357	2.94215	-0.554357	-0.554357	-0.554357	-0.554357	5.63391	4.92211	-0.554357	-0.554357	-0.554357	3.88829	-0.554357	-0.554357	-0.554357	-0.554357	-0.554357	-0.554357	-0.554357	-0.554357	-0.554357	-0.554357	-0.554357	-0.554357	-0.554357	-0.554357	-0.554357	-0.554357	-0.554357	-0.554357	-0.554357	-0.554357	2.49017	-0.554357	3.97824	3.52318	-0.554357	-0.554357	-0.554357	-0.554357	3.67975	-0.554357	-0.554357	-0.554357	3.20684	-0.554357	3.97824	-0.554357	5.34005	-0.554357	-0.554357	3.9565	5.41435	-0.554357	-0.554357	3.48869	-0.554357	-0.554357	-0.554357	4.40849	-0.554357	-0.554357	-0.554357	-0.554357	-0.554357	-0.554357	-0.554357	-0.554357	-0.554357	-0.554357	-0.554357	-0.554357
SRR18595735	-0.641235	-0.641235	-0.641235	-0.641235	-0.641235	-0.641235	-0.641235	-0.641235	-0.641235	-0.641235	-0.641235	-0.641235	-0.641235	3.67625	-0.641235	-0.641235	-0.641235	-0.641235	-0.641235	-0.641235	-0.641235	-0.641235	-0.641235	-0.641235	-0.641235	-0.641235	-0.641235	-0.641235	-0.641235	2.79275	-0.641235	-0.641235	-0.641235	-0.641235	-0.641235	-0.641235	-0.641235	-0.641235	-0.641235	-0.641235	-0.641235	-0.641235	1.92371	4.86002	-0.641235	-0.641235	6.16005	-0.641235	3.91264	-0.641235	-0.641235	-0.641235	-0.641235	-0.641235	-0.641235	-0.641235	-0.641235	-0.641235	-0.641235	-0.641235	-0.641235	-0.641235	-0.641235	-0.641235	2.49426	-0.641235	-0.641235	-0.641235	-0.641235	-0.641235	-0.641235	-0.641235	-0.641235	-0.641235	-0.641235	-0.641235	-0.641235	-0.641235	-0.641235	2.91411	-0.641235	-0.641235	-0.641235	-0.641235	-0.641235	5.12396	-0.641235	-0.641235	-0.641235	-0.641235	-0.641235	-0.641235	6.63047	-0.641235	-0.641235	4.87622	-0.641235	-0.641235	-0.641235	2.57764	-0.641235	-0.641235	-0.641235	1.30468	-0.641235	5.62597	-0.641235	-0.641235	-0.641235	5.18477	-0.641235	-0.641235	4.76594	-0.641235	-0.641235	-0.641235	-0.641235	-0.641235	-0.641235	-0.641235	-0.641235	-0.641235	-0.641235	7.96159	5.78363	-0.641235	-0.641235	-0.641235	-0.641235	-0.641235	-0.641235	-0.641235	-0.641235	-0.641235	-0.641235	-0.641235	-0.641235	-0.641235	-0.641235	-0.641235	-0.641235	-0.641235	-0.641235	-0.641235	3.25059	-0.641235	2.91411	-0.641235	-0.641235	-0.641235	-0.641235	-0.641235	-0.641235	-0.641235	-0.641235	-0.641235	-0.641235	-0.641235	-0.641235	-0.641235	-0.641235	-0.641235	-0.641235	-0.641235	-0.641235	5.32747	5.05921	-0.641235	4.95348	-0.641235	-0.641235	-0.641235	-0.641235	2.19198	4.18708	-0.641235	-0.641235	-0.641235	-0.641235	-0.641235	-0.641235	-0.641235	-0.641235	-0.641235	-0.641235	-0.641235	-0.641235	-0.641235	-0.641235	-0.641235	-0.641235	-0.641235	-0.641235	-0.641235	-0.641235	-0.641235	-0.641235	-0.641235	-0.641235	-0.641235	-0.641235	-0.641235	5.33257	-0.641235	-0.641235	-0.641235	-0.641235	-0.641235	-0.641235	-0.641235	-0.641235	-0.641235	-0.641235	-0.641235	-0.641235	3.11997	-0.641235	-0.641235	-0.641235	5.68133	-0.641235	-0.641235	8.04941	-0.641235	-0.641235	-0.641235	-0.641235	-0.641235	-0.641235	-0.641235	-0.641235	-0.641235	-0.641235	-0.641235	-0.641235	-0.641235	1.30468	-0.641235	3.4363
SRR18595736	-0.650704	-0.650704	-0.650704	-0.650704	-0.650704	-0.650704	-0.650704	-0.650704	-0.650704	-0.650704	-0.650704	-0.650704	-0.650704	-0.650704	-0.650704	-0.650704	-0.650704	-0.650704	-0.650704	-0.650704	-0.650704	-0.650704	-0.650704	-0.650704	-0.650704	-0.650704	-0.650704	-0.650704	-0.650704	3.35663	-0.650704	-0.650704	-0.650704	-0.650704	-0.650704	-0.650704	-0.650704	-0.650704	-0.650704	-0.650704	-0.650704	-0.650704	-0.650704	3.76814	-0.650704	-0.650704	5.75121	-0.650704	2.90464	-0.650704	-0.650704	-0.650704	-0.650704	-0.650704	-0.650704	-0.650704	-0.650704	-0.650704	-0.650704	-0.650704	-0.650704	-0.650704	-0.650704	-0.650704	3.79195	-0.650704	-0.650704	-0.650704	-0.650704	-0.650704	-0.650704	-0.650704	-0.650704	-0.650704	-0.650704	-0.650704	-0.650704	-0.650704	-0.650704	-0.650704	-0.650704	-0.650704	-0.650704	2.48479	-0.650704	2.48479	-0.650704	-0.650704	-0.650704	-0.650704	-0.650704	-0.650704	7.44276	-0.650704	-0.650704	6.51402	-0.650704	-0.650704	3.5834	6.67115	-0.650704	-0.650704	-0.650704	2.29373	-0.650704	7.19275	-0.650704	-0.650704	-0.650704	4.25457	-0.650704	-0.650704	5.81855	-0.650704	-0.650704	-0.650704	-0.650704	-0.650704	-0.650704	-0.650704	-0.650704	-0.650704	-0.650704	-0.650704	3.5834	-0.650704	-0.650704	-0.650704	-0.650704	-0.650704	-0.650704	-0.650704	-0.650704	-0.650704	-0.650704	-0.650704	-0.650704	-0.650704	-0.650704	-0.650704	-0.650704	-0.650704	-0.650704	-0.650704	-0.650704	-0.650704	4.19348	-0.650704	-0.650704	-0.650704	-0.650704	-0.650704	-0.650704	-0.650704	-0.650704	-0.650704	-0.650704	-0.650704	-0.650704	-0.650704	-0.650704	5.5659	-0.650704	-0.650704	-0.650704	-0.650704	5.1753	-0.650704	6.03765	-0.650704	-0.650704	-0.650704	-0.650704	6.69337	5.91878	-0.650704	-0.650704	-0.650704	3.35663	-0.650704	2.18251	-0.650704	-0.650704	-0.650704	-0.650704	-0.650704	-0.650704	-0.650704	-0.650704	-0.650704	-0.650704	-0.650704	-0.650704	-0.650704	2.29373	-0.650704	-0.650704	-0.650704	-0.650704	-0.650704	-0.650704	-0.650704	2.56817	-0.650704	-0.650704	-0.650704	-0.650704	3.06287	-0.650704	-0.650704	-0.650704	-0.650704	-0.650704	-0.650704	-0.650704	6.15502	-0.650704	-0.650704	-0.650704	2.64513	-0.650704	-0.650704	3.39235	-0.650704	-0.650704	-0.650704	4.20911	-0.650704	-0.650704	-0.650704	-0.650704	-0.650704	-0.650704	-0.650704	-0.650704	-0.650704	-0.650704	-0.650704	-0.650704
SRR18595737	-0.65387	-0.65387	-0.65387	-0.65387	-0.65387	-0.65387	-0.65387	-0.65387	-0.65387	-0.65387	-0.65387	-0.65387	-0.65387	7.01702	-0.65387	-0.65387	-0.65387	-0.65387	-0.65387	-0.65387	-0.65387	-0.65387	-0.65387	-0.65387	-0.65387	-0.65387	-0.65387	-0.65387	-0.65387	3.52052	-0.65387	-0.65387	-0.65387	-0.65387	-0.65387	-0.65387	-0.65387	-0.65387	-0.65387	-0.65387	-0.65387	-0.65387	-0.65387	7.75105	-0.65387	-0.65387	5.24053	0.955568	4.5984	-0.65387	-0.65387	-0.65387	-0.65387	-0.65387	-0.65387	-0.65387	-0.65387	-0.65387	-0.65387	-0.65387	-0.65387	-0.65387	-0.65387	-0.65387	-0.65387	-0.65387	-0.65387	-0.65387	-0.65387	-0.65387	-0.65387	-0.65387	-0.65387	-0.65387	-0.65387	-0.65387	-0.65387	-0.65387	-0.65387	-0.65387	-0.65387	-0.65387	-0.65387	-0.65387	-0.65387	4.60882	-0.65387	-0.65387	-0.65387	-0.65387	-0.65387	-0.65387	6.61783	-0.65387	-0.65387	5.17213	-0.65387	-0.65387	3.19628	4.07352	-0.65387	-0.65387	-0.65387	-0.65387	-0.65387	6.05665	-0.65387	-0.65387	-0.65387	3.74058	-0.65387	-0.65387	5.14825	-0.65387	-0.65387	-0.65387	-0.65387	-0.65387	-0.65387	1.91108	-0.65387	-0.65387	-0.65387	-0.65387	5.89864	-0.65387	-0.65387	-0.65387	-0.65387	-0.65387	-0.65387	-0.65387	-0.65387	-0.65387	-0.65387	-0.65387	-0.65387	-0.65387	-0.65387	-0.65387	-0.65387	-0.65387	-0.65387	-0.65387	-0.65387	-0.65387	5.9323	-0.65387	-0.65387	-0.65387	-0.65387	-0.65387	-0.65387	-0.65387	-0.65387	-0.65387	-0.65387	-0.65387	-0.65387	-0.65387	-0.65387	-0.65387	-0.65387	-0.65387	-0.65387	-0.65387	3.96125	-0.65387	4.09106	-0.65387	-0.65387	-0.65387	-0.65387	6.53982	5.24603	-0.65387	-0.65387	-0.65387	1.29204	-0.65387	-0.65387	-0.65387	-0.65387	-0.65387	-0.65387	-0.65387	-0.65387	-0.65387	-0.65387	-0.65387	-0.65387	-0.65387	-0.65387	-0.65387	2.48162	-0.65387	-0.65387	-0.65387	-0.65387	-0.65387	-0.65387	3.10733	4.09106	-0.65387	-0.65387	-0.65387	-0.65387	2.56501	-0.65387	-0.65387	-0.65387	1.54335	-0.65387	-0.65387	-0.65387	5.37441	-0.65387	-0.65387	-0.65387	3.457	-0.65387	-0.65387	5.58641	-0.65387	-0.65387	-0.65387	5.22945	-0.65387	-0.65387	-0.65387	-0.65387	-0.65387	-0.65387	-0.65387	-0.65387	-0.65387	-0.65387	-0.65387	-0.65387
SRR18595738	-0.593494	-0.593494	-0.593494	-0.593494	-0.593494	-0.593494	-0.593494	-0.593494	3.64061	-0.593494	-0.593494	-0.593494	-0.593494	-0.593494	-0.593494	-0.593494	-0.593494	-0.593494	-0.593494	-0.593494	-0.593494	-0.593494	-0.593494	-0.593494	-0.593494	-0.593494	-0.593494	-0.593494	-0.593494	2.45103	-0.593494	-0.593494	-0.593494	-0.593494	-0.593494	-0.593494	-0.593494	-0.593494	-0.593494	-0.593494	-0.593494	-0.593494	-0.593494	5.63895	-0.593494	-0.593494	4.54817	1.8044	-0.593494	-0.593494	-0.593494	-0.593494	-0.593494	2.35095	-0.593494	-0.593494	-0.593494	-0.593494	-0.593494	-0.593494	-0.593494	-0.593494	-0.593494	-0.593494	-0.593494	-0.593494	-0.593494	-0.593494	-0.593494	-0.593494	4.79558	-0.593494	-0.593494	-0.593494	-0.593494	-0.593494	-0.593494	-0.593494	-0.593494	-0.593494	-0.593494	-0.593494	-0.593494	-0.593494	-0.593494	-0.593494	-0.593494	-0.593494	-0.593494	-0.593494	-0.593494	-0.593494	6.91255	-0.593494	-0.593494	6.83958	-0.593494	-0.593494	2.7738	8.29761	-0.593494	-0.593494	-0.593494	2.542	-0.593494	5.08668	-0.593494	-0.593494	-0.593494	3.84916	2.62538	-0.593494	-0.593494	-0.593494	-0.593494	-0.593494	-0.593494	-0.593494	-0.593494	2.542	-0.593494	-0.593494	-0.593494	-0.593494	-0.593494	-0.593494	-0.593494	-0.593494	-0.593494	-0.593494	-0.593494	-0.593494	-0.593494	-0.593494	-0.593494	-0.593494	-0.593494	-0.593494	-0.593494	-0.593494	-0.593494	-0.593494	-0.593494	-0.593494	-0.593494	-0.593494	6.87216	-0.593494	-0.593494	-0.593494	-0.593494	-0.593494	-0.593494	-0.593494	-0.593494	-0.593494	-0.593494	-0.593494	-0.593494	-0.593494	-0.593494	4.2023	-0.593494	-0.593494	-0.593494	-0.593494	-0.593494	-0.593494	2.84049	-0.593494	-0.593494	-0.593494	-0.593494	4.81368	4.2817	-0.593494	-0.593494	-0.593494	5.43959	-0.593494	4.58266	-0.593494	-0.593494	-0.593494	-0.593494	-0.593494	-0.593494	-0.593494	-0.593494	-0.593494	-0.593494	-0.593494	-0.593494	-0.593494	1.8044	-0.593494	-0.593494	-0.593494	-0.593494	-0.593494	-0.593494	-0.593494	-0.593494	-0.593494	-0.593494	-0.593494	-0.593494	-0.593494	-0.593494	-0.593494	-0.593494	-0.593494	-0.593494	-0.593494	4.58266	5.46796	-0.593494	3.12008	-0.593494	4.34098	-0.593494	-0.593494	-0.593494	-0.593494	-0.593494	-0.593494	2.542	-0.593494	-0.593494	-0.593494	-0.593494	-0.593494	-0.593494	-0.593494	-0.593494	-0.593494	-0.593494	-0.593494	2.45103
SRR18595739	-0.414876	-0.414876	-0.414876	-0.414876	-0.414876	-0.414876	-0.414876	-0.414876	-0.414876	-0.414876	-0.414876	-0.414876	-0.414876	-0.414876	-0.414876	-0.414876	-0.414876	-0.414876	-0.414876	-0.414876	-0.414876	-0.414876	-0.414876	-0.414876	-0.414876	-0.414876	-0.414876	-0.414876	-0.414876	1.98302	-0.414876	-0.414876	-0.414876	-0.414876	-0.414876	-0.414876	-0.414876	-0.414876	-0.414876	-0.414876	-0.414876	-0.414876	-0.414876	3.08163	-0.414876	-0.414876	5.38724	-0.414876	3.39179	-0.414876	-0.414876	-0.414876	-0.414876	-0.414876	-0.414876	-0.414876	-0.414876	-0.414876	-0.414876	-0.414876	-0.414876	-0.414876	-0.414876	-0.414876	-0.414876	-0.414876	-0.414876	-0.414876	-0.414876	-0.414876	-0.414876	-0.414876	-0.414876	-0.414876	-0.414876	-0.414876	-0.414876	-0.414876	-0.414876	-0.414876	-0.414876	-0.414876	-0.414876	-0.414876	-0.414876	-0.414876	-0.414876	-0.414876	-0.414876	-0.414876	-0.414876	-0.414876	-0.414876	-0.414876	-0.414876	5.08638	-0.414876	-0.414876	4.84781	4.93698	-0.414876	-0.414876	-0.414876	2.88096	-0.414876	4.70312	-0.414876	-0.414876	-0.414876	-0.414876	-0.414876	-0.414876	-0.414876	-0.414876	-0.414876	-0.414876	-0.414876	-0.414876	-0.414876	-0.414876	-0.414876	-0.414876	-0.414876	-0.414876	-0.414876	-0.414876	-0.414876	-0.414876	-0.414876	-0.414876	-0.414876	-0.414876	-0.414876	-0.414876	-0.414876	-0.414876	-0.414876	-0.414876	-0.414876	-0.414876	2.15007	-0.414876	-0.414876	-0.414876	-0.414876	-0.414876	6.16299	-0.414876	-0.414876	-0.414876	-0.414876	-0.414876	-0.414876	-0.414876	-0.414876	3.39179	-0.414876	-0.414876	-0.414876	-0.414876	-0.414876	2.804	-0.414876	-0.414876	-0.414876	-0.414876	-0.414876	-0.414876	1.98302	-0.414876	-0.414876	-0.414876	-0.414876	4.11772	2.15007	-0.414876	-0.414876	-0.414876	-0.414876	-0.414876	-0.414876	-0.414876	-0.414876	-0.414876	-0.414876	-0.414876	-0.414876	-0.414876	-0.414876	1.78235	-0.414876	-0.414876	-0.414876	-0.414876	-0.414876	-0.414876	-0.414876	-0.414876	-0.414876	-0.414876	-0.414876	2.15007	-0.414876	-0.414876	-0.414876	-0.414876	-0.414876	-0.414876	-0.414876	-0.414876	-0.414876	9.30739	-0.414876	-0.414876	-0.414876	5.80571	-0.414876	-0.414876	-0.414876	2.95242	-0.414876	-0.414876	1.78235	-0.414876	-0.414876	-0.414876	3.55542	-0.414876	-0.414876	-0.414876	-0.414876	-0.414876	-0.414876	-0.414876	-0.414876	-0.414876	-0.414876	-0.414876	2.804
SRR18595740	-0.734537	-0.734537	-0.734537	-0.734537	-0.734537	-0.734537	-0.734537	-0.734537	-0.734537	-0.734537	-0.734537	-0.734537	1.21137	4.47495	-0.734537	-0.734537	-0.734537	-0.734537	-0.734537	-0.734537	-0.734537	-0.734537	-0.734537	-0.734537	-0.734537	-0.734537	-0.734537	-0.734537	3.37634	-0.734537	-0.734537	-0.734537	-0.734537	-0.734537	-0.734537	-0.734537	-0.734537	-0.734537	-0.734537	-0.734537	-0.734537	-0.734537	-0.734537	4.50721	-0.734537	-0.734537	-0.734537	-0.734537	-0.734537	-0.734537	-0.734537	-0.734537	-0.734537	-0.734537	-0.734537	-0.734537	-0.734537	1.46269	-0.734537	-0.734537	-0.734537	-0.734537	-0.734537	-0.734537	4.53846	-0.734537	-0.734537	-0.734537	-0.734537	-0.734537	-0.734537	-0.734537	-0.734537	-0.734537	-0.734537	-0.734537	-0.734537	-0.734537	-0.734537	-0.734537	-0.734537	-0.734537	-0.734537	-0.734537	-0.734537	4.10965	4.9792	-0.734537	-0.734537	-0.734537	-0.734537	-0.734537	6.77151	-0.734537	-0.734537	-0.734537	-0.734537	-0.734537	5.41179	5.51351	-0.734537	-0.734537	-0.734537	6.14585	-0.734537	4.91091	-0.734537	-0.734537	-0.734537	4.2959	-0.734537	-0.734537	4.7165	-0.734537	-0.734537	-0.734537	-0.734537	-0.734537	-0.734537	-0.734537	-0.734537	-0.734537	-0.734537	-0.734537	-0.734537	-0.734537	-0.734537	-0.734537	-0.734537	-0.734537	-0.734537	-0.734537	-0.734537	-0.734537	-0.734537	-0.734537	-0.734537	-0.734537	-0.734537	-0.734537	2.69945	-0.734537	-0.734537	-0.734537	4.91795	7.47423	-0.734537	-0.734537	-0.734537	-0.734537	-0.734537	-0.734537	-0.734537	-0.734537	-0.734537	4.17074	-0.734537	-0.734537	-0.734537	-0.734537	-0.734537	3.81934	-0.734537	-0.734537	-0.734537	-0.734537	-0.734537	-0.734537	7.14665	-0.734537	3.11561	-0.734537	-0.734537	3.77632	7.34601	-0.734537	-0.734537	-0.734537	-0.734537	-0.734537	-0.734537	-0.734537	-0.734537	-0.734537	2.2099	-0.734537	-0.734537	-0.734537	-0.734537	5.75922	-0.734537	-0.734537	-0.734537	-0.734537	-0.734537	-0.734537	-0.734537	-0.734537	-0.734537	3.37634	-0.734537	-0.734537	-0.734537	-0.734537	-0.734537	-0.734537	4.2422	2.2099	-0.734537	-0.734537	-0.734537	-0.734537	-0.734537	4.22831	-0.734537	6.37779	-0.734537	-0.734537	-0.734537	3.4086	-0.734537	-0.734537	-0.734537	-0.734537	-0.734537	-0.734537	4.89667	-0.734537	-0.734537	-0.734537	-0.734537	-0.734537	2.97904	-0.734537	-0.734537	-0.734537	-0.734537	-0.734537	-0.734537
SRR18595741	-0.662274	-0.662274	-0.662274	-0.662274	-0.662274	-0.662274	-0.662274	-0.662274	-0.662274	-0.662274	-0.662274	-0.662274	-0.662274	-0.662274	-0.662274	-0.662274	-0.662274	-0.662274	-0.662274	-0.662274	-0.662274	-0.662274	-0.662274	-0.662274	-0.662274	-0.662274	-0.662274	-0.662274	6.06755	3.54242	-0.662274	-0.662274	-0.662274	-0.662274	-0.662274	-0.662274	-0.662274	-0.662274	-0.662274	-0.662274	-0.662274	-0.662274	-0.662274	5.86422	-0.662274	-0.662274	6.17398	-0.662274	5.85835	-0.662274	-0.662274	-0.662274	-0.662274	-0.662274	-0.662274	-0.662274	-0.662274	-0.662274	-0.662274	-0.662274	-0.662274	-0.662274	-0.662274	-0.662274	3.48086	-0.662274	-0.662274	-0.662274	-0.662274	-0.662274	-0.662274	-0.662274	-0.662274	-0.662274	-0.662274	-0.662274	-0.662274	-0.662274	-0.662274	-0.662274	-0.662274	-0.662274	-0.662274	-0.662274	-0.662274	2.77171	-0.662274	-0.662274	-0.662274	-0.662274	-0.662274	-0.662274	7.06746	-0.662274	-0.662274	6.05553	-0.662274	-0.662274	3.00129	6.82266	-0.662274	-0.662274	-0.662274	4.65093	-0.662274	4.61073	-0.662274	-0.662274	-0.662274	-0.662274	-0.662274	-0.662274	4.60042	-0.662274	-0.662274	-0.662274	-0.662274	-0.662274	-0.662274	-0.662274	-0.662274	-0.662274	-0.662274	3.22955	2.70502	-0.662274	-0.662274	-0.662274	-0.662274	-0.662274	-0.662274	-0.662274	-0.662274	-0.662274	-0.662274	-0.662274	-0.662274	-0.662274	-0.662274	-0.662274	-0.662274	-0.662274	-0.662274	-0.662274	-0.662274	-0.662274	4.91746	-0.662274	-0.662274	-0.662274	-0.662274	-0.662274	-0.662274	-0.662274	-0.662274	2.63356	-0.662274	-0.662274	-0.662274	-0.662274	-0.662274	6.42363	-0.662274	-0.662274	-0.662274	-0.662274	2.70502	-0.662274	6.55956	-0.662274	-0.662274	-0.662274	-0.662274	-0.662274	7.04434	-0.662274	-0.662274	-0.662274	-0.662274	-0.662274	-0.662274	-0.662274	-0.662274	-0.662274	-0.662274	-0.662274	-0.662274	-0.662274	-0.662274	1.90268	-0.662274	-0.662274	-0.662274	-0.662274	3.38078	-0.662274	-0.662274	-0.662274	-0.662274	-0.662274	-0.662274	-0.662274	4.46762	-0.662274	-0.662274	-0.662274	-0.662274	4.92497	-0.662274	-0.662274	-0.662274	-0.662274	-0.662274	-0.662274	-0.662274	6.10737	-0.662274	-0.662274	-0.662274	-0.662274	-0.662274	-0.662274	4.87112	-0.662274	-0.662274	-0.662274	3.80363	-0.662274	-0.662274	-0.662274	-0.662274	-0.662274	-0.662274	-0.662274	-0.662274	-0.662274	2.17094	-0.662274	-0.662274
SRR18595742	-0.63445	-0.63445	-0.63445	-0.63445	-0.63445	-0.63445	-0.63445	-0.63445	-0.63445	-0.63445	-0.63445	-0.63445	-0.63445	4.14467	-0.63445	-0.63445	2.86206	-0.63445	-0.63445	-0.63445	-0.63445	1.76345	5.25995	-0.63445	-0.63445	-0.63445	-0.63445	-0.63445	1.56277	-0.63445	-0.63445	-0.63445	-0.63445	-0.63445	-0.63445	-0.63445	-0.63445	-0.63445	-0.63445	-0.63445	1.9305	-0.63445	-0.63445	4.39599	-0.63445	-0.63445	4.07508	-0.63445	2.9209	-0.63445	-0.63445	-0.63445	-0.63445	2.19876	-0.63445	-0.63445	-0.63445	-0.63445	-0.63445	-0.63445	-0.63445	-0.63445	-0.63445	-0.63445	-0.63445	-0.63445	-0.63445	-0.63445	-0.63445	-0.63445	-0.63445	-0.63445	-0.63445	-0.63445	-0.63445	-0.63445	-0.63445	-0.63445	-0.63445	-0.63445	-0.63445	-0.63445	-0.63445	-0.63445	-0.63445	1.9305	-0.63445	3.47642	-0.63445	-0.63445	-0.63445	-0.63445	5.90658	-0.63445	-0.63445	4.80797	-0.63445	-0.63445	3.33584	4.28553	1.56277	-0.63445	-0.63445	1.76345	-0.63445	3.87641	-0.63445	-0.63445	-0.63445	-0.63445	-0.63445	-0.63445	4.24075	-0.63445	-0.63445	-0.63445	1.56277	3.37288	3.29738	-0.63445	-0.63445	-0.63445	-0.63445	3.12675	-0.63445	-0.63445	-0.63445	-0.63445	2.9209	-0.63445	-0.63445	-0.63445	-0.63445	-0.63445	-0.63445	-0.63445	-0.63445	-0.63445	-0.63445	-0.63445	-0.63445	-0.63445	-0.63445	-0.63445	-0.63445	-0.63445	4.92238	-0.63445	-0.63445	-0.63445	-0.63445	-0.63445	-0.63445	-0.63445	-0.63445	1.76345	-0.63445	-0.63445	-0.63445	-0.63445	-0.63445	4.70788	-0.63445	-0.63445	-0.63445	-0.63445	3.59966	-0.63445	3.02911	-0.63445	-0.63445	-0.63445	-0.63445	5.24887	3.44309	-0.63445	-0.63445	-0.63445	-0.63445	-0.63445	-0.63445	-0.63445	4.20974	-0.63445	-0.63445	-0.63445	-0.63445	-0.63445	-0.63445	-0.63445	-0.63445	-0.63445	-0.63445	-0.63445	2.58443	-0.63445	-0.63445	-0.63445	-0.63445	-0.63445	-0.63445	2.19876	-0.63445	-0.63445	-0.63445	-0.63445	-0.63445	-0.63445	-0.63445	-0.63445	-0.63445	-0.63445	-0.63445	-0.63445	-0.63445	5.70591	-0.63445	-0.63445	-0.63445	2.50104	-0.63445	-0.63445	-0.63445	-0.63445	-0.63445	-0.63445	3.02911	-0.63445	-0.63445	-0.63445	-0.63445	-0.63445	-0.63445	-0.63445	-0.63445	-0.63445	-0.63445	-0.63445	-0.63445
SRR18595743	-0.487116	-0.487116	-0.487116	-0.487116	-0.487116	-0.487116	-0.487116	-0.487116	-0.487116	-0.487116	-0.487116	-0.487116	-0.487116	-0.487116	-0.487116	-0.487116	4.70027	-0.487116	-0.487116	-0.487116	-0.487116	-0.487116	-0.487116	-0.487116	-0.487116	-0.487116	-0.487116	-0.487116	3.95554	3.88233	-0.487116	-0.487116	-0.487116	-0.487116	-0.487116	-0.487116	-0.487116	-0.487116	-0.487116	-0.487116	-0.487116	-0.487116	-0.487116	3.17645	-0.487116	-0.487116	5.94422	-0.487116	3.83037	-0.487116	-0.487116	-0.487116	-0.487116	-0.487116	-0.487116	-0.487116	-0.487116	-0.487116	-0.487116	-0.487116	-0.487116	-0.487116	-0.487116	-0.487116	1.91078	-0.487116	-0.487116	-0.487116	-0.487116	-0.487116	-0.487116	-0.487116	-0.487116	-0.487116	-0.487116	-0.487116	-0.487116	-0.487116	-0.487116	-0.487116	-0.487116	-0.487116	-0.487116	1.91078	-0.487116	-0.487116	-0.487116	-0.487116	-0.487116	-0.487116	-0.487116	-0.487116	6.07391	-0.487116	-0.487116	3.65602	-0.487116	-0.487116	-0.487116	-0.487116	-0.487116	-0.487116	-0.487116	-0.487116	-0.487116	4.44736	-0.487116	-0.487116	-0.487116	4.58179	-0.487116	-0.487116	-0.487116	-0.487116	-0.487116	-0.487116	-0.487116	-0.487116	-0.487116	-0.487116	-0.487116	-0.487116	-0.487116	6.56127	-0.487116	-0.487116	-0.487116	-0.487116	-0.487116	-0.487116	-0.487116	-0.487116	-0.487116	-0.487116	-0.487116	-0.487116	-0.487116	-0.487116	-0.487116	-0.487116	-0.487116	-0.487116	-0.487116	-0.487116	-0.487116	-0.487116	-0.487116	-0.487116	-0.487116	-0.487116	-0.487116	-0.487116	-0.487116	-0.487116	-0.487116	3.68727	-0.487116	-0.487116	-0.487116	-0.487116	-0.487116	5.89808	-0.487116	-0.487116	-0.487116	4.50332	2.45732	-0.487116	4.18571	-0.487116	-0.487116	-0.487116	-0.487116	2.07783	3.90733	-0.487116	-0.487116	-0.487116	-0.487116	-0.487116	-0.487116	-0.487116	2.22093	-0.487116	-0.487116	-0.487116	-0.487116	-0.487116	-0.487116	-0.487116	-0.487116	-0.487116	-0.487116	-0.487116	-0.487116	-0.487116	-0.487116	-0.487116	-0.487116	-0.487116	-0.487116	-0.487116	4.65455	-0.487116	-0.487116	-0.487116	-0.487116	-0.487116	-0.487116	-0.487116	-0.487116	-0.487116	-0.487116	-0.487116	-0.487116	6.45504	-0.487116	-0.487116	-0.487116	-0.487116	-0.487116	-0.487116	6.91595	-0.487116	-0.487116	-0.487116	-0.487116	-0.487116	-0.487116	-0.487116	-0.487116	-0.487116	2.64838	-0.487116	-0.487116	-0.487116	-0.487116	-0.487116	-0.487116
SRR18595744	-0.935997	-0.935997	-0.935997	-0.935997	-0.935997	-0.935997	-0.935997	-0.935997	-0.935997	-0.935997	-0.935997	-0.935997	-0.935997	5.2357	-0.935997	-0.935997	-0.935997	-0.935997	3.35446	-0.935997	-0.935997	-0.935997	4.52359	-0.935997	-0.935997	-0.935997	-0.935997	-0.935997	-0.935997	-0.935997	2.61935	-0.935997	-0.935997	-0.935997	-0.935997	-0.935997	-0.935997	-0.935997	-0.935997	-0.935997	-0.935997	-0.935997	-0.935997	-0.935997	-0.935997	-0.935997	6.35361	-0.935997	5.11609	-0.935997	-0.935997	-0.935997	-0.935997	-0.935997	-0.935997	-0.935997	-0.935997	-0.935997	-0.935997	-0.935997	-0.935997	-0.935997	-0.935997	-0.935997	-0.935997	-0.935997	-0.935997	-0.935997	-0.935997	-0.935997	2.61935	-0.935997	-0.935997	-0.935997	-0.935997	-0.935997	-0.935997	-0.935997	3.10705	-0.935997	-0.935997	-0.935997	-0.935997	2.28288	-0.935997	3.55264	-0.935997	3.75535	-0.935997	-0.935997	-0.935997	-0.935997	-0.935997	-0.935997	-0.935997	6.49589	-0.935997	-0.935997	5.17989	4.58146	-0.935997	-0.935997	1.77205	-0.935997	-0.935997	6.77868	-0.935997	-0.935997	-0.935997	-0.935997	3.48284	-0.935997	5.70649	-0.935997	-0.935997	-0.935997	-0.935997	4.54047	-0.935997	-0.935997	-0.935997	2.77757	-0.935997	5.10664	-0.935997	-0.935997	-0.935997	-0.935997	4.83544	-0.935997	-0.935997	-0.935997	-0.935997	-0.935997	4.75773	-0.935997	-0.935997	-0.935997	-0.935997	-0.935997	-0.935997	-0.935997	-0.935997	-0.935997	-0.935997	-0.935997	-0.935997	2.72756	-0.935997	-0.935997	-0.935997	-0.935997	-0.935997	-0.935997	-0.935997	4.5488	-0.935997	-0.935997	-0.935997	-0.935997	-0.935997	3.79139	-0.935997	-0.935997	-0.935997	-0.935997	3.48284	-0.935997	4.86006	-0.935997	-0.935997	-0.935997	1.62895	3.45845	6.83169	-0.935997	-0.935997	-0.935997	-0.935997	-0.935997	1.00991	-0.935997	3.38149	-0.935997	-0.935997	2.00844	-0.935997	-0.935997	-0.935997	-0.935997	-0.935997	-0.935997	-0.935997	-0.935997	3.69873	-0.935997	-0.935997	-0.935997	-0.935997	2.61935	-0.935997	5.08745	-0.935997	-0.935997	-0.935997	-0.935997	-0.935997	3.55264	-0.935997	-0.935997	-0.935997	-0.935997	-0.935997	3.07134	-0.935997	7.04437	-0.935997	-0.935997	2.72756	1.4619	-0.935997	-0.935997	5.65842	-0.935997	-0.935997	-0.935997	5.99058	2.00844	-0.935997	-0.935997	-0.935997	-0.935997	-0.935997	1.4619	-0.935997	-0.935997	-0.935997	-0.935997	-0.935997
SRR18595745	-0.13722	-0.13722	-0.13722	-0.13722	-0.13722	-0.13722	-0.13722	-0.13722	-0.13722	-0.13722	-0.13722	-0.13722	-0.13722	-0.13722	-0.13722	-0.13722	-0.13722	-0.13722	-0.13722	-0.13722	-0.13722	-0.13722	-0.13722	-0.13722	-0.13722	-0.13722	-0.13722	-0.13722	-0.13722	-0.13722	-0.13722	-0.13722	-0.13722	-0.13722	-0.13722	-0.13722	-0.13722	-0.13722	-0.13722	-0.13722	-0.13722	-0.13722	-0.13722	-0.13722	-0.13722	-0.13722	-0.13722	-0.13722	-0.13722	-0.13722	-0.13722	-0.13722	-0.13722	-0.13722	-0.13722	-0.13722	-0.13722	-0.13722	-0.13722	-0.13722	-0.13722	-0.13722	-0.13722	-0.13722	-0.13722	-0.13722	-0.13722	-0.13722	-0.13722	-0.13722	-0.13722	-0.13722	-0.13722	-0.13722	-0.13722	-0.13722	-0.13722	-0.13722	-0.13722	-0.13722	-0.13722	-0.13722	-0.13722	-0.13722	-0.13722	-0.13722	-0.13722	-0.13722	-0.13722	-0.13722	-0.13722	-0.13722	-0.13722	-0.13722	-0.13722	2.42773	-0.13722	-0.13722	4.37364	-0.13722	-0.13722	-0.13722	-0.13722	-0.13722	-0.13722	-0.13722	-0.13722	-0.13722	-0.13722	-0.13722	-0.13722	-0.13722	3.79461	-0.13722	-0.13722	-0.13722	-0.13722	-0.13722	-0.13722	-0.13722	-0.13722	-0.13722	-0.13722	-0.13722	-0.13722	-0.13722	-0.13722	-0.13722	-0.13722	-0.13722	-0.13722	-0.13722	-0.13722	-0.13722	-0.13722	-0.13722	-0.13722	-0.13722	-0.13722	-0.13722	-0.13722	-0.13722	-0.13722	-0.13722	-0.13722	-0.13722	3.35929	-0.13722	-0.13722	-0.13722	-0.13722	-0.13722	-0.13722	-0.13722	-0.13722	-0.13722	-0.13722	-0.13722	-0.13722	-0.13722	-0.13722	-0.13722	-0.13722	-0.13722	-0.13722	-0.13722	-0.13722	-0.13722	-0.13722	-0.13722	-0.13722	-0.13722	-0.13722	3.41813	4.49751	-0.13722	-0.13722	-0.13722	-0.13722	-0.13722	-0.13722	-0.13722	-0.13722	-0.13722	-0.13722	-0.13722	-0.13722	-0.13722	-0.13722	-0.13722	-0.13722	-0.13722	-0.13722	-0.13722	3.08166	-0.13722	-0.13722	-0.13722	-0.13722	-0.13722	-0.13722	-0.13722	-0.13722	-0.13722	-0.13722	-0.13722	-0.13722	-0.13722	-0.13722	-0.13722	-0.13722	-0.13722	-0.13722	2.57083	-0.13722	4.03717	-0.13722	-0.13722	-0.13722	-0.13722	-0.13722	-0.13722	-0.13722	-0.13722	-0.13722	-0.13722	-0.13722	-0.13722	-0.13722	-0.13722	-0.13722	-0.13722	-0.13722	-0.13722	-0.13722	-0.13722	-0.13722	-0.13722	-0.13722
SRR18595746	-0.700195	-0.700195	-0.700195	-0.700195	-0.700195	-0.700195	-0.700195	-0.700195	-0.700195	-0.700195	-0.700195	-0.700195	-0.700195	6.22245	-0.700195	-0.700195	-0.700195	-0.700195	-0.700195	-0.700195	-0.700195	-0.700195	-0.700195	-0.700195	-0.700195	-0.700195	-0.700195	-0.700195	-0.700195	3.76571	-0.700195	-0.700195	-0.700195	-0.700195	-0.700195	-0.700195	-0.700195	-0.700195	-0.700195	-0.700195	-0.700195	-0.700195	-0.700195	5.9731	-0.700195	-0.700195	4.6611	2.4353	3.5045	-0.700195	-0.700195	-0.700195	-0.700195	-0.700195	-0.700195	-0.700195	-0.700195	-0.700195	-0.700195	1.6977	-0.700195	-0.700195	-0.700195	-0.700195	2.24424	-0.700195	-0.700195	-0.700195	-0.700195	-0.700195	-0.700195	-0.700195	-0.700195	-0.700195	-0.700195	-0.700195	-0.700195	-0.700195	-0.700195	-0.700195	-0.700195	-0.700195	-0.700195	-0.700195	-0.700195	-0.700195	-0.700195	-0.700195	-0.700195	-0.700195	-0.700195	-0.700195	7.37477	-0.700195	-0.700195	6.0899	-0.700195	-0.700195	-0.700195	5.62953	-0.700195	-0.700195	-0.700195	-0.700195	-0.700195	4.19015	-0.700195	-0.700195	-0.700195	4.21979	-0.700195	-0.700195	5.88598	-0.700195	-0.700195	-0.700195	-0.700195	-0.700195	2.13302	-0.700195	-0.700195	-0.700195	-0.700195	2.85515	2.73379	-0.700195	-0.700195	-0.700195	-0.700195	-0.700195	-0.700195	-0.700195	-0.700195	-0.700195	-0.700195	-0.700195	-0.700195	-0.700195	-0.700195	-0.700195	-0.700195	-0.700195	-0.700195	-0.700195	-0.700195	-0.700195	6.03677	-0.700195	-0.700195	-0.700195	-0.700195	-0.700195	-0.700195	-0.700195	-0.700195	-0.700195	-0.700195	-0.700195	-0.700195	-0.700195	-0.700195	5.50839	-0.700195	-0.700195	-0.700195	-0.700195	5.46732	-0.700195	3.34286	-0.700195	-0.700195	-0.700195	-0.700195	7.24039	5.45041	-0.700195	-0.700195	-0.700195	3.56248	-0.700195	-0.700195	-0.700195	-0.700195	-0.700195	-0.700195	-0.700195	-0.700195	-0.700195	-0.700195	-0.700195	-0.700195	-0.700195	-0.700195	-0.700195	3.69425	-0.700195	-0.700195	-0.700195	-0.700195	-0.700195	-0.700195	4.0956	-0.700195	-0.700195	-0.700195	-0.700195	-0.700195	2.24424	-0.700195	-0.700195	-0.700195	-0.700195	-0.700195	-0.700195	-0.700195	6.87795	-0.700195	-0.700195	-0.700195	3.23163	-0.700195	-0.700195	2.73379	-0.700195	-0.700195	-0.700195	4.0956	-0.700195	-0.700195	3.85368	-0.700195	-0.700195	2.24424	-0.700195	2.24424	-0.700195	-0.700195	-0.700195	-0.700195
SRR18595747	-0.903938	-0.903938	2.31494	-0.903938	-0.903938	-0.903938	-0.903938	-0.903938	-0.903938	-0.903938	-0.903938	-0.903938	-0.903938	-0.903938	-0.903938	-0.903938	6.93716	-0.903938	5.99478	2.0405	-0.903938	-0.903938	-0.903938	-0.903938	-0.903938	-0.903938	-0.903938	-0.903938	2.70698	2.53005	-0.903938	-0.903938	-0.903938	-0.903938	-0.903938	-0.903938	-0.903938	-0.903938	-0.903938	-0.903938	-0.903938	-0.903938	-0.903938	1.29329	-0.903938	-0.903938	4.04482	-0.903938	3.71118	-0.903938	-0.903938	-0.903938	-0.903938	-0.903938	-0.903938	-0.903938	-0.903938	-0.903938	1.29329	-0.903938	-0.903938	0.7055	-0.903938	-0.903938	1.92928	-0.903938	-0.903938	-0.903938	-0.903938	-0.903938	-0.903938	-0.903938	-0.903938	-0.903938	-0.903938	-0.903938	-0.903938	-0.903938	2.46336	-0.903938	-0.903938	-0.903938	-0.903938	-0.903938	-0.903938	3.56197	-0.903938	-0.903938	-0.903938	-0.903938	-0.903938	-0.903938	3.64994	-0.903938	-0.903938	5.15285	-0.903938	-0.903938	4.42878	6.6504	-0.903938	-0.903938	-0.903938	5.44695	-0.903938	6.31351	-0.903938	-0.903938	-0.903938	2.3919	-0.903938	-0.903938	3.2392	-0.903938	-0.903938	-0.903938	-0.903938	-0.903938	-0.903938	2.98788	-0.903938	-0.903938	-0.903938	2.94621	-0.903938	-0.903938	-0.903938	-0.903938	-0.903938	-0.903938	-0.903938	-0.903938	-0.903938	-0.903938	-0.903938	-0.903938	-0.903938	-0.903938	-0.903938	-0.903938	-0.903938	-0.903938	-0.903938	-0.903938	-0.903938	1.04197	5.69321	-0.903938	-0.903938	-0.903938	-0.903938	-0.903938	1.80411	-0.903938	-0.903938	3.2392	-0.903938	-0.903938	-0.903938	-0.903938	-0.903938	-0.903938	-0.903938	-0.903938	-0.903938	-0.903938	3.41355	-0.903938	3.82345	-0.903938	-0.903938	-0.903938	-0.903938	5.7744	6.9574	-0.903938	-0.903938	-0.903938	-0.903938	-0.903938	-0.903938	-0.903938	-0.903938	-0.903938	-0.903938	-0.903938	-0.903938	-0.903938	-0.903938	2.75962	-0.903938	-0.903938	-0.903938	-0.903938	3.78741	-0.903938	-0.903938	-0.903938	-0.903938	3.27045	-0.903938	4.11334	4.15231	-0.903938	-0.903938	-0.903938	-0.903938	2.3919	-0.903938	-0.903938	-0.903938	-0.903938	-0.903938	2.23156	-0.903938	8.35357	-0.903938	-0.903938	1.80411	4.05891	-0.903938	-0.903938	5.51768	-0.903938	-0.903938	-0.903938	6.91811	-0.903938	-0.903938	-0.903938	2.59257	-0.903938	-0.903938	-0.903938	-0.903938	-0.903938	2.53005	-0.903938	2.59257
SRR18595748	-0.74703	-0.74703	-0.74703	-0.74703	-0.74703	-0.74703	-0.74703	-0.74703	4.77842	-0.74703	-0.74703	-0.74703	-0.74703	-0.74703	-0.74703	-0.74703	-0.74703	-0.74703	-0.74703	-0.74703	-0.74703	-0.74703	-0.74703	-0.74703	-0.74703	-0.74703	-0.74703	-0.74703	-0.74703	3.45766	-0.74703	-0.74703	-0.74703	-0.74703	-0.74703	-0.74703	-0.74703	-0.74703	-0.74703	-0.74703	-0.74703	-0.74703	-0.74703	-0.74703	-0.74703	3.45766	5.87171	-0.74703	-0.74703	-0.74703	-0.74703	-0.74703	-0.74703	2.74948	-0.74703	-0.74703	-0.74703	-0.74703	-0.74703	-0.74703	-0.74703	-0.74703	-0.74703	-0.74703	-0.74703	-0.74703	-0.74703	-0.74703	-0.74703	-0.74703	-0.74703	-0.74703	-0.74703	-0.74703	-0.74703	-0.74703	-0.74703	-0.74703	-0.74703	2.29749	-0.74703	-0.74703	-0.74703	-0.74703	-0.74703	-0.74703	-0.74703	-0.74703	-0.74703	-0.74703	-0.74703	-0.74703	-0.74703	-0.74703	-0.74703	4.72103	-0.74703	-0.74703	5.23186	2.91653	-0.74703	-0.74703	-0.74703	3.14479	-0.74703	-0.74703	-0.74703	-0.74703	-0.74703	-0.74703	-0.74703	1.81792	5.94629	-0.74703	-0.74703	-0.74703	2.19741	5.76472	-0.74703	-0.74703	-0.74703	-0.74703	-0.74703	-0.74703	7.16025	-0.74703	-0.74703	-0.74703	4.06515	-0.74703	-0.74703	-0.74703	-0.74703	-0.74703	5.46958	-0.74703	-0.74703	-0.74703	-0.74703	-0.74703	1.81792	-0.74703	-0.74703	-0.74703	-0.74703	-0.74703	6.51068	-0.74703	-0.74703	-0.74703	-0.74703	-0.74703	-0.74703	-0.74703	-0.74703	2.29749	-0.74703	-0.74703	-0.74703	-0.74703	-0.74703	1.65087	-0.74703	-0.74703	-0.74703	-0.74703	-0.74703	-0.74703	2.54881	-0.74703	2.29749	-0.74703	-0.74703	6.15972	6.76777	-0.74703	-0.74703	-0.74703	-0.74703	-0.74703	-0.74703	-0.74703	-0.74703	-0.74703	-0.74703	-0.74703	-0.74703	-0.74703	-0.74703	-0.74703	-0.74703	-0.74703	-0.74703	-0.74703	5.716	-0.74703	-0.74703	-0.74703	-0.74703	2.08618	-0.74703	7.16759	5.76472	-0.74703	-0.74703	-0.74703	-0.74703	2.62027	-0.74703	-0.74703	-0.74703	-0.74703	-0.74703	4.89842	-0.74703	7.39241	-0.74703	-0.74703	3.10312	2.80832	-0.74703	-0.74703	1.81792	-0.74703	-0.74703	-0.74703	7.17342	-0.74703	-0.74703	-0.74703	-0.74703	-0.74703	-0.74703	-0.74703	-0.74703	-0.74703	-0.74703	-0.74703	-0.74703
SRR18595749	-0.988967	-0.988967	-0.988967	-0.988967	-0.988967	-0.988967	-0.988967	2.67459	-0.988967	-0.988967	-0.988967	-0.988967	-0.988967	-0.988967	-0.988967	-0.988967	2.22991	-0.988967	-0.988967	-0.988967	-0.988967	-0.988967	2.22991	-0.988967	-0.988967	-0.988967	-0.988967	-0.988967	-0.988967	-0.988967	-0.988967	-0.988967	-0.988967	4.32424	-0.988967	-0.988967	-0.988967	-0.988967	-0.988967	-0.988967	-0.988967	-0.988967	-0.988967	7.1118	-0.988967	-0.988967	4.28403	2.56638	3.58574	-0.988967	-0.988967	-0.988967	-0.988967	2.86118	-0.988967	-0.988967	-0.988967	-0.988967	-0.988967	-0.988967	-0.988967	-0.988967	-0.988967	-0.988967	3.42987	-0.988967	-0.988967	-0.988967	-0.988967	-0.988967	-0.988967	-0.988967	-0.988967	-0.988967	-0.988967	-0.988967	-0.988967	-0.988967	-0.988967	-0.988967	-0.988967	-0.988967	-0.988967	-0.988967	-0.988967	4.56011	-0.988967	-0.988967	-0.988967	-0.988967	-0.988967	-0.988967	7.48218	-0.988967	-0.988967	5.44878	-0.988967	-0.988967	1.84425	4.98992	-0.988967	-0.988967	-0.988967	5.09097	-0.988967	3.01837	-0.988967	-0.988967	-0.988967	-0.988967	9.24422	-0.988967	4.46207	-0.988967	-0.988967	-0.988967	-0.988967	-0.988967	-0.988967	-0.988967	-0.988967	-0.988967	-0.988967	3.35484	4.33404	-0.988967	-0.988967	-0.988967	-0.988967	-0.988967	-0.988967	-0.988967	-0.988967	-0.988967	1.71908	-0.988967	-0.988967	2.98132	-0.988967	-0.988967	2.77223	-0.988967	-0.988967	-0.988967	4.91093	-0.988967	1.71908	-0.988967	-0.988967	-0.988967	-0.988967	-0.988967	-0.988967	-0.988967	-0.988967	2.22991	-0.988967	-0.988967	-0.988967	-0.988967	-0.988967	6.04366	-0.988967	-0.988967	-0.988967	-0.988967	5.10911	-0.988967	4.85458	-0.988967	-0.988967	-0.988967	-0.988967	6.06979	5.45516	-0.988967	-0.988967	-0.988967	3.79016	-0.988967	1.71908	-0.988967	-0.988967	-0.988967	-0.988967	-0.988967	-0.988967	-0.988967	-0.988967	-0.988967	-0.988967	-0.988967	-0.988967	-0.988967	4.36289	-0.988967	-0.988967	-0.988967	-0.988967	2.22991	-0.988967	4.24214	4.4182	-0.988967	-0.988967	-0.988967	-0.988967	3.56491	-0.988967	-0.988967	-0.988967	2.67459	-0.988967	4.27372	-0.988967	5.84514	-0.988967	-0.988967	-0.988967	2.62195	-0.988967	-0.988967	5.10911	-0.988967	-0.988967	-0.988967	3.94551	-0.988967	-0.988967	-0.988967	-0.988967	-0.988967	-0.988967	-0.988967	2.22991	2.30687	-0.988967	-0.988967	2.56638
SRR18595750	3.20336	-0.646789	-0.646789	-0.646789	-0.646789	-0.646789	-0.646789	2.39773	6.13427	-0.646789	-0.646789	-0.646789	-0.646789	3.6707	-0.646789	-0.646789	-0.646789	-0.646789	4.84627	-0.646789	-0.646789	-0.646789	6.97929	-0.646789	-0.646789	-0.646789	-0.646789	-0.646789	4.5406	-0.646789	-0.646789	-0.646789	-0.646789	-0.646789	-0.646789	-0.646789	-0.646789	-0.646789	-0.646789	-0.646789	-0.646789	-0.646789	-0.646789	-0.646789	-0.646789	-0.646789	6.4016	-0.646789	-0.646789	-0.646789	-0.646789	-0.646789	-0.646789	-0.646789	-0.646789	-0.646789	-0.646789	-0.646789	-0.646789	-0.646789	-0.646789	-0.646789	-0.646789	-0.646789	5.3863	-0.646789	-0.646789	-0.646789	-0.646789	-0.646789	-0.646789	-0.646789	-0.646789	-0.646789	-0.646789	-0.646789	-0.646789	3.69702	-0.646789	-0.646789	-0.646789	-0.646789	-0.646789	-0.646789	-0.646789	-0.646789	-0.646789	4.37049	-0.646789	-0.646789	-0.646789	-0.646789	-0.646789	-0.646789	-0.646789	4.09814	-0.646789	-0.646789	2.72051	5.54966	-0.646789	-0.646789	-0.646789	3.84185	-0.646789	4.06274	-0.646789	-0.646789	-0.646789	-0.646789	-0.646789	-0.646789	-0.646789	-0.646789	-0.646789	-0.646789	-0.646789	5.86792	5.30125	-0.646789	-0.646789	-0.646789	-0.646789	-0.646789	-0.646789	-0.646789	-0.646789	-0.646789	4.06274	-0.646789	-0.646789	-0.646789	-0.646789	-0.646789	-0.646789	-0.646789	-0.646789	-0.646789	-0.646789	-0.646789	-0.646789	-0.646789	3.74766	-0.646789	-0.646789	-0.646789	4.73311	-0.646789	-0.646789	-0.646789	-0.646789	-0.646789	-0.646789	-0.646789	-0.646789	-0.646789	-0.646789	-0.646789	-0.646789	-0.646789	-0.646789	4.58432	2.96413	-0.646789	-0.646789	-0.646789	-0.646789	2.7872	-0.646789	-0.646789	-0.646789	-0.646789	-0.646789	4.90229	3.81912	-0.646789	-0.646789	-0.646789	-0.646789	-0.646789	-0.646789	-0.646789	-0.646789	-0.646789	-0.646789	-0.646789	-0.646789	-0.646789	-0.646789	-0.646789	-0.646789	-0.646789	-0.646789	-0.646789	-0.646789	-0.646789	-0.646789	-0.646789	-0.646789	-0.646789	-0.646789	4.45916	-0.646789	-0.646789	-0.646789	-0.646789	4.35716	-0.646789	-0.646789	-0.646789	-0.646789	2.06126	-0.646789	-0.646789	-0.646789	6.33515	-0.646789	-0.646789	-0.646789	-0.646789	-0.646789	-0.646789	-0.646789	-0.646789	-0.646789	-0.646789	-0.646789	-0.646789	2.64905	-0.646789	-0.646789	-0.646789	-0.646789	-0.646789	-0.646789	-0.646789	-0.646789	-0.646789	-0.646789
SRR18595751	-0.575286	-0.575286	-0.575286	-0.575286	-0.575286	-0.575286	-0.575286	3.91335	-0.575286	2.13276	-0.575286	-0.575286	-0.575286	6.85186	-0.575286	-0.575286	3.76852	-0.575286	-0.575286	-0.575286	-0.575286	-0.575286	-0.575286	-0.575286	-0.575286	-0.575286	-0.575286	-0.575286	-0.575286	-0.575286	-0.575286	-0.575286	-0.575286	-0.575286	-0.575286	-0.575286	-0.575286	-0.575286	-0.575286	-0.575286	-0.575286	-0.575286	-0.575286	-0.575286	-0.575286	-0.575286	3.18591	3.68739	-0.575286	-0.575286	1.62194	-0.575286	-0.575286	1.62194	-0.575286	-0.575286	-0.575286	-0.575286	-0.575286	-0.575286	-0.575286	-0.575286	-0.575286	-0.575286	-0.575286	-0.575286	-0.575286	-0.575286	-0.575286	-0.575286	6.67108	-0.575286	-0.575286	-0.575286	-0.575286	-0.575286	-0.575286	-0.575286	-0.575286	3.50225	-0.575286	-0.575286	-0.575286	-0.575286	-0.575286	1.98966	-0.575286	-0.575286	-0.575286	-0.575286	-0.575286	-0.575286	2.79201	-0.575286	-0.575286	1.82261	-0.575286	-0.575286	-0.575286	6.45025	-0.575286	-0.575286	-0.575286	6.10807	-0.575286	6.07758	-0.575286	-0.575286	-0.575286	3.13829	-0.575286	-0.575286	1.98966	-0.575286	-0.575286	-0.575286	-0.575286	-0.575286	-0.575286	6.04878	-0.575286	-0.575286	-0.575286	-0.575286	-0.575286	-0.575286	-0.575286	-0.575286	-0.575286	-0.575286	-0.575286	-0.575286	-0.575286	-0.575286	-0.575286	-0.575286	-0.575286	-0.575286	-0.575286	-0.575286	1.82261	-0.575286	-0.575286	-0.575286	5.48617	-0.575286	8.17381	-0.575286	-0.575286	-0.575286	-0.575286	-0.575286	-0.575286	-0.575286	-0.575286	-0.575286	-0.575286	-0.575286	-0.575286	-0.575286	-0.575286	5.99979	-0.575286	-0.575286	-0.575286	-0.575286	-0.575286	-0.575286	-0.575286	-0.575286	1.37062	-0.575286	-0.575286	4.78601	3.13829	-0.575286	-0.575286	-0.575286	-0.575286	-0.575286	-0.575286	-0.575286	-0.575286	-0.575286	-0.575286	-0.575286	-0.575286	-0.575286	-0.575286	-0.575286	-0.575286	-0.575286	-0.575286	-0.575286	-0.575286	-0.575286	-0.575286	-0.575286	-0.575286	-0.575286	-0.575286	-0.575286	1.98966	-0.575286	-0.575286	-0.575286	-0.575286	-0.575286	-0.575286	-0.575286	-0.575286	-0.575286	-0.575286	-0.575286	-0.575286	4.99687	-0.575286	-0.575286	-0.575286	5.66499	-0.575286	-0.575286	-0.575286	-0.575286	-0.575286	-0.575286	3.43205	-0.575286	-0.575286	-0.575286	-0.575286	-0.575286	-0.575286	-0.575286	-0.575286	-0.575286	-0.575286	-0.575286	-0.575286
SRR18595752	-0.998608	-0.998608	-0.998608	-0.998608	-0.998608	-0.998608	-0.998608	3.63612	-0.998608	2.76259	-0.998608	-0.998608	-0.998608	-0.998608	-0.998608	-0.998608	2.4979	-0.998608	-0.998608	-0.998608	-0.998608	-0.998608	3.31888	-0.998608	-0.998608	-0.998608	-0.998608	-0.998608	2.22027	-0.998608	-0.998608	-0.998608	-0.998608	-0.998608	-0.998608	-0.998608	-0.998608	-0.998608	-0.998608	-0.998608	1.83461	-0.998608	-0.998608	6.06701	-0.998608	-0.998608	4.54266	-0.998608	3.00872	-0.998608	-0.998608	-0.998608	-0.998608	2.13689	-0.998608	-0.998608	-0.998608	-0.998608	-0.998608	-0.998608	-0.998608	-0.998608	-0.998608	-0.998608	5.04876	-0.998608	-0.998608	-0.998608	-0.998608	-0.998608	-0.998608	-0.998608	-0.998608	-0.998608	-0.998608	-0.998608	1.56634	-0.998608	-0.998608	2.61231	-0.998608	-0.998608	-0.998608	1.83461	-0.998608	3.81358	-0.998608	-0.998608	-0.998608	-0.998608	-0.998608	-0.998608	6.09563	-0.998608	2.97168	5.13044	-0.998608	-0.998608	3.39584	3.20608	-0.998608	2.13689	1.56634	3.55527	-0.998608	5.43914	-0.998608	-0.998608	-0.998608	3.00872	-0.998608	-0.998608	2.97168	-0.998608	-0.998608	-0.998608	-0.998608	2.04591	-0.998608	-0.998608	-0.998608	-0.998608	-0.998608	2.61231	-0.998608	-0.998608	1.39929	-0.998608	3.00872	-0.998608	-0.998608	-0.998608	-0.998608	-0.998608	2.36869	-0.998608	-0.998608	-0.998608	-0.998608	1.39929	-0.998608	-0.998608	-0.998608	-0.998608	3.29185	-0.998608	2.76259	-0.998608	-0.998608	-0.998608	-0.998608	-0.998608	-0.998608	-0.998608	-0.998608	4.25367	-0.998608	-0.998608	-0.998608	2.04591	-0.998608	5.92404	-0.998608	-0.998608	-0.998608	1.39929	-0.998608	-0.998608	4.74759	-0.998608	2.36869	-0.998608	-0.998608	6.46015	4.51078	-0.998608	-0.998608	-0.998608	1.19862	-0.998608	-0.998608	-0.998608	-0.998608	-0.998608	-0.998608	-0.998608	-0.998608	-0.998608	-0.998608	-0.998608	-0.998608	-0.998608	-0.998608	-0.998608	-0.998608	-0.998608	-0.998608	-0.998608	2.29723	-0.998608	-0.998608	4.0703	4.0828	-0.998608	-0.998608	-0.998608	5.63603	3.74632	-0.998608	-0.998608	-0.998608	-0.998608	-0.998608	3.97813	-0.998608	4.74759	-0.998608	-0.998608	-0.998608	2.22027	-0.998608	-0.998608	4.65388	-0.998608	-0.998608	-0.998608	3.07893	-0.998608	-0.998608	-0.998608	1.39929	-0.998608	-0.998608	-0.998608	-0.998608	-0.998608	2.61231	-0.998608	2.04591
SRR18595753	-0.176303	-0.176303	-0.176303	3.53727	-0.176303	-0.176303	2.65691	-0.176303	-0.176303	-0.176303	-0.176303	-0.176303	-0.176303	-0.176303	-0.176303	-0.176303	-0.176303	-0.176303	-0.176303	-0.176303	-0.176303	-0.176303	-0.176303	-0.176303	-0.176303	-0.176303	-0.176303	-0.176303	-0.176303	-0.176303	-0.176303	-0.176303	-0.176303	-0.176303	-0.176303	-0.176303	-0.176303	-0.176303	-0.176303	-0.176303	-0.176303	-0.176303	-0.176303	-0.176303	-0.176303	-0.176303	-0.176303	-0.176303	-0.176303	2.53175	-0.176303	-0.176303	-0.176303	-0.176303	-0.176303	-0.176303	-0.176303	-0.176303	4.0578	-0.176303	-0.176303	-0.176303	-0.176303	-0.176303	-0.176303	-0.176303	-0.176303	-0.176303	-0.176303	-0.176303	-0.176303	-0.176303	-0.176303	-0.176303	-0.176303	-0.176303	-0.176303	-0.176303	-0.176303	-0.176303	-0.176303	-0.176303	-0.176303	-0.176303	-0.176303	-0.176303	-0.176303	-0.176303	-0.176303	-0.176303	-0.176303	-0.176303	-0.176303	-0.176303	-0.176303	-0.176303	-0.176303	-0.176303	-0.176303	-0.176303	4.72897	-0.176303	-0.176303	-0.176303	-0.176303	-0.176303	-0.176303	-0.176303	-0.176303	-0.176303	-0.176303	-0.176303	4.02839	-0.176303	-0.176303	-0.176303	-0.176303	-0.176303	-0.176303	-0.176303	-0.176303	-0.176303	-0.176303	-0.176303	-0.176303	-0.176303	-0.176303	-0.176303	-0.176303	-0.176303	-0.176303	-0.176303	-0.176303	-0.176303	-0.176303	-0.176303	3.48726	2.65691	-0.176303	-0.176303	-0.176303	-0.176303	-0.176303	-0.176303	-0.176303	-0.176303	-0.176303	-0.176303	-0.176303	-0.176303	-0.176303	-0.176303	-0.176303	-0.176303	-0.176303	4.1675	-0.176303	-0.176303	-0.176303	-0.176303	-0.176303	-0.176303	-0.176303	-0.176303	-0.176303	-0.176303	-0.176303	-0.176303	-0.176303	-0.176303	-0.176303	-0.176303	-0.176303	-0.176303	-0.176303	-0.176303	-0.176303	-0.176303	-0.176303	-0.176303	-0.176303	-0.176303	-0.176303	-0.176303	-0.176303	-0.176303	-0.176303	-0.176303	-0.176303	-0.176303	-0.176303	-0.176303	-0.176303	-0.176303	-0.176303	-0.176303	-0.176303	-0.176303	-0.176303	-0.176303	-0.176303	-0.176303	-0.176303	3.37904	-0.176303	-0.176303	-0.176303	-0.176303	-0.176303	-0.176303	-0.176303	-0.176303	4.96536	-0.176303	-0.176303	-0.176303	-0.176303	-0.176303	-0.176303	-0.176303	-0.176303	-0.176303	-0.176303	-0.176303	-0.176303	-0.176303	-0.176303	-0.176303	-0.176303	-0.176303	-0.176303	-0.176303	-0.176303	-0.176303	-0.176303	-0.176303	-0.176303	-0.176303	-0.176303
SRR18595754	-0.833863	-0.833863	-0.833863	-0.833863	-0.833863	-0.833863	-0.833863	-0.833863	-0.833863	-0.833863	-0.833863	-0.833863	-0.833863	4.88645	-0.833863	-0.833863	-0.833863	-0.833863	-0.833863	-0.833863	-0.833863	-0.833863	-0.833863	-0.833863	-0.833863	-0.833863	-0.833863	-0.833863	-0.833863	4.79735	-0.833863	-0.833863	-0.833863	-0.833863	-0.833863	-0.833863	-0.833863	-0.833863	-0.833863	-0.833863	-0.833863	-0.833863	-0.833863	4.89948	-0.833863	-0.833863	5.71579	2.46197	2.21066	-0.833863	-0.833863	-0.833863	-0.833863	3.24367	-0.833863	1.36336	-0.833863	-0.833863	-0.833863	1.73109	-0.833863	-0.833863	-0.833863	-0.833863	-0.833863	-0.833863	-0.833863	-0.833863	-0.833863	-0.833863	-0.833863	-0.833863	-0.833863	-0.833863	-0.833863	-0.833863	-0.833863	-0.833863	-0.833863	3.63204	-0.833863	-0.833863	-0.833863	-0.833863	-0.833863	3.89352	-0.833863	-0.833863	-0.833863	-0.833863	-0.833863	-0.833863	5.22759	-0.833863	-0.833863	4.88645	-0.833863	-0.833863	4.9561	6.1331	-0.833863	-0.833863	-0.833863	4.6592	-0.833863	5.26421	-0.833863	-0.833863	-0.833863	1.99935	-0.833863	-0.833863	2.87971	-0.833863	-0.833863	-0.833863	-0.833863	-0.833863	3.09796	4.79735	-0.833863	-0.833863	-0.833863	-0.833863	-0.833863	-0.833863	-0.833863	-0.833863	-0.833863	-0.833863	-0.833863	-0.833863	-0.833863	-0.833863	-0.833863	-0.833863	-0.833863	-0.833863	-0.833863	-0.833863	0.775574	-0.833863	-0.833863	-0.833863	2.72148	-0.833863	6.79902	-0.833863	-0.833863	-0.833863	-0.833863	-0.833863	-0.833863	-0.833863	-0.833863	3.4566	-0.833863	-0.833863	-0.833863	-0.833863	-0.833863	2.72148	-0.833863	-0.833863	-0.833863	-0.833863	2.8297	-0.833863	3.78126	-0.833863	4.05649	-0.833863	-0.833863	5.91724	4.33092	-0.833863	-0.833863	-0.833863	-0.833863	-0.833863	-0.833863	-0.833863	-0.833863	-0.833863	-0.833863	-0.833863	-0.833863	-0.833863	-0.833863	1.73109	-0.833863	-0.833863	-0.833863	-0.833863	4.99802	-0.833863	-0.833863	-0.833863	-0.833863	2.53343	-0.833863	2.92734	-0.833863	-0.833863	-0.833863	-0.833863	-0.833863	2.30163	-0.833863	-0.833863	-0.833863	-0.833863	-0.833863	-0.833863	-0.833863	6.20052	-0.833863	-0.833863	3.69874	3.20919	-0.833863	-0.833863	4.02595	-0.833863	-0.833863	-0.833863	3.83897	-0.833863	-0.833863	-0.833863	-0.833863	-0.833863	2.30163	-0.833863	-0.833863	2.60012	2.11058	-0.833863	-0.833863
SRR18595755	-0.451578	-0.451578	-0.451578	-0.451578	-0.451578	-0.451578	-0.451578	-0.451578	-0.451578	-0.451578	-0.451578	-0.451578	-0.451578	-0.451578	-0.451578	3.21198	-0.451578	-0.451578	-0.451578	-0.451578	2.25647	-0.451578	-0.451578	3.21198	-0.451578	-0.451578	-0.451578	-0.451578	5.58629	-0.451578	-0.451578	-0.451578	3.39857	-0.451578	-0.451578	-0.451578	-0.451578	-0.451578	-0.451578	-0.451578	-0.451578	-0.451578	-0.451578	2.38163	-0.451578	-0.451578	2.38163	-0.451578	-0.451578	-0.451578	-0.451578	-0.451578	-0.451578	-0.451578	-0.451578	-0.451578	-0.451578	-0.451578	-0.451578	-0.451578	-0.451578	-0.451578	-0.451578	-0.451578	-0.451578	-0.451578	-0.451578	-0.451578	-0.451578	-0.451578	-0.451578	-0.451578	-0.451578	-0.451578	-0.451578	-0.451578	-0.451578	-0.451578	-0.451578	-0.451578	-0.451578	3.44024	-0.451578	-0.451578	-0.451578	-0.451578	-0.451578	-0.451578	-0.451578	-0.451578	-0.451578	-0.451578	-0.451578	-0.451578	-0.451578	6.25406	-0.451578	-0.451578	-0.451578	3.35508	-0.451578	-0.451578	-0.451578	-0.451578	-0.451578	3.30962	-0.451578	-0.451578	-0.451578	-0.451578	-0.451578	1.94632	-0.451578	-0.451578	-0.451578	-0.451578	-0.451578	-0.451578	-0.451578	-0.451578	-0.451578	-0.451578	-0.451578	-0.451578	-0.451578	-0.451578	-0.451578	-0.451578	-0.451578	-0.451578	-0.451578	-0.451578	-0.451578	2.49286	-0.451578	-0.451578	-0.451578	-0.451578	-0.451578	-0.451578	-0.451578	-0.451578	-0.451578	-0.451578	-0.451578	-0.451578	4.18315	-0.451578	-0.451578	-0.451578	-0.451578	-0.451578	-0.451578	-0.451578	-0.451578	-0.451578	-0.451578	3.39857	-0.451578	-0.451578	-0.451578	2.49286	-0.451578	-0.451578	-0.451578	-0.451578	-0.451578	-0.451578	2.59294	-0.451578	-0.451578	-0.451578	-0.451578	2.49286	4.12313	-0.451578	-0.451578	-0.451578	-0.451578	-0.451578	-0.451578	2.25647	-0.451578	-0.451578	-0.451578	-0.451578	-0.451578	-0.451578	-0.451578	-0.451578	-0.451578	2.59294	-0.451578	-0.451578	-0.451578	-0.451578	1.49433	-0.451578	2.25647	-0.451578	-0.451578	3.10377	2.38163	-0.451578	-0.451578	-0.451578	-0.451578	-0.451578	-0.451578	-0.451578	-0.451578	-0.451578	-0.451578	-0.451578	-0.451578	7.00024	2.25647	-0.451578	-0.451578	-0.451578	-0.451578	-0.451578	-0.451578	-0.451578	-0.451578	-0.451578	3.35508	-0.451578	-0.451578	-0.451578	-0.451578	-0.451578	-0.451578	-0.451578	-0.451578	-0.451578	2.91572	2.25647	-0.451578
SRR18595756	-0.233785	-0.233785	-0.233785	-0.233785	-0.233785	-0.233785	-0.233785	4.80964	-0.233785	-0.233785	-0.233785	-0.233785	-0.233785	2.33116	-0.233785	-0.233785	-0.233785	-0.233785	-0.233785	-0.233785	-0.233785	-0.233785	-0.233785	-0.233785	-0.233785	-0.233785	-0.233785	-0.233785	-0.233785	-0.233785	-0.233785	-0.233785	-0.233785	-0.233785	-0.233785	-0.233785	-0.233785	-0.233785	-0.233785	-0.233785	-0.233785	-0.233785	-0.233785	-0.233785	-0.233785	-0.233785	-0.233785	-0.233785	-0.233785	-0.233785	-0.233785	-0.233785	-0.233785	-0.233785	-0.233785	-0.233785	-0.233785	-0.233785	-0.233785	-0.233785	-0.233785	-0.233785	-0.233785	-0.233785	3.37713	-0.233785	-0.233785	-0.233785	-0.233785	-0.233785	-0.233785	-0.233785	-0.233785	-0.233785	-0.233785	-0.233785	-0.233785	-0.233785	-0.233785	3.13351	-0.233785	-0.233785	-0.233785	-0.233785	-0.233785	-0.233785	-0.233785	-0.233785	-0.233785	-0.233785	-0.233785	-0.233785	-0.233785	-0.233785	-0.233785	-0.233785	-0.233785	-0.233785	-0.233785	-0.233785	-0.233785	-0.233785	-0.233785	-0.233785	-0.233785	-0.233785	-0.233785	-0.233785	-0.233785	3.37713	-0.233785	-0.233785	4.16066	-0.233785	-0.233785	-0.233785	-0.233785	-0.233785	-0.233785	-0.233785	-0.233785	-0.233785	-0.233785	-0.233785	-0.233785	-0.233785	-0.233785	-0.233785	-0.233785	-0.233785	-0.233785	-0.233785	-0.233785	-0.233785	-0.233785	-0.233785	-0.233785	-0.233785	-0.233785	-0.233785	-0.233785	-0.233785	3.80927	-0.233785	-0.233785	-0.233785	-0.233785	-0.233785	-0.233785	-0.233785	-0.233785	-0.233785	-0.233785	-0.233785	-0.233785	-0.233785	-0.233785	-0.233785	-0.233785	-0.233785	-0.233785	4.64141	-0.233785	-0.233785	-0.233785	-0.233785	-0.233785	-0.233785	-0.233785	-0.233785	-0.233785	-0.233785	-0.233785	-0.233785	-0.233785	-0.233785	-0.233785	-0.233785	-0.233785	-0.233785	3.37713	-0.233785	-0.233785	-0.233785	-0.233785	-0.233785	-0.233785	-0.233785	-0.233785	-0.233785	-0.233785	-0.233785	-0.233785	-0.233785	-0.233785	-0.233785	-0.233785	-0.233785	-0.233785	-0.233785	-0.233785	3.26272	-0.233785	-0.233785	-0.233785	-0.233785	-0.233785	1.96344	-0.233785	-0.233785	-0.233785	-0.233785	-0.233785	-0.233785	-0.233785	5.73492	-0.233785	-0.233785	-0.233785	4.0289	-0.233785	-0.233785	-0.233785	-0.233785	-0.233785	-0.233785	4.59453	-0.233785	-0.233785	-0.233785	-0.233785	-0.233785	-0.233785	-0.233785	-0.233785	-0.233785	-0.233785	-0.233785	-0.233785
SRR18595757	-0.305626	-0.305626	-0.305626	-0.305626	-0.305626	-0.305626	-0.305626	-0.305626	-0.305626	-0.305626	-0.305626	-0.305626	-0.305626	-0.305626	-0.305626	-0.305626	-0.305626	-0.305626	-0.305626	-0.305626	-0.305626	-0.305626	-0.305626	-0.305626	-0.305626	-0.305626	-0.305626	-0.305626	-0.305626	-0.305626	-0.305626	-0.305626	-0.305626	-0.305626	-0.305626	-0.305626	-0.305626	-0.305626	-0.305626	-0.305626	-0.305626	-0.305626	-0.305626	-0.305626	-0.305626	-0.305626	3.98483	2.40242	-0.305626	-0.305626	-0.305626	-0.305626	-0.305626	-0.305626	-0.305626	-0.305626	-0.305626	-0.305626	-0.305626	-0.305626	-0.305626	-0.305626	-0.305626	-0.305626	-0.305626	-0.305626	-0.305626	-0.305626	-0.305626	-0.305626	-0.305626	-0.305626	-0.305626	-0.305626	-0.305626	-0.305626	-0.305626	-0.305626	-0.305626	-0.305626	-0.305626	-0.305626	-0.305626	-0.305626	-0.305626	-0.305626	-0.305626	-0.305626	-0.305626	-0.305626	-0.305626	-0.305626	-0.305626	-0.305626	-0.305626	-0.305626	-0.305626	-0.305626	4.45655	5.78794	-0.305626	-0.305626	-0.305626	3.86876	-0.305626	4.81237	-0.305626	-0.305626	-0.305626	2.09227	-0.305626	-0.305626	3.86876	-0.305626	-0.305626	-0.305626	-0.305626	-0.305626	-0.305626	-0.305626	-0.305626	-0.305626	-0.305626	-0.305626	-0.305626	-0.305626	-0.305626	-0.305626	-0.305626	-0.305626	-0.305626	-0.305626	-0.305626	-0.305626	-0.305626	-0.305626	-0.305626	-0.305626	-0.305626	-0.305626	-0.305626	-0.305626	-0.305626	-0.305626	-0.305626	-0.305626	5.78342	-0.305626	-0.305626	-0.305626	-0.305626	-0.305626	-0.305626	-0.305626	-0.305626	-0.305626	-0.305626	-0.305626	-0.305626	-0.305626	-0.305626	2.63881	-0.305626	-0.305626	-0.305626	-0.305626	-0.305626	-0.305626	-0.305626	-0.305626	-0.305626	-0.305626	-0.305626	4.34833	4.77578	-0.305626	-0.305626	-0.305626	4.18301	-0.305626	-0.305626	-0.305626	-0.305626	-0.305626	-0.305626	-0.305626	-0.305626	-0.305626	-0.305626	-0.305626	-0.305626	-0.305626	-0.305626	-0.305626	-0.305626	-0.305626	-0.305626	-0.305626	-0.305626	-0.305626	-0.305626	-0.305626	-0.305626	-0.305626	-0.305626	-0.305626	-0.305626	2.25932	-0.305626	-0.305626	-0.305626	-0.305626	-0.305626	-0.305626	-0.305626	5.53792	-0.305626	-0.305626	-0.305626	-0.305626	-0.305626	-0.305626	-0.305626	-0.305626	-0.305626	-0.305626	4.30949	-0.305626	-0.305626	-0.305626	-0.305626	-0.305626	-0.305626	-0.305626	-0.305626	-0.305626	2.7389	-0.305626	-0.305626
SRR18595758	-0.258938	-0.258938	-0.258938	-0.258938	-0.258938	-0.258938	-0.258938	-0.258938	-0.258938	-0.258938	-0.258938	-0.258938	-0.258938	2.95994	-0.258938	-0.258938	-0.258938	-0.258938	-0.258938	-0.258938	-0.258938	-0.258938	-0.258938	-0.258938	-0.258938	-0.258938	-0.258938	-0.258938	-0.258938	-0.258938	-0.258938	-0.258938	-0.258938	-0.258938	-0.258938	-0.258938	-0.258938	-0.258938	-0.258938	-0.258938	-0.258938	-0.258938	-0.258938	-0.258938	-0.258938	-0.258938	-0.258938	-0.258938	-0.258938	-0.258938	-0.258938	-0.258938	-0.258938	-0.258938	-0.258938	-0.258938	-0.258938	-0.258938	-0.258938	-0.258938	-0.258938	-0.258938	-0.258938	-0.258938	-0.258938	-0.258938	-0.258938	-0.258938	-0.258938	-0.258938	-0.258938	-0.258938	-0.258938	-0.258938	-0.258938	-0.258938	-0.258938	-0.258938	-0.258938	-0.258938	-0.258938	-0.258938	-0.258938	-0.258938	-0.258938	-0.258938	-0.258938	-0.258938	-0.258938	-0.258938	-0.258938	-0.258938	-0.258938	-0.258938	-0.258938	4.53685	-0.258938	-0.258938	3.17505	6.64179	-0.258938	-0.258938	-0.258938	-0.258938	-0.258938	2.78558	-0.258938	-0.258938	-0.258938	-0.258938	-0.258938	-0.258938	-0.258938	-0.258938	-0.258938	-0.258938	-0.258938	-0.258938	-0.258938	-0.258938	-0.258938	-0.258938	-0.258938	-0.258938	-0.258938	-0.258938	-0.258938	-0.258938	-0.258938	-0.258938	-0.258938	-0.258938	-0.258938	-0.258938	-0.258938	-0.258938	-0.258938	-0.258938	-0.258938	-0.258938	-0.258938	-0.258938	-0.258938	-0.258938	-0.258938	-0.258938	3.63288	-0.258938	-0.258938	-0.258938	-0.258938	-0.258938	-0.258938	-0.258938	-0.258938	2.30601	-0.258938	-0.258938	-0.258938	-0.258938	-0.258938	4.20697	-0.258938	-0.258938	-0.258938	-0.258938	-0.258938	-0.258938	-0.258938	-0.258938	-0.258938	-0.258938	-0.258938	3.85194	5.06407	-0.258938	-0.258938	-0.258938	-0.258938	-0.258938	-0.258938	-0.258938	-0.258938	-0.258938	-0.258938	-0.258938	-0.258938	-0.258938	-0.258938	-0.258938	-0.258938	-0.258938	-0.258938	-0.258938	-0.258938	-0.258938	-0.258938	-0.258938	-0.258938	-0.258938	-0.258938	-0.258938	3.23757	-0.258938	-0.258938	-0.258938	-0.258938	-0.258938	-0.258938	-0.258938	-0.258938	-0.258938	-0.258938	-0.258938	-0.258938	6.94521	-0.258938	-0.258938	-0.258938	-0.258938	-0.258938	-0.258938	-0.258938	-0.258938	-0.258938	-0.258938	6.23179	-0.258938	-0.258938	-0.258938	-0.258938	-0.258938	-0.258938	-0.258938	2.6855	-0.258938	-0.258938	-0.258938	-0.258938
SRR18595759	-0.448374	-0.448374	-0.448374	-0.448374	-0.448374	-0.448374	-0.448374	-0.448374	-0.448374	-0.448374	-0.448374	-0.448374	-0.448374	4.37994	-0.448374	-0.448374	3.31283	-0.448374	-0.448374	-0.448374	-0.448374	-0.448374	-0.448374	-0.448374	-0.448374	-0.448374	-0.448374	-0.448374	-0.448374	4.4569	-0.448374	-0.448374	-0.448374	-0.448374	-0.448374	-0.448374	-0.448374	-0.448374	-0.448374	-0.448374	-0.448374	-0.448374	-0.448374	4.1055	-0.448374	-0.448374	6.12949	-0.448374	-0.448374	-0.448374	-0.448374	-0.448374	4.04026	-0.448374	-0.448374	-0.448374	-0.448374	-0.448374	-0.448374	-0.448374	-0.448374	-0.448374	-0.448374	-0.448374	3.52192	-0.448374	-0.448374	-0.448374	-0.448374	-0.448374	-0.448374	-0.448374	-0.448374	-0.448374	-0.448374	-0.448374	-0.448374	-0.448374	3.97047	-0.448374	-0.448374	-0.448374	-0.448374	-0.448374	-0.448374	-0.448374	-0.448374	-0.448374	-0.448374	-0.448374	-0.448374	-0.448374	4.94979	-0.448374	-0.448374	-0.448374	-0.448374	-0.448374	5.15374	6.95712	-0.448374	-0.448374	-0.448374	3.35829	-0.448374	-0.448374	-0.448374	-0.448374	-0.448374	-0.448374	-0.448374	-0.448374	-0.448374	-0.448374	-0.448374	-0.448374	-0.448374	-0.448374	-0.448374	-0.448374	-0.448374	-0.448374	-0.448374	-0.448374	-0.448374	-0.448374	-0.448374	-0.448374	-0.448374	-0.448374	-0.448374	-0.448374	-0.448374	-0.448374	-0.448374	-0.448374	-0.448374	-0.448374	-0.448374	-0.448374	-0.448374	-0.448374	-0.448374	-0.448374	-0.448374	-0.448374	8.35625	-0.448374	-0.448374	-0.448374	-0.448374	-0.448374	-0.448374	-0.448374	-0.448374	-0.448374	-0.448374	-0.448374	-0.448374	-0.448374	-0.448374	-0.448374	-0.448374	-0.448374	-0.448374	-0.448374	-0.448374	-0.448374	-0.448374	-0.448374	3.35829	-0.448374	-0.448374	5.04469	-0.448374	-0.448374	-0.448374	-0.448374	3.84209	-0.448374	-0.448374	-0.448374	-0.448374	-0.448374	-0.448374	3.21519	-0.448374	-0.448374	-0.448374	-0.448374	-0.448374	-0.448374	-0.448374	-0.448374	-0.448374	-0.448374	-0.448374	-0.448374	-0.448374	-0.448374	-0.448374	1.74885	3.62916	-0.448374	-0.448374	-0.448374	-0.448374	-0.448374	-0.448374	-0.448374	-0.448374	-0.448374	-0.448374	-0.448374	-0.448374	6.60521	-0.448374	-0.448374	-0.448374	4.3138	-0.448374	-0.448374	2.84746	-0.448374	-0.448374	-0.448374	-0.448374	-0.448374	-0.448374	-0.448374	-0.448374	-0.448374	-0.448374	-0.448374	-0.448374	-0.448374	-0.448374	-0.448374	-0.448374
SRR18595760	-0.525868	-0.525868	-0.525868	-0.525868	-0.525868	-0.525868	-0.525868	-0.525868	-0.525868	2.76997	-0.525868	-0.525868	-0.525868	-0.525868	-0.525868	-0.525868	-0.525868	-0.525868	-0.525868	-0.525868	-0.525868	-0.525868	-0.525868	-0.525868	-0.525868	-0.525868	-0.525868	-0.525868	-0.525868	-0.525868	-0.525868	-0.525868	-0.525868	-0.525868	-0.525868	-0.525868	-0.525868	-0.525868	-0.525868	-0.525868	-0.525868	-0.525868	-0.525868	3.51718	-0.525868	-0.525868	-0.525868	-0.525868	2.03908	-0.525868	-0.525868	-0.525868	-0.525868	-0.525868	-0.525868	-0.525868	-0.525868	-0.525868	-0.525868	2.76997	-0.525868	-0.525868	-0.525868	-0.525868	3.28079	-0.525868	-0.525868	-0.525868	-0.525868	-0.525868	-0.525868	-0.525868	-0.525868	-0.525868	-0.525868	-0.525868	-0.525868	-0.525868	-0.525868	-0.525868	-0.525868	-0.525868	-0.525868	-0.525868	-0.525868	4.37941	-0.525868	-0.525868	-0.525868	-0.525868	3.91678	-0.525868	-0.525868	-0.525868	-0.525868	3.28079	-0.525868	-0.525868	2.60963	-0.525868	-0.525868	-0.525868	-0.525868	-0.525868	-0.525868	3.98499	-0.525868	-0.525868	-0.525868	-0.525868	-0.525868	-0.525868	-0.525868	-0.525868	-0.525868	-0.525868	-0.525868	3.1877	4.46456	-0.525868	-0.525868	-0.525868	-0.525868	-0.525868	-0.525868	-0.525868	-0.525868	-0.525868	5.80028	-0.525868	-0.525868	-0.525868	-0.525868	-0.525868	-0.525868	-0.525868	-0.525868	-0.525868	-0.525868	-0.525868	3.61727	-0.525868	-0.525868	-0.525868	-0.525868	-0.525868	-0.525868	-0.525868	-0.525868	-0.525868	-0.525868	-0.525868	-0.525868	-0.525868	-0.525868	2.69301	-0.525868	-0.525868	-0.525868	-0.525868	-0.525868	7.20211	-0.525868	-0.525868	-0.525868	1.42004	-0.525868	-0.525868	3.1877	-0.525868	-0.525868	3.32428	-0.525868	3.08505	1.42004	-0.525868	-0.525868	-0.525868	-0.525868	-0.525868	-0.525868	-0.525868	-0.525868	-0.525868	-0.525868	-0.525868	-0.525868	-0.525868	-0.525868	-0.525868	-0.525868	-0.525868	-0.525868	-0.525868	4.47808	-0.525868	-0.525868	-0.525868	1.42004	-0.525868	-0.525868	1.67136	3.44442	-0.525868	-0.525868	-0.525868	-0.525868	2.90812	-0.525868	-0.525868	-0.525868	-0.525868	-0.525868	-0.525868	-0.525868	7.84953	-0.525868	-0.525868	-0.525868	-0.525868	-0.525868	-0.525868	2.69301	-0.525868	-0.525868	-0.525868	5.18786	-0.525868	-0.525868	-0.525868	-0.525868	-0.525868	-0.525868	-0.525868	-0.525868	5.00752	2.76997	-0.525868	-0.525868
SRR18595761	-0.763809	-0.763809	-0.763809	-0.763809	-0.763809	-0.763809	-0.763809	-0.763809	-0.763809	-0.763809	-0.763809	-0.763809	-0.763809	-0.763809	-0.763809	-0.763809	-0.763809	-0.763809	-0.763809	-0.763809	-0.763809	-0.763809	-0.763809	-0.763809	-0.763809	-0.763809	-0.763809	-0.763809	4.30509	4.24014	-0.763809	-0.763809	-0.763809	-0.763809	-0.763809	-0.763809	-0.763809	-0.763809	-0.763809	-0.763809	-0.763809	-0.763809	3.27924	3.96358	-0.763809	-0.763809	2.45507	1.94424	4.5395	-0.763809	-0.763809	-0.763809	-0.763809	-0.763809	-0.763809	-0.763809	-0.763809	-0.763809	-0.763809	4.08038	-0.763809	-0.763809	-0.763809	-0.763809	-0.763809	-0.763809	-0.763809	-0.763809	-0.763809	-0.763809	3.55368	-0.763809	-0.763809	-0.763809	-0.763809	-0.763809	-0.763809	-0.763809	-0.763809	-0.763809	-0.763809	-0.763809	-0.763809	-0.763809	-0.763809	2.28071	-0.763809	-0.763809	-0.763809	-0.763809	-0.763809	-0.763809	6.45656	-0.763809	-0.763809	5.4647	-0.763809	-0.763809	3.67884	4.73745	-0.763809	-0.763809	-0.763809	4.32994	-0.763809	7.50518	-0.763809	-0.763809	-0.763809	5.06219	2.18063	-0.763809	3.67884	-0.763809	-0.763809	-0.763809	-0.763809	-0.763809	-0.763809	-0.763809	-0.763809	-0.763809	-0.763809	1.1821	-0.763809	-0.763809	-0.763809	-0.763809	-0.763809	-0.763809	-0.763809	-0.763809	-0.763809	-0.763809	-0.763809	-0.763809	-0.763809	-0.763809	-0.763809	-0.763809	-0.763809	-0.763809	2.84711	-0.763809	-0.763809	-0.763809	5.37392	-0.763809	-0.763809	-0.763809	-0.763809	-0.763809	-0.763809	-0.763809	-0.763809	-0.763809	-0.763809	-0.763809	-0.763809	-0.763809	-0.763809	4.43469	-0.763809	-0.763809	-0.763809	-0.763809	4.096	-0.763809	4.096	-0.763809	-0.763809	-0.763809	-0.763809	4.59748	5.17899	-0.763809	-0.763809	-0.763809	4.90262	-0.763809	-0.763809	-0.763809	-0.763809	-0.763809	-0.763809	-0.763809	-0.763809	-0.763809	-0.763809	-0.763809	-0.763809	-0.763809	-0.763809	-0.763809	-0.763809	-0.763809	-0.763809	-0.763809	-0.763809	2.45507	-0.763809	-0.763809	4.75364	-0.763809	-0.763809	-0.763809	-0.763809	2.7327	-0.763809	-0.763809	-0.763809	-0.763809	-0.763809	-0.763809	-0.763809	5.03831	-0.763809	-0.763809	-0.763809	3.52665	-0.763809	-0.763809	5.13609	-0.763809	-0.763809	-0.763809	4.15617	-0.763809	-0.763809	1.94424	-0.763809	-0.763809	-0.763809	-0.763809	2.0694	-0.763809	-0.763809	-0.763809	7.26855
SRR18595762	-0.972387	2.4616	-0.972387	-0.972387	-0.972387	-0.972387	-0.972387	-0.972387	-0.972387	3.85593	-0.972387	-0.972387	-0.972387	2.4616	-0.972387	-0.972387	2.83428	-0.972387	-0.972387	-0.972387	-0.972387	-0.972387	-0.972387	-0.972387	-0.972387	-0.972387	-0.972387	-0.972387	-0.972387	2.52412	-0.972387	-0.972387	-0.972387	-0.972387	-0.972387	-0.972387	-0.972387	-0.972387	-0.972387	-0.972387	-0.972387	-0.972387	-0.972387	4.6871	-0.972387	-0.972387	4.00435	-0.972387	4.12136	-0.972387	-0.972387	-0.972387	-0.972387	-0.972387	-0.972387	-0.972387	-0.972387	-0.972387	-0.972387	-0.972387	-0.972387	-0.972387	-0.972387	-0.972387	1.73566	-0.972387	-0.972387	-0.972387	-0.972387	-0.972387	-0.972387	-0.972387	-0.972387	-0.972387	-0.972387	-0.972387	-0.972387	-0.972387	-0.972387	-0.972387	-0.972387	-0.972387	-0.972387	-0.972387	-0.972387	2.16311	-0.972387	-0.972387	-0.972387	-0.972387	-0.972387	-0.972387	5.17822	-0.972387	-0.972387	4.33092	-0.972387	-0.972387	5.6753	5.1523	-0.972387	-0.972387	-0.972387	4.36033	-0.972387	4.32092	-0.972387	-0.972387	-0.972387	-0.972387	-0.972387	-0.972387	5.743	-0.972387	-0.972387	-0.972387	-0.972387	-0.972387	4.13356	5.36444	-0.972387	-0.972387	-0.972387	1.59256	-0.972387	-0.972387	-0.972387	-0.972387	-0.972387	-0.972387	-0.972387	-0.972387	-0.972387	-0.972387	3.80674	-0.972387	-0.972387	-0.972387	-0.972387	-0.972387	3.202	-0.972387	-0.972387	-0.972387	0.973523	-0.972387	6.45832	-0.972387	-0.972387	-0.972387	-0.972387	-0.972387	3.07066	1.97205	-0.972387	5.42953	-0.972387	-0.972387	-0.972387	-0.972387	-0.972387	4.27989	-0.972387	-0.972387	-0.972387	-0.972387	-0.972387	-0.972387	3.3451	-0.972387	2.58296	-0.972387	-0.972387	5.55118	5.92025	-0.972387	-0.972387	-0.972387	3.07066	-0.972387	-0.972387	-0.972387	2.39491	-0.972387	-0.972387	-0.972387	-0.972387	-0.972387	-0.972387	-0.972387	-0.972387	-0.972387	-0.972387	-0.972387	4.50408	-0.972387	-0.972387	-0.972387	-0.972387	4.62973	-0.972387	5.30988	3.44645	-0.972387	-0.972387	-0.972387	-0.972387	2.95944	-0.972387	-0.972387	-0.972387	-0.972387	-0.972387	4.4872	-0.972387	6.91407	-0.972387	-0.972387	5.20348	3.8718	-0.972387	-0.972387	3.49352	-0.972387	-0.972387	-0.972387	6.30762	-0.972387	-0.972387	-0.972387	-0.972387	-0.972387	-0.972387	-0.972387	-0.972387	-0.972387	4.12136	-0.972387	2.69117
SRR18595763	-0.563403	-0.563403	-0.563403	-0.563403	-0.563403	-0.563403	-0.563403	4.67834	-0.563403	-0.563403	-0.563403	-0.563403	-0.563403	-0.563403	-0.563403	-0.563403	-0.563403	-0.563403	-0.563403	-0.563403	-0.563403	-0.563403	-0.563403	-0.563403	-0.563403	-0.563403	-0.563403	-0.563403	-0.563403	-0.563403	-0.563403	-0.563403	-0.563403	-0.563403	-0.563403	-0.563403	-0.563403	-0.563403	-0.563403	-0.563403	-0.563403	-0.563403	-0.563403	2.73243	-0.563403	-0.563403	3.47965	-0.563403	-0.563403	-0.563403	-0.563403	-0.563403	-0.563403	-0.563403	-0.563403	-0.563403	-0.563403	-0.563403	-0.563403	-0.563403	-0.563403	-0.563403	-0.563403	-0.563403	-0.563403	-0.563403	-0.563403	-0.563403	-0.563403	-0.563403	-0.563403	-0.563403	-0.563403	-0.563403	-0.563403	-0.563403	-0.563403	-0.563403	-0.563403	-0.563403	-0.563403	-0.563403	-0.563403	-0.563403	-0.563403	-0.563403	-0.563403	-0.563403	-0.563403	-0.563403	-0.563403	-0.563403	-0.563403	-0.563403	-0.563403	6.51071	-0.563403	-0.563403	2.00155	-0.563403	-0.563403	-0.563403	2.00155	-0.563403	-0.563403	2.26981	-0.563403	-0.563403	-0.563403	-0.563403	-0.563403	7.08677	-0.563403	-0.563403	-0.563403	-0.563403	4.32695	6.41108	4.67834	-0.563403	-0.563403	-0.563403	-0.563403	-0.563403	3.10016	-0.563403	6.01446	-0.563403	5.60411	-0.563403	-0.563403	-0.563403	-0.563403	-0.563403	-0.563403	-0.563403	-0.563403	-0.563403	-0.563403	-0.563403	-0.563403	-0.563403	-0.563403	-0.563403	-0.563403	-0.563403	-0.563403	-0.563403	-0.563403	-0.563403	-0.563403	-0.563403	-0.563403	-0.563403	-0.563403	3.85544	-0.563403	-0.563403	-0.563403	-0.563403	-0.563403	4.68887	-0.563403	-0.563403	-0.563403	-0.563403	-0.563403	-0.563403	3.51413	-0.563403	-0.563403	-0.563403	-0.563403	-0.563403	5.95131	-0.563403	-0.563403	-0.563403	-0.563403	-0.563403	-0.563403	-0.563403	-0.563403	-0.563403	-0.563403	-0.563403	-0.563403	-0.563403	-0.563403	-0.563403	-0.563403	-0.563403	-0.563403	-0.563403	3.36842	-0.563403	-0.563403	-0.563403	4.45388	-0.563403	-0.563403	3.10016	4.5665	-0.563403	-0.563403	-0.563403	-0.563403	3.72706	-0.563403	-0.563403	-0.563403	6.25988	-0.563403	-0.563403	-0.563403	7.56489	-0.563403	-0.563403	-0.563403	2.00155	-0.563403	-0.563403	-0.563403	-0.563403	-0.563403	-0.563403	5.49338	-0.563403	-0.563403	-0.563403	-0.563403	-0.563403	-0.563403	-0.563403	-0.563403	-0.563403	-0.563403	-0.563403	-0.563403
SRR18595764	-0.584609	-0.584609	-0.584609	-0.584609	-0.584609	-0.584609	-0.584609	-0.584609	-0.584609	-0.584609	-0.584609	-0.584609	-0.584609	-0.584609	-0.584609	-0.584609	-0.584609	-0.584609	-0.584609	-0.584609	-0.584609	-0.584609	-0.584609	-0.584609	-0.584609	-0.584609	-0.584609	-0.584609	1.02483	-0.584609	-0.584609	-0.584609	-0.584609	-0.584609	-0.584609	-0.584609	-0.584609	-0.584609	-0.584609	-0.584609	-0.584609	-0.584609	1.98034	6.42118	-0.584609	-0.584609	-0.584609	-0.584609	5.37897	-0.584609	-0.584609	-0.584609	-0.584609	-0.584609	-0.584609	-0.584609	-0.584609	-0.584609	-0.584609	5.64784	-0.584609	-0.584609	-0.584609	-0.584609	-0.584609	-0.584609	-0.584609	-0.584609	-0.584609	-0.584609	-0.584609	-0.584609	-0.584609	-0.584609	-0.584609	-0.584609	-0.584609	-0.584609	-0.584609	3.42272	-0.584609	-0.584609	-0.584609	-0.584609	-0.584609	5.81731	-0.584609	-0.584609	-0.584609	-0.584609	6.10125	-0.584609	6.58011	-0.584609	-0.584609	-0.584609	-0.584609	-0.584609	-0.584609	-0.584609	-0.584609	6.27919	-0.584609	-0.584609	-0.584609	4.03051	-0.584609	-0.584609	-0.584609	3.26554	-0.584609	-0.584609	-0.584609	-0.584609	-0.584609	-0.584609	-0.584609	-0.584609	-0.584609	-0.584609	-0.584609	-0.584609	-0.584609	-0.584609	-0.584609	-0.584609	-0.584609	-0.584609	-0.584609	-0.584609	-0.584609	-0.584609	-0.584609	-0.584609	-0.584609	-0.584609	-0.584609	-0.584609	-0.584609	-0.584609	-0.584609	-0.584609	-0.584609	-0.584609	5.29313	-0.584609	-0.584609	-0.584609	-0.584609	-0.584609	-0.584609	-0.584609	6.11366	-0.584609	-0.584609	-0.584609	-0.584609	-0.584609	-0.584609	-0.584609	-0.584609	5.83701	-0.584609	-0.584609	-0.584609	-0.584609	4.79529	-0.584609	-0.584609	-0.584609	-0.584609	-0.584609	-0.584609	8.15365	-0.584609	-0.584609	3.90403	-0.584609	-0.584609	-0.584609	-0.584609	-0.584609	-0.584609	-0.584609	-0.584609	-0.584609	-0.584609	-0.584609	-0.584609	-0.584609	-0.584609	-0.584609	-0.584609	-0.584609	-0.584609	-0.584609	-0.584609	-0.584609	-0.584609	-0.584609	-0.584609	1.81329	2.45991	-0.584609	-0.584609	-0.584609	-0.584609	-0.584609	-0.584609	-0.584609	-0.584609	-0.584609	-0.584609	-0.584609	-0.584609	5.86586	-0.584609	-0.584609	-0.584609	6.20549	-0.584609	-0.584609	7.33511	-0.584609	-0.584609	-0.584609	-0.584609	-0.584609	-0.584609	5.79721	-0.584609	-0.584609	-0.584609	-0.584609	5.58291	-0.584609	-0.584609	-0.584609	-0.584609
SRR18595765	2.64671	-0.649129	-0.649129	-0.649129	-0.649129	-0.649129	-0.649129	-0.649129	-0.649129	-0.649129	-0.649129	-0.649129	-0.649129	-0.649129	2.39539	-0.649129	-0.649129	-0.649129	-0.649129	-0.649129	3.24269	-0.649129	-0.649129	-0.649129	-0.649129	-0.649129	-0.649129	-0.649129	5.96694	-0.649129	-0.649129	3.69468	3.49401	-0.649129	-0.649129	-0.649129	-0.649129	-0.649129	-0.649129	-0.649129	-0.649129	-0.649129	-0.649129	4.43228	-0.649129	-0.649129	2.39539	-0.649129	-0.649129	-0.649129	-0.649129	-0.649129	-0.649129	-0.649129	3.11207	-0.649129	-0.649129	-0.649129	-0.649129	-0.649129	-0.649129	-0.649129	-0.649129	-0.649129	-0.649129	-0.649129	-0.649129	-0.649129	-0.649129	-0.649129	-0.649129	-0.649129	-0.649129	-0.649129	3.58498	-0.649129	-0.649129	-0.649129	-0.649129	-0.649129	-0.649129	5.2002	-0.649129	-0.649129	-0.649129	3.49401	-0.649129	-0.649129	-0.649129	-0.649129	-0.649129	-0.649129	-0.649129	-0.649129	-0.649129	-0.649129	3.69468	-0.649129	4.56036	3.32116	2.29531	-0.649129	-0.649129	-0.649129	-0.649129	4.25615	-0.649129	-0.649129	-0.649129	-0.649129	-0.649129	-0.649129	3.24269	3.74532	-0.649129	2.56975	-0.649129	-0.649129	-0.649129	-0.649129	-0.649129	-0.649129	-0.649129	-0.649129	-0.649129	-0.649129	-0.649129	-0.649129	-0.649129	-0.649129	-0.649129	-0.649129	3.64133	3.90475	-0.649129	-0.649129	-0.649129	-0.649129	-0.649129	-0.649129	-0.649129	-0.649129	-0.649129	-0.649129	-0.649129	-0.649129	4.81046	-0.649129	-0.649129	-0.649129	-0.649129	-0.649129	-0.649129	-0.649129	-0.649129	-0.649129	-0.649129	2.78486	-0.649129	-0.649129	-0.649129	-0.649129	-0.649129	-0.649129	-0.649129	3.86173	-0.649129	-0.649129	-0.649129	-0.649129	-0.649129	-0.649129	-0.649129	4.96764	3.39392	-0.649129	-0.649129	-0.649129	-0.649129	-0.649129	-0.649129	-0.649129	-0.649129	-0.649129	-0.649129	-0.649129	-0.649129	-0.649129	-0.649129	-0.649129	-0.649129	4.54937	-0.649129	-0.649129	-0.649129	4.63408	-0.649129	-0.649129	-0.649129	2.48637	-0.649129	-0.649129	-0.649129	-0.649129	-0.649129	-0.649129	-0.649129	-0.649129	-0.649129	-0.649129	-0.649129	-0.649129	-0.649129	3.9856	-0.649129	6.28916	-0.649129	-0.649129	3.94599	-0.649129	-0.649129	-0.649129	-0.649129	-0.649129	2.84738	-0.649129	4.97489	-0.649129	-0.649129	-0.649129	-0.649129	-0.649129	-0.649129	-0.649129	-0.649129	-0.649129	-0.649129	-0.649129	-0.649129
SRR18595766	-0.528486	-0.528486	-0.528486	-0.528486	-0.528486	-0.528486	-0.528486	-0.528486	4.29983	-0.528486	-0.528486	-0.528486	-0.528486	-0.528486	-0.528486	-0.528486	-0.528486	-0.528486	-0.528486	-0.528486	-0.528486	-0.528486	-0.528486	-0.528486	-0.528486	-0.528486	-0.528486	-0.528486	-0.528486	-0.528486	-0.528486	-0.528486	-0.528486	-0.528486	-0.528486	-0.528486	-0.528486	-0.528486	-0.528486	-0.528486	-0.528486	-0.528486	-0.528486	3.18509	-0.528486	-0.528486	4.43436	-0.528486	3.44181	-0.528486	-0.528486	-0.528486	-0.528486	-0.528486	-0.528486	-0.528486	-0.528486	-0.528486	-0.528486	-0.528486	-0.528486	-0.528486	-0.528486	-0.528486	-0.528486	-0.528486	-0.528486	-0.528486	-0.528486	-0.528486	-0.528486	-0.528486	-0.528486	-0.528486	-0.528486	-0.528486	-0.528486	-0.528486	-0.528486	-0.528486	-0.528486	-0.528486	-0.528486	-0.528486	-0.528486	-0.528486	-0.528486	-0.528486	-0.528486	-0.528486	-0.528486	-0.528486	5.36039	-0.528486	-0.528486	4.1989	-0.528486	-0.528486	4.57746	5.08828	-0.528486	-0.528486	-0.528486	5.32659	-0.528486	4.48879	-0.528486	-0.528486	-0.528486	-0.528486	-0.528486	-0.528486	3.58239	-0.528486	-0.528486	-0.528486	-0.528486	-0.528486	-0.528486	2.9055	-0.528486	-0.528486	-0.528486	-0.528486	-0.528486	-0.528486	-0.528486	-0.528486	-0.528486	-0.528486	-0.528486	-0.528486	-0.528486	-0.528486	3.81532	-0.528486	-0.528486	-0.528486	-0.528486	-0.528486	2.03646	-0.528486	-0.528486	-0.528486	-0.528486	-0.528486	6.32692	-0.528486	-0.528486	-0.528486	-0.528486	-0.528486	-0.528486	-0.528486	-0.528486	2.69039	-0.528486	-0.528486	-0.528486	-0.528486	-0.528486	-0.528486	-0.528486	-0.528486	-0.528486	-0.528486	-0.528486	-0.528486	4.3157	-0.528486	-0.528486	-0.528486	-0.528486	6.00385	6.00093	-0.528486	-0.528486	-0.528486	-0.528486	-0.528486	-0.528486	-0.528486	-0.528486	-0.528486	-0.528486	-0.528486	-0.528486	-0.528486	-0.528486	-0.528486	-0.528486	-0.528486	-0.528486	-0.528486	3.40334	-0.528486	-0.528486	-0.528486	-0.528486	3.27818	-0.528486	4.75472	-0.528486	-0.528486	-0.528486	-0.528486	-0.528486	3.51457	-0.528486	-0.528486	-0.528486	-0.528486	-0.528486	3.36333	-0.528486	6.51467	-0.528486	-0.528486	-0.528486	-0.528486	-0.528486	-0.528486	-0.528486	-0.528486	-0.528486	-0.528486	5.65978	-0.528486	-0.528486	-0.528486	-0.528486	-0.528486	-0.528486	-0.528486	-0.528486	-0.528486	-0.528486	-0.528486	-0.528486
SRR18595767	-0.25276	-0.25276	-0.25276	-0.25276	-0.25276	-0.25276	-0.25276	-0.25276	-0.25276	-0.25276	-0.25276	-0.25276	-0.25276	-0.25276	-0.25276	-0.25276	-0.25276	-0.25276	-0.25276	-0.25276	-0.25276	-0.25276	-0.25276	-0.25276	-0.25276	-0.25276	-0.25276	-0.25276	-0.25276	3.11454	-0.25276	-0.25276	-0.25276	-0.25276	-0.25276	-0.25276	-0.25276	-0.25276	-0.25276	-0.25276	-0.25276	-0.25276	-0.25276	-0.25276	-0.25276	-0.25276	-0.25276	-0.25276	-0.25276	-0.25276	-0.25276	-0.25276	-0.25276	-0.25276	-0.25276	-0.25276	-0.25276	-0.25276	-0.25276	-0.25276	-0.25276	-0.25276	-0.25276	-0.25276	-0.25276	-0.25276	-0.25276	-0.25276	-0.25276	-0.25276	-0.25276	-0.25276	-0.25276	-0.25276	-0.25276	-0.25276	-0.25276	-0.25276	-0.25276	-0.25276	-0.25276	-0.25276	-0.25276	-0.25276	-0.25276	-0.25276	-0.25276	-0.25276	-0.25276	-0.25276	-0.25276	-0.25276	-0.25276	-0.25276	-0.25276	5.74618	-0.25276	-0.25276	4.0377	5.83174	-0.25276	-0.25276	-0.25276	-0.25276	-0.25276	-0.25276	-0.25276	-0.25276	-0.25276	-0.25276	-0.25276	-0.25276	3.79029	-0.25276	-0.25276	-0.25276	-0.25276	-0.25276	-0.25276	-0.25276	-0.25276	-0.25276	-0.25276	-0.25276	-0.25276	-0.25276	-0.25276	-0.25276	-0.25276	-0.25276	-0.25276	-0.25276	-0.25276	-0.25276	-0.25276	-0.25276	-0.25276	-0.25276	-0.25276	-0.25276	2.14514	-0.25276	-0.25276	-0.25276	-0.25276	-0.25276	4.11669	-0.25276	-0.25276	-0.25276	-0.25276	-0.25276	-0.25276	-0.25276	-0.25276	-0.25276	-0.25276	-0.25276	-0.25276	-0.25276	-0.25276	-0.25276	-0.25276	-0.25276	-0.25276	-0.25276	-0.25276	-0.25276	-0.25276	-0.25276	-0.25276	-0.25276	-0.25276	-0.25276	4.98899	-0.25276	-0.25276	-0.25276	-0.25276	-0.25276	-0.25276	-0.25276	-0.25276	-0.25276	-0.25276	-0.25276	-0.25276	-0.25276	-0.25276	-0.25276	-0.25276	-0.25276	-0.25276	-0.25276	5.04055	-0.25276	-0.25276	-0.25276	-0.25276	-0.25276	-0.25276	3.35816	-0.25276	-0.25276	-0.25276	-0.25276	-0.25276	-0.25276	-0.25276	-0.25276	-0.25276	-0.25276	-0.25276	2.31219	-0.25276	7.04501	-0.25276	-0.25276	-0.25276	-0.25276	-0.25276	-0.25276	-0.25276	-0.25276	-0.25276	-0.25276	5.59656	-0.25276	-0.25276	-0.25276	-0.25276	-0.25276	-0.25276	-0.25276	-0.25276	-0.25276	-0.25276	-0.25276	-0.25276
SRR18595768	-0.672184	-0.672184	-0.672184	-0.672184	-0.672184	-0.672184	-0.672184	-0.672184	-0.672184	-0.672184	-0.672184	-0.672184	-0.672184	2.88316	-0.672184	-0.672184	4.95183	-0.672184	-0.672184	-0.672184	-0.672184	-0.672184	-0.672184	-0.672184	1.89277	-0.672184	-0.672184	-0.672184	3.5022	-0.672184	-0.672184	-0.672184	-0.672184	-0.672184	-0.672184	-0.672184	-0.672184	-0.672184	-0.672184	-0.672184	2.16103	-0.672184	-0.672184	3.21964	-0.672184	-0.672184	2.16103	-0.672184	-0.672184	-0.672184	-0.672184	-0.672184	-0.672184	-0.672184	-0.672184	-0.672184	-0.672184	-0.672184	-0.672184	-0.672184	-0.672184	-0.672184	-0.672184	2.69511	3.83868	-0.672184	-0.672184	-0.672184	-0.672184	-0.672184	3.29811	-0.672184	-0.672184	-0.672184	-0.672184	-0.672184	-0.672184	-0.672184	-0.672184	-0.672184	-0.672184	-0.672184	-0.672184	-0.672184	-0.672184	-0.672184	-0.672184	-0.672184	-0.672184	-0.672184	-0.672184	-0.672184	4.48111	-0.672184	-0.672184	4.40922	-0.672184	-0.672184	4.8372	5.80325	-0.672184	-0.672184	-0.672184	6.3336	-0.672184	5.83659	-0.672184	-0.672184	-0.672184	-0.672184	4.18763	-0.672184	-0.672184	-0.672184	2.37234	-0.672184	-0.672184	-0.672184	-0.672184	-0.672184	-0.672184	-0.672184	-0.672184	-0.672184	2.16103	-0.672184	-0.672184	-0.672184	-0.672184	-0.672184	-0.672184	-0.672184	-0.672184	-0.672184	-0.672184	-0.672184	-0.672184	-0.672184	-0.672184	-0.672184	-0.672184	-0.672184	-0.672184	-0.672184	2.27225	-0.672184	5.91123	-0.672184	-0.672184	-0.672184	-0.672184	-0.672184	3.08902	0.937254	-0.672184	-0.672184	-0.672184	-0.672184	-0.672184	-0.672184	-0.672184	3.94294	-0.672184	-0.672184	-0.672184	-0.672184	-0.672184	-0.672184	-0.672184	-0.672184	3.40535	-0.672184	-0.672184	3.69726	4.58009	-0.672184	-0.672184	-0.672184	-0.672184	-0.672184	2.82432	-0.672184	-0.672184	-0.672184	-0.672184	-0.672184	-0.672184	-0.672184	-0.672184	4.69845	-0.672184	-0.672184	-0.672184	-0.672184	-0.672184	-0.672184	-0.672184	-0.672184	-0.672184	-0.672184	-0.672184	4.37124	-0.672184	-0.672184	-0.672184	-0.672184	-0.672184	3.56192	-0.672184	-0.672184	-0.672184	2.69511	-0.672184	-0.672184	-0.672184	4.23309	-0.672184	-0.672184	-0.672184	3.40535	-0.672184	-0.672184	-0.672184	-0.672184	-0.672184	-0.672184	4.42157	-0.672184	-0.672184	4.54817	-0.672184	-0.672184	2.16103	-0.672184	-0.672184	-0.672184	-0.672184	-0.672184	-0.672184
SRR18595769	-0.439579	-0.439579	-0.439579	-0.439579	-0.439579	-0.439579	-0.439579	-0.439579	-0.439579	-0.439579	-0.439579	-0.439579	-0.439579	-0.439579	-0.439579	-0.439579	-0.439579	-0.439579	-0.439579	-0.439579	-0.439579	-0.439579	-0.439579	-0.439579	-0.439579	-0.439579	-0.439579	-0.439579	-0.439579	-0.439579	-0.439579	-0.439579	-0.439579	-0.439579	-0.439579	-0.439579	-0.439579	-0.439579	-0.439579	-0.439579	-0.439579	-0.439579	-0.439579	3.87791	-0.439579	-0.439579	5.44374	-0.439579	-0.439579	-0.439579	-0.439579	-0.439579	-0.439579	-0.439579	-0.439579	2.99441	-0.439579	-0.439579	-0.439579	-0.439579	-0.439579	-0.439579	-0.439579	-0.439579	-0.439579	-0.439579	-0.439579	-0.439579	-0.439579	-0.439579	-0.439579	-0.439579	-0.439579	-0.439579	-0.439579	-0.439579	-0.439579	-0.439579	-0.439579	-0.439579	-0.439579	-0.439579	-0.439579	-0.439579	-0.439579	-0.439579	-0.439579	-0.439579	-0.439579	-0.439579	-0.439579	-0.439579	6.06321	2.99441	-0.439579	5.02848	-0.439579	2.85626	3.87791	4.17554	-0.439579	-0.439579	-0.439579	-0.439579	-0.439579	5.39815	-0.439579	-0.439579	4.02633	-0.439579	-0.439579	-0.439579	-0.439579	-0.439579	-0.439579	-0.439579	-0.439579	-0.439579	-0.439579	-0.439579	-0.439579	-0.439579	-0.439579	5.07787	6.64129	-0.439579	-0.439579	-0.439579	-0.439579	-0.439579	-0.439579	2.99441	-0.439579	-0.439579	-0.439579	-0.439579	-0.439579	-0.439579	-0.439579	-0.439579	-0.439579	-0.439579	-0.439579	-0.439579	-0.439579	-0.439579	-0.439579	-0.439579	2.12537	-0.439579	-0.439579	-0.439579	-0.439579	-0.439579	-0.439579	-0.439579	-0.439579	-0.439579	-0.439579	-0.439579	-0.439579	-0.439579	-0.439579	-0.439579	-0.439579	-0.439579	-0.439579	-0.439579	-0.439579	-0.439579	-0.439579	-0.439579	-0.439579	-0.439579	-0.439579	-0.439579	-0.439579	-0.439579	-0.439579	2.26847	-0.439579	-0.439579	-0.439579	-0.439579	-0.439579	-0.439579	-0.439579	-0.439579	-0.439579	-0.439579	-0.439579	-0.439579	-0.439579	-0.439579	6.50064	-0.439579	-0.439579	-0.439579	-0.439579	2.7793	-0.439579	-0.439579	-0.439579	-0.439579	-0.439579	2.50486	-0.439579	-0.439579	-0.439579	-0.439579	-0.439579	-0.439579	-0.439579	2.39363	-0.439579	6.46517	-0.439579	-0.439579	-0.439579	-0.439579	-0.439579	-0.439579	-0.439579	-0.439579	-0.439579	-0.439579	3.32162	-0.439579	-0.439579	-0.439579	-0.439579	5.14015	-0.439579	-0.439579	-0.439579	-0.439579	-0.439579	-0.439579	-0.439579
SRR18595770	-0.873786	-0.873786	-0.873786	-0.873786	-0.873786	-0.873786	-0.873786	-0.873786	-0.873786	2.17074	-0.873786	-0.873786	-0.873786	4.06069	-0.873786	-0.873786	1.32344	-0.873786	-0.873786	-0.873786	-0.873786	-0.873786	4.45893	-0.873786	-0.873786	-0.873786	-0.873786	-0.873786	-0.873786	-0.873786	4.46855	-0.873786	-0.873786	-0.873786	-0.873786	-0.873786	-0.873786	-0.873786	-0.873786	-0.873786	1.83426	-0.873786	-0.873786	4.55116	-0.873786	-0.873786	3.16927	-0.873786	2.62272	-0.873786	-0.873786	-0.873786	-0.873786	-0.873786	-0.873786	-0.873786	-0.873786	2.73713	-0.873786	-0.873786	-0.873786	-0.873786	-0.873786	-0.873786	3.8536	-0.873786	-0.873786	-0.873786	-0.873786	-0.873786	-0.873786	-0.873786	-0.873786	-0.873786	-0.873786	-0.873786	-0.873786	-0.873786	-0.873786	4.34657	-0.873786	-0.873786	-0.873786	-0.873786	-0.873786	-0.873786	-0.873786	-0.873786	-0.873786	-0.873786	-0.873786	-0.873786	4.99833	-0.873786	-0.873786	3.3006	-0.873786	-0.873786	3.26935	-0.873786	-0.873786	1.69116	2.34509	3.23709	-0.873786	3.9704	-0.873786	-0.873786	-0.873786	-0.873786	1.32344	-0.873786	2.88741	-0.873786	-0.873786	-0.873786	4.18246	6.84357	4.93436	-0.873786	-0.873786	-0.873786	-0.873786	2.78978	2.34509	-0.873786	-0.873786	-0.873786	6.43877	-0.873786	-0.873786	-0.873786	-0.873786	-0.873786	4.00141	-0.873786	-0.873786	-0.873786	-0.873786	-0.873786	-0.873786	-0.873786	-0.873786	-0.873786	2.49351	-0.873786	1.95943	-0.873786	-0.873786	-0.873786	-0.873786	-0.873786	-0.873786	-0.873786	-0.873786	2.42205	-0.873786	-0.873786	-0.873786	-0.873786	-0.873786	5.03158	-0.873786	-0.873786	-0.873786	-0.873786	-0.873786	-0.873786	3.70093	-0.873786	2.42205	-0.873786	-0.873786	-0.873786	7.27031	-0.873786	-0.873786	-0.873786	-0.873786	-0.873786	-0.873786	-0.873786	-0.873786	-0.873786	-0.873786	-0.873786	-0.873786	-0.873786	-0.873786	1.52411	-0.873786	-0.873786	-0.873786	-0.873786	2.78978	-0.873786	-0.873786	-0.873786	-0.873786	-0.873786	-0.873786	4.87242	3.9704	-0.873786	-0.873786	-0.873786	-0.873786	2.62272	-0.873786	-0.873786	-0.873786	-0.873786	-0.873786	4.23216	-0.873786	6.4361	-0.873786	-0.873786	-0.873786	3.16927	-0.873786	-0.873786	4.64367	-0.873786	-0.873786	-0.873786	6.52561	-0.873786	-0.873786	-0.873786	1.69116	-0.873786	-0.873786	-0.873786	-0.873786	-0.873786	1.83426	-0.873786	-0.873786
SRR18595771	-0.526506	-0.526506	-0.526506	-0.526506	-0.526506	-0.526506	-0.526506	-0.526506	-0.526506	3.51655	-0.526506	-0.526506	-0.526506	-0.526506	-0.526506	-0.526506	3.32364	-0.526506	-0.526506	-0.526506	-0.526506	-0.526506	-0.526506	-0.526506	-0.526506	-0.526506	-0.526506	-0.526506	-0.526506	-0.526506	-0.526506	-0.526506	-0.526506	-0.526506	-0.526506	-0.526506	-0.526506	-0.526506	-0.526506	-0.526506	-0.526506	-0.526506	-0.526506	4.00609	-0.526506	-0.526506	4.20088	-0.526506	2.18154	-0.526506	-0.526506	-0.526506	-0.526506	2.97	-0.526506	-0.526506	-0.526506	-0.526506	-0.526506	-0.526506	-0.526506	-0.526506	-0.526506	-0.526506	-0.526506	-0.526506	-0.526506	-0.526506	-0.526506	-0.526506	-0.526506	-0.526506	-0.526506	-0.526506	-0.526506	-0.526506	-0.526506	-0.526506	-0.526506	4.12745	-0.526506	-0.526506	-0.526506	-0.526506	-0.526506	-0.526506	-0.526506	-0.526506	-0.526506	-0.526506	-0.526506	-0.526506	-0.526506	-0.526506	-0.526506	4.63828	-0.526506	-0.526506	4.96656	6.29678	2.84079	-0.526506	-0.526506	2.90748	-0.526506	5.78885	-0.526506	-0.526506	-0.526506	-0.526506	4.21843	-0.526506	2.97	-0.526506	-0.526506	-0.526506	-0.526506	-0.526506	-0.526506	-0.526506	-0.526506	-0.526506	-0.526506	-0.526506	-0.526506	-0.526506	-0.526506	-0.526506	-0.526506	-0.526506	-0.526506	-0.526506	-0.526506	-0.526506	-0.526506	-0.526506	-0.526506	-0.526506	-0.526506	-0.526506	-0.526506	-0.526506	-0.526506	-0.526506	-0.526506	-0.526506	6.48471	-0.526506	-0.526506	-0.526506	-0.526506	-0.526506	-0.526506	-0.526506	-0.526506	-0.526506	-0.526506	-0.526506	-0.526506	-0.526506	-0.526506	3.02884	-0.526506	-0.526506	-0.526506	2.18154	-0.526506	-0.526506	2.18154	-0.526506	-0.526506	-0.526506	-0.526506	5.26345	5.15367	-0.526506	-0.526506	-0.526506	-0.526506	-0.526506	-0.526506	-0.526506	-0.526506	-0.526506	-0.526506	-0.526506	-0.526506	-0.526506	-0.526506	-0.526506	-0.526506	-0.526506	-0.526506	-0.526506	5.68208	-0.526506	-0.526506	-0.526506	-0.526506	-0.526506	-0.526506	-0.526506	3.76395	-0.526506	-0.526506	-0.526506	-0.526506	-0.526506	-0.526506	-0.526506	-0.526506	-0.526506	-0.526506	-0.526506	-0.526506	6.1913	-0.526506	-0.526506	2.30671	2.69237	-0.526506	-0.526506	2.69237	-0.526506	-0.526506	-0.526506	4.51692	-0.526506	-0.526506	-0.526506	-0.526506	-0.526506	-0.526506	-0.526506	-0.526506	-0.526506	-0.526506	-0.526506	-0.526506
SRR18595772	-0.690562	-0.690562	-0.690562	-0.690562	-0.690562	-0.690562	-0.690562	-0.690562	-0.690562	-0.690562	-0.690562	-0.690562	-0.690562	4.03683	-0.690562	-0.690562	-0.690562	-0.690562	-0.690562	-0.690562	-0.690562	-0.690562	-0.690562	-0.690562	-0.690562	-0.690562	-0.690562	-0.690562	4.94065	3.9634	-0.690562	-0.690562	-0.690562	-0.690562	-0.690562	-0.690562	-0.690562	-0.690562	-0.690562	-0.690562	-0.690562	-0.690562	2.25388	3.35249	-0.690562	-0.690562	3.67889	2.44493	4.79423	-0.690562	-0.690562	-0.690562	-0.690562	-0.690562	-0.690562	-0.690562	-0.690562	-0.690562	-0.690562	2.44493	-0.690562	-0.690562	-0.690562	-0.690562	-0.690562	-0.690562	-0.690562	-0.690562	-0.690562	-0.690562	-0.690562	-0.690562	-0.690562	-0.690562	-0.690562	-0.690562	-0.690562	-0.690562	-0.690562	-0.690562	-0.690562	-0.690562	-0.690562	-0.690562	-0.690562	2.60527	-0.690562	-0.690562	-0.690562	-0.690562	-0.690562	-0.690562	5.77558	-0.690562	-0.690562	5.00988	-0.690562	-0.690562	3.67889	-0.690562	-0.690562	-0.690562	-0.690562	3.57212	-0.690562	7.50835	-0.690562	-0.690562	-0.690562	4.62264	-0.690562	-0.690562	3.24126	-0.690562	-0.690562	-0.690562	-0.690562	-0.690562	-0.690562	2.52831	-0.690562	-0.690562	-0.690562	3.57212	-0.690562	-0.690562	-0.690562	-0.690562	-0.690562	-0.690562	-0.690562	-0.690562	-0.690562	-0.690562	-0.690562	-0.690562	-0.690562	-0.690562	-0.690562	-0.690562	-0.690562	-0.690562	7.93117	-0.690562	-0.690562	-0.690562	5.56519	-0.690562	-0.690562	-0.690562	-0.690562	-0.690562	-0.690562	-0.690562	-0.690562	-0.690562	-0.690562	-0.690562	-0.690562	-0.690562	-0.690562	4.32672	-0.690562	-0.690562	-0.690562	-0.690562	4.18464	-0.690562	3.38698	-0.690562	-0.690562	-0.690562	-0.690562	4.35286	3.79807	-0.690562	-0.690562	-0.690562	-0.690562	-0.690562	-0.690562	-0.690562	-0.690562	-0.690562	-0.690562	-0.690562	-0.690562	-0.690562	-0.690562	-0.690562	-0.690562	-0.690562	-0.690562	-0.690562	-0.690562	-0.690562	-0.690562	-0.690562	-0.690562	-0.690562	-0.690562	-0.690562	5.04278	-0.690562	-0.690562	-0.690562	-0.690562	-0.690562	-0.690562	-0.690562	-0.690562	-0.690562	-0.690562	2.52831	-0.690562	5.7278	-0.690562	-0.690562	-0.690562	3.31677	-0.690562	-0.690562	5.61022	-0.690562	-0.690562	-0.690562	-0.690562	-0.690562	-0.690562	-0.690562	-0.690562	-0.690562	-0.690562	-0.690562	3.42031	-0.690562	2.14265	-0.690562	6.20613
SRR18595773	-0.947252	-0.947252	-0.947252	-0.947252	-0.947252	-0.947252	-0.947252	-0.947252	2.81395	-0.947252	-0.947252	-0.947252	-0.947252	-0.947252	-0.947252	-0.947252	4.64	-0.947252	-0.947252	2.54926	-0.947252	-0.947252	-0.947252	-0.947252	-0.947252	-0.947252	-0.947252	-0.947252	-0.947252	3.64787	-0.947252	-0.947252	-0.947252	-0.947252	-0.947252	-0.947252	-0.947252	-0.947252	-0.947252	-0.947252	-0.947252	-0.947252	3.16362	5.19908	-0.947252	2.34858	3.78014	-0.947252	3.68748	-0.947252	-0.947252	-0.947252	-0.947252	-0.947252	-0.947252	-0.947252	-0.947252	-0.947252	-0.947252	-0.947252	-0.947252	-0.947252	-0.947252	-0.947252	2.42004	-0.947252	-0.947252	-0.947252	-0.947252	-0.947252	-0.947252	-0.947252	-0.947252	-0.947252	-0.947252	-0.947252	-0.947252	-0.947252	-0.947252	4.42339	-0.947252	-0.947252	-0.947252	2.09727	-0.947252	-0.947252	-0.947252	-0.947252	-0.947252	-0.947252	1.88596	-0.947252	5.37172	-0.947252	-0.947252	4.54581	-0.947252	-0.947252	4.39508	6.10978	-0.947252	-0.947252	-0.947252	3.86493	-0.947252	5.81548	-0.947252	-0.947252	-0.947252	2.48674	-0.947252	-0.947252	4.86688	-0.947252	-0.947252	-0.947252	-0.947252	-0.947252	3.51866	2.71631	-0.947252	-0.947252	-0.947252	-0.947252	4.75319	-0.947252	-0.947252	-0.947252	-0.947252	-0.947252	-0.947252	-0.947252	-0.947252	-0.947252	4.5702	-0.947252	-0.947252	-0.947252	-0.947252	-0.947252	3.4954	-0.947252	-0.947252	-0.947252	-0.947252	-0.947252	6.59018	-0.947252	-0.947252	-0.947252	-0.947252	-0.947252	-0.947252	-0.947252	-0.947252	4.53754	-0.947252	-0.947252	-0.947252	-0.947252	-0.947252	3.7441	-0.947252	-0.947252	-0.947252	-0.947252	-0.947252	-0.947252	3.92795	-0.947252	-0.947252	-0.947252	-0.947252	5.72351	6.99689	-0.947252	-0.947252	-0.947252	1.88596	-0.947252	-0.947252	-0.947252	-0.947252	-0.947252	-0.947252	-0.947252	-0.947252	-0.947252	-0.947252	-0.947252	-0.947252	-0.947252	-0.947252	-0.947252	2.6081	-0.947252	-0.947252	-0.947252	-0.947252	-0.947252	-0.947252	4.99555	5.00078	-0.947252	-0.947252	-0.947252	-0.947252	3.9431	-0.947252	-0.947252	-0.947252	-0.947252	-0.947252	3.58535	-0.947252	6.73845	-0.947252	-0.947252	4.4777	3.4954	-0.947252	-0.947252	3.81492	-0.947252	-0.947252	-0.947252	5.86948	-0.947252	-0.947252	-0.947252	-0.947252	-0.947252	-0.947252	-0.947252	-0.947252	-0.947252	3.76228	-0.947252	2.9029
SRR18595774	-0.777336	-0.777336	-0.777336	-0.777336	-0.777336	-0.777336	-0.777336	-0.777336	-0.777336	-0.777336	-0.777336	-0.777336	-0.777336	-0.777336	-0.777336	-0.777336	4.76393	-0.777336	-0.777336	-0.777336	-0.777336	-0.777336	2.5185	-0.777336	-0.777336	-0.777336	-0.777336	-0.777336	-0.777336	-0.777336	-0.777336	-0.777336	-0.777336	1.93071	-0.777336	-0.777336	-0.777336	-0.777336	-0.777336	-0.777336	-0.777336	-0.777336	2.26719	3.66532	-0.777336	1.78761	-0.777336	2.05588	4.38745	-0.777336	-0.777336	-0.777336	-0.777336	-0.777336	-0.777336	-0.777336	-0.777336	-0.777336	-0.777336	1.93071	-0.777336	-0.777336	-0.777336	-0.777336	3.48534	-0.777336	-0.777336	-0.777336	-0.777336	-0.777336	-0.777336	-0.777336	-0.777336	-0.777336	-0.777336	-0.777336	-0.777336	-0.777336	-0.777336	3.26572	-0.777336	-0.777336	-0.777336	-0.777336	-0.777336	-0.777336	-0.777336	-0.777336	-0.777336	-0.777336	-0.777336	-0.777336	4.74812	-0.777336	-0.777336	2.88623	-0.777336	-0.777336	2.98386	3.83778	-0.777336	-0.777336	-0.777336	2.65665	-0.777336	5.75208	-0.777336	-0.777336	-0.777336	-0.777336	2.98386	-0.777336	3.26572	-0.777336	-0.777336	-0.777336	-0.777336	-0.777336	4.1994	2.71917	-0.777336	-0.777336	-0.777336	2.83358	5.71035	-0.777336	-0.777336	-0.777336	-0.777336	-0.777336	-0.777336	-0.777336	-0.777336	-0.777336	4.92311	-0.777336	-0.777336	-0.777336	-0.777336	2.83358	-0.777336	-0.777336	-0.777336	-0.777336	1.93071	-0.777336	4.66508	-0.777336	-0.777336	-0.777336	-0.777336	-0.777336	-0.777336	-0.777336	-0.777336	4.36433	-0.777336	-0.777336	-0.777336	-0.777336	-0.777336	-0.777336	-0.777336	-0.777336	-0.777336	2.44154	2.71917	-0.777336	3.07281	-0.777336	-0.777336	-0.777336	-0.777336	3.3658	6.78014	-0.777336	-0.777336	-0.777336	-0.777336	-0.777336	-0.777336	-0.777336	-0.777336	-0.777336	-0.777336	-0.777336	-0.777336	-0.777336	-0.777336	-0.777336	-0.777336	-0.777336	-0.777336	-0.777336	-0.777336	-0.777336	-0.777336	-0.777336	-0.777336	-0.777336	-0.777336	5.19647	5.73738	-0.777336	-0.777336	-0.777336	-0.777336	4.11301	-0.777336	-0.777336	-0.777336	-0.777336	-0.777336	2.83358	-0.777336	4.9364	-0.777336	-0.777336	3.59211	2.44154	-0.777336	-0.777336	1.62056	-0.777336	-0.777336	-0.777336	4.96246	-0.777336	-0.777336	-0.777336	-0.777336	-0.777336	-0.777336	-0.777336	-0.777336	-0.777336	3.19296	-0.777336	-0.777336
SRR18595775	-0.680735	-0.680735	-0.680735	-0.680735	-0.680735	-0.680735	-0.680735	-0.680735	-0.680735	2.53814	-0.680735	-0.680735	-0.680735	-0.680735	-0.680735	-0.680735	-0.680735	-0.680735	-0.680735	2.15248	-0.680735	-0.680735	-0.680735	-0.680735	-0.680735	-0.680735	-0.680735	-0.680735	-0.680735	-0.680735	-0.680735	-0.680735	-0.680735	-0.680735	-0.680735	-0.680735	-0.680735	-0.680735	-0.680735	-0.680735	-0.680735	-0.680735	-0.680735	3.43014	-0.680735	-0.680735	4.63247	3.25109	3.25109	-0.680735	-0.680735	-0.680735	-0.680735	-0.680735	-0.680735	2.6151	-0.680735	-0.680735	-0.680735	1.71716	-0.680735	-0.680735	-0.680735	-0.680735	-0.680735	-0.680735	-0.680735	-0.680735	-0.680735	-0.680735	-0.680735	-0.680735	-0.680735	-0.680735	-0.680735	-0.680735	-0.680735	-0.680735	-0.680735	2.6151	-0.680735	-0.680735	-0.680735	-0.680735	-0.680735	2.81577	-0.680735	-0.680735	-0.680735	-0.680735	-0.680735	-0.680735	6.29	-0.680735	-0.680735	4.86053	-0.680735	-0.680735	4.95048	6.26528	-0.680735	-0.680735	-0.680735	3.73811	-0.680735	4.90651	-0.680735	-0.680735	-0.680735	3.3968	2.2637	-0.680735	4.3497	-0.680735	-0.680735	-0.680735	-0.680735	-0.680735	-0.680735	2.81577	-0.680735	-0.680735	-0.680735	-0.680735	-0.680735	-0.680735	-0.680735	-0.680735	-0.680735	-0.680735	-0.680735	-0.680735	-0.680735	-0.680735	-0.680735	-0.680735	-0.680735	-0.680735	-0.680735	-0.680735	1.51649	-0.680735	-0.680735	-0.680735	-0.680735	-0.680735	6.0443	-0.680735	-0.680735	-0.680735	-0.680735	-0.680735	-0.680735	-0.680735	-0.680735	2.53814	-0.680735	-0.680735	-0.680735	-0.680735	-0.680735	4.56101	-0.680735	-0.680735	-0.680735	-0.680735	2.75325	-0.680735	4.3097	-0.680735	-0.680735	-0.680735	-0.680735	5.88875	4.84472	-0.680735	-0.680735	-0.680735	-0.680735	-0.680735	-0.680735	-0.680735	-0.680735	-0.680735	-0.680735	-0.680735	-0.680735	-0.680735	-0.680735	-0.680735	-0.680735	-0.680735	-0.680735	-0.680735	4.63247	-0.680735	-0.680735	-0.680735	-0.680735	-0.680735	-0.680735	-0.680735	-0.680735	-0.680735	-0.680735	-0.680735	-0.680735	2.53814	-0.680735	-0.680735	-0.680735	2.45476	-0.680735	1.71716	-0.680735	6.44936	-0.680735	2.6151	-0.680735	2.36379	-0.680735	-0.680735	3.89398	-0.680735	-0.680735	-0.680735	5.53187	-0.680735	-0.680735	-0.680735	-0.680735	-0.680735	-0.680735	-0.680735	-0.680735	-0.680735	-0.680735	-0.680735	-0.680735
SRR18595776	-0.468727	-0.468727	-0.468727	-0.468727	-0.468727	-0.468727	2.89857	-0.468727	4.67294	-0.468727	-0.468727	-0.468727	-0.468727	4.22262	-0.468727	-0.468727	-0.468727	-0.468727	-0.468727	-0.468727	-0.468727	-0.468727	-0.468727	-0.468727	-0.468727	-0.468727	-0.468727	-0.468727	-0.468727	-0.468727	-0.468727	-0.468727	-0.468727	-0.468727	-0.468727	-0.468727	-0.468727	-0.468727	-0.468727	-0.468727	-0.468727	-0.468727	-0.468727	4.5747	-0.468727	1.7285	4.54855	3.97392	-0.468727	-0.468727	-0.468727	-0.468727	-0.468727	3.64215	-0.468727	-0.468727	-0.468727	-0.468727	-0.468727	-0.468727	-0.468727	-0.468727	-0.468727	-0.468727	-0.468727	-0.468727	-0.468727	-0.468727	-0.468727	-0.468727	-0.468727	-0.468727	-0.468727	-0.468727	-0.468727	-0.468727	-0.468727	-0.468727	-0.468727	-0.468727	-0.468727	-0.468727	-0.468727	-0.468727	-0.468727	-0.468727	-0.468727	-0.468727	-0.468727	-0.468727	-0.468727	-0.468727	5.52023	-0.468727	-0.468727	5.04873	-0.468727	-0.468727	3.82173	5.55472	-0.468727	-0.468727	-0.468727	3.33794	-0.468727	5.9365	-0.468727	-0.468727	-0.468727	-0.468727	-0.468727	-0.468727	-0.468727	-0.468727	-0.468727	-0.468727	-0.468727	-0.468727	-0.468727	5.16963	-0.468727	-0.468727	-0.468727	-0.468727	-0.468727	-0.468727	-0.468727	-0.468727	-0.468727	-0.468727	-0.468727	-0.468727	-0.468727	-0.468727	-0.468727	-0.468727	-0.468727	-0.468727	-0.468727	-0.468727	-0.468727	-0.468727	-0.468727	-0.468727	-0.468727	-0.468727	6.14734	-0.468727	-0.468727	-0.468727	-0.468727	-0.468727	-0.468727	-0.468727	-0.468727	3.19483	-0.468727	-0.468727	-0.468727	-0.468727	-0.468727	-0.468727	-0.468727	-0.468727	-0.468727	-0.468727	-0.468727	-0.468727	-0.468727	-0.468727	-0.468727	-0.468727	-0.468727	4.63722	2.23932	-0.468727	-0.468727	-0.468727	2.47571	-0.468727	-0.468727	-0.468727	-0.468727	-0.468727	-0.468727	-0.468727	-0.468727	-0.468727	-0.468727	-0.468727	-0.468727	-0.468727	-0.468727	-0.468727	4.3104	-0.468727	-0.468727	-0.468727	-0.468727	-0.468727	-0.468727	2.5758	-0.468727	-0.468727	-0.468727	-0.468727	-0.468727	-0.468727	-0.468727	-0.468727	-0.468727	-0.468727	-0.468727	-0.468727	-0.468727	7.51642	-0.468727	-0.468727	-0.468727	-0.468727	-0.468727	-0.468727	3.02778	-0.468727	-0.468727	-0.468727	-0.468727	-0.468727	-0.468727	-0.468727	-0.468727	-0.468727	-0.468727	-0.468727	-0.468727	-0.468727	-0.468727	-0.468727	-0.468727
SRR18595777	-0.433824	-0.433824	-0.433824	-0.433824	-0.433824	-0.433824	-0.433824	-0.433824	-0.433824	-0.433824	-0.433824	-0.433824	-0.433824	-0.433824	-0.433824	-0.433824	-0.433824	-0.433824	-0.433824	-0.433824	-0.433824	-0.433824	-0.433824	-0.433824	-0.433824	-0.433824	-0.433824	-0.433824	-0.433824	1.96407	-0.433824	-0.433824	-0.433824	-0.433824	-0.433824	-0.433824	-0.433824	-0.433824	-0.433824	-0.433824	-0.433824	-0.433824	-0.433824	2.27423	-0.433824	-0.433824	4.9999	3.85664	2.13113	-0.433824	-0.433824	-0.433824	-0.433824	3.17709	-0.433824	-0.433824	-0.433824	-0.433824	-0.433824	-0.433824	-0.433824	-0.433824	-0.433824	-0.433824	-0.433824	-0.433824	-0.433824	-0.433824	-0.433824	-0.433824	-0.433824	-0.433824	-0.433824	-0.433824	-0.433824	-0.433824	-0.433824	-0.433824	-0.433824	2.78505	-0.433824	-0.433824	-0.433824	-0.433824	-0.433824	-0.433824	-0.433824	-0.433824	-0.433824	-0.433824	-0.433824	-0.433824	-0.433824	-0.433824	-0.433824	3.57351	-0.433824	-0.433824	5.33762	5.92402	-0.433824	-0.433824	-0.433824	-0.433824	-0.433824	-0.433824	-0.433824	-0.433824	-0.433824	-0.433824	4.36197	-0.433824	4.3453	-0.433824	-0.433824	-0.433824	-0.433824	-0.433824	-0.433824	3.41632	-0.433824	-0.433824	-0.433824	-0.433824	-0.433824	-0.433824	-0.433824	-0.433824	-0.433824	-0.433824	-0.433824	-0.433824	-0.433824	-0.433824	-0.433824	-0.433824	-0.433824	-0.433824	-0.433824	-0.433824	-0.433824	-0.433824	-0.433824	-0.433824	-0.433824	-0.433824	6.50446	-0.433824	-0.433824	-0.433824	-0.433824	-0.433824	-0.433824	-0.433824	-0.433824	4.07704	-0.433824	-0.433824	-0.433824	-0.433824	-0.433824	-0.433824	-0.433824	-0.433824	-0.433824	-0.433824	-0.433824	-0.433824	-0.433824	-0.433824	-0.433824	-0.433824	-0.433824	2.39939	5.70821	-0.433824	-0.433824	-0.433824	-0.433824	-0.433824	-0.433824	-0.433824	-0.433824	-0.433824	-0.433824	-0.433824	-0.433824	-0.433824	-0.433824	-0.433824	-0.433824	-0.433824	-0.433824	-0.433824	4.63508	-0.433824	-0.433824	-0.433824	-0.433824	4.96434	-0.433824	-0.433824	-0.433824	-0.433824	-0.433824	-0.433824	-0.433824	2.13113	-0.433824	-0.433824	-0.433824	-0.433824	-0.433824	-0.433824	-0.433824	6.69146	-0.433824	3.27975	-0.433824	-0.433824	-0.433824	-0.433824	-0.433824	-0.433824	-0.433824	-0.433824	5.16829	-0.433824	-0.433824	-0.433824	-0.433824	-0.433824	-0.433824	-0.433824	-0.433824	-0.433824	-0.433824	-0.433824	-0.433824
SRR18595778	-0.678582	3.83228	0.930856	-0.678582	-0.678582	-0.678582	-0.678582	-0.678582	3.5841	-0.678582	-0.678582	-0.678582	-0.678582	-0.678582	-0.678582	-0.678582	-0.678582	-0.678582	-0.678582	-0.678582	-0.678582	-0.678582	-0.678582	-0.678582	-0.678582	-0.678582	-0.678582	-0.678582	-0.678582	3.43229	-0.678582	-0.678582	-0.678582	-0.678582	-0.678582	-0.678582	-0.678582	-0.678582	-0.678582	-0.678582	-0.678582	-0.678582	-0.678582	3.83228	-0.678582	-0.678582	6.32357	-0.678582	-0.678582	-0.678582	-0.678582	-0.678582	-0.678582	1.51864	-0.678582	-0.678582	-0.678582	-0.678582	-0.678582	-0.678582	-0.678582	2.61725	-0.678582	-0.678582	-0.678582	-0.678582	-0.678582	-0.678582	-0.678582	-0.678582	-0.678582	-0.678582	-0.678582	-0.678582	-0.678582	-0.678582	-0.678582	-0.678582	-0.678582	-0.678582	-0.678582	-0.678582	-0.678582	-0.678582	-0.678582	2.87677	-0.678582	-0.678582	-0.678582	-0.678582	-0.678582	-0.678582	4.70132	-0.678582	-0.678582	6.64062	-0.678582	-0.678582	6.28461	7.58113	-0.678582	-0.678582	-0.678582	4.40282	-0.678582	5.53402	-0.678582	-0.678582	-0.678582	1.88637	-0.678582	-0.678582	-0.678582	-0.678582	-0.678582	-0.678582	-0.678582	-0.678582	-0.678582	-0.678582	-0.678582	-0.678582	-0.678582	-0.678582	-0.678582	-0.678582	-0.678582	-0.678582	-0.678582	-0.678582	-0.678582	-0.678582	-0.678582	-0.678582	-0.678582	-0.678582	-0.678582	-0.678582	-0.678582	-0.678582	-0.678582	-0.678582	-0.678582	-0.678582	-0.678582	-0.678582	7.7187	-0.678582	-0.678582	-0.678582	-0.678582	-0.678582	-0.678582	-0.678582	-0.678582	4.14973	-0.678582	-0.678582	-0.678582	-0.678582	-0.678582	4.5088	-0.678582	-0.678582	-0.678582	-0.678582	-0.678582	-0.678582	2.75541	-0.678582	2.61725	-0.678582	-0.678582	6.05124	3.03499	-0.678582	-0.678582	-0.678582	-0.678582	-0.678582	1.26733	-0.678582	-0.678582	-0.678582	-0.678582	-0.678582	-0.678582	-0.678582	-0.678582	1.88637	-0.678582	-0.678582	-0.678582	-0.678582	-0.678582	-0.678582	-0.678582	-0.678582	-0.678582	2.81793	-0.678582	1.26733	2.61725	-0.678582	-0.678582	-0.678582	-0.678582	-0.678582	-0.678582	-0.678582	-0.678582	3.25324	-0.678582	1.51864	-0.678582	8.06575	-0.678582	-0.678582	-0.678582	1.88637	-0.678582	-0.678582	3.81005	-0.678582	-0.678582	-0.678582	5.6547	-0.678582	-0.678582	-0.678582	-0.678582	-0.678582	2.15463	-0.678582	2.54029	-0.678582	1.51864	-0.678582	-0.678582
SRR18595779	-0.659858	-0.659858	-0.659858	-0.659858	-0.659858	-0.659858	-0.659858	-0.659858	-0.659858	-0.659858	-0.659858	-0.659858	-0.659858	5.07348	-0.659858	-0.659858	-0.659858	-0.659858	-0.659858	-0.659858	-0.659858	-0.659858	-0.659858	-0.659858	-0.659858	-0.659858	-0.659858	-0.659858	2.17336	-0.659858	-0.659858	-0.659858	-0.659858	-0.659858	-0.659858	-0.659858	-0.659858	-0.659858	-0.659858	-0.659858	-0.659858	-0.659858	-0.659858	4.13593	-0.659858	-0.659858	-0.659858	-0.659858	-0.659858	-0.659858	-0.659858	-0.659858	-0.659858	-0.659858	-0.659858	-0.659858	-0.659858	-0.659858	-0.659858	-0.659858	-0.659858	-0.659858	-0.659858	-0.659858	-0.659858	-0.659858	-0.659858	-0.659858	-0.659858	-0.659858	-0.659858	-0.659858	-0.659858	-0.659858	-0.659858	-0.659858	-0.659858	-0.659858	-0.659858	-0.659858	-0.659858	-0.659858	-0.659858	-0.659858	-0.659858	3.54483	4.06753	-0.659858	-0.659858	-0.659858	-0.659858	-0.659858	4.78256	-0.659858	-0.659858	2.77413	-0.659858	-0.659858	6.28423	5.71175	-0.659858	-0.659858	-0.659858	5.43371	-0.659858	3.80605	-0.659858	-0.659858	-0.659858	-0.659858	-0.659858	-0.659858	5.23454	-0.659858	-0.659858	-0.659858	-0.659858	-0.659858	-0.659858	4.52753	-0.659858	-0.659858	-0.659858	-0.659858	-0.659858	-0.659858	-0.659858	-0.659858	-0.659858	-0.659858	-0.659858	-0.659858	-0.659858	-0.659858	-0.659858	-0.659858	-0.659858	-0.659858	-0.659858	-0.659858	-0.659858	-0.659858	-0.659858	-0.659858	4.42155	3.80605	5.83692	-0.659858	-0.659858	-0.659858	-0.659858	-0.659858	-0.659858	-0.659858	-0.659858	4.40905	-0.659858	-0.659858	-0.659858	-0.659858	-0.659858	3.851	-0.659858	-0.659858	-0.659858	-0.659858	-0.659858	-0.659858	5.80317	-0.659858	2.04819	-0.659858	-0.659858	4.16846	7.37185	-0.659858	-0.659858	-0.659858	-0.659858	-0.659858	-0.659858	-0.659858	-0.659858	-0.659858	-0.659858	-0.659858	-0.659858	-0.659858	-0.659858	3.41768	-0.659858	-0.659858	-0.659858	-0.659858	-0.659858	-0.659858	-0.659858	-0.659858	-0.659858	-0.659858	-0.659858	4.94226	-0.659858	-0.659858	-0.659858	-0.659858	5.59972	2.28458	-0.659858	-0.659858	-0.659858	-0.659858	-0.659858	4.45814	-0.659858	7.58105	-0.659858	-0.659858	-0.659858	-0.659858	-0.659858	-0.659858	-0.659858	-0.659858	-0.659858	-0.659858	6.97786	-0.659858	-0.659858	-0.659858	-0.659858	-0.659858	3.38319	-0.659858	-0.659858	-0.659858	-0.659858	-0.659858	-0.659858
SRR18595780	-0.420339	-0.420339	-0.420339	-0.420339	-0.420339	-0.420339	-0.420339	-0.420339	-0.420339	-0.420339	-0.420339	-0.420339	-0.420339	-0.420339	-0.420339	-0.420339	-0.420339	-0.420339	-0.420339	-0.420339	-0.420339	-0.420339	-0.420339	-0.420339	-0.420339	-0.420339	-0.420339	-0.420339	4.09052	-0.420339	-0.420339	-0.420339	-0.420339	-0.420339	-0.420339	-0.420339	-0.420339	-0.420339	-0.420339	-0.420339	-0.420339	-0.420339	-0.420339	3.89715	-0.420339	-0.420339	4.09052	-0.420339	-0.420339	-0.420339	-0.420339	-0.420339	-0.420339	-0.420339	-0.420339	-0.420339	-0.420339	-0.420339	-0.420339	-0.420339	-0.420339	-0.420339	-0.420339	-0.420339	-0.420339	-0.420339	-0.420339	-0.420339	-0.420339	-0.420339	-0.420339	-0.420339	-0.420339	-0.420339	-0.420339	-0.420339	-0.420339	-0.420339	-0.420339	-0.420339	-0.420339	-0.420339	-0.420339	-0.420339	-0.420339	4.93152	-0.420339	-0.420339	-0.420339	-0.420339	-0.420339	-0.420339	-0.420339	-0.420339	-0.420339	-0.420339	-0.420339	-0.420339	5.00461	-0.420339	-0.420339	3.47148	-0.420339	2.94696	-0.420339	5.07272	-0.420339	-0.420339	-0.420339	-0.420339	4.54251	-0.420339	1.77689	-0.420339	-0.420339	-0.420339	-0.420339	-0.420339	-0.420339	-0.420339	-0.420339	-0.420339	-0.420339	-0.420339	-0.420339	-0.420339	-0.420339	-0.420339	-0.420339	-0.420339	-0.420339	-0.420339	-0.420339	-0.420339	-0.420339	-0.420339	-0.420339	-0.420339	-0.420339	-0.420339	2.94696	-0.420339	-0.420339	-0.420339	-0.420339	-0.420339	4.67341	-0.420339	-0.420339	-0.420339	-0.420339	-0.420339	-0.420339	-0.420339	-0.420339	-0.420339	-0.420339	-0.420339	-0.420339	-0.420339	-0.420339	4.15437	-0.420339	-0.420339	-0.420339	-0.420339	-0.420339	-0.420339	2.79854	-0.420339	-0.420339	-0.420339	-0.420339	6.31425	3.07617	-0.420339	-0.420339	-0.420339	-0.420339	-0.420339	-0.420339	-0.420339	-0.420339	-0.420339	-0.420339	-0.420339	-0.420339	-0.420339	-0.420339	-0.420339	-0.420339	-0.420339	-0.420339	-0.420339	3.84234	-0.420339	-0.420339	-0.420339	-0.420339	-0.420339	-0.420339	-0.420339	1.97756	-0.420339	-0.420339	1.97756	-0.420339	-0.420339	-0.420339	-0.420339	-0.420339	-0.420339	-0.420339	2.8755	-0.420339	4.43947	-0.420339	-0.420339	-0.420339	3.01365	-0.420339	-0.420339	2.71516	-0.420339	-0.420339	-0.420339	-0.420339	-0.420339	-0.420339	-0.420339	-0.420339	-0.420339	2.79854	-0.420339	2.5241	-0.420339	-0.420339	-0.420339	-0.420339
SRR18595781	-0.751063	-0.751063	-0.751063	-0.751063	-0.751063	-0.751063	-0.751063	-0.751063	-0.751063	2.46781	-0.751063	-0.751063	-0.751063	-0.751063	-0.751063	-0.751063	2.54477	-0.751063	-0.751063	-0.751063	-0.751063	-0.751063	-0.751063	-0.751063	-0.751063	-0.751063	-0.751063	-0.751063	-0.751063	-0.751063	-0.751063	-0.751063	-0.751063	-0.751063	-0.751063	-0.751063	-0.751063	-0.751063	-0.751063	-0.751063	-0.751063	-0.751063	2.29346	4.55224	-0.751063	-0.751063	4.48005	-0.751063	3.94029	-0.751063	-0.751063	-0.751063	-0.751063	4.04473	-0.751063	1.44616	-0.751063	-0.751063	-0.751063	-0.751063	-0.751063	-0.751063	-0.751063	-0.751063	-0.751063	-0.751063	-0.751063	-0.751063	-0.751063	-0.751063	-0.751063	-0.751063	-0.751063	-0.751063	-0.751063	-0.751063	-0.751063	-0.751063	-0.751063	-0.751063	-0.751063	-0.751063	-0.751063	-0.751063	-0.751063	-0.751063	-0.751063	-0.751063	-0.751063	-0.751063	-0.751063	-0.751063	5.90951	-0.751063	-0.751063	2.85986	-0.751063	-0.751063	3.59274	3.48304	-0.751063	-0.751063	-0.751063	2.68292	-0.751063	6.12107	-0.751063	-0.751063	-0.751063	-0.751063	-0.751063	-0.751063	5.78997	-0.751063	-0.751063	-0.751063	-0.751063	-0.751063	-0.751063	-0.751063	-0.751063	-0.751063	-0.751063	-0.751063	-0.751063	-0.751063	-0.751063	-0.751063	-0.751063	-0.751063	-0.751063	-0.751063	-0.751063	-0.751063	4.33034	-0.751063	-0.751063	-0.751063	-0.751063	-0.751063	3.7598	-0.751063	-0.751063	-0.751063	1.95699	-0.751063	5.50469	-0.751063	-0.751063	-0.751063	-0.751063	-0.751063	-0.751063	-0.751063	-0.751063	4.80577	-0.751063	-0.751063	-0.751063	-0.751063	-0.751063	3.39207	-0.751063	-0.751063	-0.751063	-0.751063	1.81389	-0.751063	3.42332	-0.751063	-0.751063	-0.751063	-0.751063	3.61839	7.04252	-0.751063	-0.751063	-0.751063	6.07873	-0.751063	-0.751063	-0.751063	-0.751063	-0.751063	-0.751063	-0.751063	-0.751063	-0.751063	-0.751063	-0.751063	-0.751063	-0.751063	-0.751063	-0.751063	-0.751063	-0.751063	-0.751063	-0.751063	-0.751063	4.29236	-0.751063	5.35596	3.88367	-0.751063	-0.751063	-0.751063	-0.751063	3.48304	-0.751063	-0.751063	-0.751063	-0.751063	-0.751063	3.99387	-0.751063	6.14563	-0.751063	-0.751063	5.14334	3.01014	-0.751063	-0.751063	4.22567	-0.751063	-0.751063	-0.751063	6.21779	-0.751063	-0.751063	-0.751063	-0.751063	-0.751063	-0.751063	-0.751063	-0.751063	-0.751063	4.02806	-0.751063	-0.751063
SRR18595782	-0.407657	-0.407657	-0.407657	-0.407657	-0.407657	-0.407657	-0.407657	-0.407657	-0.407657	-0.407657	-0.407657	-0.407657	-0.407657	3.66988	-0.407657	-0.407657	-0.407657	-0.407657	-0.407657	-0.407657	-0.407657	-0.407657	-0.407657	-0.407657	-0.407657	-0.407657	-0.407657	-0.407657	-0.407657	-0.407657	-0.407657	-0.407657	-0.407657	-0.407657	-0.407657	-0.407657	-0.407657	-0.407657	-0.407657	-0.407657	-0.407657	-0.407657	-0.407657	3.30592	-0.407657	-0.407657	2.72784	4.60962	-0.407657	-0.407657	-0.407657	-0.407657	-0.407657	-0.407657	-0.407657	-0.407657	-0.407657	-0.407657	-0.407657	-0.407657	-0.407657	-0.407657	-0.407657	-0.407657	-0.407657	-0.407657	-0.407657	-0.407657	-0.407657	-0.407657	-0.407657	-0.407657	-0.407657	-0.407657	-0.407657	-0.407657	-0.407657	-0.407657	4.56908	-0.407657	-0.407657	-0.407657	-0.407657	-0.407657	-0.407657	-0.407657	-0.407657	-0.407657	-0.407657	-0.407657	-0.407657	-0.407657	-0.407657	-0.407657	-0.407657	-0.407657	-0.407657	-0.407657	-0.407657	3.52417	-0.407657	-0.407657	-0.407657	2.95964	-0.407657	4.68609	-0.407657	-0.407657	-0.407657	-0.407657	-0.407657	-0.407657	3.02633	-0.407657	-0.407657	-0.407657	-0.407657	-0.407657	-0.407657	4.69829	-0.407657	-0.407657	-0.407657	-0.407657	-0.407657	-0.407657	-0.407657	-0.407657	-0.407657	-0.407657	-0.407657	-0.407657	-0.407657	-0.407657	3.52417	-0.407657	-0.407657	-0.407657	-0.407657	-0.407657	3.93615	-0.407657	-0.407657	-0.407657	-0.407657	-0.407657	-0.407657	-0.407657	-0.407657	-0.407657	-0.407657	-0.407657	-0.407657	-0.407657	-0.407657	-0.407657	-0.407657	-0.407657	-0.407657	-0.407657	-0.407657	3.14769	-0.407657	-0.407657	-0.407657	-0.407657	-0.407657	-0.407657	-0.407657	-0.407657	-0.407657	-0.407657	-0.407657	-0.407657	6.08307	-0.407657	-0.407657	-0.407657	-0.407657	-0.407657	3.63539	-0.407657	-0.407657	-0.407657	-0.407657	-0.407657	-0.407657	-0.407657	-0.407657	-0.407657	-0.407657	-0.407657	-0.407657	-0.407657	-0.407657	-0.407657	-0.407657	-0.407657	-0.407657	-0.407657	-0.407657	3.35354	5.27252	-0.407657	-0.407657	-0.407657	-0.407657	-0.407657	-0.407657	-0.407657	-0.407657	5.03476	-0.407657	-0.407657	-0.407657	5.64913	-0.407657	-0.407657	-0.407657	-0.407657	-0.407657	-0.407657	4.14622	2.63687	-0.407657	-0.407657	4.26517	-0.407657	-0.407657	-0.407657	-0.407657	-0.407657	-0.407657	-0.407657	-0.407657	-0.407657	-0.407657	-0.407657	-0.407657
SRR18595783	-0.319932	-0.319932	-0.319932	-0.319932	-0.319932	-0.319932	-0.319932	-0.319932	-0.319932	2.89894	-0.319932	-0.319932	-0.319932	-0.319932	-0.319932	-0.319932	-0.319932	-0.319932	-0.319932	-0.319932	-0.319932	-0.319932	-0.319932	-0.319932	-0.319932	-0.319932	-0.319932	-0.319932	-0.319932	-0.319932	-0.319932	-0.319932	-0.319932	-0.319932	-0.319932	-0.319932	-0.319932	-0.319932	-0.319932	-0.319932	-0.319932	-0.319932	-0.319932	-0.319932	-0.319932	-0.319932	-0.319932	-0.319932	-0.319932	-0.319932	-0.319932	-0.319932	-0.319932	-0.319932	-0.319932	-0.319932	-0.319932	-0.319932	-0.319932	-0.319932	-0.319932	-0.319932	-0.319932	-0.319932	-0.319932	-0.319932	-0.319932	-0.319932	-0.319932	-0.319932	-0.319932	-0.319932	-0.319932	-0.319932	-0.319932	-0.319932	-0.319932	-0.319932	4.69735	-0.319932	-0.319932	-0.319932	-0.319932	-0.319932	-0.319932	-0.319932	-0.319932	-0.319932	-0.319932	-0.319932	-0.319932	-0.319932	-0.319932	-0.319932	-0.319932	3.79094	-0.319932	-0.319932	2.62451	-0.319932	-0.319932	-0.319932	-0.319932	-0.319932	-0.319932	-0.319932	-0.319932	-0.319932	-0.319932	-0.319932	-0.319932	-0.319932	-0.319932	-0.319932	-0.319932	-0.319932	4.55527	5.01279	-0.319932	-0.319932	-0.319932	-0.319932	-0.319932	-0.319932	-0.319932	-0.319932	-0.319932	-0.319932	4.53988	-0.319932	-0.319932	-0.319932	-0.319932	-0.319932	3.53022	-0.319932	-0.319932	-0.319932	-0.319932	-0.319932	-0.319932	-0.319932	-0.319932	-0.319932	-0.319932	-0.319932	-0.319932	-0.319932	-0.319932	-0.319932	-0.319932	-0.319932	-0.319932	-0.319932	-0.319932	-0.319932	-0.319932	-0.319932	-0.319932	-0.319932	-0.319932	-0.319932	-0.319932	-0.319932	-0.319932	-0.319932	-0.319932	-0.319932	-0.319932	-0.319932	-0.319932	-0.319932	-0.319932	-0.319932	4.98337	-0.319932	-0.319932	-0.319932	-0.319932	-0.319932	4.3896	-0.319932	-0.319932	-0.319932	-0.319932	2.89894	-0.319932	-0.319932	-0.319932	-0.319932	-0.319932	-0.319932	-0.319932	-0.319932	6.8292	-0.319932	-0.319932	-0.319932	2.24502	-0.319932	-0.319932	-0.319932	4.86745	-0.319932	-0.319932	-0.319932	-0.319932	-0.319932	-0.319932	-0.319932	-0.319932	-0.319932	-0.319932	-0.319932	-0.319932	7.45029	-0.319932	-0.319932	-0.319932	-0.319932	-0.319932	-0.319932	-0.319932	-0.319932	-0.319932	-0.319932	6.03095	-0.319932	-0.319932	-0.319932	-0.319932	-0.319932	-0.319932	-0.319932	-0.319932	-0.319932	-0.319932	-0.319932	-0.319932
SRR18595784	-0.534423	-0.534423	-0.534423	-0.534423	-0.534423	-0.534423	-0.534423	-0.534423	-0.534423	3.17915	-0.534423	-0.534423	-0.534423	4.19296	-0.534423	-0.534423	4.68593	-0.534423	-0.534423	-0.534423	-0.534423	-0.534423	-0.534423	-0.534423	-0.534423	-0.534423	-0.534423	-0.534423	-0.534423	-0.534423	-0.534423	-0.534423	-0.534423	-0.534423	-0.534423	3.97644	-0.534423	-0.534423	-0.534423	-0.534423	-0.534423	-0.534423	-0.534423	-0.534423	-0.534423	-0.534423	4.96683	-0.534423	-0.534423	-0.534423	-0.534423	-0.534423	-0.534423	-0.534423	-0.534423	-0.534423	-0.534423	-0.534423	-0.534423	-0.534423	-0.534423	-0.534423	-0.534423	-0.534423	-0.534423	3.54311	-0.534423	-0.534423	-0.534423	-0.534423	-0.534423	-0.534423	-0.534423	-0.534423	-0.534423	-0.534423	-0.534423	-0.534423	3.43587	3.78306	-0.534423	-0.534423	-0.534423	-0.534423	-0.534423	-0.534423	-0.534423	-0.534423	-0.534423	-0.534423	-0.534423	-0.534423	3.57645	-0.534423	-0.534423	-0.534423	-0.534423	-0.534423	4.13841	3.63996	-0.534423	-0.534423	-0.534423	-0.534423	-0.534423	2.60107	-0.534423	-0.534423	-0.534423	-0.534423	-0.534423	-0.534423	1.86347	-0.534423	-0.534423	-0.534423	-0.534423	-0.534423	-0.534423	-0.534423	-0.534423	-0.534423	-0.534423	-0.534423	-0.534423	-0.534423	-0.534423	-0.534423	-0.534423	-0.534423	-0.534423	-0.534423	-0.534423	-0.534423	-0.534423	-0.534423	-0.534423	-0.534423	-0.534423	-0.534423	-0.534423	-0.534423	-0.534423	-0.534423	-0.534423	-0.534423	5.65384	-0.534423	-0.534423	-0.534423	-0.534423	-0.534423	-0.534423	-0.534423	-0.534423	-0.534423	-0.534423	-0.534423	-0.534423	-0.534423	-0.534423	-0.534423	-0.534423	-0.534423	-0.534423	-0.534423	-0.534423	-0.534423	3.22678	-0.534423	-0.534423	-0.534423	-0.534423	5.62467	6.12871	-0.534423	-0.534423	-0.534423	-0.534423	-0.534423	-0.534423	-0.534423	-0.534423	-0.534423	-0.534423	-0.534423	-0.534423	-0.534423	-0.534423	-0.534423	-0.534423	-0.534423	-0.534423	2.89956	3.80938	-0.534423	-0.534423	-0.534423	-0.534423	-0.534423	-0.534423	2.89956	4.98303	-0.534423	-0.534423	-0.534423	-0.534423	-0.534423	-0.534423	-0.534423	-0.534423	2.96208	-0.534423	3.69968	-0.534423	6.37433	-0.534423	-0.534423	2.41002	4.48286	-0.534423	-0.534423	-0.534423	-0.534423	-0.534423	-0.534423	6.55315	-0.534423	-0.534423	3.47291	-0.534423	-0.534423	-0.534423	-0.534423	-0.534423	-0.534423	-0.534423	-0.534423	-0.534423
SRR18595785	-1.06953	2.78062	-1.06953	-1.06953	-1.06953	-1.06953	-1.06953	-1.06953	-1.06953	-1.06953	-1.06953	-1.06953	-1.06953	8.27543	-1.06953	-1.06953	4.01187	-1.06953	-1.06953	-1.06953	-1.06953	-1.06953	1.32837	-1.06953	-1.06953	-1.06953	-1.06953	5.85508	1.76368	3.19315	-1.06953	-1.06953	-1.06953	-1.06953	-1.06953	-1.06953	-1.06953	-1.06953	-1.06953	-1.06953	-1.06953	-1.06953	1.32837	3.46307	-1.06953	1.1277	6.71077	-1.06953	4.99658	-1.06953	-1.06953	-1.06953	-1.06953	-1.06953	-1.06953	-1.06953	-1.06953	-1.06953	-1.06953	-1.06953	-1.06953	-1.06953	-1.06953	-1.06953	2.69167	-1.06953	-1.06953	-1.06953	-1.06953	-1.06953	-1.06953	-1.06953	-1.06953	-1.06953	-1.06953	4.40693	-1.06953	-1.06953	4.55449	4.32863	-1.06953	-1.06953	-1.06953	-1.06953	-1.06953	3.27428	-1.06953	-1.06953	-1.06953	-1.06953	1.87491	-1.06953	3.29992	-1.06953	-1.06953	3.48435	-1.06953	-1.06953	2.42698	-1.06953	-1.06953	-1.06953	-1.06953	5.86681	-1.06953	8.09822	-1.06953	-1.06953	-1.06953	3.54559	1.76368	-1.06953	4.07213	-1.06953	-1.06953	-1.06953	-1.06953	-1.06953	-1.06953	2.97352	-1.06953	-1.06953	-1.06953	2.78062	-1.06953	-1.06953	-1.06953	-1.06953	5.91981	4.99193	-1.06953	-1.06953	-1.06953	-1.06953	2.59403	-1.06953	-1.06953	-1.06953	-1.06953	-1.06953	1.63852	-1.06953	-1.06953	-1.06953	2.8623	-1.06953	7.66776	-1.06953	-1.06953	-1.06953	-1.06953	-1.06953	-1.06953	-1.06953	-1.06953	1.97499	-1.06953	-1.06953	-1.06953	-1.06953	-1.06953	2.90076	-1.06953	-1.06953	-1.06953	4.30111	-1.06953	-1.06953	3.72626	-1.06953	1.63852	-1.06953	-1.06953	6.85237	6.72075	-1.06953	-1.06953	-1.06953	3.96091	-1.06953	-1.06953	-1.06953	-1.06953	-1.06953	-1.06953	-1.06953	-1.06953	-1.06953	-1.06953	1.1277	-1.06953	-1.06953	-1.06953	-1.06953	-1.06953	-1.06953	-1.06953	-1.06953	-1.06953	1.63852	-1.06953	4.54724	5.32573	-1.06953	-1.06953	-1.06953	-1.06953	-1.06953	-1.06953	-1.06953	-1.06953	4.93928	-1.06953	-1.06953	-1.06953	3.50518	-1.06953	-1.06953	-1.06953	4.86801	-1.06953	-1.06953	4.32863	-1.06953	-1.06953	-1.06953	4.03642	-1.06953	-1.06953	-1.06953	-1.06953	-1.06953	3.65786	-1.06953	-1.06953	-1.06953	-1.06953	-1.06953	-1.06953
SRR18595786	-0.846955	-0.846955	-0.846955	-0.846955	-0.846955	-0.846955	-0.846955	-0.846955	-0.846955	3.00319	-0.846955	-0.846955	-0.846955	4.63784	-0.846955	-0.846955	1.71799	-0.846955	-0.846955	-0.846955	-0.846955	-0.846955	3.4435	-0.846955	-0.846955	-0.846955	-0.846955	-0.846955	-0.846955	2.81661	-0.846955	-0.846955	-0.846955	-0.846955	-0.846955	-0.846955	-0.846955	-0.846955	-0.846955	-0.846955	-0.846955	-0.846955	-0.846955	-0.846955	-0.846955	-0.846955	5.34131	-0.846955	2.44888	-0.846955	-0.846955	-0.846955	-0.846955	2.86662	-0.846955	2.58703	-0.846955	-0.846955	-0.846955	-0.846955	-0.846955	-0.846955	-0.846955	-0.846955	-0.846955	-0.846955	-0.846955	-0.846955	-0.846955	-0.846955	4.30634	-0.846955	-0.846955	-0.846955	-0.846955	-0.846955	-0.846955	-0.846955	-0.846955	3.26392	-0.846955	-0.846955	-0.846955	1.35027	-0.846955	1.98626	-0.846955	-0.846955	-0.846955	-0.846955	-0.846955	-0.846955	-0.846955	-0.846955	-0.846955	5.31636	-0.846955	-0.846955	5.01951	5.96098	-0.846955	-0.846955	-0.846955	5.09058	-0.846955	5.10108	-0.846955	-0.846955	-0.846955	3.00319	4.98493	-0.846955	4.18348	-0.846955	-0.846955	-0.846955	-0.846955	-0.846955	0.762482	-0.846955	-0.846955	-0.846955	-0.846955	-0.846955	-0.846955	-0.846955	-0.846955	-0.846955	-0.846955	-0.846955	-0.846955	-0.846955	-0.846955	-0.846955	3.72776	-0.846955	-0.846955	-0.846955	-0.846955	-0.846955	-0.846955	-0.846955	-0.846955	-0.846955	-0.846955	-0.846955	8.69146	-0.846955	-0.846955	-0.846955	-0.846955	-0.846955	-0.846955	-0.846955	-0.846955	3.29618	-0.846955	-0.846955	-0.846955	-0.846955	-0.846955	4.25899	-0.846955	-0.846955	-0.846955	-0.846955	-0.846955	-0.846955	3.49685	-0.846955	-0.846955	-0.846955	-0.846955	6.40084	6.65578	-0.846955	-0.846955	-0.846955	-0.846955	-0.846955	-0.846955	-0.846955	-0.846955	-0.846955	-0.846955	1.09895	-0.846955	-0.846955	-0.846955	-0.846955	-0.846955	-0.846955	-0.846955	-0.846955	5.54161	-0.846955	-0.846955	-0.846955	-0.846955	3.52249	-0.846955	4.6785	4.14348	-0.846955	-0.846955	-0.846955	-0.846955	2.44888	-0.846955	-0.846955	-0.846955	-0.846955	-0.846955	4.40532	-0.846955	7.72567	-0.846955	-0.846955	-0.846955	3.57189	-0.846955	-0.846955	2.44888	-0.846955	-0.846955	-0.846955	7.00975	-0.846955	-0.846955	-0.846955	-0.846955	-0.846955	1.71799	-0.846955	2.81661	-0.846955	-0.846955	-0.846955	-0.846955
SRR18595787	-1.01842	-1.01842	-1.01842	-1.01842	-1.01842	-1.01842	-1.01842	-1.01842	-1.01842	-1.01842	-1.01842	-1.01842	-1.01842	6.01949	-1.01842	-1.01842	4.67531	-1.01842	-1.01842	-1.01842	-1.01842	-1.01842	2.20046	-1.01842	-1.01842	-1.01842	-1.01842	-1.01842	1.68963	4.83665	-1.01842	-1.01842	-1.01842	-1.01842	-1.01842	-1.01842	-1.01842	-1.01842	-1.01842	-1.01842	-1.01842	-1.01842	-1.01842	4.33344	-1.01842	-1.01842	7.089	1.54653	4.28488	-1.01842	-1.01842	-1.01842	-1.01842	3.88685	-1.01842	2.34888	-1.01842	-1.01842	-1.01842	-1.01842	-1.01842	-1.01842	-1.01842	-1.01842	2.74278	-1.01842	-1.01842	-1.01842	-1.01842	-1.01842	4.29479	-1.01842	-1.01842	-1.01842	-1.01842	-1.01842	-1.01842	-1.01842	5.01945	5.10188	-1.01842	-1.01842	-1.01842	-1.01842	-1.01842	-1.01842	-1.01842	-1.01842	-1.01842	-1.01842	-1.01842	-1.01842	6.33722	-1.01842	-1.01842	4.05048	-1.01842	-1.01842	4.96047	6.10686	-1.01842	-1.01842	-1.01842	5.67738	-1.01842	-1.01842	-1.01842	-1.01842	-1.01842	4.72778	5.19819	-1.01842	5.64981	-1.01842	-1.01842	-1.01842	-1.01842	-1.01842	-1.01842	3.98553	-1.01842	-1.01842	-1.01842	-1.01842	-1.01842	-1.01842	-1.01842	-1.01842	-1.01842	-1.01842	-1.01842	-1.01842	-1.01842	-1.01842	-1.01842	-1.01842	-1.01842	-1.01842	-1.01842	-1.01842	3.24426	-1.01842	-1.01842	-1.01842	3.70897	-1.01842	7.82476	-1.01842	-1.01842	-1.01842	-1.01842	-1.01842	-1.01842	-1.01842	-1.01842	4.95539	-1.01842	-1.01842	-1.01842	-1.01842	-1.01842	4.70189	-1.01842	-1.01842	-1.01842	-1.01842	2.47809	-1.01842	4.51497	-1.01842	-1.01842	-1.01842	-1.01842	6.34866	7.48325	-1.01842	-1.01842	-1.01842	3.12471	-1.01842	-1.01842	-1.01842	-1.01842	-1.01842	-1.01842	-1.01842	-1.01842	-1.01842	-1.01842	-1.01842	-1.01842	-1.01842	-1.01842	-1.01842	3.05912	-1.01842	-1.01842	-1.01842	-1.01842	4.81346	-1.01842	4.73415	5.16984	-1.01842	-1.01842	-1.01842	-1.01842	2.95187	-1.01842	-1.01842	-1.01842	4.4153	-1.01842	-1.01842	-1.01842	5.57325	-1.01842	-1.01842	1.81479	4.12324	-1.01842	-1.01842	-1.01842	-1.01842	-1.01842	-1.01842	6.78828	-1.01842	-1.01842	-1.01842	-1.01842	-1.01842	-1.01842	-1.01842	-1.01842	-1.01842	-1.01842	-1.01842	-1.01842
SRR18595788	-0.411809	-0.411809	-0.411809	-0.411809	-0.411809	-0.411809	-0.411809	4.29772	-0.411809	-0.411809	-0.411809	-0.411809	-0.411809	3.02218	-0.411809	-0.411809	2.88403	-0.411809	-0.411809	-0.411809	-0.411809	-0.411809	-0.411809	-0.411809	-0.411809	-0.411809	2.53263	-0.411809	5.68627	-0.411809	-0.411809	-0.411809	-0.411809	-0.411809	-0.411809	-0.411809	-0.411809	2.53263	-0.411809	-0.411809	-0.411809	-0.411809	-0.411809	-0.411809	-0.411809	-0.411809	-0.411809	-0.411809	-0.411809	-0.411809	-0.411809	-0.411809	-0.411809	-0.411809	-0.411809	-0.411809	-0.411809	-0.411809	-0.411809	-0.411809	-0.411809	-0.411809	-0.411809	-0.411809	-0.411809	-0.411809	-0.411809	1.5341	-0.411809	-0.411809	-0.411809	-0.411809	-0.411809	-0.411809	-0.411809	-0.411809	-0.411809	-0.411809	9.91115	-0.411809	-0.411809	-0.411809	2.4214	-0.411809	-0.411809	-0.411809	-0.411809	-0.411809	-0.411809	-0.411809	-0.411809	-0.411809	-0.411809	-0.411809	-0.411809	2.4214	-0.411809	-0.411809	-0.411809	-0.411809	3.0847	-0.411809	-0.411809	-0.411809	-0.411809	4.77558	-0.411809	-0.411809	-0.411809	-0.411809	-0.411809	-0.411809	-0.411809	-0.411809	-0.411809	-0.411809	-0.411809	-0.411809	-0.411809	-0.411809	-0.411809	-0.411809	-0.411809	-0.411809	-0.411809	-0.411809	-0.411809	-0.411809	-0.411809	-0.411809	-0.411809	-0.411809	-0.411809	-0.411809	-0.411809	-0.411809	-0.411809	-0.411809	-0.411809	-0.411809	-0.411809	-0.411809	-0.411809	-0.411809	-0.411809	-0.411809	-0.411809	-0.411809	-0.411809	-0.411809	-0.411809	-0.411809	-0.411809	-0.411809	-0.411809	-0.411809	-0.411809	2.88403	1.19763	-0.411809	2.80707	-0.411809	-0.411809	-0.411809	-0.411809	-0.411809	-0.411809	-0.411809	-0.411809	-0.411809	-0.411809	-0.411809	-0.411809	2.15314	5.49899	-0.411809	-0.411809	-0.411809	-0.411809	-0.411809	-0.411809	-0.411809	-0.411809	-0.411809	-0.411809	-0.411809	-0.411809	-0.411809	-0.411809	-0.411809	2.80707	-0.411809	-0.411809	-0.411809	2.53263	-0.411809	-0.411809	-0.411809	-0.411809	-0.411809	-0.411809	-0.411809	3.63124	-0.411809	-0.411809	-0.411809	-0.411809	-0.411809	-0.411809	-0.411809	-0.411809	9.51388	-0.411809	-0.411809	-0.411809	4.46339	-0.411809	-0.411809	-0.411809	-0.411809	2.15314	-0.411809	-0.411809	-0.411809	-0.411809	-0.411809	3.79288	-0.411809	-0.411809	-0.411809	-0.411809	-0.411809	-0.411809	-0.411809	-0.411809	-0.411809	-0.411809	-0.411809	-0.411809
SRR18595789	-0.885921	3.74881	-0.885921	-0.885921	-0.885921	-0.885921	-0.885921	-0.885921	4.82781	-0.885921	-0.885921	-0.885921	-0.885921	5.18942	-0.885921	-0.885921	3.40454	-0.885921	-0.885921	-0.885921	-0.885921	-0.885921	-0.885921	-0.885921	-0.885921	-0.885921	-0.885921	-0.885921	-0.885921	4.17032	-0.885921	-0.885921	-0.885921	-0.885921	-0.885921	-0.885921	-0.885921	-0.885921	-0.885921	-0.885921	-0.885921	-0.885921	-0.885921	-0.885921	-0.885921	-0.885921	4.68623	-0.885921	-0.885921	-0.885921	-0.885921	-0.885921	-0.885921	-0.885921	-0.885921	-0.885921	-0.885921	-0.885921	2.48137	3.95827	-0.885921	-0.885921	-0.885921	-0.885921	-0.885921	-0.885921	-0.885921	-0.885921	-0.885921	-0.885921	2.87528	-0.885921	-0.885921	2.87528	-0.885921	-0.885921	-0.885921	-0.885921	-0.885921	-0.885921	-0.885921	-0.885921	-0.885921	-0.885921	-0.885921	-0.885921	-0.885921	-0.885921	-0.885921	-0.885921	-0.885921	-0.885921	5.38507	-0.885921	-0.885921	5.17086	-0.885921	-0.885921	4.33443	4.9634	2.61059	-0.885921	-0.885921	4.25574	-0.885921	5.44023	-0.885921	-0.885921	-0.885921	3.19162	3.84147	-0.885921	-0.885921	-0.885921	-0.885921	-0.885921	-0.885921	-0.885921	-0.885921	5.34653	-0.885921	-0.885921	-0.885921	3.7292	-0.885921	-0.885921	-0.885921	-0.885921	-0.885921	-0.885921	-0.885921	-0.885921	-0.885921	-0.885921	-0.885921	-0.885921	3.12141	-0.885921	-0.885921	-0.885921	-0.885921	-0.885921	-0.885921	-0.885921	-0.885921	-0.885921	7.23229	-0.885921	-0.885921	-0.885921	-0.885921	-0.885921	-0.885921	1.94729	-0.885921	-0.885921	-0.885921	-0.885921	-0.885921	-0.885921	-0.885921	3.95827	-0.885921	-0.885921	-0.885921	-0.885921	3.31877	-0.885921	2.54807	-0.885921	-0.885921	-0.885921	-0.885921	5.83671	4.69381	-0.885921	-0.885921	-0.885921	4.50315	-0.885921	-0.885921	-0.885921	-0.885921	-0.885921	2.24957	-0.885921	-0.885921	-0.885921	-0.885921	1.94729	-0.885921	-0.885921	-0.885921	-0.885921	4.03406	-0.885921	-0.885921	-0.885921	-0.885921	2.82765	-0.885921	3.7292	3.66796	-0.885921	-0.885921	-0.885921	-0.885921	-0.885921	-0.885921	-0.885921	-0.885921	3.78691	-0.885921	2.96423	-0.885921	7.17588	-0.885921	-0.885921	-0.885921	4.27886	-0.885921	-0.885921	5.0725	3.25721	-0.885921	-0.885921	5.00296	-0.885921	-0.885921	-0.885921	-0.885921	-0.885921	-0.885921	-0.885921	-0.885921	-0.885921	-0.885921	-0.885921	-0.885921
SRR18595790	-0.366998	-0.366998	-0.366998	-0.366998	-0.366998	-0.366998	-0.366998	-0.366998	-0.366998	-0.366998	-0.366998	-0.366998	-0.366998	-0.366998	-0.366998	-0.366998	-0.366998	-0.366998	-0.366998	-0.366998	-0.366998	-0.366998	-0.366998	-0.366998	-0.366998	-0.366998	-0.366998	-0.366998	-0.366998	-0.366998	-0.366998	-0.366998	-0.366998	-0.366998	-0.366998	-0.366998	-0.366998	-0.366998	-0.366998	-0.366998	-0.366998	-0.366998	-0.366998	-0.366998	-0.366998	-0.366998	4.22812	-0.366998	-0.366998	-0.366998	-0.366998	-0.366998	-0.366998	-0.366998	-0.366998	-0.366998	-0.366998	-0.366998	-0.366998	-0.366998	-0.366998	-0.366998	-0.366998	-0.366998	3.0003	-0.366998	-0.366998	-0.366998	-0.366998	-0.366998	-0.366998	-0.366998	-0.366998	-0.366998	-0.366998	-0.366998	-0.366998	-0.366998	-0.366998	-0.366998	-0.366998	-0.366998	-0.366998	-0.366998	-0.366998	2.34105	-0.366998	-0.366998	-0.366998	-0.366998	-0.366998	-0.366998	-0.366998	-0.366998	-0.366998	2.57744	-0.366998	-0.366998	3.89568	4.47719	-0.366998	-0.366998	-0.366998	2.92884	-0.366998	5.20516	-0.366998	-0.366998	-0.366998	-0.366998	-0.366998	-0.366998	3.3942	-0.366998	-0.366998	-0.366998	-0.366998	-0.366998	-0.366998	-0.366998	-0.366998	-0.366998	-0.366998	-0.366998	-0.366998	-0.366998	-0.366998	-0.366998	-0.366998	-0.366998	-0.366998	-0.366998	-0.366998	-0.366998	-0.366998	-0.366998	3.34657	-0.366998	-0.366998	-0.366998	-0.366998	-0.366998	-0.366998	-0.366998	-0.366998	-0.366998	5.3919	-0.366998	-0.366998	-0.366998	-0.366998	-0.366998	-0.366998	-0.366998	-0.366998	-0.366998	-0.366998	-0.366998	-0.366998	-0.366998	-0.366998	-0.366998	-0.366998	-0.366998	-0.366998	-0.366998	-0.366998	-0.366998	3.12951	-0.366998	-0.366998	-0.366998	-0.366998	4.5082	5.61189	-0.366998	-0.366998	-0.366998	2.46622	-0.366998	-0.366998	-0.366998	-0.366998	-0.366998	-0.366998	-0.366998	-0.366998	-0.366998	-0.366998	-0.366998	-0.366998	-0.366998	-0.366998	-0.366998	4.72675	-0.366998	-0.366998	-0.366998	-0.366998	-0.366998	-0.366998	3.0003	-0.366998	-0.366998	-0.366998	-0.366998	-0.366998	-0.366998	-0.366998	-0.366998	-0.366998	-0.366998	-0.366998	3.0003	-0.366998	5.9411	-0.366998	-0.366998	-0.366998	2.19795	-0.366998	-0.366998	-0.366998	-0.366998	-0.366998	-0.366998	4.63695	-0.366998	-0.366998	-0.366998	-0.366998	-0.366998	-0.366998	-0.366998	-0.366998	-0.366998	-0.366998	-0.366998	-0.366998
SRR18595791	-1.03299	-1.03299	-1.03299	-1.03299	-1.03299	-1.03299	-1.03299	3.22969	-1.03299	-1.03299	-1.03299	-1.03299	-1.03299	-1.03299	-1.03299	-1.03299	3.97096	-1.03299	-1.03299	1.80023	-1.03299	-1.03299	-1.03299	-1.03299	-1.03299	-1.03299	-1.03299	-1.03299	-1.03299	5.19946	-1.03299	-1.03299	-1.03299	1.80023	-1.03299	-1.03299	-1.03299	-1.03299	-1.03299	-1.03299	-1.03299	-1.03299	-1.03299	5.0829	-1.03299	4.21929	5.8182	-1.03299	4.20876	-1.03299	-1.03299	-1.03299	-1.03299	-1.03299	-1.03299	-1.03299	-1.03299	-1.03299	-1.03299	3.65836	-1.03299	-1.03299	-1.03299	-1.03299	-1.03299	-1.03299	-1.03299	-1.03299	-1.03299	-1.03299	-1.03299	-1.03299	-1.03299	-1.03299	-1.03299	-1.03299	-1.03299	-1.03299	-1.03299	-1.03299	-1.03299	-1.03299	-1.03299	4.90455	-1.03299	-1.03299	-1.03299	-1.03299	-1.03299	-1.03299	-1.03299	-1.03299	6.43152	-1.03299	-1.03299	4.27032	-1.03299	-1.03299	5.3144	6.42577	2.10251	-1.03299	-1.03299	6.41535	-1.03299	6.66095	-1.03299	-1.03299	-1.03299	-1.03299	-1.03299	-1.03299	5.90917	-1.03299	-1.03299	-1.03299	-1.03299	-1.03299	-1.03299	-1.03299	-1.03299	-1.03299	-1.03299	-1.03299	3.04455	-1.03299	2.85883	-1.03299	-1.03299	-1.03299	-1.03299	-1.03299	-1.03299	-1.03299	5.50225	-1.03299	-1.03299	-1.03299	-1.03299	-1.03299	4.66746	-1.03299	-1.03299	-1.03299	3.1414	-1.03299	6.48072	-1.03299	-1.03299	-1.03299	-1.03299	3.43292	-1.03299	-1.03299	-1.03299	2.57793	-1.03299	-1.03299	-1.03299	-1.03299	-1.03299	5.28598	-1.03299	-1.03299	-1.03299	-1.03299	4.7068	-1.03299	4.39196	-1.03299	-1.03299	-1.03299	-1.03299	7.524	6.91822	-1.03299	-1.03299	1.53196	-1.03299	-1.03299	-1.03299	-1.03299	-1.03299	-1.03299	-1.03299	-1.03299	-1.03299	-1.03299	-1.03299	-1.03299	-1.03299	-1.03299	-1.03299	-1.03299	-1.03299	-1.03299	-1.03299	-1.03299	-1.03299	-1.03299	-1.03299	5.45165	4.85033	-1.03299	-1.03299	-1.03299	-1.03299	2.97435	-1.03299	-1.03299	-1.03299	-1.03299	-1.03299	4.96595	-1.03299	5.9508	-1.03299	-1.03299	5.10474	4.16551	-1.03299	-1.03299	4.81634	-1.03299	-1.03299	-1.03299	7.36339	3.04455	-1.03299	-1.03299	-1.03299	-1.03299	-1.03299	-1.03299	-1.03299	-1.03299	3.25747	-1.03299	-1.03299
SRR18595792	-0.285877	-0.285877	-0.285877	-0.285877	-0.285877	-0.285877	-0.285877	-0.285877	-0.285877	-0.285877	-0.285877	-0.285877	-0.285877	-0.285877	-0.285877	-0.285877	-0.285877	-0.285877	-0.285877	-0.285877	-0.285877	-0.285877	-0.285877	-0.285877	-0.285877	-0.285877	-0.285877	-0.285877	-0.285877	-0.285877	-0.285877	-0.285877	-0.285877	-0.285877	-0.285877	-0.285877	-0.285877	-0.285877	-0.285877	-0.285877	-0.285877	-0.285877	-0.285877	3.94823	-0.285877	-0.285877	2.27907	-0.285877	-0.285877	-0.285877	-0.285877	-0.285877	-0.285877	-0.285877	-0.285877	-0.285877	-0.285877	-0.285877	-0.285877	-0.285877	-0.285877	-0.285877	-0.285877	-0.285877	-0.285877	-0.285877	-0.285877	-0.285877	-0.285877	-0.285877	-0.285877	-0.285877	-0.285877	-0.285877	-0.285877	-0.285877	-0.285877	-0.285877	-0.285877	-0.285877	-0.285877	-0.285877	-0.285877	-0.285877	-0.285877	-0.285877	-0.285877	1.32356	-0.285877	-0.285877	-0.285877	-0.285877	-0.285877	-0.285877	-0.285877	4.05793	-0.285877	-0.285877	3.60594	4.69086	-0.285877	-0.285877	-0.285877	-0.285877	-0.285877	1.32356	-0.285877	-0.285877	-0.285877	-0.285877	-0.285877	-0.285877	4.03161	-0.285877	-0.285877	-0.285877	-0.285877	-0.285877	-0.285877	-0.285877	-0.285877	-0.285877	-0.285877	-0.285877	-0.285877	-0.285877	-0.285877	-0.285877	-0.285877	-0.285877	-0.285877	-0.285877	-0.285877	-0.285877	-0.285877	-0.285877	-0.285877	-0.285877	-0.285877	-0.285877	-0.285877	-0.285877	-0.285877	-0.285877	-0.285877	-0.285877	6.17715	-0.285877	-0.285877	-0.285877	-0.285877	-0.285877	-0.285877	-0.285877	-0.285877	3.75717	-0.285877	-0.285877	-0.285877	-0.285877	-0.285877	-0.285877	-0.285877	-0.285877	-0.285877	-0.285877	-0.285877	-0.285877	-0.285877	-0.285877	-0.285877	-0.285877	-0.285877	3.825	4.7314	-0.285877	-0.285877	-0.285877	-0.285877	-0.285877	-0.285877	-0.285877	-0.285877	-0.285877	-0.285877	-0.285877	-0.285877	-0.285877	-0.285877	-0.285877	-0.285877	-0.285877	-0.285877	-0.285877	3.26947	-0.285877	-0.285877	-0.285877	-0.285877	-0.285877	-0.285877	-0.285877	2.11202	-0.285877	-0.285877	-0.285877	-0.285877	-0.285877	-0.285877	2.27907	-0.285877	-0.285877	-0.285877	-0.285877	-0.285877	5.63033	-0.285877	2.75865	-0.285877	-0.285877	-0.285877	-0.285877	-0.285877	-0.285877	-0.285877	-0.285877	3.37769	-0.285877	-0.285877	-0.285877	-0.285877	-0.285877	-0.285877	-0.285877	-0.285877	-0.285877	-0.285877	-0.285877	-0.285877
SRR18595793	2.09172	-0.306179	-0.306179	-0.306179	-0.306179	-0.306179	-0.306179	-0.306179	-0.306179	-0.306179	-0.306179	-0.306179	-0.306179	3.9565	-0.306179	-0.306179	-0.306179	-0.306179	-0.306179	-0.306179	-0.306179	-0.306179	-0.306179	-0.306179	-0.306179	-0.306179	-0.306179	-0.306179	-0.306179	-0.306179	-0.306179	-0.306179	-0.306179	-0.306179	-0.306179	-0.306179	-0.306179	-0.306179	-0.306179	-0.306179	-0.306179	-0.306179	-0.306179	-0.306179	-0.306179	-0.306179	-0.306179	-0.306179	-0.306179	-0.306179	-0.306179	-0.306179	-0.306179	-0.306179	-0.306179	-0.306179	-0.306179	-0.306179	-0.306179	-0.306179	-0.306179	-0.306179	-0.306179	-0.306179	-0.306179	-0.306179	-0.306179	-0.306179	-0.306179	-0.306179	-0.306179	-0.306179	-0.306179	-0.306179	-0.306179	-0.306179	-0.306179	-0.306179	-0.306179	-0.306179	-0.306179	-0.306179	-0.306179	-0.306179	-0.306179	-0.306179	-0.306179	-0.306179	-0.306179	-0.306179	-0.306179	-0.306179	-0.306179	-0.306179	-0.306179	4.47294	-0.306179	-0.306179	4.18246	5.83586	-0.306179	-0.306179	-0.306179	-0.306179	-0.306179	2.40187	-0.306179	-0.306179	-0.306179	-0.306179	-0.306179	-0.306179	-0.306179	-0.306179	-0.306179	-0.306179	-0.306179	-0.306179	-0.306179	-0.306179	-0.306179	2.52703	-0.306179	-0.306179	-0.306179	-0.306179	-0.306179	-0.306179	-0.306179	-0.306179	-0.306179	-0.306179	-0.306179	-0.306179	-0.306179	-0.306179	-0.306179	-0.306179	3.12781	-0.306179	-0.306179	-0.306179	-0.306179	-0.306179	-0.306179	-0.306179	6.28823	-0.306179	-0.306179	-0.306179	-0.306179	-0.306179	-0.306179	-0.306179	-0.306179	-0.306179	-0.306179	-0.306179	-0.306179	-0.306179	-0.306179	-0.306179	-0.306179	-0.306179	-0.306179	-0.306179	-0.306179	-0.306179	-0.306179	-0.306179	-0.306179	-0.306179	-0.306179	4.36665	5.51982	-0.306179	-0.306179	-0.306179	-0.306179	-0.306179	-0.306179	-0.306179	-0.306179	-0.306179	-0.306179	-0.306179	-0.306179	-0.306179	-0.306179	-0.306179	-0.306179	-0.306179	2.82931	-0.306179	4.38517	-0.306179	-0.306179	-0.306179	-0.306179	-0.306179	-0.306179	5.78287	-0.306179	-0.306179	-0.306179	-0.306179	-0.306179	-0.306179	-0.306179	-0.306179	3.80469	-0.306179	-0.306179	-0.306179	-0.306179	6.70503	-0.306179	-0.306179	-0.306179	-0.306179	-0.306179	-0.306179	-0.306179	-0.306179	-0.306179	-0.306179	-0.306179	-0.306179	-0.306179	-0.306179	-0.306179	-0.306179	-0.306179	-0.306179	-0.306179	-0.306179	-0.306179	-0.306179	-0.306179
SRR18595794	-0.667713	-0.667713	-0.667713	-0.667713	-0.667713	-0.667713	-0.667713	-0.667713	-0.667713	-0.667713	-0.667713	-0.667713	-0.667713	4.04182	-0.667713	-0.667713	4.55264	-0.667713	-0.667713	-0.667713	-0.667713	-0.667713	-0.667713	-0.667713	-0.667713	-0.667713	-0.667713	-0.667713	5.94298	3.84315	-0.667713	-0.667713	-0.667713	-0.667713	-0.667713	-0.667713	-0.667713	-0.667713	-0.667713	-0.667713	-0.667713	-0.667713	-0.667713	-0.667713	-0.667713	-0.667713	6.49236	-0.667713	4.11141	-0.667713	-0.667713	-0.667713	-0.667713	-0.667713	-0.667713	-0.667713	-0.667713	-0.667713	-0.667713	-0.667713	-0.667713	-0.667713	-0.667713	-0.667713	3.75113	-0.667713	-0.667713	-0.667713	-0.667713	-0.667713	-0.667713	-0.667713	-0.667713	-0.667713	-0.667713	-0.667713	-0.667713	-0.667713	-0.667713	2.37681	-0.667713	-0.667713	-0.667713	-0.667713	-0.667713	-0.667713	-0.667713	-0.667713	-0.667713	-0.667713	-0.667713	-0.667713	-0.667713	-0.667713	-0.667713	4.78333	-0.667713	-0.667713	5.54889	7.42023	-0.667713	-0.667713	-0.667713	6.93668	-0.667713	5.37016	-0.667713	-0.667713	-0.667713	-0.667713	4.89681	-0.667713	-0.667713	-0.667713	-0.667713	-0.667713	-0.667713	-0.667713	-0.667713	-0.667713	-0.667713	-0.667713	-0.667713	-0.667713	-0.667713	-0.667713	-0.667713	-0.667713	-0.667713	-0.667713	-0.667713	-0.667713	-0.667713	-0.667713	-0.667713	-0.667713	-0.667713	-0.667713	-0.667713	-0.667713	-0.667713	-0.667713	-0.667713	-0.667713	4.09446	-0.667713	8.65908	-0.667713	-0.667713	-0.667713	-0.667713	-0.667713	-0.667713	-0.667713	-0.667713	-0.667713	-0.667713	-0.667713	-0.667713	-0.667713	-0.667713	4.48558	-0.667713	-0.667713	-0.667713	-0.667713	4.14447	-0.667713	5.11611	-0.667713	-0.667713	-0.667713	-0.667713	6.93768	5.15237	-0.667713	-0.667713	-0.667713	-0.667713	-0.667713	-0.667713	-0.667713	-0.667713	-0.667713	-0.667713	-0.667713	-0.667713	-0.667713	-0.667713	-0.667713	-0.667713	-0.667713	-0.667713	-0.667713	-0.667713	-0.667713	-0.667713	-0.667713	-0.667713	-0.667713	-0.667713	3.47542	3.53698	-0.667713	-0.667713	-0.667713	-0.667713	2.1655	-0.667713	-0.667713	4.32272	-0.667713	-0.667713	-0.667713	-0.667713	7.50049	-0.667713	-0.667713	-0.667713	2.27673	-0.667713	-0.667713	4.48558	-0.667713	-0.667713	-0.667713	3.7982	-0.667713	-0.667713	-0.667713	-0.667713	-0.667713	-0.667713	-0.667713	-0.667713	-0.667713	-0.667713	-0.667713	-0.667713
SRR18595795	-0.721729	-0.721729	-0.721729	-0.721729	-0.721729	-0.721729	-0.721729	-0.721729	-0.721729	4.48776	-0.721729	-0.721729	-0.721729	-0.721729	-0.721729	-0.721729	6.63901	-0.721729	-0.721729	-0.721729	-0.721729	5.89968	-0.721729	-0.721729	-0.721729	-0.721729	-0.721729	-0.721729	-0.721729	2.49715	-0.721729	-0.721729	-0.721729	-0.721729	-0.721729	-0.721729	-0.721729	-0.721729	-0.721729	-0.721729	-0.721729	-0.721729	-0.721729	-0.721729	-0.721729	-0.721729	4.54096	-0.721729	2.88919	-0.721729	-0.721729	-0.721729	-0.721729	-0.721729	-0.721729	-0.721729	-0.721729	-0.721729	-0.721729	-0.721729	-0.721729	-0.721729	-0.721729	-0.721729	3.2856	-0.721729	-0.721729	-0.721729	-0.721729	-0.721729	-0.721729	-0.721729	-0.721729	-0.721729	-0.721729	-0.721729	-0.721729	-0.721729	4.16862	-0.721729	-0.721729	-0.721729	-0.721729	-0.721729	-0.721729	-0.721729	2.11148	-0.721729	-0.721729	-0.721729	-0.721729	-0.721729	-0.721729	-0.721729	-0.721729	5.79889	-0.721729	-0.721729	2.88919	-0.721729	-0.721729	-0.721729	-0.721729	6.95196	-0.721729	-0.721729	-0.721729	-0.721729	-0.721729	-0.721729	-0.721729	-0.721729	5.93113	-0.721729	-0.721729	-0.721729	4.96525	6.19697	-0.721729	-0.721729	-0.721729	-0.721729	-0.721729	-0.721729	-0.721729	-0.721729	7.7355	-0.721729	5.416	-0.721729	-0.721729	-0.721729	-0.721729	-0.721729	-0.721729	-0.721729	-0.721729	-0.721729	-0.721729	-0.721729	-0.721729	-0.721729	-0.721729	-0.721729	-0.721729	-0.721729	-0.721729	-0.721729	-0.721729	-0.721729	-0.721729	-0.721729	-0.721729	-0.721729	-0.721729	-0.721729	-0.721729	-0.721729	-0.721729	-0.721729	-0.721729	6.45223	-0.721729	-0.721729	-0.721729	-0.721729	-0.721729	1.67617	5.60799	-0.721729	-0.721729	-0.721729	-0.721729	-0.721729	6.61716	-0.721729	-0.721729	-0.721729	-0.721729	-0.721729	-0.721729	-0.721729	-0.721729	-0.721729	-0.721729	-0.721729	-0.721729	-0.721729	-0.721729	-0.721729	-0.721729	-0.721729	-0.721729	-0.721729	4.68544	-0.721729	-0.721729	-0.721729	1.84322	3.96962	3.2101	6.98218	4.55127	-0.721729	-0.721729	-0.721729	-0.721729	3.9878	-0.721729	-0.721729	-0.721729	2.71226	-0.721729	-0.721729	-0.721729	7.4425	-0.721729	-0.721729	-0.721729	-0.721729	-0.721729	-0.721729	-0.721729	-0.721729	-0.721729	-0.721729	7.97729	-0.721729	-0.721729	-0.721729	-0.721729	-0.721729	-0.721729	-0.721729	-0.721729	-0.721729	-0.721729	-0.721729	-0.721729
SRR18595796	-0.371567	-0.371567	-0.371567	-0.371567	-0.371567	-0.371567	-0.371567	-0.371567	-0.371567	-0.371567	-0.371567	-0.371567	-0.371567	-0.371567	-0.371567	-0.371567	-0.371567	-0.371567	-0.371567	-0.371567	-0.371567	-0.371567	-0.371567	-0.371567	-0.371567	-0.371567	-0.371567	-0.371567	-0.371567	3.06242	-0.371567	-0.371567	-0.371567	-0.371567	-0.371567	-0.371567	-0.371567	-0.371567	-0.371567	-0.371567	-0.371567	-0.371567	-0.371567	-0.371567	-0.371567	-0.371567	2.33648	-0.371567	-0.371567	-0.371567	-0.371567	-0.371567	-0.371567	-0.371567	-0.371567	-0.371567	-0.371567	-0.371567	-0.371567	-0.371567	-0.371567	-0.371567	-0.371567	-0.371567	-0.371567	-0.371567	-0.371567	-0.371567	-0.371567	-0.371567	3.18378	-0.371567	-0.371567	3.18378	-0.371567	-0.371567	-0.371567	-0.371567	4.04727	-0.371567	-0.371567	-0.371567	-0.371567	-0.371567	-0.371567	-0.371567	-0.371567	-0.371567	-0.371567	-0.371567	-0.371567	-0.371567	-0.371567	-0.371567	-0.371567	7.94937	-0.371567	-0.371567	7.2909	7.94547	-0.371567	-0.371567	-0.371567	-0.371567	-0.371567	-0.371567	-0.371567	-0.371567	-0.371567	-0.371567	3.63577	-0.371567	-0.371567	-0.371567	-0.371567	-0.371567	-0.371567	-0.371567	-0.371567	-0.371567	-0.371567	-0.371567	-0.371567	-0.371567	-0.371567	-0.371567	-0.371567	-0.371567	-0.371567	-0.371567	-0.371567	-0.371567	-0.371567	-0.371567	-0.371567	-0.371567	-0.371567	-0.371567	-0.371567	-0.371567	-0.371567	-0.371567	-0.371567	-0.371567	-0.371567	-0.371567	10.0667	-0.371567	-0.371567	-0.371567	-0.371567	-0.371567	-0.371567	-0.371567	-0.371567	-0.371567	-0.371567	-0.371567	-0.371567	-0.371567	-0.371567	-0.371567	-0.371567	-0.371567	-0.371567	-0.371567	-0.371567	-0.371567	-0.371567	-0.371567	-0.371567	-0.371567	-0.371567	-0.371567	3.97224	-0.371567	-0.371567	-0.371567	-0.371567	-0.371567	-0.371567	-0.371567	-0.371567	-0.371567	-0.371567	-0.371567	-0.371567	-0.371567	-0.371567	-0.371567	-0.371567	-0.371567	-0.371567	-0.371567	1.23787	-0.371567	-0.371567	-0.371567	-0.371567	4.09434	-0.371567	-0.371567	-0.371567	-0.371567	-0.371567	-0.371567	-0.371567	-0.371567	-0.371567	-0.371567	-0.371567	-0.371567	-0.371567	3.91889	-0.371567	7.40455	-0.371567	-0.371567	-0.371567	-0.371567	-0.371567	-0.371567	-0.371567	-0.371567	-0.371567	-0.371567	6.23373	2.92427	-0.371567	-0.371567	-0.371567	-0.371567	-0.371567	-0.371567	-0.371567	-0.371567	-0.371567	-0.371567	-0.371567
SRR18595797	-0.89822	-0.89822	-0.89822	-0.89822	-0.89822	-0.89822	-0.89822	-0.89822	-0.89822	-0.89822	2.7127	-0.89822	-0.89822	-0.89822	-0.89822	-0.89822	2.23727	-0.89822	-0.89822	-0.89822	-0.89822	2.53577	-0.89822	-0.89822	-0.89822	-0.89822	-0.89822	-0.89822	4.48168	-0.89822	-0.89822	-0.89822	-0.89822	-0.89822	-0.89822	-0.89822	-0.89822	-0.89822	-0.89822	-0.89822	-0.89822	-0.89822	-0.89822	-0.89822	-0.89822	-0.89822	-0.89822	-0.89822	-0.89822	-0.89822	-0.89822	-0.89822	-0.89822	-0.89822	-0.89822	-0.89822	-0.89822	-0.89822	-0.89822	3.86395	-0.89822	-0.89822	2.59829	-0.89822	2.04622	-0.89822	-0.89822	-0.89822	-0.89822	-0.89822	-0.89822	-0.89822	-0.89822	-0.89822	-0.89822	-0.89822	-0.89822	-0.89822	2.65713	3.93009	-0.89822	-0.89822	-0.89822	-0.89822	-0.89822	2.65713	-0.89822	2.46908	-0.89822	-0.89822	4.49085	-0.89822	-0.89822	-0.89822	-0.89822	-0.89822	-0.89822	-0.89822	-0.89822	-0.89822	-0.89822	-0.89822	-0.89822	2.76534	-0.89822	3.81131	-0.89822	-0.89822	-0.89822	3.36446	-0.89822	-0.89822	3.49623	-0.89822	-0.89822	-0.89822	-0.89822	5.59553	4.02176	-0.89822	3.03361	2.65713	-0.89822	3.47123	-0.89822	-0.89822	-0.89822	-0.89822	-0.89822	-0.89822	-0.89822	-0.89822	-0.89822	-0.89822	-0.89822	-0.89822	-0.89822	-0.89822	-0.89822	-0.89822	4.27793	-0.89822	-0.89822	-0.89822	2.86298	-0.89822	4.05054	-0.89822	-0.89822	-0.89822	-0.89822	-0.89822	3.03361	-0.89822	-0.89822	3.27617	-0.89822	-0.89822	-0.89822	-0.89822	-0.89822	3.47123	-0.89822	-0.89822	3.67649	-0.89822	-0.89822	-0.89822	3.27617	-0.89822	3.14483	-0.89822	-0.89822	6.96235	5.20434	-0.89822	-0.89822	-0.89822	-0.89822	-0.89822	-0.89822	-0.89822	2.81535	-0.89822	-0.89822	2.81535	3.86395	-0.89822	-0.89822	4.03625	-0.89822	-0.89822	-0.89822	-0.89822	-0.89822	-0.89822	-0.89822	-0.89822	-0.89822	3.17932	-0.89822	4.68151	4.76821	-0.89822	-0.89822	-0.89822	-0.89822	0.711218	1.66673	-0.89822	-0.89822	3.97698	-0.89822	3.6969	-0.89822	5.26088	-0.89822	-0.89822	-0.89822	5.72319	-0.89822	-0.89822	5.29414	-0.89822	-0.89822	-0.89822	-0.89822	-0.89822	-0.89822	-0.89822	-0.89822	-0.89822	-0.89822	-0.89822	-0.89822	3.39224	3.54443	-0.89822	-0.89822
SRR18595798	-1.07196	3.52316	-1.07196	1.76126	-1.07196	-1.07196	-1.07196	-1.07196	3.63757	-1.07196	-1.07196	-1.07196	-1.07196	5.0829	-1.07196	-1.07196	2.64162	-1.07196	3.10243	-1.07196	-1.07196	-1.07196	-1.07196	-1.07196	-1.07196	-1.07196	-1.07196	-1.07196	-1.07196	3.80324	-1.07196	-1.07196	-1.07196	-1.07196	-1.07196	-1.07196	-1.07196	-1.07196	-1.07196	-1.07196	-1.07196	-1.07196	-1.07196	-1.07196	-1.07196	-1.07196	5.59881	2.48339	-1.07196	-1.07196	-1.07196	-1.07196	-1.07196	3.24553	-1.07196	4.35299	-1.07196	-1.07196	-1.07196	-1.07196	-1.07196	-1.07196	-1.07196	-1.07196	-1.07196	-1.07196	-1.07196	-1.07196	-1.07196	-1.07196	3.56277	-1.07196	-1.07196	-1.07196	-1.07196	-1.07196	-1.07196	-1.07196	5.4834	5.94286	-1.07196	-1.07196	-1.07196	-1.07196	-1.07196	2.42455	-1.07196	-1.07196	-1.07196	-1.07196	-1.07196	-1.07196	6.44828	-1.07196	-1.07196	3.84802	-1.07196	-1.07196	5.71814	7.16261	-1.07196	-1.07196	-1.07196	5.29623	-1.07196	1.32594	-1.07196	-1.07196	-1.07196	3.61939	-1.07196	-1.07196	5.77286	-1.07196	-1.07196	-1.07196	-1.07196	-1.07196	-1.07196	3.77223	-1.07196	-1.07196	1.97257	4.58753	-1.07196	-1.07196	-1.07196	-1.07196	-1.07196	-1.07196	-1.07196	-1.07196	-1.07196	-1.07196	1.49299	-1.07196	-1.07196	-1.07196	-1.07196	-1.07196	3.61939	-1.07196	-1.07196	-1.07196	3.83332	-1.07196	8.08677	-1.07196	-1.07196	-1.07196	-1.07196	-1.07196	-1.07196	-1.07196	-1.07196	3.80324	-1.07196	-1.07196	-1.07196	-1.07196	-1.07196	5.05273	-1.07196	-1.07196	-1.07196	-1.07196	-1.07196	-1.07196	5.78556	-1.07196	2.36203	-1.07196	-1.07196	6.84339	7.90985	-1.07196	-1.07196	-1.07196	-1.07196	-1.07196	-1.07196	-1.07196	-1.07196	-1.07196	-1.07196	-1.07196	-1.07196	-1.07196	-1.07196	-1.07196	-1.07196	-1.07196	-1.07196	-1.07196	-1.07196	-1.07196	-1.07196	-1.07196	-1.07196	2.97109	-1.07196	4.35299	3.50275	-1.07196	-1.07196	-1.07196	-1.07196	2.06354	-1.07196	-1.07196	-1.07196	1.63609	-1.07196	-1.07196	3.94532	7.17211	-1.07196	-1.07196	3.70717	3.56277	-1.07196	-1.07196	3.24553	-1.07196	-1.07196	-1.07196	6.30892	2.06354	-1.07196	-1.07196	-1.07196	-1.07196	-1.07196	-1.07196	-1.07196	-1.07196	4.18032	-1.07196	-1.07196
SRR18595799	-0.562141	-0.562141	-0.562141	-0.562141	-0.562141	-0.562141	-0.562141	-0.562141	-0.562141	-0.562141	-0.562141	-0.562141	-0.562141	-0.562141	-0.562141	-0.562141	4.60265	-0.562141	-0.562141	-0.562141	-0.562141	-0.562141	-0.562141	-0.562141	-0.562141	-0.562141	4.16525	-0.562141	-0.562141	4.85396	-0.562141	-0.562141	-0.562141	-0.562141	-0.562141	-0.562141	-0.562141	-0.562141	-0.562141	-0.562141	-0.562141	-0.562141	-0.562141	-0.562141	-0.562141	-0.562141	5.67423	-0.562141	-0.562141	-0.562141	-0.562141	-0.562141	-0.562141	-0.562141	-0.562141	-0.562141	-0.562141	-0.562141	-0.562141	-0.562141	-0.562141	-0.562141	-0.562141	-0.562141	2.27107	-0.562141	-0.562141	-0.562141	-0.562141	-0.562141	-0.562141	-0.562141	-0.562141	-0.562141	-0.562141	-0.562141	-0.562141	-0.562141	6.27626	-0.562141	-0.562141	-0.562141	-0.562141	-0.562141	-0.562141	-0.562141	-0.562141	-0.562141	-0.562141	-0.562141	-0.562141	3.04878	-0.562141	-0.562141	-0.562141	1.63508	-0.562141	-0.562141	5.51321	8.37967	5.63022	-0.562141	-0.562141	3.72832	-0.562141	-0.562141	-0.562141	-0.562141	-0.562141	-0.562141	-0.562141	-0.562141	-0.562141	-0.562141	-0.562141	-0.562141	-0.562141	-0.562141	-0.562141	3.70054	-0.562141	-0.562141	-0.562141	-0.562141	-0.562141	-0.562141	-0.562141	-0.562141	-0.562141	-0.562141	-0.562141	-0.562141	-0.562141	-0.562141	-0.562141	-0.562141	-0.562141	-0.562141	-0.562141	-0.562141	-0.562141	-0.562141	-0.562141	-0.562141	-0.562141	-0.562141	8.10365	-0.562141	-0.562141	-0.562141	-0.562141	-0.562141	-0.562141	-0.562141	-0.562141	5.41675	-0.562141	-0.562141	-0.562141	-0.562141	-0.562141	-0.562141	-0.562141	-0.562141	-0.562141	-0.562141	-0.562141	-0.562141	5.05463	-0.562141	-0.562141	-0.562141	-0.562141	3.90377	8.39935	-0.562141	-0.562141	-0.562141	-0.562141	-0.562141	-0.562141	-0.562141	-0.562141	-0.562141	-0.562141	-0.562141	-0.562141	-0.562141	-0.562141	-0.562141	-0.562141	-0.562141	-0.562141	-0.562141	-0.562141	-0.562141	-0.562141	-0.562141	-0.562141	-0.562141	-0.562141	6.82371	2.7337	-0.562141	-0.562141	-0.562141	-0.562141	-0.562141	-0.562141	-0.562141	-0.562141	-0.562141	-0.562141	-0.562141	-0.562141	7.86096	-0.562141	-0.562141	-0.562141	-0.562141	2.7337	-0.562141	-0.562141	2.99321	-0.562141	-0.562141	7.35758	-0.562141	-0.562141	-0.562141	-0.562141	-0.562141	-0.562141	-0.562141	-0.562141	-0.562141	-0.562141	-0.562141	-0.562141
SRR18595800	-0.40566	-0.40566	-0.40566	-0.40566	-0.40566	2.89018	-0.40566	-0.40566	-0.40566	-0.40566	-0.40566	-0.40566	-0.40566	-0.40566	-0.40566	-0.40566	3.14969	-0.40566	-0.40566	-0.40566	-0.40566	-0.40566	4.26717	-0.40566	-0.40566	-0.40566	-0.40566	-0.40566	-0.40566	-0.40566	-0.40566	-0.40566	-0.40566	-0.40566	-0.40566	-0.40566	-0.40566	-0.40566	-0.40566	-0.40566	-0.40566	-0.40566	-0.40566	-0.40566	-0.40566	-0.40566	5.95909	-0.40566	-0.40566	-0.40566	-0.40566	-0.40566	-0.40566	-0.40566	-0.40566	-0.40566	-0.40566	-0.40566	-0.40566	-0.40566	-0.40566	-0.40566	-0.40566	-0.40566	-0.40566	-0.40566	-0.40566	-0.40566	4.01318	-0.40566	-0.40566	-0.40566	-0.40566	-0.40566	-0.40566	-0.40566	-0.40566	-0.40566	6.19421	-0.40566	-0.40566	-0.40566	-0.40566	-0.40566	-0.40566	-0.40566	-0.40566	-0.40566	-0.40566	-0.40566	-0.40566	-0.40566	-0.40566	-0.40566	-0.40566	-0.40566	-0.40566	-0.40566	3.73747	5.88776	4.06025	-0.40566	-0.40566	2.89018	-0.40566	-0.40566	-0.40566	-0.40566	-0.40566	-0.40566	-0.40566	-0.40566	-0.40566	-0.40566	-0.40566	-0.40566	-0.40566	-0.40566	-0.40566	-0.40566	-0.40566	-0.40566	-0.40566	-0.40566	-0.40566	-0.40566	-0.40566	-0.40566	-0.40566	-0.40566	-0.40566	-0.40566	-0.40566	-0.40566	-0.40566	-0.40566	-0.40566	-0.40566	-0.40566	-0.40566	-0.40566	-0.40566	-0.40566	-0.40566	-0.40566	-0.40566	6.37085	-0.40566	-0.40566	-0.40566	-0.40566	-0.40566	-0.40566	-0.40566	-0.40566	-0.40566	-0.40566	-0.40566	-0.40566	-0.40566	-0.40566	-0.40566	-0.40566	-0.40566	-0.40566	3.02833	-0.40566	-0.40566	3.14969	-0.40566	-0.40566	-0.40566	-0.40566	5.73638	3.2579	-0.40566	-0.40566	-0.40566	-0.40566	-0.40566	-0.40566	-0.40566	-0.40566	-0.40566	-0.40566	-0.40566	-0.40566	-0.40566	-0.40566	-0.40566	-0.40566	-0.40566	-0.40566	-0.40566	-0.40566	-0.40566	-0.40566	-0.40566	-0.40566	-0.40566	-0.40566	3.8848	3.63739	-0.40566	-0.40566	-0.40566	-0.40566	-0.40566	-0.40566	-0.40566	-0.40566	-0.40566	-0.40566	4.35651	-0.40566	5.1356	-0.40566	-0.40566	-0.40566	3.02833	-0.40566	-0.40566	3.79903	-0.40566	-0.40566	-0.40566	-0.40566	-0.40566	-0.40566	-0.40566	-0.40566	-0.40566	-0.40566	-0.40566	-0.40566	-0.40566	-0.40566	-0.40566	-0.40566
SRR18595801	-1.08098	-1.08098	-1.08098	-1.08098	-1.08098	-1.08098	-1.08098	-1.08098	-1.08098	3.26282	-1.08098	-1.08098	-1.08098	6.61204	-1.08098	-1.08098	4.01277	-1.08098	-1.08098	-1.08098	-1.08098	-1.08098	1.75223	-1.08098	-1.08098	-1.08098	-1.08098	-1.08098	2.13789	2.58258	-1.08098	-1.08098	-1.08098	-1.08098	-1.08098	-1.08098	-1.08098	-1.08098	-1.08098	-1.08098	-1.08098	-1.08098	1.48397	2.353	1.11624	-1.08098	6.9585	3.82429	3.20948	-1.08098	-1.08098	-1.08098	-1.08098	4.23222	-1.08098	3.49373	-1.08098	-1.08098	-1.08098	2.353	-1.08098	-1.08098	-1.08098	-1.08098	-1.08098	-1.08098	-1.08098	-1.08098	-1.08098	-1.08098	3.49373	-1.08098	-1.08098	-1.08098	-1.08098	-1.08098	-1.08098	-1.08098	-1.08098	2.58258	-1.08098	-1.08098	-1.08098	-1.08098	-1.08098	1.75223	-1.08098	-1.08098	-1.08098	-1.08098	-1.08098	-1.08098	-1.08098	-1.08098	-1.08098	4.26135	-1.08098	-1.08098	4.17129	5.91387	-1.08098	2.05451	-1.08098	4.86705	-1.08098	6.89458	-1.08098	-1.08098	-1.08098	-1.08098	-1.08098	-1.08098	3.92296	-1.08098	-1.08098	-1.08098	-1.08098	-1.08098	-1.08098	-1.08098	-1.08098	-1.08098	-1.08098	3.36167	3.12371	-1.08098	-1.08098	-1.08098	-1.08098	-1.08098	-1.08098	-1.08098	-1.08098	-1.08098	2.92635	-1.08098	-1.08098	-1.08098	-1.08098	-1.08098	2.47437	-1.08098	-1.08098	-1.08098	2.63259	-1.08098	8.08801	-1.08098	-1.08098	-1.08098	-1.08098	-1.08098	-1.08098	-1.08098	-1.08098	3.45162	-1.08098	-1.08098	-1.08098	-1.08098	-1.08098	2.68022	-1.08098	-1.08098	-1.08098	2.13789	2.68022	-1.08098	3.20948	-1.08098	-1.08098	-1.08098	-1.08098	6.8329	6.63012	-1.08098	-1.08098	-1.08098	2.88931	-1.08098	-1.08098	-1.08098	-1.08098	-1.08098	-1.08098	-1.08098	-1.08098	-1.08098	-1.08098	2.21485	-1.08098	-1.08098	-1.08098	-1.08098	4.15013	-1.08098	-1.08098	-1.08098	-1.08098	-1.08098	-1.08098	4.59234	4.81342	-1.08098	-1.08098	-1.08098	-1.08098	2.76916	-1.08098	-1.08098	-1.08098	-1.08098	-1.08098	2.96207	-1.08098	5.82577	-1.08098	4.7391	-1.08098	4.89283	-1.08098	-1.08098	5.83573	-1.08098	-1.08098	-1.08098	5.15539	-1.08098	-1.08098	-1.08098	2.28631	-1.08098	2.52993	-1.08098	2.58258	-1.08098	2.21485	-1.08098	-1.08098
SRR18595802	-1.07895	-1.07895	-1.07895	-1.07895	-1.07895	-1.07895	-1.07895	-1.07895	-1.07895	-1.07895	-1.07895	-1.07895	-1.07895	4.77038	-1.07895	-1.07895	5.2858	-1.07895	3.96448	3.3155	-1.07895	-1.07895	-1.07895	-1.07895	-1.07895	-1.07895	-1.07895	-1.07895	-1.07895	3.89779	-1.07895	-1.07895	-1.07895	-1.07895	-1.07895	-1.07895	-1.07895	-1.07895	-1.07895	-1.07895	-1.07895	-1.07895	-1.07895	5.69984	-1.07895	1.96558	5.19204	-1.07895	3.74937	-1.07895	-1.07895	-1.07895	-1.07895	-1.07895	-1.07895	4.18374	-1.07895	-1.07895	1.96558	2.41756	-1.07895	-1.07895	-1.07895	-1.07895	4.10844	-1.07895	-1.07895	-1.07895	-1.07895	-1.07895	-1.07895	-1.07895	-1.07895	6.15162	-1.07895	-1.07895	-1.07895	-1.07895	5.27542	-1.07895	-1.07895	-1.07895	-1.07895	-1.07895	-1.07895	3.3155	-1.07895	-1.07895	-1.07895	-1.07895	-1.07895	-1.07895	-1.07895	-1.07895	-1.07895	3.93833	-1.07895	-1.07895	4.07435	8.23187	-1.07895	-1.07895	-1.07895	8.43098	-1.07895	5.90854	1.11828	-1.07895	-1.07895	2.35504	-1.07895	-1.07895	4.40585	-1.07895	-1.07895	-1.07895	-1.07895	-1.07895	-1.07895	-1.07895	-1.07895	-1.07895	-1.07895	3.63058	-1.07895	2.13993	-1.07895	-1.07895	-1.07895	-1.07895	-1.07895	-1.07895	-1.07895	-1.07895	3.98996	-1.07895	-1.07895	-1.07895	-1.07895	-1.07895	5.19582	-1.07895	-1.07895	-1.07895	-1.07895	2.58462	6.58446	-1.07895	-1.07895	-1.07895	-1.07895	-1.07895	-1.07895	-1.07895	-1.07895	3.23854	-1.07895	-1.07895	-1.07895	-1.07895	-1.07895	-1.07895	-1.07895	1.96558	-1.07895	-1.07895	-1.07895	-1.07895	7.12764	-1.07895	-1.07895	-1.07895	-1.07895	5.84763	7.60291	-1.07895	-1.07895	-1.07895	-1.07895	-1.07895	-1.07895	-1.07895	-1.07895	-1.07895	-1.07895	-1.07895	-1.07895	-1.07895	-1.07895	3.43191	-1.07895	3.3155	-1.07895	-1.07895	-1.07895	-1.07895	-1.07895	-1.07895	-1.07895	-1.07895	-1.07895	6.35885	4.60803	-1.07895	-1.07895	-1.07895	-1.07895	3.49576	-1.07895	-1.07895	-1.07895	-1.07895	-1.07895	3.63058	-1.07895	6.26254	-1.07895	-1.07895	2.96411	-1.07895	-1.07895	-1.07895	6.63841	-1.07895	-1.07895	-1.07895	4.79317	3.68323	-1.07895	-1.07895	-1.07895	-1.07895	-1.07895	-1.07895	-1.07895	-1.07895	4.346	-1.07895	-1.07895
SRR18595803	-0.538829	-0.538829	-0.538829	-0.538829	-0.538829	-0.538829	-0.538829	6.3333	-0.538829	-0.538829	-0.538829	-0.538829	-0.538829	-0.538829	-0.538829	-0.538829	-0.538829	-0.538829	-0.538829	-0.538829	-0.538829	5.81901	4.61446	-0.538829	-0.538829	-0.538829	-0.538829	-0.538829	-0.538829	-0.538829	-0.538829	-0.538829	-0.538829	-0.538829	-0.538829	-0.538829	-0.538829	-0.538829	-0.538829	-0.538829	-0.538829	-0.538829	-0.538829	5.2753	-0.538829	-0.538829	5.13449	-0.538829	-0.538829	-0.538829	-0.538829	-0.538829	-0.538829	-0.538829	-0.538829	1.6584	-0.538829	-0.538829	-0.538829	-0.538829	-0.538829	-0.538829	-0.538829	-0.538829	-0.538829	-0.538829	-0.538829	-0.538829	-0.538829	-0.538829	4.18856	-0.538829	-0.538829	-0.538829	-0.538829	-0.538829	-0.538829	-0.538829	-0.538829	-0.538829	-0.538829	-0.538829	-0.538829	-0.538829	-0.538829	-0.538829	2.29438	-0.538829	-0.538829	-0.538829	-0.538829	-0.538829	5.07064	-0.538829	-0.538829	3.94981	-0.538829	-0.538829	-0.538829	-0.538829	-0.538829	-0.538829	-0.538829	5.42475	-0.538829	2.16922	-0.538829	-0.538829	-0.538829	-0.538829	-0.538829	-0.538829	-0.538829	-0.538829	-0.538829	-0.538829	-0.538829	3.63556	-0.538829	-0.538829	-0.538829	-0.538829	-0.538829	-0.538829	-0.538829	-0.538829	-0.538829	-0.538829	-0.538829	-0.538829	-0.538829	-0.538829	-0.538829	-0.538829	-0.538829	-0.538829	-0.538829	-0.538829	-0.538829	-0.538829	-0.538829	-0.538829	-0.538829	-0.538829	7.34084	-0.538829	-0.538829	-0.538829	-0.538829	-0.538829	-0.538829	-0.538829	-0.538829	-0.538829	-0.538829	3.35299	-0.538829	-0.538829	-0.538829	-0.538829	-0.538829	5.72075	-0.538829	-0.538829	-0.538829	-0.538829	-0.538829	3.57204	6.95616	-0.538829	2.50569	-0.538829	-0.538829	3.99377	3.22237	-0.538829	-0.538829	-0.538829	-0.538829	-0.538829	-0.538829	-0.538829	2.68005	-0.538829	-0.538829	-0.538829	-0.538829	-0.538829	-0.538829	-0.538829	-0.538829	-0.538829	-0.538829	-0.538829	-0.538829	-0.538829	-0.538829	-0.538829	-0.538829	-0.538829	-0.538829	4.76448	-0.538829	8.35721	-0.538829	-0.538829	-0.538829	-0.538829	-0.538829	-0.538829	-0.538829	-0.538829	2.68005	-0.538829	-0.538829	4.05629	-0.538829	-0.538829	-0.538829	-0.538829	-0.538829	-0.538829	-0.538829	-0.538829	-0.538829	-0.538829	-0.538829	-0.538829	-0.538829	-0.538829	-0.538829	-0.538829	-0.538829	-0.538829	-0.538829	-0.538829	-0.538829	-0.538829	-0.538829
SRR18595804	-0.45707	-0.45707	-0.45707	-0.45707	-0.45707	-0.45707	-0.45707	-0.45707	-0.45707	-0.45707	-0.45707	-0.45707	-0.45707	-0.45707	-0.45707	-0.45707	-0.45707	-0.45707	-0.45707	-0.45707	-0.45707	-0.45707	4.51966	-0.45707	-0.45707	-0.45707	-0.45707	-0.45707	-0.45707	-0.45707	-0.45707	-0.45707	-0.45707	-0.45707	-0.45707	-0.45707	-0.45707	-0.45707	-0.45707	-0.45707	-0.45707	-0.45707	-0.45707	-0.45707	-0.45707	-0.45707	5.55665	-0.45707	-0.45707	-0.45707	-0.45707	-0.45707	-0.45707	-0.45707	-0.45707	-0.45707	-0.45707	-0.45707	2.37614	-0.45707	-0.45707	-0.45707	-0.45707	-0.45707	-0.45707	-0.45707	-0.45707	-0.45707	-0.45707	-0.45707	-0.45707	-0.45707	-0.45707	-0.45707	-0.45707	-0.45707	-0.45707	-0.45707	5.76749	-0.45707	-0.45707	-0.45707	-0.45707	-0.45707	-0.45707	-0.45707	-0.45707	-0.45707	-0.45707	-0.45707	2.58745	-0.45707	-0.45707	-0.45707	-0.45707	5.84738	-0.45707	-0.45707	4.27032	3.39308	-0.45707	3.88674	-0.45707	-0.45707	-0.45707	-0.45707	-0.45707	-0.45707	-0.45707	-0.45707	6.33752	-0.45707	-0.45707	-0.45707	-0.45707	-0.45707	-0.45707	-0.45707	-0.45707	-0.45707	-0.45707	-0.45707	-0.45707	5.1597	-0.45707	3.09828	-0.45707	-0.45707	-0.45707	-0.45707	-0.45707	-0.45707	-0.45707	-0.45707	-0.45707	-0.45707	-0.45707	-0.45707	-0.45707	-0.45707	-0.45707	-0.45707	-0.45707	-0.45707	-0.45707	-0.45707	-0.45707	-0.45707	-0.45707	-0.45707	-0.45707	-0.45707	-0.45707	-0.45707	-0.45707	-0.45707	-0.45707	-0.45707	-0.45707	-0.45707	-0.45707	3.47476	-0.45707	-0.45707	-0.45707	-0.45707	4.17766	-0.45707	2.67842	-0.45707	-0.45707	-0.45707	-0.45707	5.7871	4.17766	-0.45707	-0.45707	-0.45707	-0.45707	-0.45707	-0.45707	-0.45707	-0.45707	-0.45707	-0.45707	-0.45707	-0.45707	-0.45707	-0.45707	-0.45707	-0.45707	-0.45707	-0.45707	-0.45707	-0.45707	-0.45707	-0.45707	-0.45707	-0.45707	-0.45707	-0.45707	4.85614	-0.45707	-0.45707	-0.45707	-0.45707	-0.45707	-0.45707	-0.45707	-0.45707	-0.45707	5.09976	-0.45707	-0.45707	-0.45707	6.40464	-0.45707	-0.45707	-0.45707	3.20649	-0.45707	-0.45707	-0.45707	-0.45707	-0.45707	-0.45707	6.52114	-0.45707	-0.45707	-0.45707	-0.45707	-0.45707	-0.45707	-0.45707	-0.45707	-0.45707	-0.45707	-0.45707	-0.45707
SRR18595805	-1.10777	-1.10777	-1.10777	-1.10777	-1.10777	-1.10777	-1.10777	-1.10777	-1.10777	-1.10777	-1.10777	-1.10777	-1.10777	-1.10777	-1.10777	-1.10777	3.26168	-1.10777	-1.10777	-1.10777	-1.10777	-1.10777	2.86252	-1.10777	-1.10777	-1.10777	-1.10777	-1.10777	2.89956	3.70441	-1.10777	-1.10777	-1.10777	-1.10777	-1.10777	-1.10777	-1.10777	-1.10777	-1.10777	-1.10777	-1.10777	-1.10777	-1.10777	5.08459	-1.10777	3.0031	6.5095	-1.10777	2.86252	-1.10777	-1.10777	-1.10777	-1.10777	4.81381	-1.10777	3.15491	-1.10777	-1.10777	-1.10777	-1.10777	-1.10777	-1.10777	-1.10777	-1.10777	-1.10777	-1.10777	-1.10777	-1.10777	1.93675	-1.10777	-1.10777	-1.10777	-1.10777	-1.10777	-1.10777	-1.10777	-1.10777	-1.10777	4.36869	4.55866	-1.10777	-1.10777	-1.10777	-1.10777	-1.10777	3.8267	-1.10777	-1.10777	-1.10777	-1.10777	3.68802	-1.10777	-1.10777	-1.10777	-1.10777	4.58596	-1.10777	-1.10777	4.35182	4.2813	-1.10777	-1.10777	-1.10777	4.01022	-1.10777	5.43326	-1.10777	-1.10777	-1.10777	3.15491	2.78405	-1.10777	4.35182	-1.10777	-1.10777	-1.10777	-1.10777	-1.10777	-1.10777	4.38529	2.25953	-1.10777	-1.10777	4.03389	-1.10777	-1.10777	-1.10777	-1.10777	-1.10777	-1.10777	-1.10777	-1.10777	-1.10777	-1.10777	4.23456	-1.10777	-1.10777	-1.10777	-1.10777	-1.10777	-1.10777	-1.10777	-1.10777	-1.10777	-1.10777	-1.10777	6.66498	-1.10777	-1.10777	-1.10777	-1.10777	-1.10777	2.25953	-1.10777	-1.10777	3.18269	-1.10777	-1.10777	-1.10777	-1.10777	-1.10777	3.52696	-1.10777	-1.10777	2.02772	-1.10777	-1.10777	-1.10777	3.93566	-1.10777	4.06838	-1.10777	-1.10777	6.45075	6.55845	-1.10777	-1.10777	-1.10777	4.04552	-1.10777	-1.10777	-1.10777	-1.10777	-1.10777	-1.10777	-1.10777	-1.10777	-1.10777	-1.10777	-1.10777	-1.10777	-1.10777	-1.10777	-1.10777	5.35526	-1.10777	-1.10777	-1.10777	-1.10777	3.93566	-1.10777	6.11407	5.09274	-1.10777	-1.10777	-1.10777	-1.10777	-1.10777	-1.10777	-1.10777	-1.10777	-1.10777	-1.10777	5.71552	-1.10777	7.0627	-1.10777	-1.10777	2.50315	6.03189	-1.10777	-1.10777	4.70037	-1.10777	-1.10777	-1.10777	6.52898	-1.10777	-1.10777	3.33488	-1.10777	-1.10777	-1.10777	-1.10777	-1.10777	-1.10777	2.93528	-1.10777	2.93528
SRR18595806	-0.749748	-0.749748	-0.749748	3.86537	-0.749748	-0.749748	-0.749748	-0.749748	-0.749748	4.63932	-0.749748	-0.749748	-0.749748	-0.749748	-0.749748	-0.749748	-0.749748	-0.749748	-0.749748	-0.749748	-0.749748	-0.749748	-0.749748	-0.749748	-0.749748	-0.749748	-0.749748	-0.749748	-0.749748	-0.749748	-0.749748	-0.749748	-0.749748	-0.749748	-0.749748	-0.749748	-0.749748	-0.749748	-0.749748	-0.749748	-0.749748	-0.749748	-0.749748	-0.749748	-0.749748	-0.749748	2.8056	-0.749748	-0.749748	-0.749748	-0.749748	-0.749748	-0.749748	-0.749748	-0.749748	-0.749748	-0.749748	-0.749748	-0.749748	3.66909	-0.749748	-0.749748	-0.749748	-0.749748	-0.749748	-0.749748	-0.749748	-0.749748	-0.749748	-0.749748	-0.749748	-0.749748	-0.749748	-0.749748	-0.749748	-0.749748	-0.749748	-0.749748	4.52325	-0.749748	-0.749748	-0.749748	-0.749748	-0.749748	-0.749748	4.06244	-0.749748	-0.749748	-0.749748	-0.749748	3.25758	-0.749748	-0.749748	-0.749748	-0.749748	4.65742	-0.749748	-0.749748	4.93042	-0.749748	1.19616	-0.749748	-0.749748	3.54071	-0.749748	5.14465	-0.749748	-0.749748	-0.749748	-0.749748	-0.749748	-0.749748	-0.749748	-0.749748	-0.749748	-0.749748	-0.749748	-0.749748	-0.749748	-0.749748	-0.749748	-0.749748	-0.749748	-0.749748	-0.749748	-0.749748	5.97529	-0.749748	-0.749748	-0.749748	-0.749748	-0.749748	-0.749748	-0.749748	4.04604	-0.749748	-0.749748	-0.749748	-0.749748	-0.749748	2.29477	-0.749748	-0.749748	-0.749748	-0.749748	-0.749748	3.71616	-0.749748	-0.749748	-0.749748	3.51293	-0.749748	-0.749748	-0.749748	-0.749748	-0.749748	-0.749748	-0.749748	-0.749748	-0.749748	-0.749748	2.54609	-0.749748	-0.749748	-0.749748	-0.749748	-0.749748	-0.749748	4.1406	-0.749748	-0.749748	-0.749748	-0.749748	6.21344	7.11544	-0.749748	-0.749748	-0.749748	-0.749748	-0.749748	-0.749748	-0.749748	-0.749748	-0.749748	-0.749748	-0.749748	-0.749748	2.29477	-0.749748	-0.749748	-0.749748	-0.749748	-0.749748	-0.749748	5.73489	-0.749748	-0.749748	-0.749748	-0.749748	4.33166	-0.749748	6.13269	5.15015	-0.749748	-0.749748	-0.749748	-0.749748	3.56774	-0.749748	-0.749748	-0.749748	-0.749748	-0.749748	-0.749748	-0.749748	8.48245	-0.749748	-0.749748	3.9416	4.69267	-0.749748	-0.749748	6.66903	-0.749748	-0.749748	-0.749748	7.74622	-0.749748	-0.749748	-0.749748	-0.749748	-0.749748	3.1004	-0.749748	3.2933	1.9583	-0.749748	-0.749748	-0.749748
SRR18595807	-0.377513	-0.377513	-0.377513	-0.377513	-0.377513	-0.377513	-0.377513	-0.377513	-0.377513	-0.377513	-0.377513	-0.377513	-0.377513	-0.377513	-0.377513	-0.377513	-0.377513	-0.377513	-0.377513	-0.377513	-0.377513	-0.377513	-0.377513	-0.377513	-0.377513	-0.377513	-0.377513	-0.377513	-0.377513	-0.377513	-0.377513	-0.377513	-0.377513	-0.377513	-0.377513	-0.377513	-0.377513	-0.377513	-0.377513	-0.377513	-0.377513	-0.377513	-0.377513	-0.377513	-0.377513	-0.377513	2.91832	-0.377513	4.93569	-0.377513	-0.377513	-0.377513	-0.377513	-0.377513	-0.377513	-0.377513	-0.377513	-0.377513	-0.377513	-0.377513	-0.377513	-0.377513	-0.377513	-0.377513	2.33054	-0.377513	-0.377513	-0.377513	-0.377513	-0.377513	-0.377513	-0.377513	-0.377513	-0.377513	-0.377513	-0.377513	-0.377513	-0.377513	-0.377513	-0.377513	-0.377513	-0.377513	-0.377513	-0.377513	-0.377513	-0.377513	-0.377513	-0.377513	-0.377513	-0.377513	-0.377513	-0.377513	4.87476	-0.377513	-0.377513	5.84705	-0.377513	-0.377513	3.96629	4.61292	-0.377513	-0.377513	-0.377513	-0.377513	-0.377513	-0.377513	-0.377513	-0.377513	-0.377513	-0.377513	-0.377513	2.56693	-0.377513	-0.377513	-0.377513	-0.377513	-0.377513	4.25722	-0.377513	-0.377513	-0.377513	-0.377513	-0.377513	-0.377513	-0.377513	-0.377513	4.4823	-0.377513	3.51431	-0.377513	-0.377513	-0.377513	-0.377513	-0.377513	-0.377513	-0.377513	-0.377513	-0.377513	-0.377513	-0.377513	-0.377513	-0.377513	-0.377513	-0.377513	-0.377513	-0.377513	3.76562	-0.377513	-0.377513	-0.377513	-0.377513	-0.377513	-0.377513	-0.377513	-0.377513	-0.377513	-0.377513	-0.377513	-0.377513	-0.377513	-0.377513	-0.377513	-0.377513	-0.377513	-0.377513	-0.377513	-0.377513	2.33054	4.70389	-0.377513	-0.377513	-0.377513	-0.377513	-0.377513	2.98978	-0.377513	-0.377513	-0.377513	-0.377513	-0.377513	-0.377513	-0.377513	-0.377513	-0.377513	-0.377513	-0.377513	-0.377513	-0.377513	-0.377513	-0.377513	-0.377513	-0.377513	-0.377513	-0.377513	5.51136	-0.377513	-0.377513	-0.377513	-0.377513	-0.377513	-0.377513	-0.377513	2.4557	-0.377513	-0.377513	-0.377513	-0.377513	-0.377513	-0.377513	-0.377513	-0.377513	-0.377513	-0.377513	-0.377513	-0.377513	7.25246	-0.377513	-0.377513	-0.377513	-0.377513	-0.377513	-0.377513	-0.377513	-0.377513	-0.377513	-0.377513	4.83197	-0.377513	-0.377513	-0.377513	-0.377513	-0.377513	-0.377513	-0.377513	-0.377513	-0.377513	-0.377513	-0.377513	4.52776
SRR18595808	-1.01444	-1.01444	-1.01444	-1.01444	-1.01444	-1.01444	-1.01444	3.32937	-1.01444	-1.01444	-1.01444	-1.01444	-1.01444	4.38372	-1.01444	-1.01444	3.78135	-1.01444	-1.01444	3.45147	-1.01444	-1.01444	-1.01444	-1.01444	-1.01444	-1.01444	-1.01444	-1.01444	-1.01444	2.03008	-1.01444	-1.01444	-1.01444	-1.01444	-1.01444	-1.01444	-1.01444	-1.01444	-1.01444	-1.01444	-1.01444	-1.01444	-1.01444	4.78768	-1.01444	-1.01444	4.12722	-1.01444	3.71295	-1.01444	-1.01444	-1.01444	-1.01444	2.83571	-1.01444	-1.01444	-1.01444	-1.01444	-1.01444	1.38346	-1.01444	-1.01444	-1.01444	-1.01444	4.20592	-1.01444	-1.01444	-1.01444	-1.01444	-1.01444	-1.01444	-1.01444	-1.01444	-1.01444	-1.01444	-1.01444	-1.01444	-1.01444	-1.01444	2.54091	-1.01444	-1.01444	-1.01444	2.79222	-1.01444	4.67254	-1.01444	-1.01444	-1.01444	-1.01444	-1.01444	-1.01444	5.96191	-1.01444	-1.01444	3.4742	-1.01444	-1.01444	4.65888	4.82329	-1.01444	-1.01444	-1.01444	4.02899	-1.01444	4.9336	-1.01444	-1.01444	-1.01444	4.53464	-1.01444	-1.01444	4.51101	-1.01444	-1.01444	-1.01444	-1.01444	-1.01444	4.23783	1.38346	-1.01444	-1.01444	-1.01444	-1.01444	4.7189	-1.01444	-1.01444	-1.01444	-1.01444	-1.01444	-1.01444	-1.01444	-1.01444	-1.01444	4.04181	-1.01444	-1.01444	-1.01444	-1.01444	-1.01444	3.32937	-1.01444	-1.01444	-1.01444	-1.01444	-1.01444	7.1314	-1.01444	-1.01444	-1.01444	-1.01444	-1.01444	-1.01444	-1.01444	-1.01444	4.33742	-1.01444	-1.01444	-1.01444	-1.01444	-1.01444	5.07006	-1.01444	-1.01444	-1.01444	-1.01444	1.93	-1.01444	4.07931	-1.01444	-1.01444	-1.01444	-1.01444	5.36399	6.41745	-1.01444	-1.01444	-1.01444	-1.01444	-1.01444	-1.01444	-1.01444	-1.01444	-1.01444	-1.01444	-1.01444	-1.01444	-1.01444	-1.01444	-1.01444	-1.01444	-1.01444	-1.01444	-1.01444	4.85768	-1.01444	-1.01444	-1.01444	-1.01444	3.89084	-1.01444	3.78135	3.38001	-1.01444	-1.01444	-1.01444	-1.01444	3.84537	-1.01444	-1.01444	-1.01444	-1.01444	-1.01444	3.0631	-1.01444	5.8782	-1.01444	-1.01444	3.1287	3.09643	-1.01444	-1.01444	4.07931	-1.01444	-1.01444	-1.01444	5.00901	-1.01444	-1.01444	2.83571	-1.01444	-1.01444	-1.01444	-1.01444	1.69361	-1.01444	3.79774	-1.01444	3.4044
SRR18595809	-1.05453	-1.05453	-1.05453	-1.05453	-1.05453	-1.05453	-1.05453	-1.05453	-1.05453	-1.05453	-1.05453	-1.05453	-1.05453	3.86545	-1.05453	-1.05453	3.85074	-1.05453	-1.05453	2.44197	-1.05453	-1.05453	-1.05453	-1.05453	-1.05453	-1.05453	-1.05453	-1.05453	-1.05453	2.2413	-1.05453	-1.05453	-1.05453	-1.05453	-1.05453	-1.05453	-1.05453	-1.05453	-1.05453	-1.05453	-1.05453	-1.05453	1.77868	4.58382	-1.05453	-1.05453	3.72459	2.79561	3.86545	-1.05453	-1.05453	-1.05453	-1.05453	3.52018	-1.05453	-1.05453	-1.05453	-1.05453	-1.05453	2.31276	-1.05453	-1.05453	-1.05453	-1.05453	3.9222	-1.05453	-1.05453	-1.05453	-1.05453	-1.05453	2.08096	-1.05453	-1.05453	-1.05453	-1.05453	-1.05453	-1.05453	-1.05453	-1.05453	3.45632	-1.05453	-1.05453	-1.05453	1.65352	-1.05453	5.43315	-1.05453	-1.05453	-1.05453	-1.05453	2.55638	-1.05453	5.60091	-1.05453	-1.05453	4.6592	-1.05453	-1.05453	5.21267	4.41353	-1.05453	2.44197	-1.05453	4.72312	-1.05453	5.42397	-1.05453	-1.05453	-1.05453	4.16582	-1.05453	-1.05453	3.26295	-1.05453	-1.05453	-1.05453	-1.05453	-1.05453	3.15016	-1.05453	-1.05453	-1.05453	-1.05453	2.2413	-1.05453	-1.05453	-1.05453	-1.05453	-1.05453	-1.05453	-1.05453	-1.05453	-1.05453	-1.05453	-1.05453	-1.05453	-1.05453	-1.05453	-1.05453	-1.05453	3.36431	-1.05453	-1.05453	-1.05453	1.8899	-1.05453	4.47885	-1.05453	-1.05453	-1.05453	-1.05453	-1.05453	-1.05453	-1.05453	-1.05453	3.023	-1.05453	-1.05453	-1.05453	-1.05453	-1.05453	4.43026	-1.05453	-1.05453	-1.05453	2.37945	3.36431	-1.05453	2.83729	-1.05453	3.41137	-1.05453	-1.05453	6.63667	4.88826	-1.05453	-1.05453	-1.05453	2.65904	-1.05453	-1.05453	-1.05453	-1.05453	-1.05453	-1.05453	-1.05453	-1.05453	-1.05453	-1.05453	2.83729	-1.05453	-1.05453	-1.05453	-1.05453	4.47885	-1.05453	-1.05453	-1.05453	-1.05453	2.9528	-1.05453	-1.05453	3.36431	-1.05453	-1.05453	-1.05453	-1.05453	2.83729	-1.05453	-1.05453	-1.05453	-1.05453	-1.05453	-1.05453	-1.05453	6.11635	-1.05453	-1.05453	2.98852	4.08713	-1.05453	-1.05453	5.27519	-1.05453	-1.05453	-1.05453	3.655	-1.05453	-1.05453	-1.05453	-1.05453	-1.05453	1.98999	-1.05453	4.37042	3.75765	3.63681	-1.05453	-1.05453
SRR18595810	-0.820387	-0.820387	-0.820387	-0.820387	-0.820387	-0.820387	-0.820387	-0.820387	-0.820387	1.57751	-0.820387	-0.820387	-0.820387	-0.820387	-0.820387	-0.820387	3.73349	-0.820387	-0.820387	-0.820387	-0.820387	-0.820387	2.67612	-0.820387	-0.820387	-0.820387	-0.820387	-0.820387	-0.820387	-0.820387	-0.820387	-0.820387	-0.820387	-0.820387	-0.820387	-0.820387	-0.820387	-0.820387	-0.820387	-0.820387	-0.820387	-0.820387	4.55025	4.72869	-0.820387	1.57751	1.74456	-0.820387	2.94081	-0.820387	-0.820387	-0.820387	-0.820387	-0.820387	-0.820387	-0.820387	-0.820387	-0.820387	-0.820387	1.12552	-0.820387	-0.820387	-0.820387	-0.820387	5.11186	-0.820387	-0.820387	-0.820387	-0.820387	-0.820387	-0.820387	-0.820387	-0.820387	-0.820387	-0.820387	-0.820387	-0.820387	-0.820387	-0.820387	2.54691	-0.820387	-0.820387	-0.820387	-0.820387	-0.820387	1.88766	-0.820387	-0.820387	-0.820387	-0.820387	2.54691	-0.820387	4.72869	-0.820387	-0.820387	4.3891	-0.820387	-0.820387	3.1499	-0.820387	-0.820387	-0.820387	-0.820387	1.57751	-0.820387	4.42136	-0.820387	-0.820387	-0.820387	-0.820387	-0.820387	3.79473	4.09959	-0.820387	-0.820387	-0.820387	-0.820387	-0.820387	4.26102	-0.820387	-0.820387	-0.820387	-0.820387	-0.820387	4.46282	-0.820387	-0.820387	-0.820387	3.83357	-0.820387	-0.820387	-0.820387	-0.820387	-0.820387	4.12837	-0.820387	-0.820387	-0.820387	-0.820387	-0.820387	-0.820387	-0.820387	-0.820387	-0.820387	-0.820387	-0.820387	-0.820387	-0.820387	-0.820387	-0.820387	-0.820387	-0.820387	-0.820387	-0.820387	-0.820387	3.87096	-0.820387	-0.820387	-0.820387	-0.820387	-0.820387	3.77473	-0.820387	-0.820387	-0.820387	3.83357	2.54691	-0.820387	4.60456	-0.820387	-0.820387	-0.820387	-0.820387	3.83357	5.34713	-0.820387	-0.820387	-0.820387	4.367	-0.820387	-0.820387	-0.820387	-0.820387	-0.820387	-0.820387	-0.820387	-0.820387	-0.820387	-0.820387	3.07143	-0.820387	-0.820387	-0.820387	-0.820387	-0.820387	-0.820387	-0.820387	-0.820387	-0.820387	-0.820387	-0.820387	4.82506	5.01734	-0.820387	-0.820387	-0.820387	-0.820387	3.57406	-0.820387	-0.820387	-0.820387	-0.820387	-0.820387	4.56868	-0.820387	7.8679	-0.820387	-0.820387	4.41072	3.88914	-0.820387	-0.820387	3.73349	-0.820387	-0.820387	-0.820387	5.33022	-0.820387	-0.820387	-0.820387	-0.820387	-0.820387	2.73496	-0.820387	-0.820387	-0.820387	-0.820387	-0.820387	-0.820387
SRR18595811	-0.278119	-0.278119	-0.278119	-0.278119	-0.278119	-0.278119	-0.278119	-0.278119	-0.278119	-0.278119	-0.278119	-0.278119	-0.278119	-0.278119	-0.278119	-0.278119	3.01772	-0.278119	-0.278119	-0.278119	-0.278119	-0.278119	-0.278119	-0.278119	-0.278119	-0.278119	-0.278119	-0.278119	-0.278119	-0.278119	-0.278119	-0.278119	-0.278119	-0.278119	-0.278119	-0.278119	-0.278119	-0.278119	-0.278119	-0.278119	-0.278119	-0.278119	-0.278119	3.15587	-0.278119	-0.278119	-0.278119	-0.278119	-0.278119	-0.278119	-0.278119	-0.278119	-0.278119	-0.278119	-0.278119	-0.278119	-0.278119	-0.278119	-0.278119	-0.278119	-0.278119	-0.278119	-0.278119	-0.278119	-0.278119	-0.278119	-0.278119	-0.278119	-0.278119	-0.278119	-0.278119	-0.278119	-0.278119	-0.278119	-0.278119	-0.278119	-0.278119	-0.278119	-0.278119	-0.278119	-0.278119	-0.278119	-0.278119	-0.278119	-0.278119	-0.278119	-0.278119	-0.278119	-0.278119	-0.278119	-0.278119	-0.278119	-0.278119	-0.278119	-0.278119	-0.278119	-0.278119	-0.278119	-0.278119	4.09133	-0.278119	-0.278119	-0.278119	-0.278119	-0.278119	3.52854	-0.278119	-0.278119	-0.278119	-0.278119	-0.278119	-0.278119	-0.278119	-0.278119	-0.278119	-0.278119	-0.278119	-0.278119	2.7664	4.25448	-0.278119	-0.278119	-0.278119	-0.278119	-0.278119	-0.278119	-0.278119	-0.278119	-0.278119	-0.278119	-0.278119	-0.278119	-0.278119	-0.278119	-0.278119	-0.278119	-0.278119	-0.278119	-0.278119	-0.278119	-0.278119	-0.278119	-0.278119	-0.278119	4.317	-0.278119	-0.278119	-0.278119	-0.278119	-0.278119	-0.278119	-0.278119	-0.278119	-0.278119	-0.278119	-0.278119	-0.278119	-0.278119	-0.278119	-0.278119	-0.278119	4.337	-0.278119	-0.278119	-0.278119	-0.278119	-0.278119	-0.278119	-0.278119	-0.278119	-0.278119	-0.278119	-0.278119	2.85738	4.88667	-0.278119	-0.278119	-0.278119	-0.278119	-0.278119	-0.278119	-0.278119	-0.278119	-0.278119	-0.278119	-0.278119	-0.278119	-0.278119	-0.278119	-0.278119	-0.278119	-0.278119	-0.278119	-0.278119	-0.278119	-0.278119	-0.278119	-0.278119	2.42993	3.21839	-0.278119	6.09007	3.65371	-0.278119	-0.278119	-0.278119	-0.278119	-0.278119	-0.278119	-0.278119	-0.278119	-0.278119	-0.278119	-0.278119	-0.278119	4.43141	-0.278119	-0.278119	-0.278119	-0.278119	-0.278119	-0.278119	-0.278119	-0.278119	-0.278119	-0.278119	4.98457	-0.278119	-0.278119	-0.278119	-0.278119	-0.278119	-0.278119	-0.278119	-0.278119	-0.278119	-0.278119	-0.278119	-0.278119
SRR18595812	-0.805371	-0.805371	-0.805371	-0.805371	-0.805371	-0.805371	-0.805371	-0.805371	-0.805371	-0.805371	-0.805371	-0.805371	-0.805371	1.75958	-0.805371	-0.805371	2.23915	-0.805371	-0.805371	1.59252	-0.805371	-0.805371	-0.805371	-0.805371	-0.805371	-0.805371	-0.805371	-0.805371	-0.805371	-0.805371	-0.805371	-0.805371	-0.805371	-0.805371	-0.805371	-0.805371	-0.805371	-0.805371	-0.805371	-0.805371	-0.805371	-0.805371	4.4469	5.20834	-0.805371	-0.805371	-0.805371	-0.805371	2.13907	-0.805371	-0.805371	-0.805371	-0.805371	-0.805371	-0.805371	-0.805371	-0.805371	-0.805371	-0.805371	3.45731	-0.805371	2.74998	2.02784	-0.805371	3.08645	-0.805371	-0.805371	-0.805371	-0.805371	1.90268	-0.805371	-0.805371	-0.805371	-0.805371	-0.805371	-0.805371	-0.805371	-0.805371	-0.805371	4.48793	-0.805371	-0.805371	-0.805371	3.51212	-0.805371	5.36215	-0.805371	-0.805371	3.53843	-0.805371	5.28367	-0.805371	6.35314	-0.805371	-0.805371	1.90268	-0.805371	-0.805371	-0.805371	-0.805371	-0.805371	-0.805371	-0.805371	5.20834	-0.805371	5.50636	-0.805371	-0.805371	-0.805371	-0.805371	-0.805371	-0.805371	-0.805371	-0.805371	-0.805371	-0.805371	-0.805371	-0.805371	1.14054	-0.805371	-0.805371	-0.805371	-0.805371	4.35941	-0.805371	-0.805371	-0.805371	-0.805371	-0.805371	-0.805371	-0.805371	-0.805371	-0.805371	-0.805371	-0.805371	-0.805371	-0.805371	-0.805371	-0.805371	-0.805371	1.59252	-0.805371	-0.805371	-0.805371	2.9082	-0.805371	1.90268	-0.805371	-0.805371	-0.805371	-0.805371	-0.805371	4.84712	-0.805371	-0.805371	2.13907	-0.805371	-0.805371	-0.805371	-0.805371	-0.805371	3.36902	-0.805371	-0.805371	-0.805371	-0.805371	1.14054	-0.805371	3.48509	1.75958	5.59655	-0.805371	-0.805371	7.3617	3.72723	-0.805371	-0.805371	-0.805371	-0.805371	-0.805371	-0.805371	-0.805371	-0.805371	-0.805371	-0.805371	-0.805371	-0.805371	-0.805371	-0.805371	3.20196	-0.805371	-0.805371	-0.805371	-0.805371	-0.805371	-0.805371	-0.805371	-0.805371	-0.805371	-0.805371	-0.805371	6.00697	3.04478	-0.805371	-0.805371	-0.805371	-0.805371	-0.805371	-0.805371	-0.805371	-0.805371	-0.805371	-0.805371	-0.805371	-0.805371	3.04478	-0.805371	-0.805371	-0.805371	1.90268	-0.805371	-0.805371	5.95504	-0.805371	-0.805371	-0.805371	2.02784	-0.805371	-0.805371	4.72802	-0.805371	-0.805371	-0.805371	-0.805371	2.95583	2.49047	3.78975	-0.805371	-0.805371
SRR18595813	-0.338904	-0.338904	-0.338904	-0.338904	-0.338904	-0.338904	-0.338904	-0.338904	-0.338904	-0.338904	-0.338904	-0.338904	-0.338904	-0.338904	-0.338904	-0.338904	-0.338904	-0.338904	-0.338904	-0.338904	-0.338904	-0.338904	-0.338904	-0.338904	-0.338904	-0.338904	-0.338904	-0.338904	2.22605	-0.338904	-0.338904	-0.338904	-0.338904	-0.338904	-0.338904	-0.338904	-0.338904	-0.338904	-0.338904	-0.338904	-0.338904	-0.338904	-0.338904	3.27201	-0.338904	-0.338904	-0.338904	-0.338904	-0.338904	-0.338904	-0.338904	-0.338904	-0.338904	-0.338904	-0.338904	1.60701	-0.338904	-0.338904	-0.338904	-0.338904	-0.338904	-0.338904	-0.338904	-0.338904	-0.338904	-0.338904	2.49431	-0.338904	-0.338904	-0.338904	-0.338904	-0.338904	-0.338904	-0.338904	-0.338904	-0.338904	-0.338904	-0.338904	-0.338904	-0.338904	-0.338904	2.22605	-0.338904	-0.338904	-0.338904	-0.338904	-0.338904	-0.338904	-0.338904	-0.338904	-0.338904	-0.338904	-0.338904	-0.338904	-0.338904	-0.338904	-0.338904	-0.338904	4.05555	-0.338904	-0.338904	-0.338904	-0.338904	-0.338904	-0.338904	3.63139	-0.338904	-0.338904	-0.338904	-0.338904	-0.338904	-0.338904	3.95156	-0.338904	-0.338904	-0.338904	-0.338904	2.95693	-0.338904	-0.338904	-0.338904	-0.338904	-0.338904	-0.338904	-0.338904	-0.338904	-0.338904	-0.338904	2.49431	-0.338904	-0.338904	-0.338904	-0.338904	-0.338904	5.02239	-0.338904	-0.338904	-0.338904	-0.338904	-0.338904	-0.338904	-0.338904	-0.338904	-0.338904	-0.338904	-0.338904	-0.338904	-0.338904	-0.338904	-0.338904	-0.338904	-0.338904	-0.338904	-0.338904	-0.338904	4.03054	-0.338904	-0.338904	-0.338904	-0.338904	-0.338904	3.55292	-0.338904	-0.338904	-0.338904	-0.338904	-0.338904	-0.338904	-0.338904	-0.338904	-0.338904	-0.338904	-0.338904	-0.338904	5.09482	-0.338904	-0.338904	-0.338904	-0.338904	-0.338904	-0.338904	-0.338904	-0.338904	-0.338904	-0.338904	-0.338904	-0.338904	-0.338904	-0.338904	-0.338904	-0.338904	-0.338904	-0.338904	-0.338904	4.66504	-0.338904	-0.338904	-0.338904	-0.338904	2.49431	-0.338904	2.60554	2.05899	-0.338904	-0.338904	-0.338904	-0.338904	-0.338904	-0.338904	-0.338904	-0.338904	-0.338904	-0.338904	3.1576	-0.338904	6.18172	-0.338904	-0.338904	-0.338904	-0.338904	-0.338904	-0.338904	-0.338904	-0.338904	-0.338904	-0.338904	6.10204	-0.338904	-0.338904	-0.338904	-0.338904	-0.338904	-0.338904	-0.338904	-0.338904	-0.338904	-0.338904	-0.338904	-0.338904
SRR18595814	-0.862015	-0.862015	-0.862015	-0.862015	-0.862015	-0.862015	-0.862015	-0.862015	3.50743	4.26788	-0.862015	-0.862015	-0.862015	5.82385	-0.862015	-0.862015	-0.862015	-0.862015	-0.862015	-0.862015	-0.862015	-0.862015	-0.862015	-0.862015	-0.862015	-0.862015	-0.862015	-0.862015	-0.862015	3.95017	3.69186	-0.862015	-0.862015	-0.862015	-0.862015	-0.862015	-0.862015	-0.862015	-0.862015	-0.862015	-0.862015	-0.862015	-0.862015	5.19007	-0.862015	-0.862015	3.21552	-0.862015	-0.862015	-0.862015	-0.862015	-0.862015	-0.862015	-0.862015	-0.862015	1.70293	-0.862015	-0.862015	-0.862015	-0.862015	-0.862015	-0.862015	-0.862015	-0.862015	2.08242	-0.862015	-0.862015	-0.862015	-0.862015	-0.862015	-0.862015	-0.862015	-0.862015	-0.862015	-0.862015	-0.862015	-0.862015	-0.862015	-0.862015	-0.862015	-0.862015	-0.862015	-0.862015	-0.862015	-0.862015	-0.862015	-0.862015	0.747423	-0.862015	-0.862015	-0.862015	-0.862015	5.31385	-0.862015	-0.862015	4.41098	-0.862015	-0.862015	5.20409	4.68706	-0.862015	-0.862015	-0.862015	4.57171	-0.862015	5.36254	-0.862015	-0.862015	-0.862015	-0.862015	3.28112	-0.862015	6.04674	-0.862015	-0.862015	-0.862015	-0.862015	0.747423	4.96987	-0.862015	-0.862015	-0.862015	-0.862015	1.9712	4.34747	-0.862015	-0.862015	-0.862015	2.18251	-0.862015	-0.862015	-0.862015	-0.862015	-0.862015	4.75476	-0.862015	-0.862015	-0.862015	-0.862015	-0.862015	3.10828	-0.862015	-0.862015	-0.862015	-0.862015	-0.862015	1.70293	-0.862015	-0.862015	-0.862015	-0.862015	-0.862015	-0.862015	-0.862015	-0.862015	5.1517	-0.862015	-0.862015	-0.862015	-0.862015	-0.862015	2.43382	-0.862015	-0.862015	-0.862015	-0.862015	-0.862015	-0.862015	-0.862015	-0.862015	-0.862015	-0.862015	-0.862015	3.91711	7.48249	-0.862015	-0.862015	-0.862015	4.93404	-0.862015	-0.862015	-0.862015	-0.862015	-0.862015	-0.862015	-0.862015	-0.862015	-0.862015	-0.862015	-0.862015	-0.862015	-0.862015	-0.862015	-0.862015	5.58529	-0.862015	-0.862015	-0.862015	-0.862015	-0.862015	-0.862015	5.71585	3.84752	-0.862015	-0.862015	-0.862015	-0.862015	2.98813	-0.862015	-0.862015	-0.862015	-0.862015	-0.862015	3.91711	-0.862015	7.43328	-0.862015	3.02981	4.26788	3.21552	-0.862015	-0.862015	2.08242	-0.862015	-0.862015	-0.862015	6.97277	-0.862015	-0.862015	-0.862015	-0.862015	-0.862015	-0.862015	-0.862015	-0.862015	-0.862015	-0.862015	-0.862015	-0.862015
SRR18595815	-0.21264	-0.21264	-0.21264	-0.21264	-0.21264	-0.21264	-0.21264	-0.21264	-0.21264	-0.21264	-0.21264	-0.21264	-0.21264	-0.21264	-0.21264	-0.21264	-0.21264	-0.21264	-0.21264	-0.21264	-0.21264	-0.21264	-0.21264	-0.21264	-0.21264	-0.21264	-0.21264	-0.21264	-0.21264	-0.21264	-0.21264	-0.21264	-0.21264	-0.21264	-0.21264	-0.21264	-0.21264	-0.21264	-0.21264	-0.21264	-0.21264	-0.21264	-0.21264	-0.21264	-0.21264	-0.21264	-0.21264	-0.21264	-0.21264	-0.21264	-0.21264	-0.21264	-0.21264	-0.21264	-0.21264	-0.21264	-0.21264	-0.21264	-0.21264	-0.21264	-0.21264	-0.21264	-0.21264	-0.21264	-0.21264	-0.21264	-0.21264	-0.21264	-0.21264	-0.21264	-0.21264	-0.21264	-0.21264	3.71919	-0.21264	-0.21264	-0.21264	-0.21264	-0.21264	-0.21264	-0.21264	-0.21264	-0.21264	-0.21264	-0.21264	-0.21264	-0.21264	-0.21264	-0.21264	-0.21264	-0.21264	-0.21264	-0.21264	-0.21264	-0.21264	4.07782	-0.21264	-0.21264	-0.21264	5.36709	-0.21264	-0.21264	-0.21264	-0.21264	-0.21264	-0.21264	-0.21264	-0.21264	-0.21264	-0.21264	-0.21264	-0.21264	-0.21264	-0.21264	-0.21264	-0.21264	-0.21264	-0.21264	-0.21264	-0.21264	-0.21264	-0.21264	-0.21264	-0.21264	-0.21264	-0.21264	-0.21264	-0.21264	-0.21264	-0.21264	-0.21264	-0.21264	-0.21264	-0.21264	-0.21264	-0.21264	-0.21264	-0.21264	-0.21264	-0.21264	-0.21264	-0.21264	9.31463	-0.21264	-0.21264	-0.21264	3.54856	-0.21264	-0.21264	-0.21264	-0.21264	-0.21264	-0.21264	-0.21264	-0.21264	-0.21264	-0.21264	-0.21264	-0.21264	-0.21264	-0.21264	5.48109	-0.21264	-0.21264	-0.21264	-0.21264	-0.21264	-0.21264	-0.21264	-0.21264	-0.21264	-0.21264	-0.21264	-0.21264	-0.21264	-0.21264	-0.21264	-0.21264	-0.21264	-0.21264	3.0832	-0.21264	-0.21264	-0.21264	-0.21264	-0.21264	-0.21264	-0.21264	-0.21264	-0.21264	-0.21264	-0.21264	-0.21264	-0.21264	-0.21264	-0.21264	-0.21264	-0.21264	-0.21264	-0.21264	-0.21264	-0.21264	-0.21264	-0.21264	-0.21264	-0.21264	-0.21264	-0.21264	-0.21264	-0.21264	-0.21264	-0.21264	-0.21264	-0.21264	-0.21264	7.0048	-0.21264	-0.21264	-0.21264	-0.21264	-0.21264	-0.21264	-0.21264	-0.21264	-0.21264	-0.21264	7.31084	-0.21264	-0.21264	-0.21264	-0.21264	-0.21264	-0.21264	-0.21264	-0.21264	-0.21264	-0.21264	-0.21264	-0.21264
SRR18595816	-0.202428	-0.202428	-0.202428	-0.202428	-0.202428	-0.202428	-0.202428	-0.202428	-0.202428	-0.202428	-0.202428	-0.202428	-0.202428	-0.202428	-0.202428	-0.202428	-0.202428	-0.202428	-0.202428	-0.202428	-0.202428	-0.202428	-0.202428	-0.202428	-0.202428	-0.202428	-0.202428	-0.202428	-0.202428	-0.202428	-0.202428	-0.202428	-0.202428	-0.202428	-0.202428	-0.202428	-0.202428	-0.202428	-0.202428	-0.202428	-0.202428	-0.202428	-0.202428	3.16487	-0.202428	-0.202428	3.90845	-0.202428	-0.202428	-0.202428	-0.202428	-0.202428	-0.202428	-0.202428	-0.202428	-0.202428	-0.202428	-0.202428	-0.202428	-0.202428	-0.202428	-0.202428	-0.202428	-0.202428	-0.202428	-0.202428	-0.202428	-0.202428	-0.202428	-0.202428	-0.202428	-0.202428	-0.202428	-0.202428	-0.202428	-0.202428	-0.202428	-0.202428	-0.202428	2.50562	-0.202428	-0.202428	-0.202428	-0.202428	-0.202428	-0.202428	-0.202428	-0.202428	-0.202428	-0.202428	-0.202428	-0.202428	-0.202428	-0.202428	-0.202428	-0.202428	-0.202428	-0.202428	-0.202428	6.93882	-0.202428	-0.202428	-0.202428	-0.202428	-0.202428	3.40849	-0.202428	-0.202428	-0.202428	2.74201	-0.202428	-0.202428	-0.202428	-0.202428	-0.202428	-0.202428	-0.202428	-0.202428	-0.202428	-0.202428	-0.202428	-0.202428	-0.202428	-0.202428	-0.202428	-0.202428	-0.202428	-0.202428	-0.202428	-0.202428	-0.202428	-0.202428	-0.202428	-0.202428	-0.202428	-0.202428	-0.202428	-0.202428	-0.202428	-0.202428	-0.202428	-0.202428	-0.202428	-0.202428	2.74201	-0.202428	2.36252	-0.202428	-0.202428	-0.202428	-0.202428	-0.202428	-0.202428	-0.202428	-0.202428	1.74348	-0.202428	-0.202428	-0.202428	-0.202428	-0.202428	-0.202428	-0.202428	-0.202428	-0.202428	-0.202428	-0.202428	-0.202428	-0.202428	-0.202428	-0.202428	-0.202428	-0.202428	2.19547	-0.202428	-0.202428	-0.202428	-0.202428	-0.202428	-0.202428	-0.202428	-0.202428	-0.202428	-0.202428	-0.202428	-0.202428	-0.202428	-0.202428	-0.202428	-0.202428	-0.202428	-0.202428	-0.202428	-0.202428	-0.202428	-0.202428	-0.202428	-0.202428	-0.202428	-0.202428	-0.202428	-0.202428	-0.202428	-0.202428	-0.202428	-0.202428	-0.202428	-0.202428	-0.202428	-0.202428	-0.202428	-0.202428	-0.202428	-0.202428	-0.202428	3.60423	-0.202428	-0.202428	-0.202428	2.50562	-0.202428	-0.202428	4.26348	-0.202428	-0.202428	-0.202428	-0.202428	-0.202428	-0.202428	3.46113	-0.202428	-0.202428	-0.202428	-0.202428	-0.202428	-0.202428	-0.202428	-0.202428	-0.202428
SRR18595817	-0.832843	-0.832843	-0.832843	-0.832843	-0.832843	-0.832843	-0.832843	-0.832843	-0.832843	-0.832843	-0.832843	-0.832843	-0.832843	3.05898	-0.832843	-0.832843	-0.832843	-0.832843	-0.832843	-0.832843	-0.832843	-0.832843	-0.832843	-0.832843	-0.832843	-0.832843	-0.832843	-0.832843	-0.832843	-0.832843	-0.832843	-0.832843	-0.832843	-0.832843	-0.832843	-0.832843	-0.832843	-0.832843	1.36438	-0.832843	-0.832843	-0.832843	-0.832843	2.60114	-0.832843	-0.832843	6.0141	-0.832843	4.98129	-0.832843	-0.832843	-0.832843	-0.832843	-0.832843	-0.832843	-0.832843	-0.832843	-0.832843	-0.832843	4.60088	-0.832843	-0.832843	2.21168	-0.832843	3.45762	-0.832843	-0.832843	-0.832843	-0.832843	-0.832843	-0.832843	-0.832843	-0.832843	-0.832843	-0.832843	-0.832843	-0.832843	-0.832843	-0.832843	3.91209	-0.832843	-0.832843	-0.832843	4.54705	-0.832843	5.82517	-0.832843	-0.832843	-0.832843	-0.832843	5.11519	-0.832843	5.82002	-0.832843	-0.832843	4.65195	-0.832843	-0.832843	-0.832843	-0.832843	-0.832843	3.40126	-0.832843	3.94628	-0.832843	4.37664	-0.832843	-0.832843	-0.832843	3.94628	2.77808	-0.832843	3.586	-0.832843	-0.832843	-0.832843	-0.832843	-0.832843	2.1116	-0.832843	-0.832843	-0.832843	-0.832843	-0.832843	-0.832843	-0.832843	-0.832843	-0.832843	-0.832843	-0.832843	-0.832843	-0.832843	-0.832843	-0.832843	-0.832843	-0.832843	-0.832843	-0.832843	-0.832843	-0.832843	3.24469	-0.832843	-0.832843	-0.832843	-0.832843	-0.832843	-0.832843	-0.832843	-0.832843	-0.832843	-0.832843	-0.832843	2.00037	-0.832843	-0.832843	3.83999	-0.832843	-0.832843	-0.832843	-0.832843	-0.832843	4.93235	-0.832843	-0.832843	-0.832843	-0.832843	4.10163	-0.832843	6.16201	-0.832843	2.21168	-0.832843	-0.832843	5.36767	5.64873	-0.832843	-0.832843	-0.832843	-0.832843	-0.832843	-0.832843	-0.832843	2.60114	-0.832843	-0.832843	-0.832843	-0.832843	-0.832843	-0.832843	4.1711	-0.832843	-0.832843	-0.832843	-0.832843	-0.832843	-0.832843	-0.832843	-0.832843	-0.832843	-0.832843	-0.832843	2.21168	6.46221	-0.832843	-0.832843	-0.832843	-0.832843	-0.832843	-0.832843	-0.832843	-0.832843	-0.832843	-0.832843	4.67655	-0.832843	-0.832843	-0.832843	-0.832843	-0.832843	6.0799	-0.832843	-0.832843	6.01622	-0.832843	-0.832843	-0.832843	-0.832843	-0.832843	-0.832843	6.02887	-0.832843	-0.832843	-0.832843	-0.832843	-0.832843	-0.832843	1.73211	-0.832843	5.93909
SRR18595818	-0.451857	-0.451857	-0.451857	-0.451857	-0.451857	-0.451857	-0.451857	-0.451857	-0.451857	-0.451857	-0.451857	-0.451857	-0.451857	-0.451857	-0.451857	-0.451857	-0.451857	-0.451857	7.69976	-0.451857	-0.451857	-0.451857	-0.451857	-0.451857	-0.451857	-0.451857	-0.451857	-0.451857	-0.451857	4.99918	-0.451857	-0.451857	-0.451857	-0.451857	-0.451857	-0.451857	-0.451857	-0.451857	-0.451857	-0.451857	-0.451857	-0.451857	-0.451857	5.29435	-0.451857	-0.451857	6.93771	-0.451857	-0.451857	-0.451857	-0.451857	-0.451857	-0.451857	-0.451857	-0.451857	-0.451857	-0.451857	-0.451857	-0.451857	-0.451857	-0.451857	-0.451857	-0.451857	-0.451857	-0.451857	-0.451857	-0.451857	-0.451857	-0.451857	-0.451857	-0.451857	-0.451857	-0.451857	-0.451857	-0.451857	-0.451857	-0.451857	-0.451857	-0.451857	-0.451857	-0.451857	-0.451857	-0.451857	-0.451857	-0.451857	-0.451857	-0.451857	-0.451857	-0.451857	-0.451857	-0.451857	-0.451857	6.39933	-0.451857	-0.451857	4.16326	-0.451857	-0.451857	3.04465	6.98711	-0.451857	-0.451857	-0.451857	4.16326	-0.451857	6.89092	-0.451857	-0.451857	-0.451857	-0.451857	5.0656	-0.451857	-0.451857	-0.451857	-0.451857	-0.451857	-0.451857	-0.451857	-0.451857	-0.451857	-0.451857	-0.451857	-0.451857	-0.451857	5.57642	-0.451857	-0.451857	-0.451857	-0.451857	-0.451857	-0.451857	-0.451857	-0.451857	-0.451857	-0.451857	-0.451857	-0.451857	-0.451857	-0.451857	-0.451857	-0.451857	-0.451857	-0.451857	-0.451857	-0.451857	-0.451857	7.69919	-0.451857	-0.451857	-0.451857	-0.451857	-0.451857	-0.451857	-0.451857	-0.451857	-0.451857	-0.451857	-0.451857	-0.451857	-0.451857	-0.451857	-0.451857	-0.451857	-0.451857	-0.451857	-0.451857	3.8386	-0.451857	3.35481	-0.451857	-0.451857	-0.451857	-0.451857	4.91878	-0.451857	-0.451857	-0.451857	-0.451857	3.59119	-0.451857	-0.451857	-0.451857	-0.451857	-0.451857	-0.451857	-0.451857	-0.451857	-0.451857	-0.451857	-0.451857	-0.451857	-0.451857	-0.451857	-0.451857	-0.451857	-0.451857	-0.451857	-0.451857	-0.451857	-0.451857	-0.451857	-0.451857	-0.451857	-0.451857	-0.451857	-0.451857	-0.451857	-0.451857	-0.451857	-0.451857	-0.451857	-0.451857	-0.451857	-0.451857	-0.451857	4.91878	-0.451857	-0.451857	-0.451857	-0.451857	-0.451857	-0.451857	3.86563	-0.451857	-0.451857	-0.451857	-0.451857	-0.451857	-0.451857	-0.451857	-0.451857	-0.451857	-0.451857	-0.451857	-0.451857	-0.451857	-0.451857	-0.451857	-0.451857
SRR18595819	3.52255	4.34672	-0.794942	-0.794942	-0.794942	-0.794942	-0.794942	-0.794942	-0.794942	-0.794942	-0.794942	-0.794942	-0.794942	-0.794942	-0.794942	-0.794942	-0.794942	-0.794942	-0.794942	-0.794942	-0.794942	-0.794942	-0.794942	-0.794942	-0.794942	-0.794942	-0.794942	2.81598	-0.794942	2.91863	-0.794942	-0.794942	-0.794942	-0.794942	-0.794942	-0.794942	2.42393	-0.794942	-0.794942	-0.794942	-0.794942	-0.794942	-0.794942	-0.794942	-0.794942	-0.794942	6.22346	-0.794942	2.96626	-0.794942	-0.794942	-0.794942	3.09688	-0.794942	-0.794942	-0.794942	-0.794942	-0.794942	2.34055	-0.794942	-0.794942	-0.794942	-0.794942	-0.794942	2.34055	-0.794942	-0.794942	-0.794942	-0.794942	-0.794942	3.71592	-0.794942	-0.794942	-0.794942	-0.794942	3.93245	-0.794942	-0.794942	-0.794942	-0.794942	-0.794942	-0.794942	-0.794942	-0.794942	-0.794942	5.37676	-0.794942	-0.794942	-0.794942	-0.794942	-0.794942	-0.794942	6.22346	-0.794942	-0.794942	4.59413	-0.794942	-0.794942	3.13688	6.08132	-0.794942	-0.794942	-0.794942	4.03337	1.60295	5.08838	-0.794942	-0.794942	-0.794942	1.91311	-0.794942	-0.794942	4.72251	-0.794942	-0.794942	-0.794942	-0.794942	-0.794942	-0.794942	-0.794942	-0.794942	-0.794942	-0.794942	-0.794942	-0.794942	-0.794942	-0.794942	-0.794942	-0.794942	-0.794942	-0.794942	-0.794942	-0.794942	-0.794942	-0.794942	-0.794942	-0.794942	-0.794942	-0.794942	-0.794942	-0.794942	-0.794942	-0.794942	-0.794942	3.09688	-0.794942	8.21291	-0.794942	-0.794942	-0.794942	-0.794942	-0.794942	-0.794942	-0.794942	-0.794942	-0.794942	-0.794942	-0.794942	-0.794942	-0.794942	-0.794942	5.15309	-0.794942	-0.794942	-0.794942	-0.794942	4.82908	-0.794942	4.28646	-0.794942	-0.794942	-0.794942	-0.794942	4.81453	4.209	-0.794942	-0.794942	-0.794942	1.15097	-0.794942	-0.794942	-0.794942	-0.794942	-0.794942	-0.794942	-0.794942	-0.794942	-0.794942	-0.794942	-0.794942	-0.794942	-0.794942	-0.794942	-0.794942	5.56981	-0.794942	-0.794942	-0.794942	-0.794942	3.85902	-0.794942	-0.794942	-0.794942	-0.794942	-0.794942	-0.794942	-0.794942	2.70157	-0.794942	-0.794942	-0.794942	2.24958	-0.794942	-0.794942	-0.794942	5.83442	-0.794942	-0.794942	3.43916	5.3471	-0.794942	-0.794942	2.50089	-0.794942	-0.794942	-0.794942	4.42541	-0.794942	-0.794942	-0.794942	-0.794942	-0.794942	-0.794942	-0.794942	-0.794942	-0.794942	-0.794942	-0.794942	3.09688
SRR18595820	-0.584046	-0.584046	-0.584046	-0.584046	-0.584046	-0.584046	-0.584046	-0.584046	-0.584046	-0.584046	-0.584046	-0.584046	-0.584046	-0.584046	-0.584046	-0.584046	-0.584046	-0.584046	-0.584046	-0.584046	-0.584046	-0.584046	-0.584046	-0.584046	-0.584046	-0.584046	-0.584046	-0.584046	-0.584046	-0.584046	1.61318	-0.584046	-0.584046	-0.584046	-0.584046	-0.584046	-0.584046	-0.584046	-0.584046	-0.584046	-0.584046	-0.584046	-0.584046	3.02687	-0.584046	2.78325	3.75976	-0.584046	3.92681	-0.584046	-0.584046	-0.584046	-0.584046	-0.584046	-0.584046	-0.584046	-0.584046	-0.584046	-0.584046	-0.584046	-0.584046	-0.584046	-0.584046	-0.584046	-0.584046	-0.584046	-0.584046	-0.584046	-0.584046	-0.584046	-0.584046	-0.584046	-0.584046	-0.584046	-0.584046	-0.584046	-0.584046	-0.584046	-0.584046	-0.584046	-0.584046	-0.584046	-0.584046	-0.584046	-0.584046	-0.584046	-0.584046	-0.584046	-0.584046	-0.584046	-0.584046	-0.584046	6.38103	-0.584046	-0.584046	4.80503	-0.584046	-0.584046	5.21201	1.9809	-0.584046	-0.584046	3.22262	-0.584046	-0.584046	6.21724	-0.584046	-0.584046	-0.584046	-0.584046	-0.584046	2.78325	6.3523	-0.584046	-0.584046	-0.584046	-0.584046	-0.584046	3.07952	-0.584046	-0.584046	-0.584046	-0.584046	5.66786	5.70567	-0.584046	-0.584046	-0.584046	-0.584046	-0.584046	-0.584046	-0.584046	-0.584046	-0.584046	-0.584046	-0.584046	-0.584046	-0.584046	-0.584046	-0.584046	1.02539	-0.584046	-0.584046	-0.584046	-0.584046	-0.584046	-0.584046	-0.584046	-0.584046	-0.584046	-0.584046	-0.584046	-0.584046	-0.584046	-0.584046	-0.584046	-0.584046	-0.584046	-0.584046	-0.584046	-0.584046	5.74568	-0.584046	-0.584046	-0.584046	-0.584046	4.5921	-0.584046	5.19978	-0.584046	-0.584046	-0.584046	-0.584046	-0.584046	6.77032	-0.584046	-0.584046	-0.584046	-0.584046	-0.584046	-0.584046	-0.584046	-0.584046	-0.584046	-0.584046	-0.584046	-0.584046	-0.584046	-0.584046	-0.584046	-0.584046	-0.584046	-0.584046	-0.584046	-0.584046	-0.584046	-0.584046	-0.584046	-0.584046	-0.584046	-0.584046	5.23604	2.55145	-0.584046	-0.584046	-0.584046	-0.584046	3.65006	-0.584046	-0.584046	-0.584046	-0.584046	-0.584046	5.27674	-0.584046	7.50513	-0.584046	-0.584046	-0.584046	-0.584046	-0.584046	-0.584046	-0.584046	-0.584046	-0.584046	-0.584046	6.08418	-0.584046	-0.584046	-0.584046	-0.584046	-0.584046	-0.584046	-0.584046	-0.584046	-0.584046	3.07952	-0.584046	-0.584046
SRR18595821	-0.965279	-0.965279	-0.965279	-0.965279	-0.965279	-0.965279	-0.965279	-0.965279	-0.965279	-0.965279	-0.965279	-0.965279	-0.965279	-0.965279	-0.965279	-0.965279	3.83051	-0.965279	-0.965279	2.84138	-0.965279	-0.965279	-0.965279	-0.965279	-0.965279	-0.965279	-0.965279	-0.965279	-0.965279	3.37853	-0.965279	-0.965279	-0.965279	-0.965279	-0.965279	-0.965279	-0.965279	-0.965279	-0.965279	-0.965279	-0.965279	-0.965279	-0.965279	4.90684	-0.965279	4.51118	5.63731	-0.965279	3.62984	-0.965279	-0.965279	-0.965279	-0.965279	-0.965279	-0.965279	-0.965279	-0.965279	-0.965279	-0.965279	3.40417	-0.965279	-0.965279	-0.965279	-0.965279	1.43262	-0.965279	-0.965279	-0.965279	-0.965279	-0.965279	-0.965279	-0.965279	-0.965279	-0.965279	-0.965279	-0.965279	-0.965279	-0.965279	-0.965279	2.17022	-0.965279	-0.965279	-0.965279	3.20911	-0.965279	1.43262	-0.965279	-0.965279	-0.965279	-0.965279	-0.965279	-0.965279	5.8774	-0.965279	-0.965279	4.93462	-0.965279	-0.965279	4.76806	6.67147	-0.965279	-0.965279	-0.965279	5.95737	-0.965279	7.08255	-0.965279	-0.965279	-0.965279	1.23195	2.92654	-0.965279	4.65874	-0.965279	-0.965279	-0.965279	-0.965279	-0.965279	-0.965279	2.59007	-0.965279	-0.965279	-0.965279	-0.965279	3.37853	-0.965279	-0.965279	-0.965279	-0.965279	-0.965279	-0.965279	-0.965279	-0.965279	-0.965279	5.08209	-0.965279	-0.965279	-0.965279	-0.965279	-0.965279	4.32803	-0.965279	-0.965279	-0.965279	1.97916	-0.965279	6.01851	-0.965279	-0.965279	-0.965279	-0.965279	-0.965279	-0.965279	-0.965279	-0.965279	3.68868	-0.965279	-0.965279	-0.965279	-0.965279	-0.965279	4.68721	-0.965279	-0.965279	-0.965279	-0.965279	4.19951	-0.965279	4.14067	-0.965279	-0.965279	-0.965279	-0.965279	6.48189	6.68679	-0.965279	-0.965279	-0.965279	-0.965279	-0.965279	-0.965279	-0.965279	-0.965279	-0.965279	-0.965279	-0.965279	-0.965279	-0.965279	-0.965279	-0.965279	-0.965279	-0.965279	-0.965279	-0.965279	-0.965279	-0.965279	-0.965279	-0.965279	-0.965279	-0.965279	-0.965279	4.9236	4.56017	-0.965279	-0.965279	-0.965279	-0.965279	2.40202	-0.965279	-0.965279	-0.965279	-0.965279	-0.965279	3.87891	-0.965279	7.03003	-0.965279	-0.965279	3.9547	4.23322	-0.965279	-0.965279	4.83684	-0.965279	-0.965279	-0.965279	6.2768	-0.965279	-0.965279	-0.965279	-0.965279	-0.965279	1.23195	-0.965279	-0.965279	-0.965279	3.77965	-0.965279	2.40202
SRR18595822	-0.815754	-0.815754	-0.815754	-0.815754	-0.815754	-0.815754	-0.815754	-0.815754	-0.815754	-0.815754	-0.815754	-0.815754	-0.815754	6.66355	-0.815754	-0.815754	-0.815754	-0.815754	-0.815754	-0.815754	-0.815754	-0.815754	-0.815754	-0.815754	-0.815754	-0.815754	-0.815754	-0.815754	-0.815754	4.32591	-0.815754	-0.815754	-0.815754	-0.815754	-0.815754	-0.815754	-0.815754	-0.815754	-0.815754	-0.815754	-0.815754	-0.815754	-0.815754	-0.815754	-0.815754	-0.815754	6.84671	5.84226	4.07459	-0.815754	-0.815754	-0.815754	-0.815754	1.38147	-0.815754	3.41835	-0.815754	-0.815754	-0.815754	-0.815754	-0.815754	-0.815754	-0.815754	-0.815754	-0.815754	-0.815754	-0.815754	-0.815754	-0.815754	-0.815754	4.99838	-0.815754	-0.815754	-0.815754	-0.815754	-0.815754	-0.815754	-0.815754	-0.815754	-0.815754	-0.815754	-0.815754	-0.815754	-0.815754	-0.815754	3.60309	-0.815754	-0.815754	-0.815754	-0.815754	-0.815754	-0.815754	2.89782	-0.815754	-0.815754	6.71526	-0.815754	-0.815754	4.82969	8.288	-0.815754	-0.815754	-0.815754	3.94642	-0.815754	5.44	-0.815754	-0.815754	-0.815754	3.98004	5.51397	-0.815754	2.31974	-0.815754	-0.815754	-0.815754	-0.815754	-0.815754	-0.815754	6.32391	-0.815754	-0.815754	-0.815754	-0.815754	-0.815754	-0.815754	-0.815754	-0.815754	1.7492	-0.815754	-0.815754	-0.815754	-0.815754	-0.815754	-0.815754	-0.815754	-0.815754	-0.815754	-0.815754	-0.815754	-0.815754	-0.815754	-0.815754	-0.815754	1.38147	-0.815754	7.6161	-0.815754	-0.815754	-0.815754	-0.815754	-0.815754	-0.815754	-0.815754	-0.815754	-0.815754	-0.815754	-0.815754	-0.815754	-0.815754	-0.815754	3.52805	-0.815754	-0.815754	-0.815754	-0.815754	-0.815754	-0.815754	5.03932	-0.815754	-0.815754	-0.815754	-0.815754	5.86007	5.17321	-0.815754	-0.815754	-0.815754	6.03965	-0.815754	-0.815754	-0.815754	-0.815754	-0.815754	-0.815754	-0.815754	-0.815754	-0.815754	-0.815754	-0.815754	-0.815754	-0.815754	-0.815754	-0.815754	5.15295	-0.815754	-0.815754	-0.815754	-0.815754	-0.815754	-0.815754	1.58214	3.87559	-0.815754	-0.815754	-0.815754	-0.815754	-0.815754	-0.815754	-0.815754	-0.815754	1.38147	-0.815754	-0.815754	-0.815754	7.49932	-0.815754	2.84781	-0.815754	2.48008	-0.815754	-0.815754	3.26178	-0.815754	-0.815754	-0.815754	2.61823	-0.815754	-0.815754	-0.815754	-0.815754	-0.815754	-0.815754	-0.815754	-0.815754	-0.815754	1.38147	-0.815754	4.08952
SRR18595823	-0.541328	-0.541328	-0.541328	-0.541328	-0.541328	-0.541328	-0.541328	-0.541328	-0.541328	-0.541328	-0.541328	-0.541328	-0.541328	2.75451	-0.541328	-0.541328	-0.541328	-0.541328	-0.541328	-0.541328	-0.541328	-0.541328	-0.541328	-0.541328	-0.541328	-0.541328	-0.541328	-0.541328	5.48212	2.40311	-0.541328	-0.541328	-0.541328	-0.541328	-0.541328	-0.541328	-0.541328	-0.541328	-0.541328	-0.541328	-0.541328	-0.541328	-0.541328	-0.541328	-0.541328	-0.541328	8.24023	-0.541328	4.85683	-0.541328	-0.541328	-0.541328	-0.541328	-0.541328	-0.541328	-0.541328	-0.541328	-0.541328	-0.541328	2.89266	-0.541328	-0.541328	-0.541328	-0.541328	2.40311	-0.541328	-0.541328	-0.541328	-0.541328	-0.541328	-0.541328	-0.541328	-0.541328	-0.541328	-0.541328	-0.541328	-0.541328	-0.541328	-0.541328	-0.541328	-0.541328	-0.541328	-0.541328	-0.541328	-0.541328	-0.541328	-0.541328	-0.541328	1.06811	-0.541328	-0.541328	-0.541328	6.40661	-0.541328	-0.541328	1.40458	-0.541328	-0.541328	-0.541328	2.16672	-0.541328	-0.541328	-0.541328	5.44763	-0.541328	6.26661	-0.541328	-0.541328	-0.541328	2.67755	3.74913	-0.541328	3.63306	-0.541328	-0.541328	-0.541328	-0.541328	-0.541328	-0.541328	-0.541328	-0.541328	-0.541328	-0.541328	-0.541328	5.43248	-0.541328	-0.541328	-0.541328	-0.541328	-0.541328	-0.541328	-0.541328	-0.541328	-0.541328	-0.541328	-0.541328	-0.541328	-0.541328	-0.541328	-0.541328	-0.541328	-0.541328	-0.541328	-0.541328	-0.541328	-0.541328	5.04592	-0.541328	-0.541328	-0.541328	-0.541328	-0.541328	-0.541328	-0.541328	-0.541328	-0.541328	-0.541328	-0.541328	-0.541328	-0.541328	-0.541328	6.29708	-0.541328	-0.541328	-0.541328	-0.541328	-0.541328	-0.541328	3.60181	-0.541328	-0.541328	-0.541328	-0.541328	5.48695	-0.541328	-0.541328	-0.541328	-0.541328	-0.541328	-0.541328	-0.541328	-0.541328	-0.541328	-0.541328	-0.541328	-0.541328	-0.541328	-0.541328	-0.541328	2.29189	-0.541328	-0.541328	-0.541328	-0.541328	-0.541328	-0.541328	-0.541328	-0.541328	-0.541328	-0.541328	-0.541328	-0.541328	6.34316	-0.541328	-0.541328	-0.541328	-0.541328	-0.541328	-0.541328	-0.541328	-0.541328	-0.541328	-0.541328	-0.541328	-0.541328	6.54958	-0.541328	-0.541328	-0.541328	-0.541328	-0.541328	-0.541328	7.09349	-0.541328	-0.541328	-0.541328	-0.541328	-0.541328	-0.541328	-0.541328	-0.541328	-0.541328	-0.541328	-0.541328	-0.541328	-0.541328	-0.541328	-0.541328	5.308
SRR18595824	-0.405978	-0.405978	-0.405978	-0.405978	-0.405978	-0.405978	-0.405978	-0.405978	-0.405978	-0.405978	-0.405978	-0.405978	-0.405978	-0.405978	-0.405978	-0.405978	6.8809	-0.405978	-0.405978	-0.405978	-0.405978	5.91659	-0.405978	-0.405978	-0.405978	-0.405978	-0.405978	-0.405978	-0.405978	-0.405978	-0.405978	-0.405978	-0.405978	-0.405978	-0.405978	-0.405978	-0.405978	-0.405978	-0.405978	-0.405978	-0.405978	-0.405978	-0.405978	3.96347	-0.405978	-0.405978	-0.405978	-0.405978	3.48584	-0.405978	-0.405978	-0.405978	-0.405978	-0.405978	-0.405978	-0.405978	-0.405978	-0.405978	-0.405978	-0.405978	-0.405978	-0.405978	-0.405978	-0.405978	-0.405978	-0.405978	-0.405978	-0.405978	-0.405978	-0.405978	-0.405978	-0.405978	-0.405978	-0.405978	-0.405978	-0.405978	-0.405978	-0.405978	-0.405978	-0.405978	-0.405978	-0.405978	-0.405978	-0.405978	-0.405978	-0.405978	-0.405978	-0.405978	-0.405978	-0.405978	-0.405978	-0.405978	7.32288	-0.405978	-0.405978	6.69981	-0.405978	-0.405978	-0.405978	-0.405978	-0.405978	-0.405978	-0.405978	7.80713	-0.405978	-0.405978	-0.405978	-0.405978	-0.405978	-0.405978	-0.405978	-0.405978	5.87254	-0.405978	-0.405978	-0.405978	-0.405978	-0.405978	-0.405978	-0.405978	-0.405978	-0.405978	-0.405978	-0.405978	5.8343	-0.405978	-0.405978	-0.405978	-0.405978	-0.405978	-0.405978	-0.405978	-0.405978	-0.405978	-0.405978	-0.405978	-0.405978	-0.405978	-0.405978	-0.405978	-0.405978	-0.405978	-0.405978	-0.405978	2.15897	-0.405978	-0.405978	-0.405978	-0.405978	-0.405978	-0.405978	-0.405978	-0.405978	-0.405978	-0.405978	-0.405978	-0.405978	-0.405978	-0.405978	-0.405978	-0.405978	6.33099	-0.405978	-0.405978	-0.405978	-0.405978	-0.405978	-0.405978	6.27236	-0.405978	-0.405978	-0.405978	-0.405978	-0.405978	5.57796	-0.405978	-0.405978	-0.405978	-0.405978	-0.405978	-0.405978	-0.405978	-0.405978	-0.405978	-0.405978	-0.405978	-0.405978	-0.405978	-0.405978	-0.405978	-0.405978	-0.405978	-0.405978	-0.405978	-0.405978	-0.405978	-0.405978	-0.405978	-0.405978	-0.405978	-0.405978	6.5685	4.10488	-0.405978	-0.405978	-0.405978	-0.405978	2.30207	-0.405978	-0.405978	-0.405978	-0.405978	-0.405978	-0.405978	-0.405978	3.02801	-0.405978	-0.405978	-0.405978	-0.405978	-0.405978	-0.405978	-0.405978	-0.405978	-0.405978	-0.405978	-0.405978	-0.405978	-0.405978	-0.405978	-0.405978	-0.405978	-0.405978	-0.405978	-0.405978	-0.405978	-0.405978	-0.405978	-0.405978
SRR18595825	-0.809275	-0.809275	-0.809275	-0.809275	-0.809275	-0.809275	-0.809275	-0.809275	-0.809275	-0.809275	-0.809275	-0.809275	-0.809275	5.32845	-0.809275	-0.809275	-0.809275	-0.809275	-0.809275	-0.809275	-0.809275	-0.809275	-0.809275	-0.809275	-0.809275	-0.809275	-0.809275	-0.809275	-0.809275	-0.809275	-0.809275	-0.809275	-0.809275	-0.809275	-0.809275	-0.809275	-0.809275	-0.809275	-0.809275	-0.809275	2.32622	-0.809275	2.55802	4.443	-0.809275	-0.809275	6.58645	-0.809275	3.88207	-0.809275	-0.809275	1.13664	-0.809275	-0.809275	-0.809275	-0.809275	-0.809275	-0.809275	-0.809275	-0.809275	-0.809275	-0.809275	-0.809275	-0.809275	-0.809275	-0.809275	-0.809275	-0.809275	-0.809275	-0.809275	6.12317	-0.809275	-0.809275	-0.809275	-0.809275	-0.809275	-0.809275	-0.809275	5.89636	-0.809275	-0.809275	-0.809275	-0.809275	-0.809275	-0.809275	3.93566	-0.809275	-0.809275	-0.809275	-0.809275	-0.809275	-0.809275	-0.809275	-0.809275	-0.809275	4.13949	-0.809275	-0.809275	6.17822	6.8709	-0.809275	-0.809275	-0.809275	4.74755	-0.809275	5.66616	-0.809275	-0.809275	-0.809275	-0.809275	5.53811	-0.809275	-0.809275	-0.809275	-0.809275	-0.809275	-0.809275	-0.809275	-0.809275	-0.809275	-0.809275	-0.809275	-0.809275	-0.809275	-0.809275	-0.809275	-0.809275	-0.809275	-0.809275	-0.809275	-0.809275	-0.809275	-0.809275	-0.809275	2.74607	-0.809275	-0.809275	-0.809275	-0.809275	-0.809275	-0.809275	-0.809275	-0.809275	-0.809275	4.52344	-0.809275	5.29328	-0.809275	-0.809275	-0.809275	-0.809275	-0.809275	-0.809275	-0.809275	-0.809275	-0.809275	-0.809275	-0.809275	-0.809275	-0.809275	-0.809275	5.46171	-0.809275	-0.809275	-0.809275	-0.809275	-0.809275	-0.809275	4.35551	-0.809275	-0.809275	-0.809275	-0.809275	5.74608	5.40733	-0.809275	-0.809275	-0.809275	-0.809275	-0.809275	6.84375	-0.809275	-0.809275	-0.809275	-0.809275	-0.809275	-0.809275	-0.809275	-0.809275	-0.809275	-0.809275	-0.809275	-0.809275	-0.809275	-0.809275	-0.809275	-0.809275	-0.809275	-0.809275	4.42183	-0.809275	3.45341	4.81474	-0.809275	-0.809275	-0.809275	-0.809275	1.89878	-0.809275	-0.809275	-0.809275	4.03491	2.74607	5.12826	-0.809275	6.86534	-0.809275	-0.809275	-0.809275	3.58517	-0.809275	-0.809275	4.27213	-0.809275	-0.809275	-0.809275	4.77046	-0.809275	-0.809275	-0.809275	-0.809275	-0.809275	-0.809275	-0.809275	-0.809275	-0.809275	-0.809275	-0.809275	2.55802
SRR18595826	-0.900426	-0.900426	3.95939	-0.900426	-0.900426	-0.900426	-0.900426	-0.900426	-0.900426	-0.900426	-0.900426	-0.900426	-0.900426	-0.900426	-0.900426	-0.900426	-0.900426	-0.900426	-0.900426	-0.900426	-0.900426	-0.900426	-0.900426	-0.900426	-0.900426	-0.900426	-0.900426	-0.900426	1.66452	-0.900426	-0.900426	-0.900426	-0.900426	-0.900426	-0.900426	-0.900426	-0.900426	-0.900426	-0.900426	-0.900426	-0.900426	-0.900426	3.24271	6.48294	-0.900426	3.69469	-0.900426	-0.900426	5.31618	-0.900426	-0.900426	-0.900426	-0.900426	-0.900426	-0.900426	-0.900426	1.2968	-0.900426	-0.900426	2.1441	-0.900426	-0.900426	-0.900426	-0.900426	3.84451	-0.900426	-0.900426	-0.900426	-0.900426	-0.900426	2.53356	-0.900426	-0.900426	-0.900426	-0.900426	-0.900426	-0.900426	-0.900426	-0.900426	-0.900426	-0.900426	-0.900426	-0.900426	3.30427	-0.900426	5.91631	-0.900426	-0.900426	-0.900426	-0.900426	-0.900426	-0.900426	3.51841	-0.900426	-0.900426	5.25018	-0.900426	-0.900426	-0.900426	-0.900426	-0.900426	-0.900426	-0.900426	3.61043	-0.900426	6.32287	-0.900426	-0.900426	-0.900426	4.50675	-0.900426	-0.900426	3.58821	-0.900426	-0.900426	-0.900426	-0.900426	-0.900426	-0.900426	-0.900426	-0.900426	-0.900426	-0.900426	7.11027	3.91176	-0.900426	-0.900426	-0.900426	-0.900426	-0.900426	-0.900426	-0.900426	-0.900426	-0.900426	-0.900426	-0.900426	-0.900426	-0.900426	-0.900426	-0.900426	3.8091	-0.900426	-0.900426	-0.900426	5.68298	-0.900426	-0.900426	-0.900426	-0.900426	-0.900426	-0.900426	-0.900426	-0.900426	-0.900426	-0.900426	1.93279	-0.900426	-0.900426	-0.900426	-0.900426	-0.900426	5.77034	-0.900426	-0.900426	-0.900426	6.38234	4.26436	-0.900426	6.05517	-0.900426	-0.900426	-0.900426	-0.900426	6.85191	6.18715	-0.900426	-0.900426	-0.900426	-0.900426	-0.900426	-0.900426	-0.900426	-0.900426	-0.900426	-0.900426	-0.900426	-0.900426	-0.900426	-0.900426	2.31845	-0.900426	4.78655	-0.900426	-0.900426	-0.900426	-0.900426	-0.900426	-0.900426	-0.900426	-0.900426	-0.900426	5.8964	5.40036	-0.900426	-0.900426	-0.900426	-0.900426	3.14263	-0.900426	-0.900426	-0.900426	-0.900426	-0.900426	1.66452	-0.900426	5.12302	-0.900426	-0.900426	-0.900426	1.93279	-0.900426	-0.900426	8.01836	-0.900426	-0.900426	-0.900426	4.18098	-0.900426	-0.900426	-0.900426	-0.900426	-0.900426	-0.900426	-0.900426	-0.900426	4.42258	3.24271	-0.900426	-0.900426
SRR18595827	-0.797074	3.66883	-0.797074	-0.797074	-0.797074	-0.797074	-0.797074	-0.797074	-0.797074	-0.797074	-0.797074	-0.797074	-0.797074	-0.797074	-0.797074	-0.797074	-0.797074	-0.797074	-0.797074	-0.797074	-0.797074	-0.797074	-0.797074	-0.797074	-0.797074	-0.797074	-0.797074	2.86649	-0.797074	2.86649	-0.797074	-0.797074	-0.797074	-0.797074	-0.797074	-0.797074	-0.797074	-0.797074	-0.797074	-0.797074	-0.797074	-0.797074	-0.797074	-0.797074	-0.797074	-0.797074	6.55857	-0.797074	4.09328	-0.797074	-0.797074	-0.797074	-0.797074	-0.797074	-0.797074	-0.797074	-0.797074	-0.797074	2.86649	-0.797074	-0.797074	-0.797074	-0.797074	-0.797074	4.6101	-0.797074	-0.797074	-0.797074	2.4218	-0.797074	4.58282	-0.797074	-0.797074	-0.797074	-0.797074	-0.797074	-0.797074	-0.797074	5.71764	-0.797074	-0.797074	-0.797074	-0.797074	3.54673	-0.797074	2.14736	-0.797074	-0.797074	-0.797074	-0.797074	-0.797074	-0.797074	5.39119	-0.797074	-0.797074	-0.797074	-0.797074	-0.797074	5.48519	4.03124	-0.797074	2.24745	3.73553	-0.797074	-0.797074	6.12557	-0.797074	-0.797074	-0.797074	-0.797074	-0.797074	-0.797074	-0.797074	-0.797074	-0.797074	-0.797074	-0.797074	-0.797074	-0.797074	-0.797074	2.49876	-0.797074	-0.797074	-0.797074	-0.797074	-0.797074	-0.797074	-0.797074	-0.797074	-0.797074	-0.797074	-0.797074	-0.797074	-0.797074	-0.797074	-0.797074	-0.797074	-0.797074	-0.797074	-0.797074	4.35622	-0.797074	-0.797074	-0.797074	6.73929	-0.797074	4.67939	-0.797074	-0.797074	-0.797074	-0.797074	-0.797074	-0.797074	-0.797074	-0.797074	5.10282	-0.797074	-0.797074	-0.797074	-0.797074	-0.797074	6.04347	-0.797074	-0.797074	-0.797074	-0.797074	-0.797074	-0.797074	6.47045	-0.797074	5.41152	-0.797074	-0.797074	7.89491	8.38435	-0.797074	-0.797074	-0.797074	-0.797074	-0.797074	-0.797074	-0.797074	-0.797074	-0.797074	5.56423	-0.797074	-0.797074	-0.797074	-0.797074	-0.797074	-0.797074	-0.797074	-0.797074	-0.797074	-0.797074	-0.797074	-0.797074	-0.797074	-0.797074	-0.797074	-0.797074	-0.797074	7.59705	-0.797074	-0.797074	-0.797074	-0.797074	-0.797074	-0.797074	-0.797074	-0.797074	-0.797074	-0.797074	4.03124	-0.797074	4.96812	-0.797074	-0.797074	-0.797074	3.7568	-0.797074	2.24745	-0.797074	-0.797074	-0.797074	-0.797074	3.89427	-0.797074	-0.797074	-0.797074	-0.797074	-0.797074	-0.797074	-0.797074	-0.797074	-0.797074	-0.797074	-0.797074	-0.797074
SRR18595828	-0.476359	-0.476359	-0.476359	-0.476359	-0.476359	-0.476359	-0.476359	-0.476359	-0.476359	-0.476359	-0.476359	-0.476359	-0.476359	-0.476359	-0.476359	-0.476359	-0.476359	-0.476359	-0.476359	-0.476359	-0.476359	-0.476359	-0.476359	-0.476359	-0.476359	-0.476359	-0.476359	-0.476359	-0.476359	4.33583	-0.476359	-0.476359	-0.476359	-0.476359	-0.476359	-0.476359	-0.476359	-0.476359	-0.476359	-0.476359	-0.476359	-0.476359	-0.476359	-0.476359	-0.476359	-0.476359	5.76001	-0.476359	-0.476359	-0.476359	-0.476359	-0.476359	-0.476359	-0.476359	-0.476359	-0.476359	-0.476359	-0.476359	-0.476359	-0.476359	-0.476359	-0.476359	-0.476359	-0.476359	2.89094	-0.476359	-0.476359	-0.476359	-0.476359	-0.476359	4.81695	-0.476359	-0.476359	3.53097	-0.476359	-0.476359	-0.476359	-0.476359	-0.476359	-0.476359	-0.476359	-0.476359	-0.476359	-0.476359	-0.476359	-0.476359	-0.476359	-0.476359	-0.476359	-0.476359	-0.476359	-0.476359	6.37694	-0.476359	-0.476359	3.75775	-0.476359	-0.476359	2.08859	6.9893	-0.476359	-0.476359	-0.476359	-0.476359	-0.476359	3.86745	-0.476359	-0.476359	-0.476359	-0.476359	-0.476359	-0.476359	1.92154	-0.476359	-0.476359	-0.476359	-0.476359	-0.476359	-0.476359	-0.476359	-0.476359	-0.476359	-0.476359	-0.476359	-0.476359	-0.476359	-0.476359	-0.476359	-0.476359	-0.476359	-0.476359	-0.476359	-0.476359	-0.476359	-0.476359	-0.476359	-0.476359	-0.476359	-0.476359	-0.476359	-0.476359	-0.476359	-0.476359	-0.476359	-0.476359	-0.476359	6.59606	-0.476359	-0.476359	-0.476359	-0.476359	-0.476359	-0.476359	-0.476359	-0.476359	5.29508	-0.476359	-0.476359	-0.476359	-0.476359	-0.476359	4.45811	-0.476359	-0.476359	-0.476359	-0.476359	-0.476359	-0.476359	8.41419	-0.476359	-0.476359	-0.476359	-0.476359	-0.476359	8.83102	-0.476359	-0.476359	-0.476359	2.74252	-0.476359	-0.476359	-0.476359	-0.476359	-0.476359	-0.476359	-0.476359	-0.476359	-0.476359	-0.476359	-0.476359	-0.476359	-0.476359	-0.476359	-0.476359	-0.476359	-0.476359	-0.476359	-0.476359	-0.476359	1.92154	-0.476359	4.86597	-0.476359	-0.476359	-0.476359	-0.476359	-0.476359	2.56816	-0.476359	-0.476359	-0.476359	-0.476359	-0.476359	-0.476359	-0.476359	5.08047	-0.476359	-0.476359	-0.476359	-0.476359	-0.476359	-0.476359	-0.476359	-0.476359	-0.476359	-0.476359	6.26061	-0.476359	-0.476359	-0.476359	-0.476359	-0.476359	-0.476359	-0.476359	-0.476359	-0.476359	-0.476359	-0.476359	-0.476359
SRR18595829	-0.770515	-0.770515	-0.770515	-0.770515	-0.770515	-0.770515	-0.770515	-0.770515	-0.770515	-0.770515	-0.770515	-0.770515	-0.770515	4.34748	-0.770515	-0.770515	2.17392	-0.770515	-0.770515	-0.770515	-0.770515	-0.770515	2.94306	-0.770515	-0.770515	-0.770515	-0.770515	-0.770515	6.09746	-0.770515	-0.770515	-0.770515	-0.770515	-0.770515	-0.770515	-0.770515	-0.770515	-0.770515	-0.770515	-0.770515	-0.770515	-0.770515	5.50801	5.17228	-0.770515	-0.770515	4.28573	-0.770515	-0.770515	-0.770515	-0.770515	-0.770515	-0.770515	-0.770515	-0.770515	-0.770515	-0.770515	-0.770515	-0.770515	3.54697	-0.770515	-0.770515	-0.770515	-0.770515	3.8042	-0.770515	-0.770515	-0.770515	-0.770515	-0.770515	4.72255	-0.770515	-0.770515	-0.770515	-0.770515	-0.770515	-0.770515	-0.770515	-0.770515	-0.770515	-0.770515	-0.770515	-0.770515	-0.770515	-0.770515	4.02528	-0.770515	-0.770515	-0.770515	-0.770515	-0.770515	-0.770515	2.27401	-0.770515	-0.770515	3.16131	-0.770515	-0.770515	-0.770515	6.95305	-0.770515	-0.770515	-0.770515	2.36498	-0.770515	2.8404	-0.770515	-0.770515	-0.770515	-0.770515	-0.770515	-0.770515	2.89305	-0.770515	-0.770515	-0.770515	-0.770515	-0.770515	-0.770515	-0.770515	-0.770515	-0.770515	-0.770515	7.78801	-0.770515	-0.770515	-0.770515	-0.770515	-0.770515	-0.770515	-0.770515	-0.770515	-0.770515	-0.770515	-0.770515	-0.770515	-0.770515	-0.770515	-0.770515	-0.770515	-0.770515	-0.770515	-0.770515	-0.770515	5.67996	-0.770515	3.43418	-0.770515	-0.770515	-0.770515	-0.770515	-0.770515	-0.770515	-0.770515	-0.770515	1.1754	-0.770515	-0.770515	-0.770515	-0.770515	-0.770515	4.33543	-0.770515	-0.770515	-0.770515	5.04957	3.23682	-0.770515	4.32324	-0.770515	-0.770515	-0.770515	-0.770515	6.51499	3.99166	-0.770515	-0.770515	-0.770515	1.42671	-0.770515	-0.770515	-0.770515	-0.770515	-0.770515	-0.770515	-0.770515	-0.770515	-0.770515	-0.770515	5.75598	-0.770515	-0.770515	-0.770515	-0.770515	-0.770515	-0.770515	-0.770515	-0.770515	-0.770515	-0.770515	-0.770515	3.37262	5.34978	-0.770515	-0.770515	-0.770515	-0.770515	-0.770515	-0.770515	-0.770515	-0.770515	-0.770515	-0.770515	-0.770515	-0.770515	2.44836	-0.770515	-0.770515	-0.770515	3.82461	-0.770515	-0.770515	8.48183	-0.770515	-0.770515	-0.770515	-0.770515	-0.770515	-0.770515	3.37262	5.12389	-0.770515	3.84461	-0.770515	-0.770515	-0.770515	-0.770515	-0.770515	-0.770515
SRR18595830	-0.974561	-0.974561	-0.974561	-0.974561	-0.974561	-0.974561	-0.974561	-0.974561	-0.974561	-0.974561	-0.974561	-0.974561	-0.974561	6.56287	-0.974561	-0.974561	3.39489	-0.974561	-0.974561	-0.974561	-0.974561	-0.974561	2.32128	-0.974561	-0.974561	-0.974561	-0.974561	-0.974561	-0.974561	-0.974561	-0.974561	-0.974561	-0.974561	-0.974561	-0.974561	-0.974561	-0.974561	-0.974561	-0.974561	-0.974561	-0.974561	-0.974561	1.85865	8.04037	-0.974561	-0.974561	5.83558	-0.974561	3.83762	-0.974561	-0.974561	-0.974561	-0.974561	2.16093	-0.974561	-0.974561	-0.974561	-0.974561	-0.974561	-0.974561	-0.974561	-0.974561	-0.974561	-0.974561	4.4236	-0.974561	-0.974561	-0.974561	-0.974561	-0.974561	2.87559	-0.974561	-0.974561	-0.974561	-0.974561	-0.974561	-0.974561	-0.974561	3.66017	2.06996	-0.974561	-0.974561	-0.974561	-0.974561	-0.974561	4.01587	-0.974561	-0.974561	-0.974561	-0.974561	-0.974561	-0.974561	5.18453	-0.974561	-0.974561	3.94542	-0.974561	-0.974561	2.99573	5.40725	-0.974561	-0.974561	-0.974561	4.43261	-0.974561	6.47144	-0.974561	-0.974561	-0.974561	2.39273	1.85865	-0.974561	2.91726	-0.974561	-0.974561	-0.974561	-0.974561	-0.974561	-0.974561	-0.974561	-0.974561	-0.974561	-0.974561	5.99992	-0.974561	-0.974561	-0.974561	-0.974561	-0.974561	-0.974561	-0.974561	-0.974561	-0.974561	-0.974561	3.49135	-0.974561	-0.974561	-0.974561	-0.974561	-0.974561	-0.974561	-0.974561	-0.974561	-0.974561	2.78664	-0.974561	6.46559	-0.974561	-0.974561	-0.974561	-0.974561	-0.974561	-0.974561	-0.974561	-0.974561	3.03277	-0.974561	-0.974561	-0.974561	-0.974561	-0.974561	6.08592	-0.974561	-0.974561	-0.974561	2.24431	3.49135	-0.974561	3.66017	-0.974561	-0.974561	-0.974561	-0.974561	6.62083	5.77654	-0.974561	-0.974561	-0.974561	-0.974561	-0.974561	2.45943	-0.974561	-0.974561	-0.974561	-0.974561	-0.974561	-0.974561	-0.974561	-0.974561	3.10298	-0.974561	-0.974561	-0.974561	-0.974561	2.52195	-0.974561	-0.974561	-0.974561	-0.974561	2.52195	-0.974561	5.11448	4.59759	-0.974561	-0.974561	-0.974561	-0.974561	-0.974561	-0.974561	-0.974561	-0.974561	-0.974561	-0.974561	2.16093	-0.974561	7.00922	-0.974561	2.78664	-0.974561	4.02939	-0.974561	-0.974561	6.74457	-0.974561	-0.974561	-0.974561	3.10298	-0.974561	-0.974561	-0.974561	-0.974561	-0.974561	-0.974561	-0.974561	-0.974561	-0.974561	1.85865	-0.974561	2.78664
SRR18595831	-0.599372	-0.599372	-0.599372	-0.599372	-0.599372	-0.599372	-0.599372	-0.599372	-0.599372	-0.599372	-0.599372	-0.599372	-0.599372	-0.599372	-0.599372	-0.599372	1.34654	-0.599372	-0.599372	-0.599372	-0.599372	-0.599372	-0.599372	-0.599372	-0.599372	-0.599372	-0.599372	-0.599372	3.33245	3.66331	-0.599372	-0.599372	-0.599372	-0.599372	-0.599372	-0.599372	-0.599372	-0.599372	-0.599372	-0.599372	-0.599372	-0.599372	-0.599372	5.39459	-0.599372	-0.599372	5.21476	-0.599372	4.73335	-0.599372	-0.599372	-0.599372	-0.599372	2.10868	-0.599372	-0.599372	-0.599372	-0.599372	-0.599372	1.96558	-0.599372	-0.599372	-0.599372	-0.599372	3.74443	-0.599372	-0.599372	-0.599372	-0.599372	-0.599372	-0.599372	-0.599372	-0.599372	-0.599372	-0.599372	-0.599372	-0.599372	-0.599372	-0.599372	-0.599372	-0.599372	-0.599372	-0.599372	3.20729	-0.599372	4.1628	-0.599372	-0.599372	-0.599372	-0.599372	-0.599372	-0.599372	7.50985	-0.599372	-0.599372	3.29245	-0.599372	-0.599372	2.69646	-0.599372	-0.599372	-0.599372	-0.599372	1.96558	-0.599372	7.09365	-0.599372	-0.599372	-0.599372	5.18445	2.23384	-0.599372	4.09198	-0.599372	-0.599372	-0.599372	-0.599372	-0.599372	-0.599372	-0.599372	-0.599372	-0.599372	-0.599372	-0.599372	6.63841	-0.599372	-0.599372	-0.599372	-0.599372	-0.599372	-0.599372	-0.599372	-0.599372	-0.599372	-0.599372	-0.599372	-0.599372	-0.599372	-0.599372	-0.599372	-0.599372	-0.599372	-0.599372	-0.599372	-0.599372	-0.599372	-0.599372	-0.599372	-0.599372	-0.599372	-0.599372	-0.599372	-0.599372	-0.599372	-0.599372	-0.599372	-0.599372	-0.599372	-0.599372	-0.599372	-0.599372	2.89714	-0.599372	-0.599372	-0.599372	-0.599372	3.37092	-0.599372	5.09436	-0.599372	-0.599372	-0.599372	-0.599372	6.621	4.61011	-0.599372	-0.599372	-0.599372	-0.599372	-0.599372	-0.599372	-0.599372	-0.599372	-0.599372	-0.599372	-0.599372	-0.599372	-0.599372	-0.599372	-0.599372	-0.599372	-0.599372	-0.599372	-0.599372	2.76792	-0.599372	-0.599372	-0.599372	-0.599372	-0.599372	-0.599372	-0.599372	4.1628	-0.599372	-0.599372	-0.599372	-0.599372	2.34507	-0.599372	-0.599372	-0.599372	-0.599372	-0.599372	-0.599372	-0.599372	5.55549	-0.599372	-0.599372	-0.599372	2.10868	-0.599372	-0.599372	5.55549	-0.599372	-0.599372	-0.599372	-0.599372	-0.599372	-0.599372	-0.599372	-0.599372	-0.599372	-0.599372	-0.599372	-0.599372	-0.599372	-0.599372	-0.599372	-0.599372
SRR18595832	-0.718392	-0.718392	-0.718392	-0.718392	-0.718392	-0.718392	-0.718392	-0.718392	-0.718392	-0.718392	-0.718392	-0.718392	-0.718392	-0.718392	-0.718392	-0.718392	0.891045	-0.718392	7.25166	4.89108	-0.718392	-0.718392	-0.718392	-0.718392	-0.718392	-0.718392	-0.718392	-0.718392	-0.718392	4.32503	-0.718392	-0.718392	-0.718392	-0.718392	-0.718392	-0.718392	-0.718392	-0.718392	-0.718392	-0.718392	-0.718392	-0.718392	-0.718392	7.22929	-0.718392	-0.718392	8.13827	-0.718392	4.31205	-0.718392	-0.718392	-0.718392	-0.718392	-0.718392	-0.718392	-0.718392	-0.718392	-0.718392	-0.718392	1.47883	-0.718392	-0.718392	-0.718392	-0.718392	2.11482	-0.718392	-0.718392	-0.718392	-0.718392	-0.718392	-0.718392	-0.718392	-0.718392	-0.718392	-0.718392	-0.718392	-0.718392	-0.718392	-0.718392	-0.718392	-0.718392	-0.718392	-0.718392	-0.718392	-0.718392	2.4171	-0.718392	-0.718392	-0.718392	-0.718392	-0.718392	-0.718392	4.94803	-0.718392	-0.718392	2.77812	-0.718392	-0.718392	2.22605	6.71822	-0.718392	-0.718392	-0.718392	3.65106	-0.718392	5.71615	-0.718392	-0.718392	-0.718392	-0.718392	5.28549	-0.718392	4.67068	-0.718392	-0.718392	-0.718392	-0.718392	-0.718392	-0.718392	-0.718392	-0.718392	-0.718392	-0.718392	5.70971	4.83068	-0.718392	-0.718392	-0.718392	-0.718392	-0.718392	-0.718392	-0.718392	-0.718392	-0.718392	-0.718392	-0.718392	-0.718392	-0.718392	-0.718392	2.50048	-0.718392	-0.718392	-0.718392	-0.718392	2.83696	-0.718392	7.24123	-0.718392	-0.718392	-0.718392	-0.718392	-0.718392	-0.718392	-0.718392	-0.718392	-0.718392	-0.718392	-0.718392	-0.718392	-0.718392	-0.718392	-0.718392	-0.718392	-0.718392	-0.718392	-0.718392	2.11482	-0.718392	5.70323	-0.718392	-0.718392	-0.718392	-0.718392	5.81103	5.47397	-0.718392	-0.718392	-0.718392	-0.718392	-0.718392	-0.718392	-0.718392	-0.718392	-0.718392	-0.718392	-0.718392	-0.718392	-0.718392	-0.718392	2.77812	-0.718392	-0.718392	-0.718392	-0.718392	-0.718392	-0.718392	-0.718392	-0.718392	-0.718392	-0.718392	-0.718392	-0.718392	-0.718392	-0.718392	-0.718392	-0.718392	-0.718392	-0.718392	-0.718392	-0.718392	-0.718392	-0.718392	-0.718392	-0.718392	-0.718392	3.91634	-0.718392	-0.718392	-0.718392	3.35915	-0.718392	-0.718392	6.50636	-0.718392	-0.718392	-0.718392	2.94517	-0.718392	-0.718392	-0.718392	-0.718392	-0.718392	-0.718392	-0.718392	-0.718392	-0.718392	1.47883	-0.718392	5.0214
SRR18595833	-0.442447	-0.442447	-0.442447	-0.442447	-0.442447	-0.442447	-0.442447	-0.442447	-0.442447	-0.442447	-0.442447	-0.442447	-0.442447	-0.442447	-0.442447	-0.442447	-0.442447	-0.442447	-0.442447	-0.442447	-0.442447	-0.442447	-0.442447	-0.442447	-0.442447	-0.442447	-0.442447	-0.442447	-0.442447	-0.442447	-0.442447	-0.442447	-0.442447	-0.442447	-0.442447	-0.442447	-0.442447	-0.442447	-0.442447	-0.442447	-0.442447	-0.442447	-0.442447	-0.442447	-0.442447	-0.442447	7.32015	-0.442447	6.49195	-0.442447	-0.442447	-0.442447	-0.442447	-0.442447	-0.442447	-0.442447	-0.442447	-0.442447	-0.442447	-0.442447	-0.442447	-0.442447	-0.442447	-0.442447	-0.442447	-0.442447	-0.442447	-0.442447	-0.442447	-0.442447	-0.442447	-0.442447	-0.442447	-0.442447	-0.442447	-0.442447	-0.442447	-0.442447	-0.442447	-0.442447	-0.442447	-0.442447	-0.442447	-0.442447	-0.442447	-0.442447	-0.442447	-0.442447	-0.442447	-0.442447	-0.442447	-0.442447	7.41581	-0.442447	-0.442447	3.952	-0.442447	-0.442447	2.39077	-0.442447	-0.442447	-0.442447	2.99154	-0.442447	-0.442447	3.27113	-0.442447	-0.442447	-0.442447	-0.442447	1.50346	-0.442447	5.08301	-0.442447	-0.442447	-0.442447	-0.442447	-0.442447	-0.442447	-0.442447	-0.442447	-0.442447	-0.442447	-0.442447	5.6866	-0.442447	-0.442447	-0.442447	-0.442447	-0.442447	-0.442447	-0.442447	-0.442447	-0.442447	-0.442447	-0.442447	-0.442447	-0.442447	-0.442447	-0.442447	2.2656	-0.442447	-0.442447	-0.442447	-0.442447	-0.442447	-0.442447	-0.442447	-0.442447	-0.442447	-0.442447	-0.442447	-0.442447	-0.442447	-0.442447	-0.442447	-0.442447	-0.442447	-0.442447	-0.442447	-0.442447	5.85834	-0.442447	-0.442447	-0.442447	-0.442447	-0.442447	-0.442447	6.23338	-0.442447	-0.442447	-0.442447	-0.442447	6.25828	8.08964	-0.442447	-0.442447	-0.442447	-0.442447	-0.442447	-0.442447	-0.442447	-0.442447	-0.442447	-0.442447	-0.442447	-0.442447	-0.442447	-0.442447	-0.442447	-0.442447	-0.442447	-0.442447	-0.442447	-0.442447	-0.442447	-0.442447	-0.442447	-0.442447	-0.442447	-0.442447	-0.442447	5.34138	-0.442447	-0.442447	-0.442447	-0.442447	-0.442447	-0.442447	-0.442447	-0.442447	-0.442447	-0.442447	-0.442447	-0.442447	5.54149	-0.442447	-0.442447	-0.442447	-0.442447	-0.442447	-0.442447	4.7993	-0.442447	-0.442447	-0.442447	6.84443	-0.442447	-0.442447	-0.442447	-0.442447	-0.442447	-0.442447	-0.442447	-0.442447	-0.442447	-0.442447	-0.442447	-0.442447
SRR18595834	-1.02628	-1.02628	-1.02628	-1.02628	-1.02628	-1.02628	-1.02628	-1.02628	-1.02628	-1.02628	-1.02628	-1.02628	-1.02628	-1.02628	-1.02628	-1.02628	4.54587	-1.02628	-1.02628	-1.02628	-1.02628	-1.02628	-1.02628	-1.02628	-1.02628	-1.02628	-1.02628	-1.02628	2.40771	2.34102	-1.02628	-1.02628	-1.02628	-1.02628	-1.02628	-1.02628	-1.02628	-1.02628	-1.02628	-1.02628	-1.02628	-1.02628	-1.02628	-1.02628	-1.02628	-1.02628	4.05512	-1.02628	5.61621	-1.02628	-1.02628	-1.02628	-1.02628	1.80693	-1.02628	-1.02628	-1.02628	-1.02628	-1.02628	5.08519	-1.02628	-1.02628	-1.02628	-1.02628	6.42786	-1.02628	-1.02628	-1.02628	-1.02628	2.34102	-1.02628	-1.02628	-1.02628	-1.02628	-1.02628	-1.02628	-1.02628	-1.02628	4.87362	-1.02628	-1.02628	-1.02628	-1.02628	4.33501	-1.02628	-1.02628	-1.02628	-1.02628	-1.02628	-1.02628	2.58464	-1.02628	6.93055	-1.02628	-1.02628	4.37188	-1.02628	-1.02628	1.37161	1.91816	-1.02628	-1.02628	1.80693	3.87899	-1.02628	6.54468	-1.02628	-1.02628	-1.02628	5.06276	-1.02628	-1.02628	1.68177	-1.02628	-1.02628	-1.02628	-1.02628	-1.02628	4.01714	-1.02628	-1.02628	-1.02628	-1.02628	8.284	-1.02628	-1.02628	-1.02628	-1.02628	-1.02628	-1.02628	-1.02628	-1.02628	-1.02628	-1.02628	5.10712	-1.02628	-1.02628	-1.02628	-1.02628	-1.02628	3.48458	-1.02628	-1.02628	-1.02628	5.47651	-1.02628	3.17841	-1.02628	-1.02628	-1.02628	-1.02628	-1.02628	-1.02628	-1.02628	-1.02628	5.04446	-1.02628	-1.02628	-1.02628	-1.02628	-1.02628	6.10702	-1.02628	-1.02628	-1.02628	2.40771	5.63685	3.92248	6.02558	-1.02628	-1.02628	-1.02628	-1.02628	2.73492	7.74602	-1.02628	-1.02628	-1.02628	-1.02628	-1.02628	-1.02628	-1.02628	-1.02628	1.91816	-1.02628	-1.02628	-1.02628	-1.02628	-1.02628	-1.02628	-1.02628	-1.02628	-1.02628	-1.02628	-1.02628	-1.02628	-1.02628	-1.02628	-1.02628	-1.02628	-1.02628	6.07951	7.77504	-1.02628	-1.02628	-1.02628	-1.02628	4.65389	-1.02628	-1.02628	-1.02628	-1.02628	-1.02628	3.80203	-1.02628	6.60564	-1.02628	-1.02628	-1.02628	-1.02628	-1.02628	-1.02628	7.19224	-1.02628	-1.02628	-1.02628	2.68729	-1.02628	-1.02628	-1.02628	2.1926	-1.02628	-1.02628	-1.02628	-1.02628	-1.02628	2.63728	-1.02628	3.36817
SRR18595835	-0.445785	-0.445785	-0.445785	-0.445785	-0.445785	-0.445785	-0.445785	-0.445785	-0.445785	2.59874	-0.445785	-0.445785	-0.445785	-0.445785	-0.445785	-0.445785	2.68971	-0.445785	-0.445785	-0.445785	-0.445785	-0.445785	-0.445785	-0.445785	-0.445785	-0.445785	-0.445785	-0.445785	-0.445785	-0.445785	-0.445785	-0.445785	-0.445785	-0.445785	-0.445785	-0.445785	-0.445785	-0.445785	-0.445785	-0.445785	-0.445785	-0.445785	-0.445785	-0.445785	-0.445785	-0.445785	-0.445785	-0.445785	-0.445785	-0.445785	-0.445785	-0.445785	-0.445785	-0.445785	-0.445785	-0.445785	-0.445785	-0.445785	-0.445785	-0.445785	-0.445785	-0.445785	-0.445785	-0.445785	3.48604	2.49865	-0.445785	-0.445785	-0.445785	-0.445785	-0.445785	-0.445785	-0.445785	-0.445785	-0.445785	-0.445785	-0.445785	-0.445785	3.81689	-0.445785	-0.445785	-0.445785	-0.445785	-0.445785	-0.445785	-0.445785	-0.445785	-0.445785	-0.445785	-0.445785	-0.445785	-0.445785	-0.445785	-0.445785	-0.445785	-0.445785	-0.445785	-0.445785	3.99687	3.48604	-0.445785	-0.445785	-0.445785	-0.445785	-0.445785	3.8717	-0.445785	-0.445785	-0.445785	-0.445785	-0.445785	-0.445785	-0.445785	-0.445785	-0.445785	-0.445785	-0.445785	-0.445785	-0.445785	-0.445785	-0.445785	-0.445785	-0.445785	-0.445785	-0.445785	-0.445785	1.95211	-0.445785	-0.445785	-0.445785	-0.445785	-0.445785	-0.445785	-0.445785	3.16513	-0.445785	-0.445785	-0.445785	-0.445785	-0.445785	2.11916	-0.445785	-0.445785	-0.445785	-0.445785	-0.445785	3.81689	-0.445785	-0.445785	-0.445785	-0.445785	-0.445785	-0.445785	-0.445785	-0.445785	2.9882	-0.445785	-0.445785	-0.445785	-0.445785	-0.445785	-0.445785	-0.445785	-0.445785	-0.445785	2.92151	-0.445785	-0.445785	-0.445785	-0.445785	-0.445785	-0.445785	-0.445785	4.88693	5.66568	-0.445785	-0.445785	-0.445785	-0.445785	-0.445785	-0.445785	-0.445785	-0.445785	-0.445785	-0.445785	-0.445785	-0.445785	-0.445785	-0.445785	-0.445785	-0.445785	-0.445785	-0.445785	-0.445785	8.74934	-0.445785	-0.445785	-0.445785	-0.445785	-0.445785	-0.445785	3.40436	2.9882	-0.445785	-0.445785	-0.445785	-0.445785	-0.445785	-0.445785	-0.445785	-0.445785	-0.445785	-0.445785	2.11916	-0.445785	8.71883	-0.445785	-0.445785	-0.445785	-0.445785	-0.445785	-0.445785	4.12893	-0.445785	-0.445785	-0.445785	6.52682	-0.445785	-0.445785	-0.445785	-0.445785	-0.445785	2.85005	-0.445785	-0.445785	1.95211	-0.445785	-0.445785	-0.445785
SRR18595836	-0.329058	-0.329058	-0.329058	-0.329058	-0.329058	-0.329058	-0.329058	3.52109	-0.329058	-0.329058	-0.329058	-0.329058	-0.329058	-0.329058	-0.329058	-0.329058	-0.329058	-0.329058	-0.329058	-0.329058	-0.329058	-0.329058	-0.329058	-0.329058	-0.329058	-0.329058	-0.329058	-0.329058	-0.329058	-0.329058	-0.329058	-0.329058	-0.329058	-0.329058	-0.329058	-0.329058	-0.329058	-0.329058	-0.329058	-0.329058	-0.329058	-0.329058	-0.329058	-0.329058	-0.329058	-0.329058	7.44285	-0.329058	5.99351	-0.329058	-0.329058	-0.329058	-0.329058	-0.329058	-0.329058	-0.329058	-0.329058	-0.329058	-0.329058	-0.329058	-0.329058	-0.329058	-0.329058	-0.329058	4.04039	-0.329058	-0.329058	-0.329058	-0.329058	-0.329058	-0.329058	-0.329058	3.03824	-0.329058	-0.329058	-0.329058	-0.329058	-0.329058	-0.329058	-0.329058	-0.329058	-0.329058	-0.329058	-0.329058	-0.329058	-0.329058	-0.329058	-0.329058	-0.329058	-0.329058	-0.329058	-0.329058	5.75999	-0.329058	-0.329058	6.22345	-0.329058	-0.329058	4.01475	4.49926	-0.329058	-0.329058	-0.329058	-0.329058	-0.329058	-0.329058	-0.329058	-0.329058	-0.329058	-0.329058	-0.329058	-0.329058	-0.329058	-0.329058	-0.329058	-0.329058	-0.329058	3.78182	-0.329058	-0.329058	-0.329058	-0.329058	-0.329058	-0.329058	-0.329058	-0.329058	-0.329058	-0.329058	-0.329058	-0.329058	-0.329058	-0.329058	-0.329058	-0.329058	-0.329058	-0.329058	-0.329058	-0.329058	-0.329058	-0.329058	-0.329058	-0.329058	-0.329058	-0.329058	-0.329058	-0.329058	-0.329058	-0.329058	-0.329058	-0.329058	-0.329058	-0.329058	-0.329058	-0.329058	-0.329058	-0.329058	-0.329058	-0.329058	-0.329058	-0.329058	-0.329058	-0.329058	-0.329058	-0.329058	-0.329058	-0.329058	-0.329058	-0.329058	4.6197	-0.329058	-0.329058	-0.329058	-0.329058	-0.329058	-0.329058	-0.329058	-0.329058	-0.329058	-0.329058	-0.329058	-0.329058	-0.329058	-0.329058	-0.329058	-0.329058	-0.329058	-0.329058	-0.329058	-0.329058	-0.329058	-0.329058	-0.329058	-0.329058	-0.329058	3.38451	-0.329058	-0.329058	-0.329058	-0.329058	2.80644	-0.329058	2.61538	-0.329058	-0.329058	-0.329058	-0.329058	-0.329058	-0.329058	-0.329058	-0.329058	-0.329058	-0.329058	-0.329058	-0.329058	-0.329058	6.79139	-0.329058	-0.329058	-0.329058	-0.329058	-0.329058	-0.329058	-0.329058	-0.329058	-0.329058	-0.329058	-0.329058	-0.329058	-0.329058	-0.329058	-0.329058	-0.329058	-0.329058	-0.329058	-0.329058	-0.329058	-0.329058	-0.329058	4.84709
SRR18595837	-0.623806	-0.623806	-0.623806	-0.623806	-0.623806	-0.623806	-0.623806	-0.623806	-0.623806	-0.623806	-0.623806	-0.623806	-0.623806	-0.623806	-0.623806	-0.623806	-0.623806	-0.623806	6.44351	5.00741	-0.623806	-0.623806	-0.623806	-0.623806	-0.623806	-0.623806	-0.623806	-0.623806	-0.623806	2.93154	-0.623806	-0.623806	-0.623806	-0.623806	-0.623806	-0.623806	-0.623806	-0.623806	-0.623806	-0.623806	-0.623806	-0.623806	-0.623806	5.1224	-0.623806	-0.623806	6.69274	-0.623806	2.81018	-0.623806	-0.623806	-0.623806	-0.623806	-0.623806	-0.623806	-0.623806	-0.623806	-0.623806	-0.623806	4.12113	-0.623806	-0.623806	-0.623806	-0.623806	-0.623806	-0.623806	-0.623806	-0.623806	-0.623806	-0.623806	-0.623806	-0.623806	-0.623806	-0.623806	-0.623806	-0.623806	-0.623806	-0.623806	-0.623806	-0.623806	-0.623806	-0.623806	-0.623806	-0.623806	-0.623806	4.77436	-0.623806	-0.623806	-0.623806	-0.623806	-0.623806	-0.623806	6.3928	-0.623806	-0.623806	3.55058	-0.623806	-0.623806	2.32063	4.54098	-0.623806	-0.623806	-0.623806	2.67203	-0.623806	4.55234	-0.623806	-0.623806	-0.623806	4.82723	-0.623806	-0.623806	4.33904	-0.623806	-0.623806	-0.623806	-0.623806	-0.623806	-0.623806	-0.623806	-0.623806	-0.623806	-0.623806	6.14584	3.38353	-0.623806	-0.623806	-0.623806	-0.623806	-0.623806	-0.623806	-0.623806	-0.623806	-0.623806	-0.623806	-0.623806	-0.623806	-0.623806	-0.623806	-0.623806	1.3221	-0.623806	-0.623806	-0.623806	2.8727	-0.623806	4.39347	-0.623806	-0.623806	-0.623806	-0.623806	-0.623806	-0.623806	-0.623806	-0.623806	-0.623806	-0.623806	-0.623806	-0.623806	-0.623806	-0.623806	3.22634	-0.623806	-0.623806	-0.623806	-0.623806	2.51169	-0.623806	3.34649	-0.623806	-0.623806	-0.623806	-0.623806	3.66665	4.93302	-0.623806	-0.623806	-0.623806	-0.623806	-0.623806	-0.623806	-0.623806	-0.623806	-0.623806	-0.623806	-0.623806	-0.623806	-0.623806	-0.623806	-0.623806	-0.623806	-0.623806	-0.623806	-0.623806	-0.623806	-0.623806	-0.623806	-0.623806	-0.623806	-0.623806	-0.623806	-0.623806	4.6695	-0.623806	-0.623806	-0.623806	-0.623806	-0.623806	-0.623806	-0.623806	-0.623806	-0.623806	-0.623806	-0.623806	-0.623806	6.27894	-0.623806	-0.623806	-0.623806	3.18286	-0.623806	-0.623806	6.29884	-0.623806	-0.623806	-0.623806	2.42072	-0.623806	-0.623806	-0.623806	-0.623806	-0.623806	-0.623806	-0.623806	-0.623806	-0.623806	-0.623806	-0.623806	-0.623806
SRR18595838	-0.618846	-0.618846	-0.618846	-0.618846	-0.618846	-0.618846	-0.618846	-0.618846	-0.618846	-0.618846	-0.618846	-0.618846	-0.618846	-0.618846	-0.618846	-0.618846	3.45869	-0.618846	-0.618846	-0.618846	-0.618846	-0.618846	-0.618846	-0.618846	-0.618846	-0.618846	-0.618846	-0.618846	-0.618846	-0.618846	-0.618846	-0.618846	-0.618846	-0.618846	-0.618846	-0.618846	-0.618846	-0.618846	-0.618846	-0.618846	-0.618846	-0.618846	-0.618846	4.93023	-0.618846	-0.618846	2.42568	-0.618846	1.9461	-0.618846	-0.618846	-0.618846	-0.618846	-0.618846	-0.618846	-0.618846	-0.618846	-0.618846	-0.618846	-0.618846	-0.618846	-0.618846	-0.618846	-0.618846	3.35145	-0.618846	-0.618846	-0.618846	-0.618846	-0.618846	-0.618846	-0.618846	-0.618846	-0.618846	-0.618846	-0.618846	1.57838	-0.618846	-0.618846	3.14235	-0.618846	-0.618846	-0.618846	3.18782	-0.618846	4.32991	-0.618846	-0.618846	-0.618846	-0.618846	2.9365	-0.618846	-0.618846	-0.618846	-0.618846	4.3851	-0.618846	-0.618846	2.21437	4.14333	-0.618846	2.87766	-0.618846	1.9461	-0.618846	6.20444	-0.618846	-0.618846	-0.618846	3.93503	2.67699	-0.618846	3.49203	-0.618846	-0.618846	-0.618846	-0.618846	-0.618846	-0.618846	-0.618846	-0.618846	-0.618846	-0.618846	2.99207	-0.618846	-0.618846	-0.618846	-0.618846	-0.618846	-0.618846	-0.618846	-0.618846	-0.618846	-0.618846	-0.618846	-0.618846	-0.618846	-0.618846	-0.618846	-0.618846	-0.618846	-0.618846	-0.618846	-0.618846	-0.618846	-0.618846	2.9365	-0.618846	-0.618846	-0.618846	-0.618846	-0.618846	-0.618846	-0.618846	-0.618846	1.9461	-0.618846	-0.618846	-0.618846	-0.618846	-0.618846	4.28643	-0.618846	-0.618846	-0.618846	3.42421	2.42568	-0.618846	4.25635	-0.618846	3.27297	-0.618846	-0.618846	6.06451	2.81514	-0.618846	-0.618846	-0.618846	-0.618846	-0.618846	-0.618846	-0.618846	-0.618846	-0.618846	-0.618846	-0.618846	-0.618846	-0.618846	-0.618846	1.57838	-0.618846	-0.618846	-0.618846	-0.618846	-0.618846	-0.618846	-0.618846	-0.618846	-0.618846	-0.618846	-0.618846	-0.618846	4.45006	-0.618846	-0.618846	-0.618846	-0.618846	-0.618846	-0.618846	-0.618846	-0.618846	-0.618846	-0.618846	-0.618846	-0.618846	5.03364	-0.618846	-0.618846	-0.618846	4.41159	-0.618846	-0.618846	4.4871	-0.618846	-0.618846	-0.618846	-0.618846	-0.618846	-0.618846	-0.618846	-0.618846	-0.618846	-0.618846	-0.618846	2.74845	1.77905	-0.618846	-0.618846	2.9365
SRR18595839	-0.542216	-0.542216	-0.542216	-0.542216	-0.542216	-0.542216	-0.542216	-0.542216	-0.542216	-0.542216	-0.542216	-0.542216	-0.542216	-0.542216	-0.542216	-0.542216	-0.542216	-0.542216	-0.542216	-0.542216	-0.542216	-0.542216	-0.542216	-0.542216	-0.542216	-0.542216	-0.542216	-0.542216	-0.542216	-0.542216	-0.542216	-0.542216	-0.542216	-0.542216	-0.542216	-0.542216	-0.542216	-0.542216	-0.542216	-0.542216	-0.542216	-0.542216	3.96864	2.40222	-0.542216	-0.542216	-0.542216	-0.542216	3.30793	-0.542216	-0.542216	-0.542216	-0.542216	-0.542216	-0.542216	-0.542216	-0.542216	-0.542216	-0.542216	-0.542216	-0.542216	-0.542216	-0.542216	-0.542216	2.291	-0.542216	-0.542216	-0.542216	-0.542216	-0.542216	-0.542216	-0.542216	-0.542216	-0.542216	-0.542216	-0.542216	-0.542216	-0.542216	-0.542216	-0.542216	-0.542216	-0.542216	-0.542216	3.17136	-0.542216	3.21898	-0.542216	-0.542216	-0.542216	-0.542216	3.12135	-0.542216	4.43452	-0.542216	-0.542216	4.20272	-0.542216	-0.542216	2.16583	-0.542216	-0.542216	2.291	-0.542216	-0.542216	-0.542216	3.50083	-0.542216	-0.542216	-0.542216	-0.542216	-0.542216	7.33594	-0.542216	-0.542216	-0.542216	-0.542216	-0.542216	-0.542216	-0.542216	-0.542216	-0.542216	-0.542216	-0.542216	3.42808	3.30793	-0.542216	-0.542216	-0.542216	2.95429	-0.542216	-0.542216	-0.542216	-0.542216	-0.542216	-0.542216	-0.542216	-0.542216	-0.542216	-0.542216	-0.542216	-0.542216	-0.542216	-0.542216	-0.542216	6.83367	-0.542216	-0.542216	-0.542216	-0.542216	-0.542216	-0.542216	-0.542216	-0.542216	-0.542216	-0.542216	2.02273	-0.542216	-0.542216	-0.542216	-0.542216	-0.542216	1.65501	-0.542216	-0.542216	-0.542216	6.22972	-0.542216	-0.542216	6.10027	-0.542216	-0.542216	-0.542216	-0.542216	-0.542216	4.97524	-0.542216	-0.542216	-0.542216	-0.542216	-0.542216	-0.542216	-0.542216	-0.542216	-0.542216	-0.542216	-0.542216	-0.542216	-0.542216	-0.542216	4.83768	-0.542216	-0.542216	-0.542216	-0.542216	-0.542216	-0.542216	-0.542216	-0.542216	-0.542216	-0.542216	-0.542216	-0.542216	5.93013	-0.542216	-0.542216	-0.542216	-0.542216	2.82508	-0.542216	-0.542216	-0.542216	-0.542216	-0.542216	-0.542216	-0.542216	5.23544	-0.542216	-0.542216	-0.542216	-0.542216	-0.542216	-0.542216	7.44971	-0.542216	-0.542216	-0.542216	2.50231	-0.542216	-0.542216	-0.542216	-0.542216	-0.542216	2.16583	-0.542216	-0.542216	-0.542216	-0.542216	-0.542216	-0.542216
SRR18595840	-0.482206	-0.482206	-0.482206	-0.482206	-0.482206	-0.482206	-0.482206	-0.482206	-0.482206	-0.482206	-0.482206	-0.482206	-0.482206	-0.482206	-0.482206	-0.482206	3.44962	-0.482206	-0.482206	-0.482206	-0.482206	-0.482206	-0.482206	-0.482206	-0.482206	-0.482206	-0.482206	-0.482206	-0.482206	-0.482206	-0.482206	-0.482206	-0.482206	-0.482206	-0.482206	-0.482206	-0.482206	-0.482206	-0.482206	-0.482206	-0.482206	-0.482206	-0.482206	3.12871	-0.482206	-0.482206	4.02865	-0.482206	-0.482206	-0.482206	-0.482206	-0.482206	-0.482206	-0.482206	-0.482206	-0.482206	-0.482206	-0.482206	-0.482206	-0.482206	-0.482206	-0.482206	-0.482206	-0.482206	2.81363	-0.482206	-0.482206	-0.482206	-0.482206	-0.482206	-0.482206	-0.482206	-0.482206	-0.482206	-0.482206	-0.482206	-0.482206	-0.482206	-0.482206	2.88509	-0.482206	-0.482206	-0.482206	-0.482206	-0.482206	-0.482206	-0.482206	-0.482206	-0.482206	-0.482206	-0.482206	-0.482206	-0.482206	-0.482206	-0.482206	5.2249	-0.482206	-0.482206	3.36794	-0.482206	-0.482206	-0.482206	-0.482206	-0.482206	-0.482206	4.20914	-0.482206	-0.482206	-0.482206	3.78047	-0.482206	-0.482206	-0.482206	-0.482206	-0.482206	-0.482206	-0.482206	-0.482206	2.73667	3.66093	-0.482206	-0.482206	-0.482206	-0.482206	-0.482206	-0.482206	-0.482206	-0.482206	-0.482206	-0.482206	-0.482206	-0.482206	-0.482206	-0.482206	-0.482206	-0.482206	-0.482206	-0.482206	-0.482206	-0.482206	-0.482206	-0.482206	-0.482206	-0.482206	5.7344	-0.482206	-0.482206	-0.482206	-0.482206	-0.482206	-0.482206	-0.482206	-0.482206	2.08274	-0.482206	-0.482206	-0.482206	-0.482206	-0.482206	-0.482206	-0.482206	4.96883	-0.482206	-0.482206	-0.482206	-0.482206	-0.482206	-0.482206	-0.482206	-0.482206	-0.482206	-0.482206	-0.482206	3.40961	6.3389	-0.482206	-0.482206	-0.482206	-0.482206	-0.482206	-0.482206	-0.482206	-0.482206	-0.482206	-0.482206	-0.482206	-0.482206	-0.482206	-0.482206	-0.482206	-0.482206	-0.482206	-0.482206	-0.482206	-0.482206	-0.482206	-0.482206	-0.482206	-0.482206	3.56085	-0.482206	6.55042	4.40814	-0.482206	-0.482206	-0.482206	-0.482206	-0.482206	-0.482206	-0.482206	-0.482206	-0.482206	-0.482206	4.43778	-0.482206	7.39822	-0.482206	-0.482206	2.73667	4.02865	-0.482206	-0.482206	-0.482206	-0.482206	-0.482206	-0.482206	5.59773	-0.482206	-0.482206	-0.482206	-0.482206	-0.482206	-0.482206	-0.482206	2.65329	-0.482206	-0.482206	-0.482206	-0.482206
SRR18595841	-0.15712	-0.15712	-0.15712	-0.15712	-0.15712	-0.15712	-0.15712	-0.15712	-0.15712	-0.15712	-0.15712	-0.15712	-0.15712	-0.15712	-0.15712	-0.15712	-0.15712	-0.15712	3.33939	-0.15712	-0.15712	-0.15712	-0.15712	-0.15712	-0.15712	-0.15712	-0.15712	-0.15712	-0.15712	-0.15712	-0.15712	-0.15712	-0.15712	-0.15712	-0.15712	-0.15712	-0.15712	-0.15712	-0.15712	-0.15712	-0.15712	-0.15712	3.33939	-0.15712	-0.15712	-0.15712	-0.15712	-0.15712	-0.15712	-0.15712	-0.15712	-0.15712	-0.15712	-0.15712	-0.15712	-0.15712	-0.15712	-0.15712	-0.15712	-0.15712	-0.15712	-0.15712	-0.15712	-0.15712	1.45232	-0.15712	-0.15712	-0.15712	-0.15712	-0.15712	-0.15712	-0.15712	-0.15712	-0.15712	-0.15712	-0.15712	-0.15712	-0.15712	-0.15712	3.88593	-0.15712	-0.15712	-0.15712	-0.15712	-0.15712	-0.15712	-0.15712	-0.15712	-0.15712	-0.15712	-0.15712	-0.15712	-0.15712	-0.15712	-0.15712	-0.15712	-0.15712	-0.15712	-0.15712	-0.15712	-0.15712	-0.15712	-0.15712	-0.15712	-0.15712	-0.15712	-0.15712	-0.15712	-0.15712	4.49684	-0.15712	-0.15712	4.21233	-0.15712	-0.15712	-0.15712	-0.15712	-0.15712	-0.15712	-0.15712	-0.15712	-0.15712	-0.15712	3.7347	-0.15712	-0.15712	-0.15712	-0.15712	-0.15712	-0.15712	-0.15712	-0.15712	-0.15712	-0.15712	-0.15712	-0.15712	-0.15712	-0.15712	-0.15712	-0.15712	-0.15712	-0.15712	-0.15712	-0.15712	-0.15712	-0.15712	2.24078	-0.15712	-0.15712	-0.15712	-0.15712	-0.15712	-0.15712	-0.15712	-0.15712	-0.15712	-0.15712	-0.15712	-0.15712	-0.15712	-0.15712	-0.15712	-0.15712	-0.15712	-0.15712	-0.15712	-0.15712	-0.15712	-0.15712	-0.15712	-0.15712	-0.15712	-0.15712	3.27687	-0.15712	-0.15712	-0.15712	-0.15712	-0.15712	-0.15712	-0.15712	-0.15712	-0.15712	-0.15712	-0.15712	-0.15712	-0.15712	-0.15712	-0.15712	-0.15712	-0.15712	-0.15712	-0.15712	-0.15712	-0.15712	-0.15712	-0.15712	-0.15712	-0.15712	-0.15712	-0.15712	-0.15712	-0.15712	-0.15712	-0.15712	-0.15712	-0.15712	-0.15712	-0.15712	-0.15712	-0.15712	-0.15712	-0.15712	2.24078	-0.15712	-0.15712	-0.15712	-0.15712	-0.15712	3.60408	-0.15712	-0.15712	-0.15712	-0.15712	-0.15712	-0.15712	-0.15712	-0.15712	-0.15712	-0.15712	-0.15712	-0.15712	-0.15712	-0.15712	-0.15712	-0.15712	-0.15712	-0.15712	-0.15712
SRR18595842	-0.729799	-0.729799	-0.729799	-0.729799	-0.729799	-0.729799	-0.729799	-0.729799	-0.729799	-0.729799	-0.729799	-0.729799	-0.729799	3.12035	-0.729799	-0.729799	-0.729799	-0.729799	-0.729799	-0.729799	-0.729799	-0.729799	-0.729799	-0.729799	-0.729799	-0.729799	-0.729799	-0.729799	3.82408	3.12035	-0.729799	-0.729799	-0.729799	-0.729799	-0.729799	-0.729799	-0.729799	-0.729799	-0.729799	-0.729799	-0.729799	-0.729799	-0.729799	4.08239	-0.729799	-0.729799	5.28879	-0.729799	5.32229	-0.729799	-0.729799	-0.729799	-0.729799	-0.729799	-0.729799	-0.729799	-0.729799	-0.729799	-0.729799	3.24049	-0.729799	-0.729799	-0.729799	-0.729799	-0.729799	-0.729799	-0.729799	-0.729799	-0.729799	-0.729799	-0.729799	-0.729799	-0.729799	-0.729799	-0.729799	-0.729799	-0.729799	-0.729799	-0.729799	-0.729799	-0.729799	-0.729799	-0.729799	-0.729799	-0.729799	-0.729799	-0.729799	-0.729799	-0.729799	-0.729799	-0.729799	-0.729799	6.9411	-0.729799	-0.729799	5.93843	-0.729799	-0.729799	4.01513	6.54883	-0.729799	-0.729799	-0.729799	-0.729799	-0.729799	6.26138	-0.729799	-0.729799	-0.729799	3.34774	-0.729799	-0.729799	4.24693	-0.729799	-0.729799	-0.729799	-0.729799	-0.729799	-0.729799	-0.729799	-0.729799	-0.729799	-0.729799	6.47435	-0.729799	-0.729799	-0.729799	-0.729799	-0.729799	-0.729799	-0.729799	-0.729799	-0.729799	-0.729799	2.4057	-0.729799	-0.729799	-0.729799	-0.729799	-0.729799	1.83515	-0.729799	-0.729799	-0.729799	-0.729799	-0.729799	2.76671	-0.729799	-0.729799	-0.729799	-0.729799	-0.729799	-0.729799	-0.729799	-0.729799	-0.729799	-0.729799	-0.729799	-0.729799	-0.729799	-0.729799	4.49056	-0.729799	-0.729799	-0.729799	4.13001	3.88532	-0.729799	4.21896	-0.729799	-0.729799	-0.729799	-0.729799	4.37615	5.11375	-0.729799	-0.729799	-0.729799	-0.729799	-0.729799	-0.729799	-0.729799	-0.729799	-0.729799	-0.729799	-0.729799	-0.729799	-0.729799	-0.729799	-0.729799	-0.729799	-0.729799	-0.729799	-0.729799	2.10341	-0.729799	-0.729799	-0.729799	-0.729799	2.21464	-0.729799	4.06599	5.12527	-0.729799	3.97973	-0.729799	-0.729799	1.83515	-0.729799	-0.729799	-0.729799	-0.729799	-0.729799	2.6375	-0.729799	6.28322	-0.729799	-0.729799	-0.729799	1.83515	-0.729799	-0.729799	6.60257	-0.729799	-0.729799	-0.729799	4.06599	-0.729799	-0.729799	-0.729799	-0.729799	-0.729799	2.4057	-0.729799	-0.729799	-0.729799	-0.729799	-0.729799	-0.729799
SRR18595843	-0.248229	-0.248229	-0.248229	-0.248229	-0.248229	-0.248229	-0.248229	-0.248229	-0.248229	-0.248229	-0.248229	-0.248229	-0.248229	-0.248229	-0.248229	-0.248229	-0.248229	-0.248229	-0.248229	-0.248229	-0.248229	-0.248229	-0.248229	-0.248229	-0.248229	-0.248229	-0.248229	-0.248229	-0.248229	-0.248229	1.36121	-0.248229	-0.248229	-0.248229	-0.248229	-0.248229	-0.248229	-0.248229	-0.248229	-0.248229	-0.248229	-0.248229	-0.248229	-0.248229	-0.248229	-0.248229	-0.248229	-0.248229	3.11907	-0.248229	-0.248229	-0.248229	-0.248229	-0.248229	-0.248229	-0.248229	-0.248229	-0.248229	-0.248229	-0.248229	-0.248229	-0.248229	-0.248229	-0.248229	-0.248229	-0.248229	-0.248229	-0.248229	-0.248229	-0.248229	-0.248229	-0.248229	-0.248229	-0.248229	-0.248229	-0.248229	-0.248229	-0.248229	-0.248229	-0.248229	-0.248229	-0.248229	-0.248229	-0.248229	-0.248229	-0.248229	2.88727	-0.248229	-0.248229	-0.248229	-0.248229	-0.248229	5.94822	-0.248229	3.24828	-0.248229	-0.248229	-0.248229	-0.248229	-0.248229	-0.248229	-0.248229	-0.248229	-0.248229	-0.248229	3.11907	-0.248229	-0.248229	-0.248229	-0.248229	-0.248229	-0.248229	3.24828	-0.248229	-0.248229	-0.248229	-0.248229	-0.248229	-0.248229	-0.248229	-0.248229	-0.248229	-0.248229	-0.248229	-0.248229	-0.248229	-0.248229	-0.248229	-0.248229	-0.248229	-0.248229	-0.248229	-0.248229	-0.248229	-0.248229	-0.248229	-0.248229	-0.248229	-0.248229	-0.248229	-0.248229	-0.248229	-0.248229	-0.248229	-0.248229	-0.248229	-0.248229	-0.248229	-0.248229	-0.248229	-0.248229	-0.248229	-0.248229	-0.248229	-0.248229	-0.248229	-0.248229	-0.248229	-0.248229	-0.248229	-0.248229	3.98588	-0.248229	-0.248229	-0.248229	-0.248229	-0.248229	3.55843	-0.248229	-0.248229	-0.248229	-0.248229	-0.248229	4.61158	6.23335	-0.248229	-0.248229	-0.248229	-0.248229	-0.248229	-0.248229	-0.248229	-0.248229	-0.248229	-0.248229	-0.248229	-0.248229	-0.248229	-0.248229	-0.248229	-0.248229	-0.248229	-0.248229	-0.248229	-0.248229	-0.248229	-0.248229	-0.248229	-0.248229	-0.248229	-0.248229	3.64359	2.79629	-0.248229	-0.248229	-0.248229	-0.248229	-0.248229	-0.248229	-0.248229	-0.248229	-0.248229	-0.248229	-0.248229	-0.248229	4.65705	-0.248229	-0.248229	-0.248229	-0.248229	-0.248229	-0.248229	3.18576	-0.248229	-0.248229	-0.248229	-0.248229	-0.248229	-0.248229	-0.248229	-0.248229	-0.248229	-0.248229	-0.248229	-0.248229	-0.248229	-0.248229	-0.248229	-0.248229
SRR18595844	-0.636979	-0.636979	-0.636979	-0.636979	-0.636979	-0.636979	-0.636979	4.98704	-0.636979	-0.636979	-0.636979	-0.636979	-0.636979	4.2683	-0.636979	-0.636979	3.82893	-0.636979	-0.636979	-0.636979	-0.636979	-0.636979	-0.636979	-0.636979	-0.636979	-0.636979	-0.636979	-0.636979	-0.636979	-0.636979	-0.636979	-0.636979	-0.636979	-0.636979	-0.636979	-0.636979	-0.636979	-0.636979	-0.636979	-0.636979	-0.636979	-0.636979	4.60477	3.53741	-0.636979	-0.636979	2.49852	1.92797	4.60477	-0.636979	-0.636979	-0.636979	-0.636979	-0.636979	-0.636979	-0.636979	-0.636979	-0.636979	-0.636979	-0.636979	-0.636979	-0.636979	-0.636979	-0.636979	4.05437	-0.636979	-0.636979	-0.636979	-0.636979	-0.636979	3.33331	-0.636979	-0.636979	-0.636979	-0.636979	-0.636979	-0.636979	-0.636979	-0.636979	2.30746	-0.636979	-0.636979	-0.636979	-0.636979	-0.636979	4.95027	-0.636979	-0.636979	-0.636979	-0.636979	-0.636979	-0.636979	2.5819	-0.636979	-0.636979	3.02658	-0.636979	-0.636979	-0.636979	-0.636979	-0.636979	-0.636979	-0.636979	5.42448	-0.636979	6.81716	-0.636979	-0.636979	-0.636979	6.24135	-0.636979	-0.636979	-0.636979	-0.636979	-0.636979	-0.636979	-0.636979	-0.636979	-0.636979	-0.636979	-0.636979	-0.636979	-0.636979	7.79792	-0.636979	-0.636979	-0.636979	-0.636979	-0.636979	-0.636979	-0.636979	-0.636979	-0.636979	-0.636979	-0.636979	-0.636979	-0.636979	-0.636979	-0.636979	-0.636979	4.20721	-0.636979	-0.636979	-0.636979	7.47465	-0.636979	5.55129	-0.636979	-0.636979	-0.636979	-0.636979	-0.636979	-0.636979	-0.636979	-0.636979	-0.636979	-0.636979	-0.636979	-0.636979	-0.636979	-0.636979	4.82261	-0.636979	-0.636979	-0.636979	-0.636979	-0.636979	-0.636979	4.36697	-0.636979	2.49852	-0.636979	-0.636979	3.82893	1.76092	-0.636979	-0.636979	-0.636979	-0.636979	-0.636979	-0.636979	-0.636979	-0.636979	-0.636979	-0.636979	-0.636979	-0.636979	-0.636979	-0.636979	1.56025	-0.636979	-0.636979	-0.636979	-0.636979	-0.636979	-0.636979	-0.636979	-0.636979	-0.636979	-0.636979	-0.636979	-0.636979	4.56152	-0.636979	-0.636979	-0.636979	-0.636979	-0.636979	-0.636979	-0.636979	-0.636979	-0.636979	-0.636979	-0.636979	-0.636979	4.03585	-0.636979	-0.636979	-0.636979	4.31178	-0.636979	-0.636979	6.71866	-0.636979	-0.636979	-0.636979	-0.636979	-0.636979	-0.636979	-0.636979	-0.636979	-0.636979	-0.636979	-0.636979	-0.636979	-0.636979	-0.636979	-0.636979	-0.636979
SRR18595845	-0.554364	-0.554364	-0.554364	-0.554364	-0.554364	-0.554364	-0.554364	-0.554364	-0.554364	-0.554364	-0.554364	-0.554364	-0.554364	-0.554364	-0.554364	-0.554364	-0.554364	-0.554364	-0.554364	-0.554364	-0.554364	-0.554364	-0.554364	-0.554364	-0.554364	-0.554364	-0.554364	-0.554364	2.27885	-0.554364	-0.554364	-0.554364	-0.554364	-0.554364	-0.554364	-0.554364	-0.554364	-0.554364	-0.554364	-0.554364	-0.554364	-0.554364	-0.554364	5.46908	-0.554364	-0.554364	4.82553	-0.554364	3.70832	-0.554364	-0.554364	-0.554364	-0.554364	-0.554364	-0.554364	-0.554364	-0.554364	-0.554364	-0.554364	5.16595	-0.554364	-0.554364	-0.554364	-0.554364	3.52317	-0.554364	-0.554364	-0.554364	-0.554364	-0.554364	3.05655	-0.554364	-0.554364	-0.554364	-0.554364	-0.554364	-0.554364	-0.554364	-0.554364	-0.554364	-0.554364	-0.554364	-0.554364	-0.554364	-0.554364	3.1092	-0.554364	-0.554364	-0.554364	-0.554364	-0.554364	-0.554364	5.65019	-0.554364	-0.554364	3.20684	-0.554364	-0.554364	-0.554364	2.74147	-0.554364	-0.554364	-0.554364	3.81508	-0.554364	4.9137	-0.554364	-0.554364	-0.554364	4.24143	-0.554364	-0.554364	-0.554364	-0.554364	-0.554364	-0.554364	-0.554364	-0.554364	-0.554364	-0.554364	-0.554364	-0.554364	-0.554364	5.55266	2.15369	-0.554364	-0.554364	-0.554364	-0.554364	-0.554364	-0.554364	-0.554364	-0.554364	-0.554364	-0.554364	-0.554364	-0.554364	-0.554364	-0.554364	-0.554364	-0.554364	-0.554364	-0.554364	-0.554364	4.53939	-0.554364	-0.554364	-0.554364	-0.554364	-0.554364	-0.554364	-0.554364	-0.554364	-0.554364	-0.554364	-0.554364	-0.554364	-0.554364	-0.554364	-0.554364	-0.554364	4.43607	-0.554364	-0.554364	-0.554364	2.74147	2.66451	-0.554364	3.81508	-0.554364	-0.554364	-0.554364	-0.554364	5.27164	-0.554364	-0.554364	-0.554364	-0.554364	-0.554364	-0.554364	-0.554364	-0.554364	-0.554364	-0.554364	-0.554364	-0.554364	-0.554364	-0.554364	-0.554364	-0.554364	-0.554364	-0.554364	-0.554364	-0.554364	-0.554364	-0.554364	-0.554364	-0.554364	-0.554364	-0.554364	-0.554364	-0.554364	7.77191	-0.554364	-0.554364	-0.554364	4.27395	2.27885	-0.554364	-0.554364	-0.554364	-0.554364	-0.554364	-0.554364	-0.554364	3.1092	-0.554364	-0.554364	-0.554364	-0.554364	-0.554364	-0.554364	7.478	-0.554364	-0.554364	-0.554364	-0.554364	-0.554364	-0.554364	-0.554364	5.17898	-0.554364	-0.554364	-0.554364	-0.554364	-0.554364	-0.554364	-0.554364	-0.554364
SRR18595846	-0.51023	4.10489	-0.51023	-0.51023	-0.51023	-0.51023	-0.51023	-0.51023	-0.51023	-0.51023	-0.51023	-0.51023	-0.51023	-0.51023	-0.51023	-0.51023	-0.51023	2.19782	-0.51023	-0.51023	-0.51023	-0.51023	-0.51023	-0.51023	-0.51023	-0.51023	-0.51023	-0.51023	-0.51023	-0.51023	-0.51023	-0.51023	-0.51023	-0.51023	-0.51023	-0.51023	-0.51023	-0.51023	-0.51023	-0.51023	-0.51023	-0.51023	-0.51023	4.78307	-0.51023	-0.51023	-0.51023	-0.51023	-0.51023	-0.51023	-0.51023	-0.51023	-0.51023	-0.51023	-0.51023	-0.51023	-0.51023	-0.51023	-0.51023	-0.51023	-0.51023	-0.51023	-0.51023	-0.51023	3.04512	-0.51023	-0.51023	-0.51023	-0.51023	-0.51023	-0.51023	-0.51023	-0.51023	5.99854	-0.51023	-0.51023	-0.51023	-0.51023	-0.51023	-0.51023	-0.51023	-0.51023	-0.51023	-0.51023	-0.51023	5.19688	2.85707	-0.51023	-0.51023	-0.51023	-0.51023	-0.51023	-0.51023	-0.51023	-0.51023	5.03885	-0.51023	-0.51023	3.4216	5.13522	-0.51023	-0.51023	-0.51023	3.29643	-0.51023	3.56731	-0.51023	-0.51023	-0.51023	-0.51023	-0.51023	-0.51023	5.21008	-0.51023	-0.51023	-0.51023	-0.51023	-0.51023	-0.51023	-0.51023	-0.51023	-0.51023	-0.51023	-0.51023	-0.51023	-0.51023	-0.51023	-0.51023	-0.51023	-0.51023	-0.51023	-0.51023	-0.51023	-0.51023	-0.51023	-0.51023	-0.51023	-0.51023	-0.51023	-0.51023	2.32298	-0.51023	-0.51023	-0.51023	-0.51023	3.25097	4.04365	-0.51023	-0.51023	-0.51023	-0.51023	-0.51023	-0.51023	-0.51023	-0.51023	3.6329	-0.51023	-0.51023	-0.51023	-0.51023	-0.51023	3.10069	-0.51023	-0.51023	-0.51023	-0.51023	1.68699	5.78319	5.23597	-0.51023	-0.51023	-0.51023	-0.51023	-0.51023	7.44027	-0.51023	-0.51023	-0.51023	-0.51023	-0.51023	-0.51023	-0.51023	-0.51023	-0.51023	-0.51023	-0.51023	-0.51023	-0.51023	-0.51023	-0.51023	-0.51023	-0.51023	-0.51023	-0.51023	-0.51023	-0.51023	-0.51023	-0.51023	-0.51023	-0.51023	-0.51023	-0.51023	-0.51023	7.67985	-0.51023	-0.51023	-0.51023	2.53429	-0.51023	-0.51023	-0.51023	-0.51023	-0.51023	-0.51023	-0.51023	6.22674	-0.51023	-0.51023	-0.51023	-0.51023	-0.51023	-0.51023	-0.51023	-0.51023	-0.51023	-0.51023	-0.51023	-0.51023	-0.51023	-0.51023	-0.51023	-0.51023	-0.51023	-0.51023	-0.51023	-0.51023	1.88767	-0.51023	-0.51023
SRR18595847	2.89603	-0.910633	-0.910633	-0.910633	-0.910633	-0.910633	-0.910633	-0.910633	-0.910633	1.03528	-0.910633	-0.910633	-0.910633	5.84281	-0.910633	-0.910633	2.58587	-0.910633	-0.910633	-0.910633	-0.910633	-0.910633	2.70029	-0.910633	-0.910633	-0.910633	-0.910633	-0.910633	-0.910633	3.96456	-0.910633	-0.910633	-0.910633	-0.910633	-0.910633	-0.910633	-0.910633	-0.910633	-0.910633	-0.910633	-0.910633	-0.910633	-0.910633	4.96149	-0.910633	-0.910633	6.16009	-0.910633	2.13389	-0.910633	-0.910633	-0.910633	-0.910633	2.75293	-0.910633	-0.910633	-0.910633	-0.910633	-0.910633	-0.910633	-0.910633	1.28659	-0.910633	-0.910633	2.70029	-0.910633	-0.910633	-0.910633	-0.910633	-0.910633	-0.910633	-0.910633	-0.910633	2.93951	-0.910633	-0.910633	-0.910633	-0.910633	-0.910633	3.53202	-0.910633	-0.910633	-0.910633	-0.910633	-0.910633	4.09331	-0.910633	-0.910633	-0.910633	-0.910633	-0.910633	-0.910633	4.6691	-0.910633	-0.910633	4.6462	-0.910633	-0.910633	4.6691	5.99612	-0.910633	1.28659	-0.910633	4.09331	-0.910633	5.90391	-0.910633	-0.910633	-0.910633	3.05966	2.75293	-0.910633	3.26375	-0.910633	-0.910633	-0.910633	-0.910633	-0.910633	-0.910633	3.05966	-0.910633	-0.910633	-0.910633	-0.910633	-0.910633	-0.910633	-0.910633	-0.910633	-0.910633	-0.910633	-0.910633	-0.910633	-0.910633	-0.910633	-0.910633	-0.910633	-0.910633	-0.910633	-0.910633	-0.910633	2.64472	-0.910633	-0.910633	-0.910633	1.79742	-0.910633	7.05595	-0.910633	-0.910633	-0.910633	-0.910633	-0.910633	-0.910633	-0.910633	-0.910633	2.89603	-0.910633	-0.910633	-0.910633	-0.910633	-0.910633	2.80294	-0.910633	-0.910633	-0.910633	-0.910633	-0.910633	-0.910633	3.64324	-0.910633	1.65432	-0.910633	-0.910633	5.77523	5.17387	-0.910633	-0.910633	-0.910633	2.22486	-0.910633	-0.910633	-0.910633	2.13389	-0.910633	-0.910633	-0.910633	-0.910633	-0.910633	-0.910633	-0.910633	-0.910633	-0.910633	-0.910633	-0.910633	3.74333	-0.910633	-0.910633	-0.910633	-0.910633	3.43317	-0.910633	-0.910633	3.81676	-0.910633	-0.910633	-0.910633	-0.910633	3.32347	-0.910633	-0.910633	-0.910633	-0.910633	-0.910633	-0.910633	-0.910633	6.12199	-0.910633	3.02119	-0.910633	3.578	-0.910633	-0.910633	3.53202	-0.910633	-0.910633	-0.910633	4.38267	-0.910633	-0.910633	-0.910633	-0.910633	-0.910633	-0.910633	-0.910633	-0.910633	2.03381	3.02119	-0.910633	2.22486
SRR18595848	-0.688504	-0.688504	-0.688504	-0.688504	-0.688504	-0.688504	-0.688504	-0.688504	-0.688504	-0.688504	-0.688504	-0.688504	-0.688504	-0.688504	-0.688504	-0.688504	-0.688504	-0.688504	-0.688504	-0.688504	-0.688504	-0.688504	2.86684	-0.688504	-0.688504	-0.688504	-0.688504	-0.688504	3.92662	2.25594	-0.688504	-0.688504	-0.688504	-0.688504	-0.688504	-0.688504	-0.688504	-0.688504	-0.688504	-0.688504	-0.688504	-0.688504	-0.688504	5.30546	-0.688504	-0.688504	5.51201	2.67879	-0.688504	-0.688504	-0.688504	-0.688504	-0.688504	-0.688504	-0.688504	-0.688504	-0.688504	-0.688504	-0.688504	-0.688504	-0.688504	-0.688504	-0.688504	-0.688504	-0.688504	-0.688504	-0.688504	-0.688504	-0.688504	-0.688504	3.60196	-0.688504	-0.688504	-0.688504	-0.688504	-0.688504	-0.688504	-0.688504	-0.688504	-0.688504	-0.688504	-0.688504	-0.688504	-0.688504	-0.688504	-0.688504	-0.688504	-0.688504	-0.688504	-0.688504	-0.688504	-0.688504	6.70476	-0.688504	-0.688504	4.07367	-0.688504	-0.688504	3.48588	6.38561	-0.688504	-0.688504	-0.688504	-0.688504	-0.688504	5.90591	-0.688504	-0.688504	-0.688504	4.03888	-0.688504	-0.688504	4.27434	-0.688504	-0.688504	-0.688504	-0.688504	-0.688504	3.20332	-0.688504	-0.688504	-0.688504	-0.688504	-0.688504	2.44699	-0.688504	-0.688504	-0.688504	-0.688504	-0.688504	-0.688504	-0.688504	-0.688504	-0.688504	-0.688504	-0.688504	-0.688504	-0.688504	-0.688504	-0.688504	1.70939	-0.688504	-0.688504	-0.688504	2.86684	-0.688504	5.41405	-0.688504	-0.688504	-0.688504	-0.688504	-0.688504	-0.688504	-0.688504	-0.688504	3.0727	-0.688504	-0.688504	-0.688504	-0.688504	-0.688504	6.86163	-0.688504	-0.688504	-0.688504	-0.688504	3.28179	-0.688504	5.24374	-0.688504	3.31883	-0.688504	-0.688504	3.60196	6.79418	-0.688504	-0.688504	-0.688504	-0.688504	-0.688504	-0.688504	-0.688504	-0.688504	-0.688504	-0.688504	-0.688504	-0.688504	-0.688504	-0.688504	-0.688504	-0.688504	-0.688504	-0.688504	-0.688504	-0.688504	-0.688504	-0.688504	-0.688504	-0.688504	-0.688504	-0.688504	3.02507	5.10755	-0.688504	-0.688504	-0.688504	-0.688504	3.11816	-0.688504	-0.688504	-0.688504	-0.688504	-0.688504	-0.688504	-0.688504	6.62538	-0.688504	-0.688504	2.35602	-0.688504	-0.688504	-0.688504	-0.688504	-0.688504	-0.688504	-0.688504	5.31538	-0.688504	-0.688504	-0.688504	-0.688504	-0.688504	-0.688504	-0.688504	-0.688504	-0.688504	3.16164	-0.688504	3.60196
SRR18595849	-0.422399	-0.422399	-0.422399	-0.422399	-0.422399	-0.422399	-0.422399	7.2633	-0.422399	-0.422399	-0.422399	-0.422399	-0.422399	4.80871	-0.422399	-0.422399	-0.422399	-0.422399	-0.422399	-0.422399	-0.422399	-0.422399	-0.422399	-0.422399	-0.422399	-0.422399	-0.422399	-0.422399	-0.422399	-0.422399	-0.422399	-0.422399	-0.422399	-0.422399	-0.422399	-0.422399	-0.422399	-0.422399	-0.422399	-0.422399	-0.422399	-0.422399	-0.422399	-0.422399	-0.422399	-0.422399	-0.422399	-0.422399	-0.422399	-0.422399	-0.422399	-0.422399	-0.422399	-0.422399	-0.422399	3.46942	-0.422399	-0.422399	-0.422399	-0.422399	-0.422399	-0.422399	-0.422399	-0.422399	-0.422399	-0.422399	-0.422399	-0.422399	-0.422399	-0.422399	2.7131	-0.422399	-0.422399	-0.422399	-0.422399	-0.422399	-0.422399	-0.422399	-0.422399	-0.422399	-0.422399	-0.422399	-0.422399	-0.422399	-0.422399	-0.422399	-0.422399	-0.422399	-0.422399	-0.422399	-0.422399	-0.422399	4.38979	-0.422399	-0.422399	2.14255	-0.422399	-0.422399	-0.422399	-0.422399	-0.422399	-0.422399	-0.422399	-0.422399	-0.422399	-0.422399	-0.422399	-0.422399	-0.422399	-0.422399	-0.422399	-0.422399	-0.422399	-0.422399	-0.422399	-0.422399	-0.422399	-0.422399	-0.422399	-0.422399	-0.422399	-0.422399	-0.422399	-0.422399	-0.422399	-0.422399	-0.422399	-0.422399	-0.422399	-0.422399	-0.422399	-0.422399	-0.422399	-0.422399	-0.422399	-0.422399	-0.422399	-0.422399	-0.422399	-0.422399	4.60804	-0.422399	7.45272	-0.422399	-0.422399	-0.422399	-0.422399	-0.422399	-0.422399	-0.422399	-0.422399	-0.422399	-0.422399	-0.422399	-0.422399	-0.422399	-0.422399	-0.422399	-0.422399	-0.422399	-0.422399	7.40763	-0.422399	-0.422399	-0.422399	-0.422399	2.41081	-0.422399	5.79421	-0.422399	-0.422399	-0.422399	-0.422399	4.17272	5.36756	-0.422399	-0.422399	-0.422399	-0.422399	-0.422399	3.29117	-0.422399	-0.422399	-0.422399	-0.422399	-0.422399	-0.422399	-0.422399	-0.422399	-0.422399	-0.422399	-0.422399	-0.422399	-0.422399	-0.422399	-0.422399	-0.422399	-0.422399	-0.422399	-0.422399	-0.422399	5.76996	-0.422399	-0.422399	-0.422399	-0.422399	-0.422399	4.48288	-0.422399	-0.422399	-0.422399	8.25878	-0.422399	-0.422399	-0.422399	5.4036	-0.422399	-0.422399	-0.422399	-0.422399	-0.422399	-0.422399	3.72074	-0.422399	-0.422399	-0.422399	-0.422399	-0.422399	-0.422399	-0.422399	-0.422399	-0.422399	-0.422399	-0.422399	-0.422399	-0.422399	-0.422399	-0.422399	-0.422399
