genus	SRR18595688	SRR18595689	SRR18595690	SRR18595691	SRR18595692	SRR18595693	SRR18595694	SRR18595695	SRR18595696	SRR18595697	SRR18595698	SRR18595699	SRR18595700	SRR18595701	SRR18595702	SRR18595703	SRR18595704	SRR18595705	SRR18595706	SRR18595707	SRR18595708	SRR18595709	SRR18595710	SRR18595711	SRR18595712	SRR18595713	SRR18595714	SRR18595715	SRR18595716	SRR18595717	SRR18595718	SRR18595719	SRR18595720	SRR18595721	SRR18595722	SRR18595723	SRR18595724	SRR18595725	SRR18595726	SRR18595727	SRR18595728	SRR18595729	SRR18595730	SRR18595731	SRR18595732	SRR18595733	SRR18595734	SRR18595735	SRR18595736	SRR18595737	SRR18595738	SRR18595739	SRR18595740	SRR18595741	SRR18595742	SRR18595743	SRR18595744	SRR18595745	SRR18595746	SRR18595747	SRR18595748	SRR18595749	SRR18595750	SRR18595751	SRR18595752	SRR18595753	SRR18595754	SRR18595755	SRR18595756	SRR18595757	SRR18595758	SRR18595759	SRR18595760	SRR18595761	SRR18595762	SRR18595763	SRR18595764	SRR18595765	SRR18595766	SRR18595767	SRR18595768	SRR18595769	SRR18595770	SRR18595771	SRR18595772	SRR18595773	SRR18595774	SRR18595775	SRR18595776	SRR18595777	SRR18595778	SRR18595779	SRR18595780	SRR18595781	SRR18595782	SRR18595783	SRR18595784	SRR18595785	SRR18595786	SRR18595787	SRR18595788	SRR18595789	SRR18595790	SRR18595791	SRR18595792	SRR18595793	SRR18595794	SRR18595795	SRR18595796	SRR18595797	SRR18595798	SRR18595799	SRR18595800	SRR18595801	SRR18595802	SRR18595803	SRR18595804	SRR18595805	SRR18595806	SRR18595807	SRR18595808	SRR18595809	SRR18595810	SRR18595811	SRR18595812	SRR18595813	SRR18595814	SRR18595815	SRR18595816	SRR18595817	SRR18595818	SRR18595819	SRR18595820	SRR18595821	SRR18595822	SRR18595823	SRR18595824	SRR18595825	SRR18595826	SRR18595827	SRR18595828	SRR18595829	SRR18595830	SRR18595831	SRR18595832	SRR18595833	SRR18595834	SRR18595835	SRR18595836	SRR18595837	SRR18595838	SRR18595839	SRR18595840	SRR18595841	SRR18595842	SRR18595843	SRR18595844	SRR18595845	SRR18595846	SRR18595847	SRR18595848	SRR18595849
Unclassified	0	0	0	0	0	0	0.0052840159	0	0	0	0	0	0	0	0	0	0	0	0	0	0	0	0	0	0	0	0	0	0	0	0	0	0	0	0	0	0	0	0	0	0	0	0	0	0	0	0	0	0	0	0	0	0	0	0	0	0	0	0	0	0	0	0.004793664	0	0	0	0	0	0	0	0	0	0	0	0	0	0	0.0051221434	0	0	0	0	0	0	0	0	0	0	0	0	0	0	0	0	0	0	0	0	0	0	0	0	0	0	0	0.0026867276	0	0	0	0	0	0	0	0	0	0	0	0	0	0	0	0	0	0	0	0	0	0	0	0	0	0.0043224299	0	0	0	0	0	0	0	0	0	0	0	0	0	0	0	0	0	0	0	0	0	0	0	0	0	0	0	0.0035279025	0	0
g__Abiotrophia	0.0032124828	0	0	0	0	0	0.048877147	0.0043133435	0	0	0	0	0	0	0	0	0	0	0.068083261	0.00088979281	0	0	0	0	0	0	0	0	0	0	0	0	0	0	0	0	0	0	0.01003009	0.026468455	0	0	0.012082445	0	0	0	0	0	0	0	0	0	0	0	0	0	0	0	0	0	0	0	0	0	0	0	0	0	0	0	0	0	0	0	0.0019040366	0	0	0	0	0	0	0	0	0	0	0	0	0	0	0	0.004169369	0	0	0	0	0	0	0.0010545621	0	0	0	0.0071538785	0	0	0	0	0	0	0	0	0.0023791027	0	0	0	0	0	0	0	0	0	0	0	0	0	0	0	0	0	0	0	0	0.0099299065	0	0	0	0	0	0	0	0.0026656748	0	0	0	0	0	0	0	0	0	0	0	0	0	0	0	0	0	0	0.0092936803	0	0	0
g__Acholeplasma	0	0	0	0	0	0	0	0	0	0	0	0	0	0	0	0	0	0	0	0	0.0006258475	0	0	0	0	0	0	0	0	0	0	0	0	0	0	0	0	0	0	0	0	0	0	0	0	0	0	0	0	0	0	0	0	0	0	0	0	0	0	0.00087044828	0	0	0	0	0	0	0	0	0	0	0	0	0	0	0	0	0	0	0	0	0	0	0	0	0	0	0	0	0	0	0.00018530529	0	0	0	0	0	0	0	0	0	0	0	0	0	0	0	0	0	0	0	0	0	0	0	0	0	0	0	0	0	0	0	0	0	0	0	0	0	0	0	0	0	0	0	0	0	0	0	0.0047417945	0	0	0	0	0	0	0	0	0	0	0	0	0	0	0	0	0	0	0	0	0	0	0
g__Achromobacter	0	0	0	0	0	0	0	0	0	0	0	0	0	0	0	0	0	0	0	0.015825601	0	0	0	0	0	0	0	0	0	0	0	0	0	0	0	0	0	0	0	0	0	0	0	0	0	0	0	0	0	0	0	0	0	0	0	0	0	0	0	0	0	0	0	0	0	0.05952381	0	0	0	0	0	0	0	0	0	0	0	0	0	0	0	0	0	0	0	0	0	0	0	0	0	0	0	0	0	0	0	0	0	0	0	0	0	0	0	0	0	0	0	0	0.00038842494	0	0	0	0	0	0	0	0.0038191262	0	0	0	0	0	0	0	0	0	0	0	0	0	0	0	0	0	0	0	0	0	0	0	0	0	0	0	0	0	0	0	0	0	0	0	0	0	0	0	0	0	0	0
g__Acidiferrimicrobium	0	0	0	0	0	0	0	0	0	0	0	0	0	0	0	0	0	0	0	0	0	0	0	0	0	0	0	0	0	0	0	0	0	0	0	0	0	0	0	0	0	0	0	0	0	0	0.0038077106	0	0	0	0	0	0	0	0	0	0	0	0	0	0	0	0	0	0	0	0	0	0	0	0	0	0	0	0	0	0	0	0	0	0	0	0	0	0	0	0	0	0	0	0	0	0	0	0	0	0	0	0	0	0	0	0	0	0	0	0	0	0	0	0	0	0	0	0	0	0	0	0	0	0	0	0	0	0	0	0	0	0	0	0	0	0	0	0	0	0	0	0	0	0	0	0	0	0	0	0	0	0	0	0	0	0	0	0	0	0	0	0	0	0	0
g__Acidocella	0	0	0	0	0	0	0	0	0	0	0	0	0	0	0	0	0	0	0	0	0	0	0	0	0	0	0	0	0	0	0	0	0	0	0	0	0	0	0	0	0	0	0	0	0	0	0	0	0	0	0	0	0	0	0	0	0	0	0	0	0	0	0	0	0	0	0	0	0	0	0	0	0	0	0	0	0	0	0	0	0	0	0	0	0	0	0	0	0	0	0	0	0	0	0	0	0	0	0	0	0	0	0	0	0	0	0	0	0	0	0	0	0.0060296846	0	0	0	0	0	0	0	0	0	0	0	0	0	0	0	0	0	0	0	0	0	0	0	0	0	0	0	0	0	0	0	0	0	0	0	0	0	0	0	0	0	0	0	0	0	0	0	0	0
g__Acidovorax	0	0	0	0	0	0	0	0	0	0	0	0	0	0	0	0	0	0	0	0	0	0	0	0	0	0	0	0	0	0	0	0	0	0	0	0	0	0	0	0	0	0	0	0	0	0	0	0	0	0	0	0	0	0	0	0	0	0	0	0	0	0	0	0	0	0.023809524	0	0	0	0	0	0	0	0	0	0	0	0	0	0	0	0	0	0	0	0	0	0	0.0040544454	0	0	0	0	0	0	0	0	0	0	0	0	0	0	0	0	0	0	0	0	0	0	0	0	0	0	0	0	0	0	0	0	0	0	0	0	0	0	0	0	0	0	0	0	0	0	0	0	0	0	0	0	0	0	0	0	0	0	0	0	0	0	0	0	0	0	0	0	0	0	0	0	0
g__Acinetobacter	0	0	0.00031282586	0	0.018161926	0	0	0	0	0	0	0	0	0	0	0	0	0	0	0.0052752002	0	0	0	0	0	0	0	0	0	0	0	0	0	0	0	0	0	0	0	0	0	0	0	0.00055517002	0	0	0	0	0	0	0	0	0	0	0	0	0	0	0	0	0	0.00082860881	0.0020842018	0.0056584362	0.0092257598	0	0	0	0.12919463	0	0	0	0	0	0	0.015117401	0	0	0	0	0	0	0	0	0	0	0	0	0	0	0	0	0	0	0	0	0	0	0	0	0.0020950785	0	0	0.0021486893	0	0	0	0	0	0	0	0	0	0	0	0.059616574	0	0	0	0	0.0051742919	0	0	0	0	0	0	0	0	0	0	0	0	0	0	0	0	0	0	0	0	0	0	0	0	0	0	0	0.007526178	0	0	0	0	0	0	0	0.017640291	0	0	0	0	0.13812365
g__Actinobacillus	0	0	0	0	0	0	0	0	0	0.0041087004	0.0020748682	0	0	0	0.018348624	0	0	0	0	0	0	0	0	0	0	0	0	0	0	0	0	0	0	0.0040521717	0	0	0	0	0	0	0	0	0	0	0	0	0	0	0	0	0.0042681396	0	0	0	0	0	0	0	0	0	0.01150695	0	0.091704877	0	0	0	0	0	0	0	0	0	0	0	0	0	0	0	0.019266625	0	0	0	0	0	0	0.0025584795	0	0	0.024616276	0	0.0032428426	0	0	0	0	0	0	0	0	0	0	0.021181091	0	0	0	0	0	0	0	0	0.0026704214	0	0	0	0	0	0	0	0	0	0	0	0	0	0	0	0.0040285095	0	0	0	0	0	0	0	0	0	0	0	0	0	0	0	0	0	0	0	0	0	0	0	0	0	0	0	0	0	0	0	0	0	0	0
g__Actinomyces	0	0.0027652086	0.0058394161	0.010980073	0	0	0	0.0019479616	0	0.0049736899	0	0.014803849	0	0	0.012844037	0	0.0069500566	0	0	0	0	0	0	0	0	0	0	0	0	0	0	0	0	0	0.0031919745	0	0	0	0	0	0	0	0	0	0	0	0	0	0	0	0	0	0	0	0	0	0	0	0	0	0	0	0	0.00090020576	0.0037988423	0	0	0	0	0	0	0	0.0029024336	0	0.0078700178	0	0	0	0	0	0	0	0.0013740038	0.0094180962	0	0	0	0.0029725043	0	0	0	0	0	0.002078642	0	0.0043652237	0.0068965517	0	0.0014796706	0	0	0	0	0	0	0	0	0.0062906125	0	0	0	0	0	0.0024683339	0	0	0	0	0.0083256951	0	0	0	0.00085019554	0	0	0	0.0086767896	0	0	0	0	0	0	0	0	0	0	0	0	0	0	0	0	0	0	0	0	0.00091257529	0	0	0	0	0	0	0	0	0	0	0	0.00048107761	0	0
g__Aeriscardovia	0	0	0	0	0	0	0	0	0	0	0	0	0	0	0	0	0	0	0	0	0	0	0	0	0	0	0	0	0	0	0	0	0	0	0	0	0	0	0	0	0	0	0	0	0	0	0	0	0	0	0	0	0	0	0	0	0	0	0	0	0	0	0	0	0	0	0	0	0	0	0	0	0	0	0	0	0	0	0	0	0	0	0	0	0	0	0	0	0	0	0	0	0	0	0	0	0	0	0	0	0	0	0	0	0	0	0	0	0	0.0039902461	0	0	0	0	0	0	0	0	0	0	0	0	0	0	0	0	0	0	0	0	0	0	0	0	0	0	0	0	0	0	0	0	0	0	0	0	0	0	0	0	0	0	0	0	0	0	0	0	0	0	0	0
g__Aerococcus	0	0	0	0	0	0	0	0	0	0	0	0	0	0	0	0	0	0	0	0	0	0	0	0	0	0	0	0	0	0	0	0	0	0	0	0	0	0	0	0	0	0	0	0	0.0050305914	0	0	0	0	0	0	0	0	0	0	0	0	0	0	0	0	0	0	0	0	0	0	0	0	0	0	0	0	0	0	0	0	0	0	0	0	0	0	0	0	0	0	0	0	0	0	0	0	0	0	0	0	0	0	0	0	0	0	0	0	0	0	0	0	0	0	0	0	0	0	0	0	0	0	0	0	0	0	0	0	0	0	0	0	0	0	0	0	0	0	0	0	0	0	0	0	0	0	0	0	0	0	0	0	0	0	0	0	0	0	0	0	0	0	0	0	0
g__Aeromonas	0	0	0	0	0	0	0	0	0	0	0	0	0	0	0	0	0	0	0	0	0	0	0	0	0	0	0	0	0	0	0	0	0	0	0	0	0	0	0	0	0	0	0	0	0	0	0	0	0	0	0	0	0.00032647731	0	0	0	0	0	0	0	0	0	0	0	0	0	0	0	0	0	0	0	0	0	0	0	0	0	0	0	0	0	0	0	0	0	0	0	0	0	0	0	0	0	0	0	0	0	0	0	0	0	0	0	0	0	0	0	0	0	0	0	0	0	0	0	0	0	0	0	0	0	0	0	0	0	0	0	0	0	0	0	0	0	0	0	0	0	0	0	0	0	0	0	0	0	0	0	0	0	0	0	0	0	0	0	0	0	0	0	0	0
g__Aggregatibacter	0	0	0	0.0061000407	0	0.010727312	0	0.010713789	0	0.0074244936	0.0027664909	0	0	0	0	0	0.0080814611	0	0.0065047702	0.022499047	0	0	0	0	0	0	0.067588326	0.010948905	0	0	0.0059018281	0	0.016038791	0	0	0	0	0	0	0	0	0.094728916	0	0	0	0.015031485	0	0.0039428815	0	0.13839401	0	0	0.0099031451	0	0.027751646	0	0.025687876	0	0.064717896	0	0	0	0.0077115465	0.10802469	0	0	0.028587549	0	0.010067114	0	0.0065789474	0.01038874	0	0	0.0019040366	0	0	0	0	0	0.0056105611	0	0.0094806265	0	0.0073288837	0	0	0	0.015638575	0	0	0.019824923	0	0	0.019781719	0	0.019310345	0.26226502	0.0077200206	0.035284634	0.00057138504	0.030439052	0	0	0	0.018807093	0.0039702591	0	0	0	0.011409983	0	0	0.071191945	0.0066403101	0	0	0	0	0	0.014978214	0.01146325	0	0	0.0010309278	0	0.041318046	0	0	0.0035831592	0	0	0	0	0.056538683	0.0015820859	0	0.026066351	0	0	0	0.0064606523	0.065562312	0	0	0	0	0	0	0	0	0	0	0	0.0035692117	0	0.0085644893	0	0	0.06863374	0	0.011806525
g__Akkermansia	0	0	0	0	0	0	0	0	0	0	0	0	0	0	0	0	0	0	0	0	0	0	0	0	0	0	0	0	0	0	0	0	0	0	0	0	0	0	0	0	0	0	0	0	0	0	0	0	0	0	0	0	0	0	0	0	0	0	0	0	0	0	0	0	0	0	0	0	0	0	0	0	0	0	0	0	0	0.0039401103	0	0	0	0	0	0	0	0	0	0	0	0	0	0	0	0	0	0	0	0	0	0	0	0	0	0	0	0	0	0	0	0	0	0	0	0	0	0	0	0	0	0	0	0	0	0	0	0	0	0	0	0	0	0	0	0	0	0	0	0	0	0	0	0	0	0	0	0	0	0	0	0	0	0	0	0	0	0	0	0	0	0	0	0
g__Alistipes	0	0	0	0	0	0	0	0	0	0	0	0	0	0	0	0	0	0	0	0	0	0	0	0	0	0	0	0	0	0	0	0	0	0	0	0	0	0	0	0	0	0	0	0	0	0	0	0	0	0	0	0	0	0	0	0	0	0	0	0	0	0	0	0	0	0	0	0.010026385	0	0	0	0	0	0	0	0	0	0	0	0	0	0	0	0	0	0	0	0	0	0	0	0	0	0	0	0	0	0	0	0	0	0	0	0	0	0	0	0	0	0	0	0	0	0	0	0	0	0	0	0	0	0	0	0	0	0	0	0	0	0	0	0	0	0	0	0	0	0	0	0	0	0	0	0	0	0	0	0	0	0	0	0	0	0	0	0	0	0	0	0	0	0
g__Alloprevotella	0.010211106	0.0020110608	0	0	0	0	0	0	0	0.0024508037	0.00069162272	0.028127313	0.066455696	0	0	0	0.0045256182	0.032932236	0.0034692108	0.0093428245	0.0061541671	0.014511202	0.0033249102	0	0	0	0	0	0	0	0	0	0	0.0025326073	0	0	0	0	0	0	0	0.020180723	0.0042643923	0	0.0035350102	0	0.0099952404	0	0	0	0	0	0	0	0.0075258702	0.024708495	0	0	0	0.09219498	0	0.00052333188	0	0.0048868313	0.002894356	0	0	0	0	0	0	0.0035187668	0	0	0.002792587	0	0	0	0	0	0.045544554	0	0.00054960154	0.0077362933	0	0.016203704	0.033047099	0	0	0	0	0	0	0.0022518621	0	0	0.031724138	0.0036680422	0.00038600103	0.0091777254	0.00049520037	0.0050497966	0	0.0045429431	0	0	0.0066411608	0.054334301	0	0.0024384837	0.00097106234	0.0051074322	0.0078849722	0.0052614485	0.011131156	0	0	0.0031272552	0	0	0.0081699346	0.011294673	0.0079918381	0.015625	0.0017182131	0	0	0	0	0	0	0	0	0.0053826142	0	0	0.10727406	0	0	0	0	0.00070055266	0.0027259384	0.00050795801	0.0001650165	0	0.0056054771	0.0010038328	0	0	0.013731061	0	0.0069252078	0	0	0	0.0054966126	0	0	0.0025657473	0	0
g__Alloscardovia	0	0	0	0	0	0	0	0	0	0	0	0	0	0	0	0	0	0	0	0	0	0	0	0	0	0	0	0	0	0	0	0	0	0	0	0	0	0	0	0	0	0	0	0	0	0	0	0	0	0	0	0	0	0	0	0	0	0	0	0	0	0	0	0	0	0	0	0	0	0	0	0	0	0	0	0	0	0	0	0	0	0	0	0	0	0	0	0	0	0	0	0	0	0	0	0	0	0	0	0	0	0	0	0	0	0	0	0	0	0	0	0	0	0	0	0	0	0	0	0	0	0	0	0	0	0	0	0	0	0	0	0	0	0	0	0	0	0	0	0	0	0	0	0	0	0	0	0	0	0	0	0	0	0	0	0	0	0	0.0013011152	0	0	0
g__Alysiella	0	0	0	0	0	0	0	0	0	0	0.025071324	0	0	0	0	0	0.0011314046	0	0	0	0.0017732346	0	0.10998803	0	0	0	0	0	0	0.0044606235	0.0083489276	0	0.0093248788	0	0	0	0	0	0	0	0	0	0	0	0.0054384772	0	0	0	0	0	0	0	0	0	0	0	0.0038693035	0	0	0.035905992	0	0	0.025218841	0	0	0	0	0	0	0	0	0	0	0	0	0	0	0	0	0	0	0	0	0	0	0	0	0	0	0	0	0	0	0	0	0	0	0	0	0	0	0	0	0	0	0	0	0	0	0	0.0015536997	0	0	0	0.0029555138	0	0	0	0	0	0	0	0	0	0	0	0	0	0	0	0.23350391	0	0	0	0	0	0	0	0	0	0	0	0	0	0.11930693	0	0	0	0	0.12412624	0	0	0	0.071748879	0	0	0	0	0	0	0	0
g__Aminipila	0	0	0	0	0	0	0	0	0	0	0	0	0	0	0	0	0	0	0	0	0	0.0022912424	0	0	0	0	0	0	0	0	0.00071973514	0	0	0	0	0	0	0.0076121795	0	0	0	0	0	0	0.003942896	0	0	0	0	0	0	0	0	0	0	0	0	0	0	0.00065283621	0	0	0	0	0	0	0	0	0	0	0	0	0	0	0	0	0	0	0	0	0	0	0	0	0	0.0019493177	0	0.0019816696	0	0	0	0	0	0	0	0	0	0	0	0	0	0	0	0.00049112898	0	0	0	0	0	0	0	0	0	0	0.0015353318	0	0	0	0	0	0.0058551198	0.0026972353	0	0	0.00085910653	0	0	0	0	0	0	0	0	0.0019736252	0	0	0	0	0	0	0	0	0	0	0.011221122	0	0	0	0	0.029442915	0	0	0	0	0	0	0	0	0	0	0	0
g__Anaerobutyricum	0	0	0	0	0	0	0	0	0	0	0	0	0	0	0	0	0	0	0	0	0	0	0	0	0	0	0	0	0	0	0	0	0	0	0	0	0	0	0	0	0	0	0	0	0	0	0	0	0	0	0	0	0	0	0	0	0	0	0	0	0	0	0	0	0	0	0	0.0036939314	0	0	0	0	0	0	0	0	0	0.0094562648	0	0	0	0	0	0	0	0	0	0	0	0	0	0	0	0	0	0	0	0	0	0	0	0	0	0	0	0	0	0	0	0	0	0	0	0	0	0	0	0	0	0	0	0	0	0	0	0	0	0	0	0	0	0	0	0	0	0	0	0	0	0	0	0	0	0	0	0	0	0	0	0	0	0	0	0	0	0	0	0	0	0	0	0
g__Anaerococcus	0	0	0	0	0	0	0	0	0.033075299	0.0030995459	0	0	0	0	0	0	0	0	0	0	0	0	0	0	0	0	0	0	0	0	0	0	0	0	0	0	0	0	0	0	0	0	0	0	0	0	0	0	0	0	0	0	0	0	0.0023518344	0	0	0	0	0	0	0	0	0	0	0	0	0	0	0	0	0	0	0	0	0	0	0	0	0	0	0	0	0	0	0	0	0	0	0	0	0	0	0	0	0	0	0	0	0	0	0	0	0	0	0	0	0.025922854	0	0.0033252051	0	0	0	0	0	0.035621521	0	0	0	0	0	0	0	0	0	0	0	0	0	0	0	0	0	0	0	0	0.040852314	0	0	0	0	0	0	0	0	0	0	0	0	0	0	0	0	0	0	0	0	0	0	0	0	0
g__Anaeroglobus	0	0	0	0	0	0	0	0	0	0.0043249477	0	0	0	0	0	0	0	0.0037998733	0	0.0033049447	0	0	0	0	0	0	0	0	0	0	0	0	0.001305483	0	0	0	0	0	0	0	0	0	0	0.0052741152	0	0	0	0	0	0	0	0	0	0	0.085136406	0	0.012575236	0	0	0	0	0.00052333188	0.21363068	0	0.0066931983	0	0	0	0	0	0	0	0	0	0	0	0	0	0	0	0	0	0.01415224	0	0	0	0.0033827739	0	0	0	0	0	0	0	0	0	0	0.00022925264	0.0023160062	0.0007441399	0	0	0	0	0	0	0	0	0	0	0	0	0.02458256	0.00051964924	0	0.010636982	0.022549327	0.0020848368	0	0	0	0	0.0027206257	0	0	0	0	0	0	0	0	0	0	0	0	0	0	0	0	0	0	0.0015567837	0.00090864612	0	0	0	0	0	0	0	0	0	0	0	0	0	0	0	0	0.0028864657	0.0027423778	0
g__Anaerostipes	0	0	0	0	0	0	0	0	0	0	0	0	0	0	0	0	0	0	0	0	0	0	0	0	0	0	0	0	0	0	0	0	0	0	0	0	0	0	0	0	0	0	0	0	0	0	0	0	0	0	0	0	0	0	0	0	0	0	0	0	0	0	0	0	0	0	0	0.010026385	0	0	0	0	0	0	0	0	0	0	0	0	0	0	0	0	0	0	0	0	0	0	0	0	0	0	0	0	0	0	0	0	0	0	0	0	0	0	0	0	0	0	0	0	0	0	0	0	0	0	0	0	0	0	0	0	0	0	0	0	0	0	0	0	0	0	0	0	0	0	0	0	0	0	0	0	0	0	0	0	0	0	0	0	0	0	0	0	0	0	0	0	0	0
g__Anaerovorax	0	0	0	0	0	0	0	0	0	0	0	0	0	0	0	0	0	0	0	0	0	0	0	0	0	0	0	0	0	0	0	0	0	0	0	0	0	0	0	0	0	0	0	0	0	0	0	0	0	0	0	0	0	0	0	0	0	0	0	0	0	0	0	0	0	0	0	0	0	0	0	0	0	0	0	0	0	0	0	0	0.001980198	0	0	0	0	0	0	0	0	0	0	0	0	0	0	0	0	0	0	0	0	0	0	0	0	0	0	0	0	0	0	0	0	0	0	0	0	0	0	0	0	0	0	0	0	0	0	0	0	0	0	0	0	0	0	0	0	0	0	0	0	0	0	0	0	0	0	0	0	0	0	0	0	0	0	0	0	0	0	0	0	0
g__Atopobium	0	0	0	0	0	0	0	0	0	0	0	0	0	0	0	0	0	0	0	0	0	0	0	0	0	0	0	0	0	0	0	0	0	0	0	0	0	0	0	0	0	0	0	0	0	0.0022344099	0	0	0	0	0	0	0	0	0	0	0	0	0	0	0	0	0	0	0	0	0	0	0	0	0	0	0	0	0	0	0	0	0	0	0	0	0	0	0	0	0	0	0	0	0	0	0	0	0	0	0	0	0	0	0	0	0	0	0	0	0	0	0	0	0	0	0	0	0	0	0	0	0	0	0	0	0	0	0	0	0	0	0	0	0	0	0	0	0	0	0	0	0	0	0	0	0	0	0	0	0	0	0	0	0	0	0	0	0	0	0	0	0	0	0	0
g__Azospirillum	0	0	0	0	0	0	0	0	0	0	0	0	0	0	0	0	0	0	0	0	0	0	0	0	0	0	0	0	0	0	0	0	0	0	0	0	0	0	0	0	0	0	0	0	0	0	0	0	0	0	0	0	0	0	0	0	0	0	0	0	0	0	0	0	0	0	0	0	0	0	0	0	0	0	0	0	0	0	0	0	0	0	0	0	0	0	0	0	0	0	0	0	0	0	0	0	0	0	0	0	0.00034283102	0	0	0	0	0	0	0	0	0	0	0.0032875426	0	0	0	0	0	0	0	0	0	0	0	0	0	0	0	0	0	0	0	0	0	0	0	0	0	0	0	0	0	0	0	0	0	0	0	0	0	0	0	0	0	0	0	0	0	0	0	0	0	0
g__Bacillus	0	0	0	0	0	0	0	0	0	0	0	0	0	0	0	0	0	0	0	0	0	0	0	0	0	0	0	0	0	0	0	0	0	0	0	0	0	0	0	0	0	0	0	0	0	0	0	0	0	0	0	0	0	0	0	0	0	0	0	0	0	0	0	0	0	0	0	0	0	0	0	0	0	0	0	0	0	0	0	0	0	0	0	0	0	0	0	0	0	0	0	0	0	0	0	0	0	0.023292068	0	0	0	0	0	0	0	0	0	0	0	0	0	0	0	0	0	0	0	0	0	0	0	0	0	0	0	0	0	0	0	0	0	0.0021028037	0	0	0	0	0	0	0	0.0011778563	0	0	0	0	0	0	0	0	0	0	0	0	0	0	0	0	0	0	0	0	0	0
g__Bacteroides	0	0.0018853695	0	0	0	0	0	0	0	0.00036041231	0	0	0.051687764	0.0053213262	0	0	0	0.073464218	0	0	0.00073015542	0	0	0	0	0	0	0	0	0	0	0	0	0.011776624	0	0	0	0	0	0.0023567803	0	0	0	0	0	0	0	0	0	0	0	0	0.0032647731	0.053268765	0.0018814675	0.011660189	0	0	0	0.0013056724	0	0	0.018549396	0	0.002170767	0	0	0.11029024	0	0	0	0	0	0.011475886	0	0	0.00020460358	0.14696612	0	0	0.010561056	0	0	0	0.018191336	0	0	0	0	0	0	0.0010298661	0.03360717	0	0	0	0	0.00036680422	0	0.00043408161	0.0084564986	0	0	0	0	0	0.026781203	0	0	0.023941476	0	0	0	0.00077947386	0	0	0	0.0021650229	0	0	0	0	0	0	0	0.004954583	0	0	0	0	0	0	0	0	0	0.025069977	0	0	0.00044454323	0	0	0.037362808	0	0.0042329834	0	0	0.00064184852	0	0	0	0	0	0	0	0.0072936065	0	0	0.0014445648	0	0	0.0080658171	0
g__Bergeyella	0.0026388251	0	0	0.011793412	0	0.0038618322	0	0.00083484068	0	0.0010812369	0.0029393966	0	0	0	0.0073394495	0	0.0074349442	0	0.0043365134	0.00057200966	0.00083446334	0	0.00039898923	0	0	0.00048543689	0	0.003649635	0	0	0.010076292	0	0.00093248788	0	0.0022799818	0	0	0.00030048077	0.0075225677	0.013415518	0.0025732141	0	0.004145937	0	0	0.005890717	0	0.0015984655	0.003429878	0.0041311645	0.0012553352	0.00051324163	0	0.0042054288	0	0.010827318	0	0	0.0054888946	0.0010880604	0.0030378349	0	0	0	0	0	0.026142562	0	0	0	0	0.011226542	0	0.010749564	0.0020309723	0	0	0	0	0.0083832335	0	0	0	0	0.006805392	0.0059697856	0	0	0	0.001933488	0.0027795794	0	0	0	0	0	0	0.0016047685	0.0012223366	0.010790029	0	0.010941226	0	0.015593345	0	0	0.0032483938	0.00082953131	0.00062372656	0	0.0031559526	0.0065750851	0	0.0012341669	0.0027635973	0	0	0.0048913479	0	0	0.0013616558	0.0021915037	0	0	0	0	0.006301002	0	0	0	0.015620792	0.0023364486	0	0.003408989	0.005430269	0.0010952903	0	0	0	0.0011778563	0.0048706484	0	0	0.0059261768	0.0063531353	0	0.00059905862	0	0	0.003600932	0	0	0	0	0.0035692117	0	0	0	0	0.010423348	0.0014518471	0
g__Bifidobacterium	0	0	0	0	0	0	0	0	0	0	0	0	0	0	0	0	0	0	0	0	0	0	0	0	0	0	0	0	0	0	0	0	0	0	0	0	0	0	0	0	0	0	0	0.026092991	0	0	0	0	0	0	0	0	0	0	0	0	0.0018271711	0	0	0	0	0	0	0	0	0	0	0	0	0	0	0	0	0	0	0	0	0	0	0	0	0	0.01428964	0	0	0	0	0	0	0	0	0	0	0	0	0	0	0	0	0	0	0	0	0	0	0	0	0	0	0	0	0	0	0	0	0	0	0	0	0	0	0	0	0	0	0	0.0048548704	0	0	0	0	0	0.00064360418	0	0	0	0	0	0	0	0	0	0	0	0	0	0	0	0	0	0	0	0	0	0	0.0022727273	0	0	0	0	0	0
g__Bilophila	0	0	0	0	0	0	0	0	0	0	0	0	0	0	0	0	0	0	0	0	0	0	0	0	0	0	0	0	0	0	0	0	0	0	0	0	0	0	0	0	0	0	0	0	0	0	0	0	0	0	0	0	0	0	0	0	0	0	0	0	0	0	0	0	0	0	0	0	0	0	0	0	0	0	0	0	0	0.014972419	0	0	0	0	0	0	0	0	0	0	0	0	0	0	0	0	0	0	0	0	0	0	0	0	0	0	0	0	0	0	0	0	0	0	0	0	0	0	0	0	0	0	0	0	0	0	0	0	0	0	0	0	0	0	0	0	0	0	0	0	0	0	0	0	0	0	0	0	0	0	0	0	0	0	0	0	0	0	0	0	0	0	0	0
g__Blautia	0	0	0	0	0	0	0	0	0	0	0	0	0	0	0	0	0	0	0	0	0	0	0	0	0	0	0	0	0	0	0	0	0	0	0	0	0	0	0	0	0	0	0	0	0	0	0	0	0	0	0	0	0	0	0	0	0	0	0	0	0	0	0	0	0	0	0	0.012137203	0	0	0	0	0	0	0	0	0	0.012214342	0	0	0	0	0	0	0	0	0	0	0	0	0	0	0	0	0	0	0	0	0	0	0	0	0	0	0	0	0	0	0	0	0	0	0	0	0	0	0	0	0	0	0	0	0	0	0	0	0	0	0	0	0	0	0	0	0	0	0	0	0	0	0	0	0	0	0	0	0	0	0	0	0	0	0	0	0	0	0	0	0	0	0	0
g__Blvii28_wastewater-sludge_group	0	0	0.0010427529	0	0	0	0	0	0	0	0	0	0	0	0	0	0	0	0	0	0	0	0.00093097486	0	0	0	0	0	0	0	0	0	0	0	0	0	0	0.003505609	0	0	0	0	0	0	0.0035350102	0.0014218972	0	0	0	0	0	0	0	0	0	0	0	0	0	0	0	0.00440471	0	0	0	0	0	0	0	0	0	0	0	0	0	0	0	0	0	0	0	0	0	0	0	0	0.0018214936	0	0	0	0	0	0	0	0	0	0	0	0	0	0	0	0	0.00049112898	0	0	0	0	0	0	0	0	0	0	0	0	0	0	0	0	0	0	0	0	0	0	0	0	0	0	0	0	0	0	0	0	0	0	0	0	0	0	0	0	0	0	0	0	0	0	0	0	0	0	0	0	0	0	0	0	0	0
g__Brachymonas	0	0	0	0	0	0	0	0	0	0	0	0	0	0	0	0	0	0	0	0.0012711326	0	0	0	0	0	0	0	0	0	0	0	0	0	0	0	0	0	0	0	0	0	0	0	0	0	0	0	0	0	0	0	0	0	0	0	0	0	0	0	0	0	0	0	0	0	0	0	0	0	0	0	0	0	0	0	0	0	0	0	0	0	0	0	0	0	0	0	0	0	0	0	0	0	0	0	0	0	0	0	0	0	0	0	0	0	0	0	0	0	0	0	0	0	0	0	0	0	0	0	0	0	0	0	0	0	0	0	0	0	0	0	0	0	0	0	0	0	0	0	0	0	0	0	0	0	0	0	0	0	0	0	0	0	0	0	0	0	0	0	0	0	0
g__Bradyrhizobium	0	0	0	0	0	0	0	0	0	0	0	0	0	0	0	0	0	0	0	0	0	0	0	0	0	0	0	0	0	0	0	0	0	0	0	0	0	0	0	0	0	0	0	0	0	0	0	0	0	0	0	0	0	0	0	0	0	0	0	0	0	0	0	0	0	0	0	0	0	0	0	0	0	0	0	0	0	0	0	0	0	0	0	0	0	0	0	0	0	0	0	0	0	0	0	0	0.015517241	0	0	0	0	0	0	0	0	0	0	0	0	0	0	0	0	0	0	0	0	0	0	0	0	0	0	0	0	0	0	0	0	0	0	0	0	0	0	0	0	0	0	0	0	0	0	0	0	0	0	0	0	0	0	0	0	0	0	0	0	0	0	0	0	0
g__Brevibacterium	0	0	0	0	0	0	0	0	0	0	0	0	0	0	0	0	0	0	0	0	0	0	0	0	0	0	0	0	0	0	0	0	0	0	0	0	0	0	0	0	0	0	0	0	0	0	0	0	0	0	0	0	0	0	0	0	0	0	0	0	0	0	0	0	0	0	0	0	0	0	0	0	0	0	0	0	0	0	0	0	0	0	0	0	0	0	0	0	0	0	0	0	0	0	0	0	0	0	0	0	0	0	0	0	0	0	0	0	0	0	0	0	0	0	0	0	0	0	0	0	0	0	0	0	0	0	0	0	0	0	0	0.0014018692	0	0	0	0	0	0	0	0	0	0	0	0	0	0	0	0	0	0	0	0	0	0	0	0	0	0	0	0	0	0
g__Brevundimonas	0	0	0	0	0	0	0	0	0	0	0	0	0	0	0	0	0	0	0	0	0	0	0	0	0	0	0	0	0	0	0	0	0	0	0	0	0	0	0	0	0	0	0	0	0	0	0	0	0	0	0	0	0	0	0	0	0	0	0	0	0	0	0	0	0	0	0	0	0	0	0	0	0	0	0	0	0	0	0	0	0	0	0	0	0	0	0	0	0	0	0	0	0	0	0	0	0	0	0	0	0.00034283102	0	0	0	0	0	0	0	0	0	0	0	0	0	0	0	0	0	0	0	0	0	0	0	0	0	0	0	0	0	0	0	0	0	0	0	0	0	0	0	0	0	0	0	0	0	0	0	0	0	0	0	0	0	0	0	0	0	0	0	0	0
g__Brucella	0	0	0	0	0	0	0	0	0	0	0	0	0	0	0.0012232416	0	0	0	0	0.0047031905	0	0	0	0	0	0	0	0	0	0	0	0	0	0	0	0	0	0	0	0	0	0	0	0	0	0	0	0	0	0	0	0	0	0	0	0	0	0	0	0	0	0	0	0	0	0	0	0	0	0	0	0	0	0	0	0	0	0	0	0	0	0	0	0	0	0	0	0	0	0	0	0	0	0	0	0	0	0	0	0	0	0	0	0	0	0	0	0	0	0	0	0	0	0	0	0	0	0	0	0	0	0	0	0	0	0	0	0	0	0.00059719319	0	0	0	0	0	0	0	0	0	0	0	0	0	0	0	0	0	0	0	0	0	0	0	0	0	0	0	0	0	0	0	0
g__Bryobacter	0	0	0	0	0	0	0	0	0	0	0	0	0	0	0	0	0	0	0	0	0	0	0	0	0	0	0	0	0	0	0	0	0	0	0	0	0	0	0	0	0	0	0	0	0	0	0.0080913851	0	0	0	0	0	0	0	0	0	0	0	0	0	0	0	0	0	0	0	0	0	0	0	0	0	0	0	0	0	0	0	0	0	0	0	0	0	0	0	0	0	0	0	0	0	0	0	0	0	0	0	0	0	0	0	0	0	0	0	0	0	0	0	0	0	0	0	0	0	0	0	0	0	0	0	0	0	0	0	0	0	0	0	0	0	0	0	0	0	0	0	0	0	0	0	0	0	0	0	0	0	0	0	0	0	0	0	0	0	0	0	0	0	0	0
g__Bulleidia	0	0.00075414781	0	0	0	0	0	0	0	0	0	0	0	0	0	0	0	0	0	0	0.00052153958	0	0	0	0	0	0	0	0	0	0	0	0	0	0	0	0	0	0	0	0	0	0	0	0.001903467	0	0	0	0	0	0	0	0	0	0.0028222013	0	0	0	0	0	0	0	0	0	0.001447178	0	0	0	0	0	0	0	0	0	0	0	0	0	0	0	0.002640264	0	0.00096180269	0	0	0	0	0	0	0	0	0	0	0	0	0	0	0	0	0	0	0	0	0	0	0	0	0	0	0	0	0	0	0	0	0	0	0	0	0	0	0	0	0	0	0	0	0	0	0	0	0	0	0	0	0	0	0.0012412548	0	0	0	0	0	0	0	0	0	0	0	0	0	0	0	0	0	0	0	0	0	0	0	0
g__Burkholderia-Caballeronia-Paraburkholderia	0	0	0	0	0	0	0	0	0.0084447572	0	0	0	0	0	0	0	0	0	0	0	0	0	0	0	0	0	0	0	0	0	0	0	0	0	0	0	0	0	0	0	0	0	0	0	0	0	0	0	0	0	0	0	0	0	0	0	0	0	0	0	0	0	0	0	0	0	0	0	0	0	0	0	0	0	0	0	0	0	0	0	0	0	0	0	0	0	0	0	0	0	0	0	0	0	0	0	0	0	0	0	0	0	0	0	0	0	0	0	0	0	0	0	0	0	0	0	0	0	0	0	0	0	0	0	0	0	0	0	0	0	0	0	0	0	0	0	0	0	0	0	0	0	0	0	0	0	0	0	0	0	0	0	0	0	0	0	0	0	0	0	0	0
g__Butyrivibrio	0	0	0	0	0	0.0010727312	0	0	0	0	0	0.0074019245	0	0	0	0	0.00064651689	0	0	0	0.0006258475	0.0020366599	0	0	0	0.00087378641	0.030721966	0	0	0	0	0	0	0	0	0	0	0.034354968	0	0	0	0	0	0	0.0023113528	0	0	0.00063938619	0	0	0	0	0	0	0	0	0	0	0	0	0	0	0	0	0	0	0	0	0	0	0	0	0	0.0040674027	0	0	0.00061381074	0	0	0	0	0	0	0	0.0011778563	0.0036549708	0.0026021337	0	0	0	0	0	0	0.0017322016	0	0	0	0.00022925264	0	0	0	0	0	0	0	0	0	0	0	0	0	0	0	0.00038973693	0	0	0	0	0	0	0	0.0013486177	0.018194185	0	0.016323024	0	0	0	0	0	0	0	0	0	0	0	0	0.0015797788	0.0022968067	0	0	0.020705223	0.00055916684	0	0	0	0	0	0	0	0	0.0081037277	0	0.071748879	0	0	0.012015851	0	0	0	0	0
g__Campylobacter	0.0049334557	0.019230769	0.0080291971	0.10329402	0.0083150985	0.0030036473	0	0.017253374	0	0.010956534	0.0031123022	0.1761658	0	0.014326648	0.031804281	0.04535865	0.032487474	0	0.052905464	0.024850642	0	0.010183299	0.022343397	0.00073413739	0.0011551155	0	0	0	0.00054178518	0.00087161608	0.00532604	0	0.08075345	0.083449411	0.023939808	0.11764706	0.0084163898	0.059495192	0.44734203	0.0052574329	0.013233672	0.0010542169	0.022743426	0.0027758501	0.099252209	0.021734715	0.048072347	0.013000853	0.0052083333	0.28840692	0.031885513	0.0016423732	0.010229622	0.043456098	0.035747883	0.0052748473	0	0	0.050421241	0.00029014943	0	0.071870911	0	0	0.10582489	0	0.028963701	0.0042216359	0	0	0	0.0078753351	0.0062513954	0.0081348053	0.018151815	0.0020907044	0.056368286	0.031520883	0.0062150404	0	0.0079207921	0.012529631	0.015526243	0.015472587	0.0036644418	0.02838694	0.010928962	0.0074312608	0.02229945	0.0027068832	0.004169369	0.0077239959	0.027632562	0.017322016	0.013642565	0	0	0.0021091243	0	0.0065112241	0	0	0	0.013874394	0.037362637	0	0	0	0	0	0	0	0	0.00097434232	0.016850267	0.020655535	0	0.019565392	0	0	0.02246732	0.023600809	0.021765006	0.018028846	0.035051546	0.014863749	0.021898564	0	0.017010936	0.0022394745	0.021007272	0	0.0028962188	0.015878712	0	0	0.0057310801	0.010719928	0.059568793	0	0	0.014789445	0.28741176	0.033863867	0.11666667	0	0	0	0	0.033043847	0.060606061	0.0016207455	0.0049861496	0	0.0094661701	0	0.0040905024	0.037197544	0.018401487	0.028383579	0.032263268	0
g__Candidatus_Cardinium	0	0	0	0	0	0	0	0	0	0	0	0	0	0	0	0	0	0	0	0	0	0	0	0	0	0	0	0	0	0	0	0	0	0	0	0	0	0	0	0	0	0	0	0	0	0	0	0	0	0	0	0	0	0	0	0	0	0	0	0	0	0	0	0	0	0	0	0	0	0	0	0	0	0	0	0	0	0	0	0	0	0	0	0	0	0	0	0	0	0	0	0	0	0	0	0	0	0	0	0	0	0	0	0	0	0	0	0	0	0	0	0	0	0.00025982462	0	0	0	0	0	0	0	0	0	0	0	0	0	0	0	0	0	0	0	0	0	0	0	0	0	0	0	0	0	0	0	0	0	0	0	0	0	0	0	0	0	0	0	0	0	0	0	0
g__Candidatus_Saccharimonas	0	0	0	0	0	0	0	0	0	0	0	0	0	0	0	0	0	0	0	0	0	0.0010183299	0	0	0	0	0	0	0	0	0	0	0	0	0	0	0	0	0	0	0	0	0	0	0	0	0	0	0	0	0	0	0	0	0	0	0	0	0	0	0.0030378349	0	0	0	0	0	0	0	0	0	0	0	0	0	0	0	0	0	0	0	0	0	0	0	0	0.0015838207	0.0015612802	0	0.001158413	0	0	0	0	0	0	0	0	0.00018340211	0	0	0	0	0	0.0058321567	0	0	0	0	0	0	0	0	0	0	0.00038383296	0	0	0.0024055809	0	0	0	0	0.00085019554	0	0	0	0	0	0	0	0	0	0.0022526146	0.010675518	0	0	0	0	0.0036304364	0	0	0	0	0	0	0	0	0	0	0	0	0	0	0	0	0	0	0	0	0	0	0
g__Capnocytophaga	0.0063102341	0.029160382	0.014494265	0.0199268	0.0015317287	0.003647286	0.015852048	0.03673299	0.019704433	0.027030923	0.21993602	0.0066617321	0	0.094555874	0.041590214	0.0099156118	0.036366575	0.0012666244	0.031656548	0.022562603	0	0	0	0	0	0.00087378641	0	0.023114355	0.38331302	0	0.056571182	0	0.0011189855	0.062935292	0.045827633	0.24705882	0	0.01572516	0	0.015047136	0.0039210881	0.0022590361	0.029850746	0.0019430951	0.00040788579	0.036766199	0	0.0478474	0.038236789	0.023366899	0.010670349	0.016936974	0	0.059258315	0.025870179	0.086063298	0.078675838	0	0.013530763	0.005077615	0.034428795	0.004230266	0.1198416	0.0027006173	0.022973951	0	0.065638518	0.0042216359	0	0.032229185	0	0.060154155	0	0.0017431726	0.0091393755	0.0045030556	0	0.0039401103	0.022063393	0	0.002640264	0.060616322	0.0038472108	0.018836192	0.005104044	0.0068226121	0	0.025018578	0.021720243	0.044083527	0.050866302	0	0.03360717	0.016109475	0.0075034106	0	0.042068966	0.054837231	0.015633042	0.10287734	0	0.018375649	0.038613081	0.02897661	0.0065934066	0	0.046415939	0.0066362505	0.00029107239	0	0.019129928	0.01497006	0.13450835	0.10068204	0.01013319	0.017934447	0.063889759	0.081469008	0.0012985029	0.0058191585	0.011574074	0.0099460553	0.0010202347	0	0	0	0.0029955583	0	0.036452005	0.0701702	0.10894156	0.065186916	0.0061142397	0.033013367	0.067910305	0.39625167	0	0.091852855	0	0.048478086	0.020360907	0.0060714564	0.031662822	0.028276329	0.28960396	0.14289189	0.0034231921	0	0.38808901	0.15928829	0.0047348485	0	0.012465374	0	0.031812539	0	0.0014061102	0.019501625	0	0.094291212	0.03968382	0
g__Cardiobacterium	0	0.00087983912	0	0.02643351	0	0.0023600086	0	0.0025045221	0	0.0038203705	0.0004322642	0	0	0	0	0	0.0074349442	0	0	0	0	0	0	0	0	0	0	0	0	0	0	0	0	0	0	0	0	0	0	0	0	0	0	0	0	0	0	0	0	0.00025819778	0.00062766759	0	0	0	0	0	0	0	0.0014041358	0	0	0.00074138683	0	0.0045010288	0	0	0.0024449878	0	0	0.006266786	0	0	0	0.0010168507	0	0	0	0	0	0	0	0	0	0	0.0014396021	0	0.002081707	0.0061927174	0.012163336	0.013921114	0	0	0	0	0.051159618	0	0	0	0	0.00037206995	0	0	0	0	0	0	0	0	0	0	0.00082540299	0	0	0.0043520624	0	0	0	0	0	0	0	0.0038772758	0	0	0	0	0	0	0	0	0	0	0	0	0.024851466	0	0	0	0	0	0	0	0	0	0	0	0	0	0	0	0	0	0	0	0	0	0.00076696919	0	0	0	0.0022584288	0
g__Catonella	0.0065396971	0.0022624434	0	0	0	0	0	0.0058438848	0	0.0031716283	0.010547246	0.015544041	0	0	0.0091743119	0.0082278481	0	0.0031665611	0	0.013918902	0.0015646188	0.017311609	0.0038568959	0.070372313	0	0.047475728	0.070660522	0.01216545	0.03399702	0.00056398687	0	0	0	0.0046853235	0	0	0	0.0048076923	0.11033099	0	0	0	0.0050935797	0	0.010876954	0.045094455	0.031889576	0.0050085251	0.0021595528	0.012264395	0	0.0022582632	0	0.043201223	0.0079962371	0.010272071	0.022785899	0	0.0042124075	0.0036268678	0	0.0020933275	0	0	0.0048842258	0	0.0018807598	0	0	0	0	0	0.0013395847	0.014526438	0.010281797	0	0.019846547	0	0.0080795525	0	0	0	0.0021984062	0.002354524	0.015704751	0.0062134503	0.022638564	0.0061927174	0	0.0023201856	0	0	0	0.0093538888	0	0	0	0.0098578634	0.00083633556	0.0062011658	0	0	0	0.0057707655	0	0	0.0042590053	0.001244297	0	0	0	0	0	0.0023384216	0.0023797643	0	0	0.0020848368	0	0.045210385	0.0076252723	0.01146325	0.0035708213	0	0.0015463918	0	0	0	0	0.024932816	0	0.002453271	0.0072405471	0.0043958016	0.0042164441	0.013386881	0.0035268185	0.0060934326	0.018522635	0.0040915008	0	0	0.0042636472	0.017439892	0.0062706271	0.062385991	0.016388532	0	0.090968586	0.0031772929	0.0028409091	0.0041419053	0	0	0.032898821	0.015909091	0.012015851	0.0063199711	0	0.001603592	0	0
g__Caulobacter	0	0	0	0	0	0	0	0	0	0	0	0	0	0	0	0	0	0	0	0	0	0	0	0	0	0	0	0	0	0	0	0	0	0	0	0	0	0	0	0	0	0	0	0	0	0	0	0	0	0	0	0	0	0	0	0	0	0	0	0	0	0	0	0	0	0.020833333	0	0	0	0	0	0	0	0	0	0	0	0	0	0	0	0	0	0	0	0	0	0	0	0	0	0	0	0	0	0	0	0	0	0	0	0	0	0	0	0	0	0	0	0	0	0	0	0	0	0	0	0	0	0	0	0	0	0	0	0	0	0	0	0	0	0	0	0	0	0	0	0	0	0	0	0	0	0	0	0	0	0	0	0	0	0	0	0	0	0	0	0	0	0	0	0
g__Christensenellaceae_R-7_group	0	0	0	0	0	0	0	0	0	0	0	0	0	0	0	0	0	0	0	0	0	0	0	0	0	0	0	0	0	0	0	0	0	0	0	0	0	0	0	0	0	0	0	0	0	0	0	0	0	0	0	0	0	0	0	0	0	0	0	0	0	0	0	0.00051440329	0	0	0	0	0	0	0	0	0	0	0	0	0	0	0	0	0	0	0	0	0	0	0	0	0	0	0	0	0	0	0	0	0	0	0	0	0	0	0	0	0	0	0	0	0	0	0	0	0	0	0	0	0	0	0	0	0	0	0	0	0	0	0	0	0	0	0	0	0	0	0	0	0	0	0	0	0	0	0	0	0	0	0	0	0	0	0	0	0	0	0	0	0	0	0	0	0	0
g__Chryseobacterium	0	0	0	0	0	0	0	0	0.028149191	0	0	0	0	0	0	0	0	0	0	0	0	0	0	0	0	0	0	0	0	0	0	0	0	0	0	0	0	0	0	0	0	0	0	0	0	0	0	0	0	0	0	0	0	0	0	0	0	0	0	0	0	0	0	0	0	0	0	0	0	0	0	0	0	0	0	0	0	0	0	0	0	0	0	0	0	0	0	0	0	0	0	0	0	0	0	0	0	0	0	0	0	0	0	0	0	0	0	0	0	0	0	0	0	0	0	0	0	0	0	0	0	0	0	0	0	0	0	0	0	0	0	0	0	0	0	0	0	0.00033852404	0	0	0	0	0	0	0	0	0	0	0	0	0	0	0	0	0	0	0	0	0	0	0	0
g__Cloacibacterium	0	0	0	0	0	0.0006436387	0	0	0	0	0	0	0	0	0	0	0	0	0	0	0	0	0	0	0	0	0	0	0	0	0	0	0	0	0	0	0	0	0	0	0	0	0	0	0	0	0	0	0	0	0	0	0	0	0	0	0	0	0	0	0	0	0	0	0	0	0	0	0	0	0	0.0073726542	0	0	0	0	0	0	0	0	0	0	0	0	0	0	0	0	0	0	0	0	0	0	0	0	0	0	0	0	0	0	0	0	0	0	0	0	0	0	0	0	0	0	0	0	0	0	0	0	0	0	0	0	0	0	0	0	0	0	0	0.0028037383	0	0	0	0	0	0	0	0	0	0	0	0	0	0	0	0	0	0	0	0	0	0	0	0	0	0	0	0	0	0
g__Comamonas	0	0	0	0	0	0.0042909247	0	0	0	0	0	0.0051813472	0	0.005730659	0	0	0.00096977534	0	0	0.0012711326	0	0	0	0	0	0	0	0	0	0	0	0	0.00093248788	0	0	0	0	0	0	0	0	0	0	0	0	0.004671948	0	0	0	0	0.0011298017	0	0	0	0.0037629351	0	0	0	0	0	0.0014728896	0.0010030528	0	0.00051440329	0.0019898698	0	0.0054542035	0	0	0	0	0	0	0	0	0	0	0	0	0	0	0	0	0.0053817693	0	0	0	0	0.0086880973	0.0069605568	0.00037061058	0	0	0.01039321	0	0	0	0	0.0012866701	0.0041547811	0	0	0	0	0	0	0	0	0	0	0.0017964653	0	0	0.0065605716	0	0	0	0.014914602	0	0	0.0031318083	0.008091706	0	0	0	0	0	0	0	0	0	0	0	0	0.00025554207	0	0	0	0	0	0	0	0.00076885441	0.0011852354	0	0	0.00034231921	0	0	0	0	0	0	0	0	0	0	0	0	0.0030468249	0	0
g__Coprococcus	0	0	0	0	0	0	0	0	0	0	0	0	0	0	0	0	0	0	0	0	0	0	0	0	0	0	0	0	0	0	0	0	0	0	0	0	0	0	0	0	0	0	0	0	0	0	0	0	0	0	0	0	0	0	0	0	0	0	0	0	0	0	0	0	0	0	0	0	0	0	0	0	0	0	0	0	0	0.0082742317	0	0	0	0	0	0	0	0	0	0	0	0	0	0	0	0	0	0	0	0	0	0	0	0	0	0	0	0	0	0	0	0	0	0	0	0	0	0	0	0	0	0	0	0	0	0	0	0	0	0	0	0	0	0	0	0	0	0	0	0	0	0	0	0	0	0	0	0	0	0	0	0	0	0	0	0	0	0	0	0	0	0	0	0
g__Corynebacterium	0	0	0.0027111575	0.0036600244	0	0	0	0	0	0.0036762056	0	0	0	0	0.034250765	0	0.0079198319	0	0	0.0043854074	0	0	0	0	0	0	0	0	0	0	0	0	0	0	0	0	0	0	0	0	0	0	0	0	0	0	0	0	0	0	0	0	0	0	0	0	0	0	0	0	0	0	0	0	0	0	0.00075230393	0	0	0	0	0	0	0	0	0	0	0	0	0	0	0.0050795801	0	0	0	0	0	0.003220213	0	0	0	0	0	0.00069288065	0	0	0	0	0.00096500257	0.00086816321	0	0	0	0	0	0	0	0	0	0	0.0054865022	0	0	0.0031178954	0.0036847964	0.00049474335	0	0.0028065111	0	0	0	0	0	0	0	0.0024772915	0.00061977068	0	0	0	0	0	0	0	0.0021721076	0	0	0	0	0	0	0	0	0	0	0	0	0	0	0	0	0	0	0	0	0	0	0	0	0	0	0.0030468452
g__Coxiella	0	0	0	0	0	0	0	0	0	0	0	0	0	0	0	0	0	0	0	0	0	0	0	0	0	0	0	0	0	0	0	0	0	0	0	0	0	0	0	0	0	0	0	0	0	0	0	0	0	0	0	0	0	0	0	0	0	0	0	0	0	0	0	0	0	0	0	0	0	0	0	0	0	0	0	0	0	0	0	0	0	0	0	0	0	0	0	0	0	0	0	0	0	0	0	0	0	0	0	0	0	0	0	0	0	0	0	0	0	0	0	0	0	0	0	0	0	0	0	0	0	0	0	0	0	0	0	0	0	0	0	0	0	0	0	0	0	0	0.00029636215	0	0	0	0	0	0	0	0	0	0	0	0	0	0	0	0	0	0	0	0	0	0	0
g__Cryptobacterium	0	0	0	0	0	0	0	0	0	0	0	0	0	0	0	0	0	0	0	0	0	0	0	0	0	0	0	0	0	0	0	0	0	0	0	0	0	0	0	0	0	0	0	0.0015267176	0	0	0	0	0	0	0	0	0.00043530308	0	0	0	0	0	0	0	0	0	0	0	0	0	0	0	0	0	0	0	0	0	0	0	0	0	0	0	0	0	0.0024732069	0	0	0	0	0	0	0	0	0	0	0	0	0	0	0	0	0	0	0	0	0	0	0	0	0	0	0	0	0	0	0	0	0	0	0	0	0	0	0	0	0	0	0	0	0	0	0	0	0	0	0	0	0	0	0	0	0	0	0	0	0	0	0	0	0	0	0	0	0	0	0	0	0	0	0	0	0	0	0
g__Cupriavidus	0	0	0	0	0	0	0	0	0	0	0	0	0	0	0	0	0	0	0	0	0	0	0	0	0	0	0	0	0	0	0	0	0	0	0	0	0	0	0	0	0	0	0	0	0	0	0	0	0	0	0	0	0	0	0	0	0	0	0	0.00029014943	0	0	0	0	0	0.10119048	0	0	0	0	0	0	0	0	0	0	0	0	0	0	0	0	0	0	0	0	0	0	0	0	0	0	0	0	0	0	0	0	0	0	0	0.0019638098	0	0	0	0	0	0	0	0	0	0	0	0	0.00038383296	0	0.0025054807	0	0	0	0	0	0	0	0	0	0	0	0	0	0	0.0012850467	0	0	0	0	0	0	0	0.0011778563	0	0	0	0	0	0	0	0	0	0	0	0	0	0	0	0	0	0	0	0	0	0
g__Defluviitaleaceae_UCG-011	0	0.0021367521	0	0	0	0	0	0	0	0.0062711742	0	0	0	0.0061399918	0	0	0	0	0	0.011567306	0	0	0	0.04090194	0	0	0	0	0	0	0	0	0.013427825	0.011649994	0.0025079799	0	0	0	0.0090270812	0	0	0	0	0	0	0.0056875889	0	0	0	0	0	0	0	0	0	0	0	0	0.00063824355	0	0	0	0	0	0	0	0.0011284559	0	0	0	0	0	0.0029024336	0.009151656	0	0	0.025984655	0	0	0	0	0	0	0	0.0014396021	0	0.0018214936	0.0012385435	0	0	0	0	0	0	0	0	0	0	0	0	0	0.0088371441	0	0.0033151206	0	0	0	0	0	0.01285746	0	0	0	0.00097434232	0.00061413273	0	0	0	0.0031316835	0	0.00068082789	0.0023600809	0.00051011733	0	0.0060137457	0	0	0	0	0.017020006	0	0	0	0.0034986992	0	0.0018254838	0	0	0.00074090539	0	0	0.0028800498	0	0.001015916	0.000330033	0	0.0096277279	0	0	0.012073713	0	0	0	0	0.004034761	0	0	0.027446732	0	0	0	0
g__Deinococcus	0	0	0	0	0	0	0	0	0.0042223786	0	0	0	0	0	0	0	0	0	0	0	0	0	0	0	0	0	0	0	0	0	0	0	0	0	0	0	0	0	0	0	0	0	0	0	0	0	0	0	0	0	0	0	0	0	0	0	0	0	0	0	0	0	0	0	0	0	0	0	0	0	0	0	0	0	0	0	0	0	0	0	0	0	0	0	0	0	0	0	0	0	0	0	0	0	0	0	0	0	0	0	0	0	0	0	0	0	0	0	0	0	0	0	0	0	0	0	0	0	0	0	0	0	0	0	0	0	0	0	0	0	0	0	0	0	0	0	0	0	0	0	0	0	0	0	0	0	0	0	0	0	0	0	0	0	0	0	0	0	0	0	0	0
g__Desulfobulbus	0	0	0	0	0	0	0	0	0	0	0	0	0	0	0	0	0	0	0	0	0	0	0	0	0	0	0	0	0	0	0	0	0	0	0	0	0	0	0	0	0	0	0	0	0	0	0	0	0	0	0	0	0	0	0	0	0	0	0	0.00014507471	0	0	0	0	0	0	0	0	0	0	0	0	0	0	0	0	0	0	0	0	0	0	0	0	0	0	0	0	0	0	0.0012044844	0	0	0	0	0	0	0	0	0	0	0	0	0	0	0	0	0	0	0	0	0	0	0	0	0	0	0	0	0	0	0	0	0	0.0029209622	0	0	0	0	0	0	0	0	0	0	0	0	0	0	0	0	0	0	0	0	0	0	0	0	0	0	0	0	0	0	0	0	0	0	0.00064143682	0	0
g__Desulfomicrobium	0	0	0	0	0	0	0	0	0.009148487	0.0012974843	0	0	0	0	0	0	0	0.00094996833	0	0.001207576	0	0	0	0	0	0	0	0	0	0	0	0	0	0	0	0	0	0	0	0	0	0	0	0	0	0	0	0	0	0	0	0	0	0	0	0	0	0	0	0	0	0	0	0	0	0	0	0	0	0	0	0	0	0	0	0	0	0	0	0	0	0	0	0	0	0	0	0	0	0	0	0	0	0	0	0	0	0	0	0	0	0	0	0	0	0	0	0	0	0.0035468854	0	0	0	0	0	0	0	0	0	0	0	0	0	0	0.0013745704	0	0	0	0	0.001492983	0	0	0	0	0	0	0	0	0	0	0	0	0	0	0	0	0	0	0	0	0	0	0	0	0	0	0	0	0	0	0	0
g__Desulfovibrio	0	0	0	0	0.0010940919	0	0	0	0	0	0	0	0	0	0	0	0	0	0	0	0	0	0	0	0	0	0	0	0	0	0	0	0	0	0	0	0	0	0	0	0	0	0	0	0	0	0	0	0	0	0	0	0	0	0	0	0	0	0	0	0	0	0	0	0	0	0	0	0	0	0	0	0	0	0	0	0	0	0	0	0.004620462	0	0	0	0	0	0	0	0	0	0	0	0	0	0	0	0	0	0	0	0	0	0	0	0	0	0	0	0	0	0	0	0	0	0	0	0	0	0	0	0	0	0	0	0	0	0	0	0	0	0	0	0	0	0	0	0	0	0	0	0	0	0	0	0	0	0	0	0	0	0	0	0	0	0	0	0	0	0	0	0	0
g__Dialister	0	0.010935143	0.0094890511	0.0081333876	0	0	0	0.0026436622	0	0.0015137317	0.0088181897	0.0088823094	0	0	0	0	0.012930338	0.075047498	0.0021682567	0.0085165883	0	0.014002037	0	0.010802307	0	0.0017475728	0	0	0	0.00035890074	0	0	0.019768743	0.0022793466	0.0020519836	0	0	0	0	0	0	0.0036144578	0.003790571	0.0031922276	0.013596193	0.001218769	0.015706806	0.001172208	0.0053353659	0	0	0	0.0105561	0.0039505544	0	0.0013881177	0	0	0.0011488384	0.00058029885	0	0.0017880506	0.043351396	0	0.03816932	0	0	0	0.030201342	0	0	0.0043565684	0.0049118107	0	0.00088855039	0	0	0	0	0	0.014851485	0	0.0076944215	0	0	0.001705653	0.0091074681	0	0	0	0	0	0	0	0	0	0	0.00096286107	0	0.0013022448	0	0	0.011032309	0	0	0	0.0029596477	0.0018664455	0	0.001995123	0	0.00046964894	0	0	0.0034161133	0	0	0	0	0.003133393	0.012527233	0.012137559	0.031967352	0	0.0041237113	0	0.00092965603	0	0	0.0053747387	0	0.0012850467	0	0.00044855118	0	0.0010952903	0	0	0.0042231607	0.0068811605	0.0011178537	0.0037362808	0.0076885441	0.0064341348	0.00066006601	0	0.036927685	0.0022814382	0.01276178	0	0.012310606	0.0014406627	0.003601108	0.0089686099	0	0	0.0069027227	0.0052365475	0.0031598513	0.0028864657	0	0
g__Dietzia	0	0	0	0	0	0	0	0	0	0	0	0	0	0	0	0	0	0	0	0	0	0	0	0	0	0	0	0	0	0	0	0	0	0	0	0	0	0	0	0	0	0	0	0	0	0	0	0	0	0	0	0	0	0	0	0	0	0	0	0	0	0	0	0	0	0	0	0	0	0	0	0	0	0	0	0	0	0	0	0	0	0	0	0	0	0	0	0	0	0	0	0	0	0	0	0	0.01	0	0	0	0	0	0	0	0	0	0	0	0	0	0	0	0	0	0	0	0	0	0	0	0	0	0	0	0	0	0	0	0	0	0	0	0	0	0	0	0	0	0	0	0	0	0	0	0	0	0	0.00082131776	0	0	0	0	0	0	0	0	0	0	0	0	0	0
g__Dolosigranulum	0	0	0	0	0	0	0	0	0	0	0	0	0	0	0	0	0	0	0	0	0	0	0	0	0	0	0	0	0	0	0	0	0	0	0	0	0	0	0	0	0	0	0	0	0	0	0	0	0	0	0	0	0	0	0	0	0	0	0	0	0	0	0	0	0	0	0	0	0	0	0	0	0	0	0	0	0	0	0	0	0	0	0	0	0	0	0	0	0	0	0	0	0	0	0	0	0	0	0	0	0	0	0	0	0	0	0	0	0	0	0	0	0	0	0	0	0	0	0	0	0	0	0	0	0	0.0066061107	0	0	0	0	0	0	0	0	0	0	0	0	0	0	0	0	0	0	0	0	0	0	0	0	0	0	0	0	0	0	0	0	0	0	0	0
g__Dubosiella	0	0	0	0	0	0	0	0	0	0	0	0	0	0	0	0	0	0	0	0	0	0	0	0	0	0	0	0	0	0	0	0	0	0	0	0	0	0	0	0	0	0	0	0	0	0	0	0	0	0	0	0	0	0	0	0	0	0	0	0	0	0	0	0	0	0	0	0	0	0	0	0	0	0	0	0	0	0	0	0	0	0	0	0	0	0	0	0	0	0	0	0	0	0	0	0	0	0	0	0	0.00011427701	0	0	0	0	0	0	0	0	0	0	0	0	0	0	0	0	0	0	0	0	0	0	0	0	0	0	0	0	0	0	0	0	0	0	0	0	0	0	0	0	0	0	0	0	0	0	0	0	0	0	0	0	0	0	0	0	0	0	0	0	0
g__Dyella	0	0	0	0	0	0	0	0	0	0	0	0	0	0	0	0	0	0	0	0	0	0	0	0	0	0	0	0	0	0	0	0	0	0	0	0	0	0	0	0	0	0	0	0	0	0	0	0	0	0	0	0	0	0	0	0	0	0	0	0	0	0	0	0	0	0	0	0	0	0	0	0	0	0	0	0	0	0	0	0	0	0	0	0	0	0	0	0	0	0	0	0	0	0	0	0	0	0	0	0	0	0	0	0	0	0	0	0	0	0	0	0	0.019016698	0	0	0	0	0.00080186032	0	0	0	0	0	0	0	0	0	0	0	0	0	0	0	0	0	0	0	0	0	0.00074390924	0	0	0	0	0	0	0	0	0	0	0	0	0	0	0	0	0	0	0	0	0	0
g__Eggerthia	0	0	0	0	0	0	0	0	0	0	0	0	0	0	0	0	0	0	0	0	0	0	0	0	0	0	0	0	0	0	0	0	0	0	0	0	0	0	0	0	0	0	0	0	0.0029911625	0	0	0	0	0	0	0	0	0	0	0	0	0	0	0	0	0	0	0	0	0	0	0	0	0	0	0	0	0	0	0	0	0	0	0	0	0	0	0	0	0	0	0	0	0	0	0	0	0	0	0	0	0	0	0	0	0	0	0	0	0	0	0	0	0	0	0	0	0	0	0	0	0	0	0	0	0	0	0	0.0012027491	0	0	0	0	0	0	0	0	0	0	0	0	0	0	0	0	0	0	0	0	0	0.00059905862	0	0	0	0	0	0	0	0	0	0	0	0	0	0	0
g__Eikenella	0	0	0	0	0.0019693654	0	0	0.0034785029	0	0.003748288	0	0	0	0	0	0	0	0	0	0.0017795856	0	0	0.033249102	0	0	0	0	0	0.0020316944	0.00061525841	0	0	0	0	0	0	0.017940199	0	0	0	0	0	0	0	0	0	0	0	0	0	0.013683153	0	0	0	0	0	0.0018271711	0	0	0	0	0	0	0.090149177	0	0	0	0	0	0	0	0	0	0.0053747821	0	0	0	0	0	0	0.0085808581	0	0	0	0	0	0	0	0	0	0	0	0	0	0	0	0	0	0.0055326814	0.0062631775	0	0.0029457147	0	0	0	0	0	0	0.0007068901	0	0.002476209	0	0	0.0031178954	0	0.0069264069	0	0	0	0	0	0.0018543493	0	0	0	0	0	0	0	0	0	0.0052570093	0	0	0.010668881	0	0	0.057774769	0.0011113581	0.0066951832	0.0079048227	0.0094185413	0.0016076047	0	0	0	0	0	0	0	0	0	0	0	0	0	0.0033235332	0.0032502709	0	0	0.0058073883	0.0013964707
g__Elizabethkingia	0	0	0	0	0	0	0	0	0	0	0	0	0	0	0	0	0	0.00063331222	0	0.0043854074	0	0	0	0	0	0	0	0	0	0	0	0	0	0	0	0	0	0	0	0	0	0	0	0	0	0	0	0	0	0	0	0	0	0	0	0	0	0	0	0	0	0	0	0	0	0	0	0	0	0	0	0	0	0	0	0	0	0	0	0	0	0	0	0	0	0	0	0	0	0	0	0	0	0	0	0	0	0	0	0	0	0	0	0	0	0	0	0	0	0	0	0	0	0	0	0	0	0	0	0	0	0	0	0	0	0	0	0	0	0	0	0	0	0	0	0	0	0	0	0	0	0	0	0	0	0	0	0	0	0	0	0	0	0	0	0	0	0	0	0	0	0
g__Enhydrobacter	0	0	0	0	0	0	0.022457067	0	0.009148487	0	0	0	0	0	0	0	0	0	0	0	0	0	0	0	0	0	0	0	0	0	0	0	0	0	0	0	0	0	0	0	0	0	0	0	0	0	0	0	0	0	0	0	0	0	0	0	0	0	0	0	0	0	0	0	0	0	0	0	0	0	0	0	0	0	0	0	0	0	0	0	0	0	0	0	0	0	0	0	0	0	0	0	0	0	0	0	0	0	0	0	0	0	0	0	0	0	0	0	0	0	0	0	0	0	0	0	0	0	0	0	0	0	0	0	0	0	0	0	0	0	0	0	0	0	0	0	0	0	0	0	0	0	0	0	0	0	0	0	0.0045811518	0	0	0	0	0	0	0	0	0	0	0	0	0
g__Enterobacter	0	0	0	0	0	0	0	0	0	0	0	0	0	0	0	0	0	0	0	0	0	0	0	0	0	0	0	0	0	0.00046144381	0	0.31	0	0	0	0	0	0	0	0	0	0	0	0	0	0	0	0	0	0	0	0	0	0	0	0	0	0	0	0	0	0	0	0	0	0	0	0	0	0	0	0	0	0	0	0	0	0	0	0	0	0	0	0	0	0	0	0	0	0	0	0	0	0	0	0	0	0	0	0	0	0.0029457147	0	0	0	0	0	0	0.0007068901	0	0	0	0	0	0.026484474	0	0	0	0	0	0	0	0	0	0	0	0	0.0028264556	0	0	0	0	0	0	0	0	0	0	0	0	0.0021558607	0	0	0	0	0	0	0	0	0	0	0	0	0	0	0	0	0	0.062267658	0.0036882617	0	0
g__Enterocloster	0	0	0	0	0	0	0	0	0	0	0	0	0	0	0	0	0	0	0	0	0	0	0	0	0	0	0	0	0	0	0	0	0	0	0	0	0	0	0	0	0	0	0	0	0	0	0	0	0	0	0	0	0	0	0	0	0	0	0	0	0	0	0	0	0	0	0	0	0	0	0	0	0	0	0	0	0	0.013396375	0	0	0	0	0	0	0	0	0	0	0	0	0	0	0	0	0	0	0	0	0	0	0	0	0	0	0	0	0	0	0	0	0	0	0	0	0	0	0	0	0	0	0	0	0	0	0	0	0	0	0	0	0	0	0	0	0	0	0	0	0	0	0	0	0	0	0	0	0	0	0	0	0	0	0	0	0	0	0	0	0	0	0	0
g__Enterococcus	0	0	0	0	0	0	0	0	0	0	0	0	0	0	0	0	0	0	0	0	0	0	0	0	0	0	0	0	0	0	0	0	0	0	0	0	0	0	0	0	0	0	0	0	0	0	0	0	0	0	0	0	0	0	0	0	0	0	0	0	0	0	0	0	0	0	0	0	0	0	0	0	0	0	0	0	0	0	0	0	0	0	0	0	0	0	0	0	0	0	0	0	0	0	0	0	0	0.0054562127	0	0	0	0	0	0	0	0	0	0	0	0	0	0	0	0	0	0	0	0	0	0	0	0	0	0	0	0	0	0	0	0	0	0.0065420561	0	0	0	0	0	0	0	0	0	0	0	0	0	0	0	0	0	0	0	0	0	0	0	0	0	0	0	0	0	0
g__Erysipelotrichaceae_UCG-006	0	0	0	0	0.00065645514	0	0	0	0	0	0	0	0	0	0	0	0	0	0	0.00082623618	0	0	0	0	0	0	0	0	0	0	0	0	0	0	0	0	0	0	0	0	0	0	0	0	0	0	0	0	0	0	0	0	0	0	0	0	0	0	0	0	0	0	0	0	0.0010853835	0	0	0	0	0	0	0	0	0	0	0	0	0	0	0	0	0	0	0	0	0	0	0	0	0	0	0	0	0	0	0	0	0	0	0	0	0	0	0	0	0	0	0	0	0	0	0	0	0	0	0	0	0	0	0	0	0	0	0	0	0	0	0	0	0	0	0	0	0	0	0	0	0	0	0	0	0	0	0	0	0	0	0	0	0	0.0018939394	0	0	0	0	0	0	0	0	0	0	0
g__Erythrobacter	0	0	0	0	0	0	0	0	0	0	0	0	0	0	0	0	0	0	0	0	0	0	0	0	0	0	0	0	0	0	0	0	0	0	0	0	0	0	0	0	0	0	0	0	0	0	0	0	0	0	0	0	0	0	0	0	0	0	0	0	0	0	0.0079199667	0	0	0	0	0	0	0	0	0	0	0	0	0	0	0	0	0	0	0	0	0	0	0	0	0	0	0	0	0	0	0	0	0	0	0	0	0	0	0	0	0	0	0	0	0	0	0	0	0	0	0	0	0	0	0	0	0	0	0	0	0	0	0	0	0	0	0	0	0	0	0	0	0	0	0	0	0	0	0	0	0	0	0	0	0	0	0	0	0	0	0	0	0	0	0	0	0	0	0
g__Escherichia-Shigella	0	0	0	0	0	0	0	0	0	0	0	0	0	0	0	0	0	0	0	0	0	0	0	0	0	0	0	0	0	0.030609106	0	0	0	0	0	0	0	0	0	0	0	0	0	0	0	0	0	0	0	0	0	0	0	0	0	0	0.0030094583	0	0	0.001015523	0	0	0	0	0	0	0	0	0	0	0	0.0068699732	0	0	0	0	0	0	0	0	0	0	0	0	0	0	0	0	0	0	0	0	0	0	0.049113233	0.027282648	0.0089655172	0.0063273728	0	0.012960437	0.57942252	0	0	0	0	0	0	0.0045624222	0.0017048526	0.0037685657	0.017042144	0.027357051	0.17022263	0	0.011016006	0	0.078922643	0.0095421378	0.0074091048	0	0	0	0	0	0	0	0	0	0	0	0	0	0	0	0	0	0	0.046039269	0	0.020891451	0	0	0.0035646886	0	0	0	0.0077877621	0.0031940135	0	0	0	0	0	0	0	0	0	0	0	0	0	0
g__F0058	0	0.0022624434	0.0039624609	0	0	0	0	0	0	0.014704822	0	0.0022205774	0	0	0	0.0021097046	0.02909326	0	0	0.010804627	0	0	0	0	0	0	0.029185868	0.00486618	0	0.0014868745	0	0	0	0	0	0	0	0	0	0	0	0	0	0.0052741152	0	0	0.20942408	0.0018115942	0	0	0	0	0	0	0	0	0	0	0	0	0.00092055602	0	0	0.0037294239	0.0032561505	0	0.0080872673	0	0.023489933	0	0	0	0	0	0	0	0.0027621483	0	0	0	0	0	0.012640835	0.01749075	0	0.013036062	0.0072859745	0.003220213	0	0.0046403712	0	0	0	0	0	0	0.012758621	0.005043558	0.0019300051	0.014076646	0	0	0	0	0	0	0.0007218653	0	0	0.013744181	0.026995533	0	0	0.0012341669	0	0	0	0.011546789	0	0	0.0023148148	0.0075859744	0.0023805475	0	0.017010309	0	0	0	0.0085054678	0.008510003	0	0	0	0.0009868126	0	0	0	0	0	0	0	0	0.00069895855	0	0	0	0	0	0	0	0.0099431818	0	0.0038781163	0.12556054	0	0	0.0011504538	0	0	0.0067350866	0	0
g__F0332	0	0	0	0	0	0	0	0.0029219424	0	0.0046853601	0	0	0	0	0	0	0	0	0	0	0	0	0	0	0	0	0	0	0	0	0	0	0	0	0	0	0	0	0	0	0	0	0	0	0	0	0	0	0	0	0	0	0	0	0	0	0	0	0	0	0	0	0	0	0	0	0	0	0	0	0	0	0	0	0	0	0	0	0	0	0	0	0	0	0	0	0	0	0	0	0	0	0	0	0	0	0	0	0	0	0	0	0	0	0	0	0	0	0	0	0	0	0	0	0	0	0	0	0	0	0	0	0	0	0	0	0	0	0	0	0	0	0	0	0	0	0	0	0	0	0	0	0	0	0	0	0	0	0	0	0	0	0	0	0	0	0	0	0	0	0	0
g__Faecalibacterium	0	0	0	0	0	0	0	0	0	0	0	0	0	0	0	0	0	0	0	0	0	0	0	0	0	0	0	0	0	0	0	0	0	0	0	0	0	0	0	0	0	0	0	0	0	0	0	0	0	0	0	0	0	0	0	0	0	0	0	0	0	0	0	0	0	0	0	0.012664908	0	0	0	0	0	0	0	0	0	0.068163909	0	0	0	0	0	0	0	0	0	0	0	0	0	0	0	0	0	0	0	0	0	0	0	0	0	0	0	0	0	0	0	0	0	0	0	0	0	0	0	0	0	0	0	0	0	0	0	0.004954583	0	0	0	0	0	0	0	0	0	0	0	0	0	0	0	0	0	0	0	0	0	0	0	0	0	0	0	0	0	0	0	0	0	0	0	0
g__Family_XIII_AD3011_group	0	0	0	0	0	0	0	0	0	0	0	0	0	0	0	0	0	0	0	0	0	0	0	0	0	0	0	0	0	0	0	0	0	0	0	0	0	0	0	0	0	0	0	0	0	0	0	0	0	0	0	0	0	0	0	0	0	0	0	0	0	0	0	0	0	0	0	0	0	0	0	0	0	0	0	0	0	0	0	0	0	0	0	0	0	0	0	0	0	0	0	0	0	0	0	0	0	0	0	0	0.00030473869	0	0	0	0	0	0	0	0	0	0	0	0	0	0	0	0	0	0	0	0	0	0	0	0	0	0	0	0	0	0	0	0	0	0	0	0	0	0	0	0	0	0	0	0	0	0	0	0	0	0	0	0	0	0	0	0	0	0	0	0	0
g__Family_XIII_UCG-001	0	0.0010055304	0	0	0	0	0	0	0	0.00043249477	0.00095098124	0	0	0	0	0	0	0.0053831539	0	0.0018431422	0	0.0094195519	0.008112781	0.0060828526	0	0	0	0	0	0	0	0	0.0052219321	0.0003798911	0	0	0	0	0	0	0	0	0.0033167496	0	0.0033990483	0.0038594353	0	0	0.0013973577	0	0	0	0	0	0	0.0013881177	0.0012897678	0	0	0	0	0	0	0	0.001447178	0	0	0	0	0	0	0	0	0	0	0	0	0	0	0	0	0	0	0	0	0.0012183236	0	0	0	0	0	0	0	0	0	0	0	0	0.00025733402	0	0	0	0	0.011602922	0	0	0	0	0	0	0	0	0	0	0	0	0	0	0	0	0.0029956427	0.0011800405	0	0	0.0063573883	0	0	0	0	0.016124216	0	0	0	0.0028707276	0	0	0	0	0.0024449878	0.0023557126	0	0	0	0.0037250254	0	0	0.0045357296	0	0	0	0.010416667	0.0036016568	0	0	0	0	0	0	0	0	0	0
g__Fannyhessea	0	0	0	0	0	0	0	0	0	0	0	0	0	0	0	0	0	0	0	0	0	0	0	0	0	0	0	0	0	0	0	0	0	0	0	0	0	0	0	0	0	0	0	0.0031922276	0	0	0	0	0	0	0	0	0	0	0	0	0	0	0	0	0	0	0	0	0	0	0	0	0	0	0	0	0	0	0	0	0	0	0	0	0	0	0	0	0	0	0	0	0	0	0	0	0	0	0	0	0	0	0	0	0	0	0	0	0	0	0	0	0	0	0	0	0	0	0	0	0	0	0	0	0	0	0	0	0	0	0	0	0	0	0	0	0	0	0	0	0	0	0	0	0	0	0	0	0	0	0	0	0	0	0	0	0	0	0	0	0	0	0	0	0	0
g__Filifactor	0	0.011814982	0.0016684046	0	0	0.0006436387	0	0	0	0.0020183089	0.00700268	0	0	0	0	0	0.0085663488	0	0	0.026948011	0.0011473871	0	0.017555526	0.0087047719	0	0	0	0	0	0	0	0	0.10704961	0	0	0	0	0.070813301	0.0070210632	0	0	0	0.028192371	0	0.010333107	0.0099532805	0	0.016943734	0.0013973577	0.012393493	0	0	0.0068560235	0.0019115586	0.0028222013	0	0.0047291488	0	0	0.0031191063	0	0.0055822067	0	0.00077160494	0.011034732	0	0.010532255	0	0	0	0	0	0.014958696	0.0014526438	0.0013962935	0	0.030792839	0.012214342	0	0	0	0	0	0	0.001701348	0	0	0.0039633391	0	0	0.001575095	0.0042481977	0.078416729	0	0	0	0	0.00174232	0.00051466804	0	0	0	0.0055161545	0	0	0	0	0	0	0.0037685657	0.00077684987	0	0	0.00051964924	0.0015353318	0	0	0.0055328362	0.0046593339	0	0.02001634	0.055293324	0.0011902738	0	0.040893471	0	0	0	0	0.058077038	0	0.027920561	0	0.00044855118	0.0026193062	0	0	0.0064319567	0.033785286	0.00055793193	0	0.0046703511	0.0051023974	0.0098205215	0.00090759076	0	0	0	0	0.023300148	0.033143939	0.0037817396	0	0	0	0	0.01700115	0.0034308415	0.027881041	0.011866581	0	0
g__Finegoldia	0	0	0	0	0	0	0	0	0	0	0	0	0	0	0	0	0	0	0	0	0	0	0	0	0	0	0	0	0	0	0	0	0	0	0	0	0	0	0	0	0	0	0	0	0	0	0	0	0	0	0	0	0.016432691	0	0	0	0	0	0	0	0	0	0	0	0	0	0	0	0	0	0	0	0	0	0	0	0	0	0	0	0	0	0	0	0	0	0	0	0	0	0	0.0072090628	0	0	0	0	0	0	0	0	0	0	0	0	0	0	0	0.00055302088	0	0	0	0	0	0	0	0.0009894867	0	0	0	0	0	0	0	0	0	0	0	0	0	0	0	0	0	0	0	0	0	0	0	0	0	0	0	0	0	0	0	0	0	0	0	0	0	0	0	0.0125	0	0	0.0026022305	0	0	0
g__Flavobacterium	0	0.001256913	0	0.0061000407	0.0072210066	0.0021454623	0.017173052	0.0023653819	0.14778325	0	0	0.062916358	0.026371308	0.005730659	0.014678899	0.0010548523	0	0.0082330589	0.010407632	0	0	0	0	0	0	0	0	0	0	0	0	0	0	0	0	0	0	0	0	0	0	0	0	0	0	0	0.0019038553	0	0	0	0	0	0	0	0.014111007	0	0.0058039553	0	0	0	0	0	0.015631513	0	0	0	0	0	0	0	0	0	0	0	0	0	0	0	0	0	0	0	0	0	0	0	0	0	0	0	0	0	0	0	0	0	0	0	0	0	0	0	0	0	0.0021978022	0	0	0	0	0.0031035247	0	0	0	0	0	0	0	0	0	0	0	0	0	0	0	0	0.00020659023	0	0	0	0	0	0	0	0	0	0	0	0	0	0	0	0	0	0	0	0	0	0	0	0	0	0	0	0	0	0	0	0	0	0	0
g__Flexilinea	0	0	0	0	0	0	0	0	0	0	0	0	0	0	0	0	0	0	0	0	0	0	0	0	0	0	0	0	0	0	0	0	0	0	0	0	0	0	0	0	0	0	0	0	0	0	0	0	0	0	0	0	0	0	0	0	0	0	0	0	0	0	0	0	0	0	0	0	0	0	0	0	0	0	0	0	0	0	0	0	0	0	0	0	0	0	0	0	0	0	0	0	0	0	0	0	0	0	0	0	0	0	0	0	0	0	0	0	0	0	0	0	0	0	0	0	0	0	0	0	0	0	0	0	0.0065292096	0	0	0	0	0	0	0	0	0	0	0.00024339783	0	0	0	0	0	0	0	0	0	0	0	0	0	0	0	0	0	0	0	0	0	0	0	0	0	0
g__Fluviicola	0	0	0	0	0	0	0.0092470277	0	0	0	0	0	0	0	0.0024464832	0	0	0.00094996833	0	0	0	0	0	0	0	0	0	0	0	0	0	0	0	0	0	0	0	0	0	0	0	0	0	0	0	0	0	0	0	0	0	0	0	0	0	0	0	0	0	0	0	0	0	0	0	0	0	0	0	0	0	0	0	0	0	0	0	0	0	0	0	0	0	0	0	0	0	0	0	0	0	0	0	0	0	0	0	0	0	0	0	0	0	0	0	0	0	0	0	0	0	0	0	0	0	0	0	0	0	0	0	0	0	0	0	0	0	0	0	0	0	0	0	0	0	0	0	0	0	0	0	0	0	0	0	0	0	0	0	0	0	0	0	0	0	0	0	0	0	0	0	0
g__Fretibacterium	0	0.002513826	0	0	0	0	0	0	0	0.0072082462	0	0.0088823094	0	0.0012279984	0	0	0	0	0.0017346054	0.016143384	0	0	0	0	0	0	0	0	0	0	0	0	0	0	0	0	0	0	0	0	0	0	0	0	0.0016315432	0	0	0	0	0	0	0	0	0	0	0	0	0	0	0	0	0	0	0	0	0	0	0	0	0	0	0	0.0093770931	0	0	0	0.040920716	0	0	0	0	0	0	0	0	0.00097465887	0	0	0	0	0	0	0	0	0	0	0	0.00041265475	0	0	0	0	0	0	0	0	0	0	0	0.024163157	0	0	0	0	0	0	0.0031318509	0.0048111619	0.0020623281	0	0	0.0030343898	0.0023805475	0	0.037800687	0	0	0	0	0.028515975	0	0	0	0	0	0	0	0	0	0	0	0	0	0	0	0	0.00077021823	0	0	0	0.0080492424	0.0034215739	0	0	0	0	0	0	0	0	0	0
g__Fuscovulum	0	0	0	0	0	0	0	0	0.033779029	0	0	0	0	0	0	0	0	0	0	0	0	0	0	0	0	0	0	0	0	0	0	0	0	0	0	0	0	0	0	0	0	0	0	0	0	0	0	0	0	0	0	0	0	0	0	0	0	0	0	0	0	0	0	0	0	0	0	0	0	0	0	0	0	0	0	0	0	0	0	0	0	0	0	0	0	0	0	0	0	0	0	0	0	0	0	0	0	0	0	0	0	0	0	0	0	0	0	0	0	0	0	0.0010567101	0	0	0	0	0	0	0	0	0	0	0	0	0	0	0	0	0	0	0	0	0	0	0	0	0	0	0	0	0	0	0	0	0	0	0	0	0	0	0	0	0	0	0	0	0	0	0	0	0	0
g__Fusobacterium	0.029371271	0.10356963	0.062565172	0.10736072	0	0.025745548	0	0.044107416	0.0084447572	0.068045844	0.18647878	0.068837898	0	0.033974621	0	0.061392405	0.075480847	0	0.016478751	0.17872124	0.021591739	0.04302444	0.083388749	0.0011536445	0	0.0066990291	0	0	0.29283489	0	0.12652944	0.235	0.10369265	0.035329872	0.19904241	0.30196078	0.28062016	0.20002003	0.053159478	0.11366933	0.0068619042	0.010240964	0.17164179	0.010409438	0.064309993	0.17611213	0	0.076619778	0.2078252	0.092822102	0.11410997	0	0.098922625	0.14489614	0.16274694	0.09800111	0	0	0.20500383	0.0034092558	0	0.10409943	0	0.0018004115	0.10890014	0	0.04024826	0	0	0	0	0.018431635	0	0.099215572	0.02970297	0	0.066086957	0	0.055935364	0	0.028382838	0.11276668	0.024319868	0	0.042010208	0.033747563	0.032526672	0.13178103	0.057631045	0	0.010006486	0.014804325	0	0.067555864	0	0	0.010344828	0.0017881706	0	0.048493117	0	0.037031842	0	0.053533059	0	0	0	0	0	0	0.044765974	0	0	0	0	0.016821274	0	0	0	0.04252462	0.072848584	0.065407957	0.021765006	0	0.11030928	0	0.024790827	0	0	0.057778441	0.063560463	0.065186916	0.085116653	0.04198439	0.0012777103	0.063283437	0.16693608	0	0.0030377121	0.015064162	0.037767486	0.00077839184	0.016495422	0.28140874	0.011881188	0.15724188	0.06106119	0	0.071989529	0.11798348	0	0.012965964	0	0	0.1663563	0.27840909	0.0015339384	0.044600939	0	0.021167415	0.13098887	0.007744065
g__GOUTA6	0	0	0	0	0	0	0	0	0	0	0	0	0	0	0	0	0	0	0	0	0	0	0	0	0	0	0	0	0	0	0	0	0	0	0	0	0	0	0	0	0	0	0	0	0	0	0	0	0	0	0	0	0	0	0	0	0	0	0	0	0	0	0	0	0	0	0	0	0	0	0	0	0	0	0	0	0	0	0	0	0	0.0050795801	0	0	0	0	0	0	0	0	0	0	0	0	0	0	0	0	0	0	0	0	0	0	0	0	0	0	0	0	0	0	0	0	0	0	0	0	0	0	0	0	0	0	0	0	0	0	0	0	0	0	0	0	0	0	0	0	0	0	0	0	0	0	0	0	0	0	0	0	0	0	0	0	0	0	0	0	0	0	0	0
g__Gardnerella	0	0	0	0	0	0	0	0	0	0	0	0	0	0	0	0	0	0	0	0	0	0	0	0	0	0	0	0	0	0	0	0	0	0	0	0	0	0	0	0	0	0	0	0	0	0	0	0	0	0	0	0	0	0	0	0	0	0	0	0	0	0	0	0	0.0047033285	0	0	0	0	0	0	0	0	0	0	0	0	0	0	0	0	0	0	0	0	0	0	0	0	0	0	0	0	0	0	0	0	0	0	0	0	0	0	0	0	0	0	0	0	0	0	0	0	0	0	0	0	0	0	0	0	0	0	0	0	0	0	0	0	0	0	0	0	0	0	0	0	0	0	0	0	0	0	0	0	0	0	0	0	0	0	0	0	0	0	0.018181818	0	0	0	0	0	0
g__Gemella	0.011817347	0.0049019608	0.013555787	0.077673851	0	0.013945505	0	0.01196605	0.022519353	0.0071361638	0.014783436	0	0.064345992	0	0.017125382	0.0048523207	0.0082430904	0	0.018213356	0.013537562	0.038176698	0.0058553971	0.016358558	0.0031463031	0	0	0	0.013381995	0	0	0.043615949	0.035	0.046810891	0.0034190199	0.067943456	0	0.15658915	0	0.015045135	0.016860044	0.036147531	0.020180723	0.050225065	0.0087439278	0.010876954	0.022140971	0.042360781	0.013213981	0.082063008	0.021817712	0.10607582	0.012523096	0	0.052631579	0.054092192	0.0086063298	0.090713672	0.028436019	0.056676028	0.015450457	0.010862561	0.013606629	0.01187995	0.00064300412	0.04142547	0	0.028587549	0.21530343	0	0	0.032894737	0	0.0049118107	0.036751888	0.012693577	0.094885815	0	0	0.017402113	0.12035928	0.02640264	0.039959363	0.0043968123	0.02926337	0.019500065	0.014741715	0.0049440541	0.031459004	0.035910802	0.010440835	0.069860095	0.001930999	0	0.0031179629	0	0.010913059	0	0.0021549748	0.015247041	0.004898921	0.00030473869	0.029877963	0.0070921986	0.0061391123	0.041758242	0.031703385	0.0083736375	0.02343426	0.085408957	0	0.003301612	0.00023482447	0	0.0067554401	0.0028787472	0.0054421769	0.08549953	0.011867533	0.0084784601	0.11280215	0.0059912854	0.025455158	0.015473559	0	0.0012027491	0	0.010019626	0.0040700961	0	0.017915796	0.0067330999	0.012733645	0.017538214	0.016327263	0.059541302	0.00036509675	0.08949302	0.0078988942	0.017337186	0	0.0027147876	0.0019459796	0.0047529182	0.0040636641	0.001320132	0.0048644047	0.0047068892	0	0.1145288	0.006778225	0.035037879	0.010264722	0.041551247	0	0.060986965	0	0.0024287358	0.0037919827	0.023791822	0.020686337	0.0093563478	0.00076171131
g__Gemmiger	0	0	0	0	0	0	0	0	0	0	0	0	0	0	0	0	0	0	0	0	0	0	0	0	0	0	0	0	0	0	0	0	0	0	0	0	0	0	0	0	0	0	0	0	0	0	0	0	0	0	0	0	0	0	0	0	0	0	0	0	0	0	0	0	0	0	0	0	0	0	0	0	0	0	0	0	0	0.014972419	0	0	0	0	0	0	0	0	0	0	0	0	0	0	0	0	0	0	0	0	0	0	0	0	0	0	0	0	0	0	0	0	0	0	0	0	0	0	0	0	0	0	0	0	0	0	0	0	0	0	0	0	0	0	0	0	0	0	0	0	0	0	0	0	0	0	0	0	0	0	0	0	0	0	0	0	0	0	0	0	0	0	0	0
g__Gordonia	0	0	0	0	0	0	0	0	0	0	0	0	0	0	0	0	0	0	0	0	0	0	0	0	0	0	0	0	0	0	0	0	0	0	0	0	0	0	0	0	0	0	0	0	0	0	0	0	0	0	0	0	0	0	0	0	0	0	0	0	0	0	0	0	0	0	0	0	0	0	0	0	0	0	0	0	0	0	0	0	0	0.0044023027	0	0	0	0	0	0	0	0	0	0	0	0	0	0	0	0	0	0	0	0	0	0	0	0	0	0	0	0	0	0	0	0	0	0	0	0	0	0	0	0	0	0	0	0	0	0	0	0	0	0	0	0	0	0	0	0	0	0	0	0	0	0	0	0	0	0	0	0	0	0	0	0	0	0	0	0	0	0	0	0
g__Granulicatella	0.048187242	0.013448969	0.082481752	0	0	0.01652006	0.01321004	0.025880061	0	0.0091544727	0.0068297744	0.0051813472	0.1592827	0.043798608	0	0.0050632911	0.0085663488	0.0022165928	0.032523851	0.0012711326	0	0.0035641548	0	0	0	0	0	0	0	0	0.00532604	0	0.0029839612	0	0.0018239854	0	0.0031007752	0.00090144231	0	0.010877447	0.033941919	0.075150602	0.012319356	0.0095766829	0	0.0069063579	0	0	0.0043191057	0.0029692745	0.0017574692	0.0098542394	0.025356404	0.0024213075	0.012229539	0	0.024290628	0.21327014	0	0.0074713477	0.018134954	0.00034888792	0.0029178825	0	0.00723589	0	0.030656385	0	0	0.051924799	0.0082236842	0.022620643	0.0024559053	0.006101104	0.048870272	0.0009649405	0	0.035855004	0.025481666	0.021556886	0.040594059	0.012529631	0.0042594119	0.04069963	0.005104044	0.012670565	0.0054644809	0.034431509	0.010425717	0.061871616	0.048920597	0.066683831	0.084391337	0.0065823662	0	0.0032739178	0.018275862	0.00073360844	0.011322697	0.012216297	0	0.012905036	0.027580772	0.01749647	0.026373626	0.023643203	0.018046632	0.001244297	0.044201422	0	0.021557584	0.012739227	0.014378479	0.0061708347	0.0033009634	0	0.017538365	0.0093817657	0.011151848	0.017009848	0.019744009	0.044335806	0.0044210168	0	0	0.033030553	0.02220845	0	0	0	0.002154592	0.0029205607	0.026387772	0.013815376	0.0090078579	0	0	0.061047168	0	0.016551981	0.00047908017	0	0.0018172922	0.0022011514	0.00074257426	0.00097288094	0.00021394951	0.0038328162	0.012434555	0.0019063758	0.0037878788	0.0012605799	0.0063711911	0	0.0088454376	0	0	0	0.0046468401	0.021167415	0.0051621229	0
g__Haemophilus	0.13262965	0.040975365	0.18894682	0.041073607	0.019474836	0.38489595	0.095112285	0.030610825	0	0.050746053	0.031814645	0.008142117	0	0.029471961	0.012844037	0.0042194093	0.057701632	0	0.033824805	0	0.0064670909	0.010437882	0.0033249102	0	0.11270627	0.0012621359	0	0	0.0017608018	0.74436013	0.20469267	0.055	0.0052219321	0.15005698	0	0	0	0.0060096154	0	0.063451777	0.18563901	0.051204819	0.045960673	0.0065232477	0.0081577158	0.049360146	0.0090433127	0.0012787724	0.096036585	0.0072295378	0.45606327	0.010778074	0.028077049	0.11341914	0.031984948	0	0.013327601	0	0.035741639	0.069200638	0.0017490564	0.008591365	0.051062943	0.072273663	0.0059696093	0	0.099680271	0.011609499	0	0.19785139	0.27192982	0.13773458	0	0.017722255	0.028941356	0	0	0.010244287	0.042573027	0.13113772	0.10693069	0.016931934	0	0.15438951	0	0.070662768	0.013010669	0.12856081	0.059658268	0.11136891	0.17900491	0.037590113	0	0.0058894855	0.017053206	0	0.011034483	0	0.029078744	0.03850924	0	0.024267078	0.04964539	0.053226104	0.079120879	0.12466416	0.11744748	0	0.085076303	0	0.091474073	0.22437478	0.12523191	0.035401104	0.21218286	0	0.0072032571	0.0087402774	0	0.032676813	0.023284314	0.019892111	0	0.046875	0	0	0.013221775	0.014923686	0.76670717	0	0.1144627	0.056542056	0.00096540628	0.092939804	0.28710151	0.00085189242	0	0.12209434	0	0.0038435311	0.069706164	0.087958278	0.020619277	0	0.069966997	0	0.00038510911	0.0022814382	0.020287958	0.018428299	0.027462121	0	0	0	0.11235258	0	0	0.0023474178	0.026208178	0.080019243	0.095176641	0
g__Halomonas	0	0	0.015432742	0	0	0	0	0	0	0	0	0	0	0	0	0	0	0	0	0	0	0	0	0	0	0	0	0	0	0.00041017227	0	0	0	0	0	0	0	0	0	0	0	0	0	0	0	0	0	0	0	0	0	0	0	0	0.0018814675	0	0	0	0	0	0	0	0	0	0	0.19940476	0	0	0	0	0	0	0	0	0	0	0	0.0035460993	0	0	0	0	0	0.0047090481	0	0	0	0	0	0	0	0	0	0	0	0	0	0	0	0	0.00060947737	0.002244354	0	0.00067530235	0	0	0	0	0	0	0	0.014324293	0.019944341	0	0	0	0	0	0.00022914757	0	0	0	0	0	0	0	0	0	0	0	0	0	0	0	0	0	0	0	0	0	0	0	0	0	0	0	0	0	0	0	0	0	0	0	0	0	0	0	0	0	0	0
g__Hornefia	0	0.00087983912	0	0	0	0	0	0	0	0.00072082462	0	0.019245004	0	0	0	0	0.0016162922	0	0	0.0088343714	0	0	0.0010639713	0	0	0	0	0	0	0	0	0	0	0	0	0	0	0	0	0	0	0	0.0028429282	0	0.00095173351	0	0	0	0	0	0	0	0	0	0	0	0	0	0	0	0	0	0	0	0.0019898698	0	0	0	0	0	0	0	0	0	0	0	0.048900256	0	0	0	0	0	0.00082440231	0	0	0	0	0	0	0	0	0	0.017923824	0	0	0	0	0	0	0	0	0	0	0	0	0	0	0	0	0	0	0	0	0.0007145177	0	0	0.011901034	0	0	0	0	0.0026972353	0	0	0	0	0	0	0	0.0050761421	0	0	0	0	0	0	0	0	0	0.00061992437	0	0	0	0	0	0	0	0	0	0	0.0075757576	0.0014406627	0	0	0	0	0	0	0	0.00064143682	0	0
g__Howardella	0	0	0	0	0	0	0	0	0	0.00050457724	0	0	0	0	0	0	0	0	0	0	0	0	0	0	0	0	0	0	0	0	0	0	0	0	0.0041039672	0	0	0	0	0	0	0	0	0	0	0	0	0	0	0	0	0	0	0	0	0	0.00075236457	0	0	0	0	0	0	0	0.0010853835	0	0	0	0	0	0	0	0	0	0	0.0009649405	0	0	0	0	0	0	0.0016488046	0	0	0	0	0	0	0	0	0	0	0	0	0	0	0	0	0	0	0	0	0	0	0	0	0	0	0	0	0	0	0	0	0	0	0	0	0	0	0	0	0	0	0	0	0	0	0	0	0	0.003539823	0	0	0	0	0	0	0.0028516521	0	0	0	0	0	0.0018241518	0.00034231921	0	0	0	0	0	0	0	0	0	0	0	0	0	0	0
g__Hoylesella	0.0056218449	0.0022624434	0.020333681	0.0048800325	0.0032822757	0.026603733	0.0092470277	0.014609712	0	0.013263173	0.0011238869	0	0	0.012279984	0.025688073	0.032278481	0.01664781	0.015516149	0.010407632	0.01639761	0.0031292375	0	0.015294587	0.012165705	0	0.016699029	0	0	0	0.00056398687	0.0021592054	0	0.014360313	0.00063315183	0.0063839489	0	0	0	0	0.025018129	0.00073520402	0.092771084	0.00035536603	0	0.010197145	0.0087345115	0	0.00031969309	0.0011432927	0	0.0013808687	0.0013344282	0.052889324	0.012871161	0.0023518344	0	0	0	0	0.020745684	0.0022093344	0.0095071958	0.0091704877	0.051311728	0.0085021708	0	0.022757194	0	0	0.028648165	0	0.0036863271	0	0.011766415	0.013074384	0	0	0	0.054070851	0	0.18184818	0	0.0041220115	0.0050454087	0.0045805523	0.0074317739	0.0039032006	0.010156056	0.0063712714	0	0.0074122116	0.028450051	0.010455564	0.0025983024	0.0095497954	0	0	0.023567171	0.012159032	0.02505271	0	0.011923131	0.010244287	0.052673583	0	0	0.07240309	0.07431218	0	0.0042119264	0.014128957	0.0021134202	0.0060296846	0.012406626	0.25893371	0.023995053	0	0.0066554406	0.0027497709	0	0.010484749	0.027140931	0.00085019554	0	0.035051546	0	0.011775643	0	0	0.0088085996	0.0067330999	0.0072429907	0	0.04548309	0.00370536	0.024218084	0.27097722	0.014556534	0.0033340742	0	0	0.00085623103	0.0077584399	0.001015916	0.0032178218	0	0.0028669234	0	0	0.0027536539	0.0028409091	0	0	0	0	0	0.027355235	0.0070422535	0.0040892193	0.011866581	0	0
g__Hyphomicrobium	0	0	0	0	0	0	0	0	0	0	0	0	0	0	0	0	0	0	0	0	0	0	0	0	0	0	0	0	0	0	0	0	0	0	0	0	0	0	0	0	0	0	0	0	0	0	0	0	0	0	0	0	0	0	0	0	0	0	0	0	0	0	0	0	0	0	0	0	0	0	0	0	0	0	0	0	0	0	0	0	0	0	0	0	0	0	0	0	0	0	0	0	0	0	0	0	0	0	0	0	0	0	0	0	0	0	0	0	0	0	0	0	0	0	0	0	0	0	0	0	0	0	0	0	0	0	0	0	0	0	0	0.00058411215	0	0	0	0	0	0	0	0	0	0	0	0	0	0	0	0	0	0	0	0	0	0	0	0	0	0	0	0	0	0
g__Incertae_Sedis	0.13079394	0.047888386	0.0032325339	0	0.0030634573	0.028105557	0	0.047168499	0.036593948	0.038852447	0.2298781	0.088082902	0.0042194093	0.096602538	0.056880734	0.079957806	0.013738484	0.039265358	0.037294016	0.025359095	0.011265255	0.020112016	0.017156537	0.063030939	0	0	0.067588326	0.36739659	0	0.0053322395	0.038002015	0	0.060984707	0.012536406	0.020747834	0.043137255	0	0.064603365	0.010531595	0.012690355	0.00061267002	0.0034638554	0.0091210614	0.05759889	0.0027192386	0.085923218	0.017134698	0.028026428	0.16183943	0.052930545	0.018327894	0.0085198111	0.015344434	0.012361412	0.02116651	0.019156024	0.12037833	0	0.0084248149	0.04939794	0	0.0011774967	0.01146311	0.049768519	0.056439942	0	0.041752868	0.011081794	0	0.074306177	0.0054824561	0	0.010046885	0.28326554	0.012566641	0.0012865873	0.0051150895	0.026398739	0.023306401	0	0.11056106	0.057907213	0.0086562242	0.09283552	0.23792697	0.052631579	0.088992974	0.032945256	0.08746018	0	0.023070509	0.0055355304	0.090365945	0.083492118	0.055252387	0	0.0037931034	0.21966988	0.012287699	0	0.0033902179	0.039135924	0.10323089	0.067346062	0.0021978022	0.0037614186	0.015086985	0	0	0.012192419	0.00024276559	0	0	0.094446249	0.020765363	0.00086580087	0	0.027744367	0.013825237	0	0.026007625	0.054787593	0.015983676	0.026442308	0.047250859	0.02146986	0.026030369	0	0.021871203	0.013586145	0.10395906	0.020911215	0.07224457	0.1402171	0.016610234	0.05500791	0	0.036560596	0.050752019	0.031430166	0.0030341744	0.0014011053	0.059830852	0.18557399	0.025660066	0.0024322024	0.041506205	0.0033765286	0	0.018640119	0.21732955	0.0050423195	0.014958449	0	0.084264432	0.015909091	0.11031574	0.021307331	0.0053903346	0.072963438	0.058880465	0
g__Insolitispirillum	0	0	0	0	0	0	0	0	0	0	0	0	0	0	0	0	0	0	0	0	0	0	0	0	0	0	0	0	0	0	0	0	0	0	0	0	0	0	0	0	0	0	0	0	0	0	0	0	0	0	0	0	0	0	0	0	0	0	0	0	0	0	0	0	0	0	0	0	0	0	0	0	0	0	0	0	0	0	0	0	0	0	0	0	0	0	0	0	0	0	0	0	0	0	0	0	0	0	0	0	0	0	0	0	0	0	0	0	0	0	0	0	0	0	0.00015353318	0	0	0	0	0	0	0	0	0	0	0	0	0	0	0	0	0	0	0	0	0	0	0	0	0	0	0	0	0	0	0	0	0	0	0	0	0	0	0	0	0	0	0	0	0	0	0
g__Intestinibacter	0	0	0	0	0	0	0	0	0.011963406	0	0	0	0	0	0	0	0	0	0	0	0	0	0	0	0	0	0	0	0	0	0	0	0	0	0	0	0	0	0	0	0	0	0	0	0	0	0	0	0	0	0	0	0	0	0	0	0	0	0	0	0	0	0	0	0	0	0	0	0	0	0	0	0	0	0	0	0	0	0	0	0	0	0	0	0	0	0	0	0	0	0	0	0	0	0	0	0	0	0	0	0	0	0	0	0	0	0	0	0	0	0	0	0	0	0	0	0	0	0	0	0	0	0	0	0	0	0	0	0	0	0	0	0	0	0	0	0	0	0	0	0	0	0	0	0	0	0	0	0	0	0	0	0	0	0	0	0	0	0	0	0	0
g__Janibacter	0	0	0	0	0	0	0	0	0	0	0	0	0	0	0	0	0	0	0	0	0	0	0	0	0	0	0	0	0	0	0	0	0	0	0	0	0	0	0	0	0	0	0	0	0	0	0	0	0	0	0	0	0	0	0	0	0	0	0	0	0	0	0	0	0	0	0	0	0	0	0	0	0	0	0	0	0	0	0	0	0	0.014561463	0	0	0	0	0	0	0	0	0	0	0	0	0	0	0	0	0	0	0	0	0	0	0	0	0	0	0	0	0	0	0	0	0	0	0	0	0	0	0	0	0	0	0	0	0	0	0	0	0	0	0	0	0	0	0	0	0	0	0	0	0	0	0	0	0	0	0	0	0	0	0	0	0	0	0	0	0	0	0	0
g__Johnsonella	0	0.0017596782	0.0025026069	0.00650671	0.0013129103	0	0	0.015583693	0.0070372977	0.011965689	0.0070891329	0	0	0	0	0	0.011475675	0.034832172	0	0.013346892	0.0029206217	0.047861507	0	0.0026219192	0	0	0.033794163	0	0.0012190167	0	0.0073412984	0	0.011003357	0.0082309738	0.015959872	0.0078431373	0	0.015424679	0	0	0	0	0.0008291874	0	0.013868117	0	0	0.018009378	0.0085111789	0.0051639556	0.0052724077	0	0.0082707585	0	0	0.02193226	0	0	0.0086801123	0.00094298564	0	0	0	0.0025720165	0.0048842258	0	0.0015046079	0	0.030201342	0.0044762757	0	0	0	0.02454968	0	0	0.0023529412	0	0	0	0	0	0	0	0.013218165	0.0018274854	0	0.0071835521	0	0	0.00055591587	0	0	0	0	0	0	0.0022925264	0.0014796706	0.0096738187	0	0.0040678917	0	0	0	0	0	0	0	0.0077588118	0.0026218683	0	0	0	0.00057574943	0	0	0.0028065111	0	0	0.017429194	0.015509103	0	0	0	0	0	0	0.010935601	0.0088085996	0	0.00081775701	0	0.00035884094	0.003833131	0.001460387	0	0	0.0082240498	0	0	0	0.00097854197	0.027429732	0	0	0.0094137783	0	0	0.024571065	0.022253788	0	0.0096952909	0.23318386	0.0045003104	0	0.061996676	0.010834236	0	0.0041693393	0.0090337151	0
g__Kingella	0	0.0030165913	0	0.0048800325	0	0.0030036473	0	0	0	0.011821524	0	0	0	0.029062628	0	0	0	0	0.014744146	0.027837803	0	0	0	0	0	0	0	0.086374696	0	0	0	0	0	0	0	0	0	0	0	0	0	0.02063253	0	0	0	0.020312817	0	0	0	0	0.0015064022	0	0	0	0	0	0.0044067068	0	0	0	0	0.60641082	0	0	0	0	0	0	0	0	0	0	0	0.0013073794	0	0	0	0	0	0	0.021122112	0	0.00054960154	0.019172553	0	0	0.0054644809	0.0022293783	0	0.023201856	0	0	0.053024645	0	0	0	0	0.00036680422	0.010936696	0.015502915	0	0.0078552392	0	0	0	0	0.0093842489	0	0.0011227078	0	0	0	0	0	0	0	0.13968055	0.0019244648	0	0	0	0	0	0	0	0	0.0032021485	0	0	0.0026873694	0.016698088	0	0	0.0021530457	0.017887945	0.004381161	0	0.032159783	0	0	0	0	0.00055916684	0.0013545547	0.016666667	0.00036483035	0	0	0	0	0.006155303	0	0	0	0	0	0	0	0	0.0030468249	0	0
g__Klebsiella	0	0	0	0	0	0	0	0	0	0	0	0	0	0	0	0	0	0	0	0.0094699377	0	0	0	0	0.0018151815	0	0	0	0	0	0	0	0	0	0	0	0	0	0	0	0.0031858841	0	0	0	0	0	0	0	0	0	0	0	0	0	0	0	0	0	0	0	0.00055233361	0	0	0	0	0	0	0.0026385224	0	0	0	0	0	0	0	0.16886459	0	0	0	0	0	0	0	0	0	0	0	0	0	0	0	0	0	0	0	0	0	0	0	0	0	0	0	0	0	0	0	0	0	0	0	0	0	0	0	0	0	0	0	0.0040286482	0	0	0.0085019554	0	0	0	0	0	0	0	0	0	0.0022526146	0	0	0	0	0	0	0	0	0	0	0	0	0	0	0	0	0	0	0.23752926	0	0	0	0	0	0	0	0	0	0
g__Lachnoanaerobaculum	0.0044745296	0.0085470085	0.014807091	0	0	0	0	0.011131209	0	0.040654509	0.002161321	0	0	0	0.011620795	0.023417722	0.015031518	0	0.0082393755	0.00050845303	0.0026076979	0.010437882	0.025668307	0.0051389617	0.0057755776	0.0037864078	0	0.088807786	0.051334146	0.00082034454	0.059594069	0	0	0.0010130429	0.010943912	0.092810458	0	0.0024038462	0.0055165496	0.0036258158	0.0080872442	0	0.0075811419	0.0047189452	0	0	0.011423132	0.011828645	0.040904472	0.021301317	0	0	0.012623789	0.012233975	0.030573848	0	0.04116509	0.11848341	0.046208833	0.0022486581	0.037098407	0.0050588748	0	0.00077160494	0.0047033285	0.098214286	0.0037615197	0	0.067114094	0.028648165	0	0	0	0.006101104	0.052297537	0	0	0.0094562648	0.0093225606	0.016766467	0	0	0.0028854081	0.0053817693	0.0032718231	0.020346004	0.0072859745	0.018825861	0	0.022815159	0	0.023300721	0.002987304	0.059934176	0.010231924	0	0.0017241379	0.0038972948	0.0048893464	0.024370582	0	0	0.016548463	0.031739211	0.040659341	0	0	0.026752385	0	0.0088672135	0.022771412	0	0	0.0048067554	0.0046059955	0	0	0.0093817657	0	0	0.017020697	0.0062373567	0.011562659	0	0	0.029727498	0.051647557	0	0	0.0061212302	0	0.014485981	0.082703138	0.012380013	0.00070274069	0.0038943653	0.039088905	0	0.0032599837	0	0.00039923347	0.0014789445	0.0016775005	0.0091432442	0.0089933993	0.015201265	0.00029952931	0	0	0.015039187	0.014204545	0	0	0.17488789	0.011173184	0.018181818	0	0	0.028252788	0.0051314945	0.01145346	0
g__Lachnospira	0	0	0	0	0	0	0	0	0	0	0	0	0	0	0	0	0	0	0	0	0	0	0	0	0	0	0	0	0	0	0	0	0	0	0	0	0	0	0	0	0	0	0	0	0	0	0	0	0	0	0	0	0	0	0	0	0	0	0	0	0	0	0	0	0	0	0	0	0	0	0	0	0	0	0	0	0	0.015760441	0	0	0	0	0	0	0	0	0	0	0	0	0	0	0	0	0	0	0	0	0	0	0	0	0	0	0	0	0	0	0	0	0	0	0	0	0	0	0	0	0	0	0	0	0	0	0	0	0	0	0	0	0	0	0	0	0	0	0	0	0	0	0	0	0	0	0	0	0	0	0	0	0	0	0	0	0	0	0	0	0	0	0	0
g__Lachnospiraceae_NK3A20_group	0	0	0	0	0	0	0	0	0	0	0	0	0	0	0	0	0	0	0	0	0	0	0	0	0	0	0	0	0	0	0	0	0	0	0	0	0	0	0	0	0	0	0	0	0	0	0	0	0	0	0	0	0	0	0	0	0	0	0	0	0	0	0	0	0	0	0	0	0	0	0	0	0	0	0	0	0	0	0	0	0.00330033	0	0	0	0	0	0	0	0	0	0	0	0	0	0	0	0	0	0	0	0	0	0	0	0	0	0	0	0	0	0	0	0	0	0	0	0	0	0	0	0	0	0	0	0	0	0	0	0	0	0	0	0	0	0	0	0	0	0	0	0	0	0	0	0	0	0	0	0	0	0	0	0	0	0	0	0	0	0	0	0	0
g__Lachnospiraceae_UCG-004	0	0	0	0	0	0	0	0	0	0	0	0	0	0	0	0	0	0	0	0	0	0	0	0	0	0	0	0	0	0	0	0	0	0	0	0	0	0	0	0	0	0	0	0	0	0	0	0	0	0	0	0	0	0	0	0	0	0	0	0	0	0	0	0	0	0	0	0	0	0	0	0	0	0	0	0	0	0.0047281324	0	0	0	0	0	0	0	0	0	0	0	0	0	0	0	0	0	0	0	0	0	0	0	0	0	0	0	0	0	0	0	0	0	0	0	0	0	0	0	0	0	0	0	0	0	0	0	0	0	0	0	0	0	0	0	0	0	0	0	0	0	0	0	0	0	0	0	0	0	0	0	0	0	0	0	0	0	0	0	0	0	0	0	0
g__Lacticaseibacillus	0	0	0	0	0	0	0	0	0	0	0	0	0	0	0	0	0	0	0	0	0	0	0	0	0	0	0	0	0	0	0	0	0	0	0	0	0	0	0	0	0	0	0	0.027619709	0	0	0	0	0	0	0	0	0	0	0.0018814675	0	0	0	0	0	0.00082850041	0	0	0	0	0	0	0	0	0	0	0	0	0	0	0.010614345	0	0	0	0	0	0	0.01071723	0	0	0	0	0	0	0	0	0	0	0	0	0.023644962	0	0	0	0	0	0	0	0	0	0	0	0.010161759	0	0	0	0	0	0	0	0	0	0	0	0	0	0	0	0	0	0	0	0	0	0	0	0	0	0	0	0	0	0	0	0	0	0	0	0	0	0	0	0	0	0	0	0	0	0	0	0	0	0	0	0	0	0
g__Lactobacillus	0	0	0	0	0	0	0	0	0	0	0	0	0	0	0	0	0	0	0	0	0	0	0	0	0.0066006601	0	0	0	0	0.0036402789	0	0	0	0	0	0	0	0	0	0	0	0	0	0.27730743	0	0	0	0	0	0	0	0	0	0	0.012699906	0	0.012790198	0	0	0	0.030930682	0	0.070237599	0	0.0018089725	0	0	0	0	0	0	0	0.0044652824	0	0	0.085879704	0	0	0	0	0	0	0.15430063	0	0	0	0	0	0	0	0	0	0	0	0	0.03746817	0	0	0	0	0	0	0	0	0	0	0	0.034909443	0	0.073154511	0	0	0	0	0	0.0039579468	0	0	0	0.022829006	0	0	0	0	0	0.01073493	0.00020659023	0	0	0	0	0	0	0	0	0	0	0	0	0	0	0	0	0	0	0	0	0	0.0098167539	0	0	0	0	0	0	0	0	0	0	0	0	0
g__Lancefieldella	0.0013767783	0.015208648	0.013555787	0	0	0	0	0	0	0	0.00077807556	0.0037009623	0	0	0	0	0	0.0031665611	0	0.0047031905	0	0	0	0	0	0	0	0	0	0	0	0	0	0	0	0	0.003765227	0	0	0	0	0	0.0014214641	0.014989591	0.0054384772	0	0.017610662	0	0	0	0	0	0	0	0.011759172	0	0	0	0.0010211897	0	0	0	0.039808253	0	0	0	0.0047018996	0	0	0	0	0	0.016298281	0	0.010408733	0.015117401	0	0	0	0	0	0	0.022808464	0	0	0.0052387914	0.018735363	0	0	0	0	0	0	0	0	0	0	0	0.00012866701	0	0	0	0	0	0	0	0	0	0	0.015074263	0	0	0	0	0	0	0	0	0	0	0.01293573	0.0055630479	0.013603129	0.012019231	0.00051546392	0	0.017560169	0	0	0.0013436847	0	0	0.0030571199	0	0	0	0	0	0	0	0	0	0	0	0	0	0.0032948224	0	0	0	0	0	0.0033240997	0	0	0	0	0	0	0	0.0038715922	0
g__Lautropia	0	0	0	0.0024400163	0	0.0094400343	0	0.040489773	0	0.0033157933	0.00034581136	0	0	0	0.006116208	0	0.026022305	0	0.0095403296	0	0	0	0	0	0	0	0	0	0	0	0	0	0	0	0	0	0	0	0	0.0050761421	0	0	0	0	0	0	0	0	0	0.00077459334	0.0013808687	0	0	0	0	0	0	0	0	0.0017408966	0	0	0	0.048353909	0	0	0.026142562	0	0	0	0	0	0	0	0.035795887	0	0	0	0.0046612803	0	0	0	0	0	0.0015704751	0.0023148148	0.004163414	0.0039633391	0.040544454	0.0088940449	0	0.011457261	0	0	0.055934516	0	0	0.0012838148	0	0.0045888627	0	0.03562912	0	0	0	0	0	0	0	0	0.0030588464	0.0020547141	0	0	0	0	0	0.0097025098	0	0	0.00068082789	0	0	0.055288462	0	0	0	0	0	0	0	0	0	0.001525074	0.040247876	0	0	0	0	0	0	0	0	0	0	0	0	0	0	0	0	0	0.0085872576	0	0	0	0	0	0	0.0041693393	0	0
g__Lawsonella	0	0	0	0	0	0	0	0	0	0.00093707201	0	0	0	0	0	0	0	0	0	0	0	0	0	0	0	0	0	0	0	0	0	0	0	0	0	0	0	0	0	0	0	0	0	0	0	0	0	0	0	0	0	0	0	0	0	0	0	0	0	0	0	0	0	0	0	0	0	0	0	0	0	0	0	0	0	0	0	0	0	0	0	0	0	0	0	0	0	0	0	0	0	0	0	0	0	0	0	0	0	0	0	0	0	0	0	0	0	0	0	0.0055420084	0	0	0	0	0	0	0	0.0011226044	0	0	0	0	0	0	0	0	0	0	0	0	0	0	0	0	0	0	0	0	0	0.00080590168	0	0	0	0	0	0	0	0	0	0	0	0	0	0	0	0	0	0	0	0	0	0
g__Legionella	0	0	0	0	0	0	0	0	0.009148487	0	0	0	0	0	0	0.00042194093	0	0	0	0	0	0	0	0	0	0	0	0	0	0	0	0	0	0	0	0	0	0	0	0	0	0	0	0	0	0	0	0	0	0	0	0	0	0	0	0	0.0021496131	0	0	0	0	0	0	0	0	0	0	0	0	0	0	0	0	0	0	0	0	0	0	0	0	0	0	0	0	0	0	0	0	0	0	0	0	0	0	0	0	0	0	0	0	0	0	0	0	0.0042987641	0	0	0	0.0037685657	0	0	0	0	0	0	0	0	0	0	0	0	0	0	0	0	0	0	0	0	0	0	0	0	0	0	0	0	0	0	0	0	0	0	0	0	0	0	0	0	0	0	0	0	0	0	0	0	0	0	0	0
g__Leifsonia	0	0	0	0	0	0	0	0	0	0	0	0	0	0	0	0	0	0	0	0	0	0	0	0	0	0	0	0	0	0	0	0	0	0	0	0	0	0	0	0	0	0	0	0	0	0	0	0	0	0	0	0	0	0	0	0	0	0	0	0	0	0	0	0	0	0	0	0	0	0	0	0	0	0	0	0	0	0	0	0	0	0	0	0	0	0	0	0	0	0	0	0	0	0	0	0	0	0	0	0	0	0	0	0	0	0	0	0	0	0	0.00048553117	0	0	0	0	0	0	0	0	0	0	0	0	0	0	0	0	0	0	0	0	0	0	0	0	0	0	0	0	0	0	0	0	0	0	0	0	0	0	0	0	0	0	0	0	0	0	0	0	0	0	0
g__Lentimicrobium	0	0.0051533434	0	0	0	0	0	0	0	0.028832985	0.00095098124	0.018504811	0	0	0	0	0	0.068081064	0	0.045315876	0.011891103	0.021384929	0.0010639713	0.18154169	0	0	0.19047619	0	0	0.0027173913	0	0	0.12607236	0.16044067	0	0	0	0.22255609	0	0	0	0	0	0	0	0.10501727	0	0.29017477	0	0	0	0	0	0.0030584937	0.0098777046	0.15963354	0.022570937	0	0.0021700281	0.0016683592	0	0.0016572176	0	0	0.0032561505	0	0	0	0	0	0	0	0	0.00043579314	0.00076161462	0	0	0	0	0	0	0.041991195	0.0026106073	0	0.0045805523	0	0.0046838407	0	0	0	0	0	0	0	0	0	0	0.0010545621	0	0	0	0.0070136064	0	0	0	0	0	0	0	0.0086455331	0.0069430957	0	0	0.0027281585	0.0021110813	0	0.042906358	0.0068158127	0	0	0	0.0021915037	0	0	0.014948454	0	0.00082636091	0	0	0	0	0	0.041673371	0	0	0	0	0	0.11158035	0	0	0.20277107	0.037324387	0	0.02549505	0	0.23641421	0	0	0.092141495	0.0085227273	0.0046821538	0	0.10762332	0.10428305	0	0.29426051	0.040447815	0	0	0	0
g__Leptotrichia	0	0	0.0020855057	0	0	0	0	0	0	0.21271535	0.032592721	0	0	0	0	0	0	0	0.0047701648	0	0	0	0.0014629605	0.00083901416	0	0.0021359223	0	0	0	0	0	0	0	0	0	0	0	0	0.068204614	0.10841189	0	0	0	0	0	0	0	0.032821824	0.0043191057	0.045184611	0	0	0	0.0017841213	0	0	0	0	0.0019147307	0	0.12501151	0.004448321	0	0	0	0	0	0	0	0	0	0	0	0	0	0.0030556449	0	0	0	0	0.002640264	0.20115137	0.0016488046	0	0	0.018153021	0.085349987	0	0	0	0	0	0	0	0	0	0	0	0	0	0	0	0	0.0017803426	0	0	0	0	0	0	0	0	0	0.0021435531	0	0	0	0	0	0	0.020969499	0	0.016663833	0	0	0	0.0093998554	0	0	0	0.027875034	0	0.043282381	0.003408989	0	0.023852988	0.037619398	0	0.0045195229	0	0	0	0	0.11767694	0.010561056	0.027848717	0	0	0	0.0057191273	0	0.0041419053	0	0	0	0	0	0.0012639942	0	0	0.0017744798	0
g__Leucobacter	0	0	0	0	0	0	0	0	0	0	0	0	0	0	0	0	0	0	0	0	0	0	0	0	0	0	0	0	0	0	0	0	0	0	0	0	0	0	0	0	0	0	0	0	0	0	0	0	0	0	0	0	0	0	0	0	0	0	0	0	0	0	0	0	0	0	0	0	0	0	0	0	0	0	0	0	0	0	0	0	0	0	0	0	0	0	0	0	0	0	0	0	0	0	0	0	0	0	0	0	0	0	0	0	0	0	0	0	0	0	0	0	0	0	0.00046059955	0	0.0053241466	0	0	0	0	0	0	0	0	0	0	0	0	0	0	0	0	0	0	0	0	0	0	0	0	0	0	0	0	0	0	0	0	0	0	0	0	0	0	0	0	0	0	0	0	0
g__Ligilactobacillus	0	0	0	0	0	0	0	0	0	0	0	0	0	0	0	0	0	0	0	0	0	0	0	0	0.003630363	0	0	0	0	0	0	0	0	0	0	0	0	0	0	0	0	0	0	0	0	0	0	0	0	0	0	0	0	0	0	0	0	0	0	0	0	0	0	0	0.00090448625	0	0	0	0	0	0	0	0	0	0	0.057735606	0	0	0	0	0	0	0	0	0	0	0	0	0	0	0	0	0	0	0	0	0	0	0	0	0	0	0	0.0014733869	0	0	0	0.16272639	0	0	0	0	0	0	0	0	0	0	0.03177513	0.028648165	0	0	0	0	0	0	0	0	0	0	0	0	0	0	0	0	0	0	0	0	0	0	0	0	0	0	0	0.00045628764	0	0	0	0	0	0	0	0	0	0	0	0	0	0
g__Limnohabitans	0	0	0	0	0	0	0	0	0.017593244	0	0	0	0	0	0	0	0	0.0022165928	0	0	0	0	0	0	0	0	0	0	0	0	0	0	0	0	0	0	0	0	0	0	0	0	0	0	0	0	0	0	0	0	0	0	0	0	0	0	0	0	0	0	0	0	0	0	0	0	0	0	0	0	0	0	0	0	0	0	0	0	0	0	0	0	0	0	0	0	0	0	0	0	0	0	0	0	0	0	0	0	0	0	0	0	0	0	0	0	0	0	0	0	0	0	0	0	0	0	0	0	0	0	0	0	0	0	0	0	0	0	0	0	0	0	0	0	0	0	0	0	0	0	0	0	0	0	0	0	0	0	0	0	0	0	0	0	0	0	0	0	0	0	0	0
g__Limosilactobacillus	0	0	0	0	0	0	0	0	0	0	0	0	0	0	0	0	0	0	0	0	0	0	0	0	0.00330033	0	0	0	0	0.0026661198	0	0	0	0	0.028499772	0	0	0	0	0	0	0	0	0.15863983	0	0	0	0	0	0	0	0	0	0	0.0079962371	0	0.017196905	0	0	0	0.0056153917	0	0.01146311	0	0.0048842258	0	0	0	0	0	0	0	0.06229069	0	0	0.038275973	0	0	0	0	0	0	0.10291289	0	0	0	0	0	0	0	0	0	0	0	0	0.023281193	0	0.024850986	0	0	0	0	0	0	0	0	0	0.015968478	0	0	0	0	0	0	0	0	0	0	0	0.010743062	0	0	0.0088420337	0	0	0.0066061107	0.0010329511	0	0	0	0	0	0	0	0.0003833131	0	0	0	0	0	0	0	0	0	0	0	0	0	0	0	0	0.0028813254	0	0	0	0	0	0	0	0	0	0
g__Listeria	0	0	0	0	0	0	0	0	0	0	0	0	0	0	0	0	0	0	0	0	0	0	0	0	0	0	0	0	0	0	0	0	0	0	0	0	0	0	0	0	0	0	0	0	0	0	0	0	0	0	0	0	0	0	0	0	0	0	0	0	0	0	0	0	0	0	0	0	0	0	0	0	0	0	0	0	0	0	0	0	0	0	0	0	0	0	0	0	0	0	0	0	0	0	0	0	0	0.0098120128	0	0	0	0	0	0	0	0	0	0	0	0	0	0	0	0	0	0	0	0	0	0	0	0	0	0	0	0	0	0	0	0	0	0	0	0	0	0	0	0	0	0	0	0	0	0	0	0	0	0	0	0	0	0	0	0	0	0	0	0	0	0	0	0
g__Luteimonas	0	0	0	0	0	0	0	0	0.025334272	0	0	0	0	0	0	0	0	0	0	0	0	0	0	0	0	0	0	0	0	0	0	0	0	0	0	0	0	0	0	0	0	0	0	0	0	0	0	0	0	0	0	0	0	0	0	0	0	0	0	0	0	0	0	0	0	0	0	0	0	0	0	0	0	0	0	0	0	0	0	0	0	0	0	0	0	0	0	0	0	0	0	0	0	0	0	0	0	0	0	0	0	0	0	0	0	0	0	0	0	0	0	0	0	0	0	0	0	0	0	0	0	0	0	0	0	0	0	0	0	0	0	0	0	0	0	0	0	0	0	0	0	0	0	0	0	0	0	0	0	0	0	0	0	0	0	0	0	0	0	0	0	0
g__Lysinibacillus	0	0	0	0	0	0	0	0	0	0	0	0	0	0	0	0	0	0	0	0	0	0	0	0	0	0	0	0	0	0	0	0	0	0	0	0	0	0	0	0	0	0	0	0	0	0	0	0	0	0	0	0	0	0	0	0	0	0	0	0	0	0	0	0	0	0	0	0	0	0	0	0	0	0	0	0	0	0	0	0	0	0.0050795801	0	0	0	0	0	0	0	0	0	0	0	0	0	0	0	0	0	0	0	0	0	0	0	0	0	0	0	0	0	0	0	0	0	0	0	0	0	0	0	0	0	0	0	0	0	0	0	0	0	0	0	0	0	0	0	0	0	0	0	0	0	0	0	0	0	0	0	0	0	0	0	0	0	0	0	0	0	0	0	0
g__Mediterraneibacter	0	0	0	0	0	0	0	0	0	0	0	0	0	0	0	0	0	0	0	0	0	0	0	0	0	0	0	0	0	0	0	0	0	0	0	0	0	0	0	0	0	0	0	0	0	0	0	0	0	0	0	0	0	0	0	0	0	0	0	0	0	0	0	0	0	0	0	0	0	0	0	0	0	0	0	0	0	0.014184397	0	0	0	0	0	0	0	0	0	0	0	0	0	0	0	0	0	0	0	0	0	0	0	0	0	0	0	0	0	0	0	0	0	0	0	0	0	0	0	0	0	0	0	0	0	0	0	0	0	0	0	0	0	0	0	0	0	0	0	0	0	0	0	0	0	0	0	0	0	0	0	0	0	0	0	0	0	0	0	0	0	0	0	0
g__Megamonas	0	0	0	0	0	0	0	0	0	0	0	0	0	0	0	0	0	0	0	0	0	0	0	0	0	0	0	0	0	0	0	0	0	0	0.0043319653	0	0	0	0	0	0	0	0	0	0	0	0	0	0	0	0	0	0	0	0	0	0	0	0	0	0	0	0	0	0	0	0	0.0047493404	0	0	0	0	0	0	0	0	0	0.018518519	0	0	0	0	0	0	0	0	0	0	0	0	0	0	0	0	0	0	0	0	0	0	0	0	0	0	0	0	0	0	0	0	0	0	0	0	0	0	0	0	0	0	0	0	0	0	0	0	0	0	0	0	0	0	0	0	0	0	0	0	0	0	0	0	0	0	0	0	0	0	0	0	0	0	0	0	0	0	0	0	0	0	0	0
g__Megasphaera	0	0.025515334	0.019395203	0	0	0	0	0.007374426	0	0.0023787213	0	0.010362694	0	0.0065493246	0.029969419	0.0082278481	0.0025860676	0	0	0	0	0.0038187373	0	0	0.031188119	0.007184466	0	0	0	0.0011279737	0	0	0	0	0.016415869	0	0	0	0	0.0023567803	0.0019605441	0	0	0.0049965302	0	0	0	0	0	0	0	0	0	0	0	0	0.015907137	0	0	0	0.0230139	0.00030527693	0	0	0.0025325615	0	0	0	0	0	0	0	0	0	0.0074892105	0	0	0	0.011808577	0	0	0	0.008931025	0	0	0.015107212	0.038771793	0	0	0	0	0	0	0.013857613	0.017053206	0.0083666788	0	0.00087116002	0.0030880082	0	0	0	0	0.021118546	0	0	0	0	0	0	0.0002913187	0	0	0.0017538162	0.0030322804	0	0	0.0083393473	0.0045829514	0	0.010620915	0	0.011902738	0	0	0.087530966	0.014151431	0	0	0	0	0	0	0.01892886	0	0	0	0.0019183029	0	0	0	0	0.0030055218	0	0	0	0.0098416774	0.0016426355	0	0	0	0	0	0	0.0017070143	0	0	0	0	0	0	0
g__Mesomycoplasma	0	0	0	0	0	0	0	0	0	0	0	0	0	0	0	0	0	0	0	0	0	0	0	0	0	0	0	0	0	0	0	0	0	0	0	0	0	0	0	0.00054387237	0	0	0	0	0	0	0	0	0	0	0	0	0	0	0	0	0	0	0	0	0	0	0	0	0	0	0	0	0	0	0	0	0	0	0	0	0	0	0	0	0	0	0	0	0	0	0	0	0	0	0	0	0	0	0	0	0	0	0	0	0	0	0	0	0	0	0	0	0	0	0	0	0	0	0	0	0	0	0	0	0	0	0	0	0	0	0	0	0	0	0	0	0	0	0	0	0	0	0	0	0	0	0	0	0	0	0	0	0	0	0	0	0	0	0	0	0	0	0	0	0	0
g__Methylophilus	0	0	0	0	0	0	0	0	0	0.0012254019	0	0	0	0	0	0	0	0	0	0	0	0	0	0	0	0	0	0	0	0	0	0	0	0	0	0	0	0	0	0	0	0	0	0	0	0	0	0	0	0	0	0	0	0	0	0	0	0	0	0	0	0	0	0	0	0.056547619	0	0	0	0	0	0	0	0	0	0	0	0	0	0	0	0	0	0	0	0	0	0	0	0	0	0	0	0	0	0	0	0	0	0	0	0.0037873475	0.015760441	0	0	0	0	0	0	0	0	0	0	0	0	0	0	0	0	0	0	0	0	0	0	0	0	0	0	0	0	0	0	0	0	0	0	0	0	0	0	0	0	0	0	0	0	0	0	0	0	0	0	0	0	0	0	0	0	0	0	0
g__Methylorubrum	0	0	0	0	0	0	0	0	0	0	0	0	0	0	0	0	0	0	0	0	0	0	0	0	0	0	0	0	0	0	0	0	0	0	0	0	0	0	0	0	0	0	0	0	0	0	0	0	0	0	0	0	0	0	0	0	0	0	0	0	0	0.0011338857	0	0	0	0.023809524	0	0	0	0	0	0	0	0	0	0	0	0	0	0	0	0	0	0	0	0	0	0	0	0	0	0	0	0	0	0	0	0	0	0	0	0	0	0	0	0	0	0	0	0	0	0	0	0	0	0	0	0	0	0	0	0	0	0	0	0	0	0	0	0	0	0	0	0	0	0	0	0	0	0	0	0	0	0	0	0	0	0	0	0	0	0	0	0	0	0	0	0	0	0	0	0
g__Methyloversatilis	0	0	0	0	0	0	0	0	0	0	0	0	0	0	0	0	0	0	0	0	0	0	0	0	0	0	0	0	0	0	0	0	0	0	0	0	0	0	0	0	0	0	0	0	0	0	0	0	0	0	0	0	0	0	0	0	0	0	0	0	0	0	0	0	0	0	0	0	0	0	0	0	0	0	0	0	0	0	0	0	0	0	0	0	0	0	0	0	0	0	0	0	0	0	0	0	0	0	0	0	0	0	0	0	0	0.0080601827	0	0	0	0	0	0	0	0	0	0	0	0	0	0	0	0	0	0	0	0	0	0	0	0	0	0	0	0	0	0	0	0	0	0	0	0	0	0	0	0	0	0	0	0	0	0	0	0	0	0	0	0	0	0	0	0
g__Mobiluncus	0	0	0	0	0	0	0	0	0	0	0	0	0	0	0	0	0	0	0	0	0	0.0015274949	0	0	0	0	0	0	0	0	0	0	0	0	0	0	0	0	0	0	0	0	0	0	0.079537729	0	0	0	0	0	0	0	0	0	0	0	0	0	0	0	0	0	0	0	0.00090448625	0	0	0	0	0	0	0	0	0	0	0	0	0	0	0	0	0	0	0	0	0	0.0046838407	0	0	0	0	0	0	0	0	0	0	0	0	0	0	0	0	0	0	0	0	0	0	0	0	0	0	0	0	0	0	0	0	0	0	0	0	0	0	0	0	0	0	0	0	0	0	0	0	0	0	0	0	0	0	0	0	0	0.00099009901	0	0	0	0	0	0	0	0	0	0	0	0	0	0	0	0	0
g__Mogibacterium	0	0.0022624434	0	0	0	0	0	0.0025045221	0	0.0027391336	0.0057923403	0.0096225019	0	0	0	0.0075949367	0	0.0060164661	0	0.0047667472	0.0006258475	0.011710794	0	0	0.0011551155	0	0	0	0.0032507111	0	0	0	0.0042894442	0	0.0063839489	0	0	0	0	0	0.00073520402	0	0	0.0022206801	0	0	0.0085673489	0	0	0	0	0.00061588996	0.0016323865	0	0	0	0	0	0	0	0.00055233361	0.00091583079	0	0.00064300412	0	0	0.00037615197	0	0	0	0	0	0.0069211878	0	0.0040619447	0	0	0	0.0018645121	0.002994012	0	0	0	0	0	0.0051169591	0	0.00099083478	0	0	0	0	0.010455564	0.0077949073	0.025920873	0	0	0.00032095369	0	0.002170408	0	0	0	0.0091472773	0	0	0	0	0	0.01950787	0.0026218683	0	0	0.0011042546	0.010171573	0	0	0	0.00076382524	0	0.0051742919	0.0069116655	0	0	0.00085910653	0	0.002685673	0	0	0.0043296506	0	0	0.00032180209	0.0088813134	0	0	0	0	0.0040749796	0.0053313496	0	0	0	0	0	0.00085127083	0.0019255456	0.00054754517	0	0.00063545859	0	0	0	0	0.0009310987	0	0.0080531765	0	0.0014869888	0.0027261065	0.00080658171	0.0096483433
g__Moraxella	0	0	0	0	0	0	0	0	0	0	0	0	0	0	0	0	0	0	0	0.00082623618	0	0	0	0	0	0	0	0	0	0	0	0	0	0	0	0	0	0	0	0	0	0	0	0	0	0	0	0	0	0	0	0	0	0	0	0	0	0	0	0	0	0	0	0	0	0	0	0	0	0	0	0	0	0	0	0	0	0	0	0	0	0	0	0	0	0	0	0	0	0	0	0	0	0	0	0	0	0	0	0	0	0	0	0	0	0	0	0	0	0	0	0	0	0	0	0	0	0	0	0	0	0	0	0	0	0	0	0	0	0	0	0	0	0	0	0	0	0	0	0	0	0	0	0	0	0	0	0	0	0	0	0	0	0	0	0	0	0	0	0	0	0
g__Morganella	0	0	0	0	0	0	0	0	0.023223082	0	0	0	0	0	0	0	0	0	0	0.00076267955	0	0	0	0	0	0	0	0	0	0	0	0	0	0	0	0	0	0	0	0	0	0	0	0	0	0	0	0	0	0	0	0	0	0	0	0	0	0	0	0	0	0	0.008336807	0	0	0	0	0	0.046979866	0	0	0	0	0.0026147589	0	0	0	0	0	0	0	0	0	0	0.36317236	0	0	0	0	0	0	0	0	0	0	0	0	0	0	0	0	0	0	0	0	0	0	0	0	0	0	0	0	0	0	0	0	0	0	0	0	0	0	0	0	0	0	0.77603166	0	0	0	0	0	0	0	0	0	0	0	0	0	0	0	0	0	0	0	0	0	0	0	0	0	0	0	0	0	0	0	0	0	0.16694173
g__Mycobacterium	0	0	0.0015641293	0	0	0	0	0	0	0	0	0	0	0	0	0	0	0	0	0	0	0	0	0	0	0	0	0	0	0	0	0	0	0	0	0	0	0	0	0	0	0	0	0	0	0	0	0	0	0	0	0	0	0	0	0	0	0	0	0	0	0	0	0	0	0	0	0	0	0	0	0	0	0	0	0	0	0	0	0	0	0	0	0	0	0	0	0	0	0	0	0	0	0	0	0	0	0	0	0	0	0	0	0	0	0	0	0	0	0	0	0	0	0	0	0	0	0	0	0	0	0	0	0	0	0	0	0	0	0	0	0	0	0	0	0	0	0	0	0	0	0	0	0	0	0	0	0	0	0	0	0	0	0	0	0	0	0	0	0	0	0
g__Mycoplasma	0	0.0080442433	0	0	0.017286652	0	0	0	0	0	0	0.008142117	0	0	0	0	0.0022628091	0	0	0.0043854074	0	0	0.033249102	0	0	0	0	0	0	0	0	0	0	0	0	0	0	0	0	0	0	0.0090361446	0	0	0.041876275	0	0	0.0025575448	0	0	0	0	0.015453259	0	0	0	0	0	0	0	0	0.0079372002	0	0.027520576	0.006512301	0	0.0031972917	0	0	0	0	0	0	0	0.00038080731	0	0.018209719	0	0	0	0.002970297	0	0.0019236054	0	0	0	0.0018214936	0	0	0	0	0.010298661	0	0.0012125411	0	0	0	0.0011462632	0	0.0034726529	0	0	0	0.0019645159	0	0	0.0041868187	0	0	0.0046552871	0.0032530588	0	0	0.0012991231	0	0.16338899	0	0	0	0	0	0.0015171949	0	0.058894231	0.0034364261	0	0	0	0.010935601	0	0	0.0028037383	0	0.00080739212	0.00025554207	0	0.00088170463	0.011622659	0.026746684	0.058086913	0	0.024597182	0.001467813	0	0.0014026403	0	0.014249037	0	0	0.0033891125	0	0.1437061	0.069252078	0	0	0	0.21296178	0.014626219	0	0.0011225144	0.0027423778	0
g__Mycoplasmopsis	0	0	0	0	0	0	0	0	0	0	0	0	0	0	0	0	0	0	0	0	0.066131219	0.053207739	0	0	0	0	0	0	0	0.0050246103	0	0	0	0	0	0	0	0	0	0	0	0	0	0	0	0	0	0	0	0	0	0	0.19980411	0	0	0	0	0	0	0.00021761207	0	0	0	0	0	0	0	0	0	0	0	0	0	0	0	0	0	0	0	0	0	0	0	0	0	0	0	0	0	0	0	0.0055355304	0	0	0	0	0	0	0	0	0	0	0	0	0	0	0	0	0	0	0	0	0	0	0.00072928262	0	0	0	0	0	0	0	0	0	0	0	0	0	0	0	0	0	0	0	0	0	0	0	0	0	0	0	0	0	0	0	0	0	0	0	0	0	0	0	0	0	0	0	0.0039033457	0	0	0
g__Neisseria	0.15614961	0.010180995	0.0037539103	0.018706791	0	0.04162197	0.28005284	0.30416029	0	0.094428026	0.04080574	0.0392302	0	0.2758903	0.050764526	0.08164557	0.11960562	0.014249525	0.31396357	0.0055929833	0	0.024949084	0.082989759	0	0.003960396	0.00058252427	0	0	0	0	0.10810422	0.205	0.016784782	0.15372926	0.028043776	0	0	0.015024038	0.0045135406	0.34608412	0.1271903	0.28689759	0.020966596	0	0.0055744392	0.085313833	0.029033793	0.0018115942	0.0080030488	0.046733798	0.10959076	0.036850749	0	0.016821715	0.060677328	0	0	0.075829384	0.053740107	0.026548673	0.065267422	0.00030527693	0.022509379	0.40534979	0.0037988423	0	0.19409441	0.026912929	0	0.19695613	0.013157895	0.55831099	0	0.033556072	0.10700685	0	0	0.046099291	0.14729646	0.023353293	0.11914191	0	0.0010992031	0.18634376	0.03402696	0.11427875	0.029924538	0.10304682	0.10802201	0.19914927	0.20541091	0.042610711	0.060492905	0.045037242	0	0	0.083793103	0.14282439	0.44653886	0.21474637	0	0.23523636	0.12450749	0.056234269	0.35164835	0.19613111	0.40547174	0	0.70980082	0.015517624	0.2305302	0.17024774	0.20315399	0.31159467	0.040839827	0	0	0.09518082	0.0032844485	0.013876455	0.23474946	0.021240728	0	0	0.0012027491	0	0.00061977068	0.0023742227	0.007290401	0	0.23336924	0.47698598	0	0.048353817	0.14661726	0.016185956	0	0.02516362	0	0.0073771	0.047029703	0.0025686931	0.059481373	0	0.11806931	0	0.0014120668	0.0031940135	0	0.015886465	0.0080492424	0	0	0.022421525	0.0024829299	0	0.031062252	0	0.0087360595	0.23107761	0.035973544	0
g__Neobacillus	0	0	0	0	0	0	0	0	0	0	0	0	0	0	0	0	0	0	0	0	0	0	0	0	0	0	0	0	0	0	0	0	0	0	0	0	0	0	0	0	0	0	0	0	0	0	0	0	0	0	0	0	0	0	0	0	0.0020421324	0	0	0	0	0	0	0	0	0	0	0	0	0	0	0	0	0	0	0	0	0	0	0	0	0	0	0	0	0	0	0	0	0	0	0	0	0	0	0	0	0	0	0	0	0	0	0	0	0	0	0	0	0	0	0	0	0	0	0	0	0	0	0	0	0	0	0	0	0	0	0	0	0	0	0	0	0	0	0	0	0	0	0	0	0	0	0	0	0	0	0	0	0	0	0	0	0	0	0	0	0	0	0	0	0
g__Niabella	0	0	0	0	0	0	0	0	0	0	0	0	0	0	0	0	0	0	0	0	0	0	0	0	0	0	0	0	0	0	0	0	0	0	0	0	0	0	0	0	0	0	0	0	0	0	0	0	0	0	0	0	0	0	0	0	0	0	0	0	0	0	0	0	0	0	0	0	0	0	0	0	0	0	0	0	0	0	0	0	0	0.002031832	0	0	0	0	0	0	0	0	0	0	0	0	0	0	0	0	0	0	0	0	0	0	0	0	0	0	0	0	0	0	0	0	0	0	0	0	0	0	0	0	0	0	0	0	0	0	0	0	0	0	0	0	0	0	0	0	0	0	0	0	0	0	0	0	0	0	0	0	0	0	0	0	0	0	0	0	0	0	0	0
g__Nitrosomonas	0	0	0.0055265902	0	0	0	0	0	0	0	0	0	0	0	0	0	0	0	0	0	0	0	0	0	0	0	0	0	0	0	0	0	0	0	0	0	0	0	0	0	0	0	0	0	0	0	0	0	0	0	0	0	0	0	0	0	0	0	0	0	0	0	0	0	0	0	0	0	0	0	0	0	0	0	0	0	0	0	0	0	0	0	0	0	0	0	0	0	0	0	0	0	0	0	0	0	0	0	0	0	0	0	0	0	0	0	0	0	0	0	0	0	0	0	0	0	0	0	0	0	0	0	0	0	0	0	0	0	0	0	0	0	0	0	0	0	0	0	0	0	0	0	0	0	0	0	0	0	0	0	0	0	0	0	0	0	0	0	0	0	0	0
g__Novosphingobium	0	0	0	0	0.0019693654	0	0	0	0	0	0	0	0	0	0	0	0	0	0	0	0	0	0	0	0	0	0	0	0	0	0	0	0	0	0	0	0	0	0	0	0	0	0	0	0	0	0	0	0	0	0	0	0	0	0	0	0	0	0	0	0	0	0	0	0	0	0	0	0	0	0	0	0	0	0	0	0	0	0	0	0	0	0	0	0	0	0	0	0	0	0	0	0	0	0	0	0	0	0	0	0	0	0	0	0	0	0	0	0	0	0	0	0	0	0	0	0	0	0.0026733883	0	0	0	0	0	0	0	0	0	0	0	0	0	0	0	0	0	0	0	0	0	0	0	0	0	0	0	0	0	0	0	0	0	0	0	0	0	0	0	0	0	0	0
g__Nubsella	0	0	0	0	0	0	0	0	0	0	0	0	0	0	0	0	0	0	0	0	0	0	0	0	0	0	0	0	0	0	0	0	0	0	0	0	0	0	0	0	0	0	0	0	0	0	0	0	0	0	0	0	0	0	0	0	0	0	0	0	0	0	0	0	0	0	0	0	0	0	0	0	0	0	0	0	0	0	0	0	0	0	0	0	0	0	0	0	0	0	0	0	0	0	0	0	0	0	0	0	0	0	0	0.0026398183	0	0	0	0	0	0	0	0	0	0	0	0	0	0	0	0	0	0	0	0	0	0	0	0	0	0	0	0	0	0	0	0	0	0	0	0	0	0	0	0	0	0	0	0	0	0	0	0	0	0	0	0	0	0	0	0	0	0
g__Odoribacter	0	0	0	0	0	0	0	0	0	0.00036041231	0	0	0	0	0	0	0	0	0	0.013219779	0	0	0	0	0	0	0	0	0	0	0	0	0	0	0	0	0	0	0	0	0	0	0	0	0	0	0	0	0	0	0	0	0	0	0	0	0	0	0	0.0005077615	0	0	0	0	0	0	0	0	0	0	0	0	0	0	0.0035542016	0	0.041432225	0	0	0	0.0069306931	0	0	0	0	0	0	0	0	0	0	0	0	0	0	0	0	0	0	0	0	0	0	0	0	0	0	0	0	0.0055420084	0	0	0	0	0	0	0	0.0011226044	0	0	0	0	0	0	0.024398625	0	0	0	0	0.0011943864	0	0	0	0	0	0	0	0	0	0	0	0	0	0	0	0	0	0	0	0	0	0	0	0	0	0	0	0	0	0	0	0
g__Olsenella	0	0	0.0026068822	0	0	0	0	0	0	0	0	0	0	0	0	0	0	0	0	0	0	0	0	0	0	0	0	0	0	0	0	0	0	0	0	0	0.0090808416	0	0	0	0	0	0	0	0	0	0	0	0	0	0	0	0	0	0	0	0	0	0	0	0	0	0	0	0	0	0	0	0	0	0	0	0	0	0.0011424219	0	0	0	0	0	0.00066006601	0	0	0	0	0	0	0	0	0	0	0	0	0	0	0	0	0	0	0	0	0.001122177	0	0	0	0	0	0	0	0	0	0	0	0	0	0	0	0	0	0	0	0	0	0	0	0	0	0	0	0	0	0	0	0	0	0	0	0	0	0	0	0	0	0	0	0	0	0	0	0	0	0	0.0016620499	0	0	0	0	0	0	0	0	0
g__Opitutus	0	0	0	0	0	0	0	0	0.0077410274	0	0	0	0	0	0	0	0	0	0	0	0	0	0	0	0	0	0	0	0	0	0	0	0	0	0	0	0	0	0	0	0	0	0	0	0	0	0	0	0	0	0	0	0	0	0	0	0	0	0	0	0	0	0	0	0	0	0	0	0	0	0	0	0	0	0	0	0	0	0	0	0	0	0	0	0	0	0	0	0	0	0	0	0	0	0	0	0	0	0	0	0	0	0	0	0	0	0	0	0	0	0	0	0	0	0	0	0	0	0	0	0	0	0	0	0	0	0	0	0	0	0	0	0	0	0	0	0	0	0	0	0	0	0	0	0	0	0	0	0	0	0	0	0	0	0	0	0	0	0	0	0	0
g__Oribacterium	0.02099587	0.0021367521	0.028258603	0	0.006345733	0.0006436387	0	0.010574649	0	0	0.00077807556	0	0	0.0028653295	0.0042813456	0.010970464	0.0095361241	0.0022165928	0	0.013664675	0	0.12958248	0	0	0.0041254125	0.0078640777	0	0	0.0025734796	0	0.0025910465	0	0	0	0.0072959416	0	0.024584718	0	0	0.0010877447	0.0022056121	0	0.0013030088	0.00097154754	0.0053025153	0	0	0	0	0	0	0.0022582632	0.0072913266	0.0016566841	0.0023518344	0.0088839534	0.012897678	0	0	0.0022486581	0.00092055602	0.00052333188	0	0	0.017185239	0.11309524	0.0067707354	0	0	0	0.0032894737	0	0.0026791695	0	0.038207667	0.0065937601	0	0	0.0037290242	0	0	0	0.001786205	0	0	0.014619883	0.022118137	0.0029725043	0.0055024616	0.017401392	0.005744464	0.010169928	0	0.022345401	0	0	0	0.00045850527	0.0019943387	0.012154285	0	0	0	0.0011050402	0.030769231	0	0	0	0	0.0070937708	0.0031559526	0.011565105	0	0.0029879831	0.0014201819	0.0029684601	0	0.0028866971	0	0	0.014297386	0.004888739	0.0091821119	0	0.0015463918	0.032204789	0.021072203	0	0.0036452005	0.0079128098	0	0	0	0.0046649323	0	0	0	0	0.00059272431	0.011282624	0.012775471	0.00023351755	0.0018871881	0	0	0	0.0092426187	0.0013688629	0	0	0.0028409091	0.001080497	0	0	0	0	0	0	0.0057620818	0.0035279025	0.0033876432	0
g__Ottowia	0	0	0	0	0	0	0	0	0	0	0	0	0	0	0	0	0	0	0	0.00057200966	0	0	0	0	0	0	0	0	0	0	0	0	0	0	0	0	0	0	0	0	0	0	0	0	0	0	0	0	0	0	0	0	0	0	0	0	0	0	0	0	0	0	0	0	0	0	0	0	0	0	0	0	0	0	0	0	0	0	0	0	0	0	0	0	0	0	0	0	0	0	0	0	0	0	0	0	0	0	0	0	0	0	0	0	0	0	0	0	0	0	0	0	0	0	0	0	0	0	0	0	0	0	0	0	0	0	0	0	0	0	0	0	0	0	0	0	0	0	0	0	0	0	0	0	0	0	0	0	0	0	0	0	0	0	0	0	0	0	0	0	0	0
g__Parabacteroides	0	0	0	0	0	0	0	0	0	0	0	0	0	0	0	0	0	0	0	0	0	0	0	0	0	0	0	0	0	0	0	0	0	0	0	0	0	0	0	0	0	0	0	0	0	0	0	0	0	0	0	0	0	0	0	0	0	0	0	0	0	0	0	0	0	0	0	0.012137203	0	0	0	0	0	0	0	0	0	0.0059101655	0	0	0	0	0	0	0	0	0	0	0	0	0	0	0	0	0	0	0	0	0	0	0.00049520037	0	0	0	0	0	0	0	0	0	0	0	0	0	0	0	0	0	0	0	0	0	0	0	0	0	0	0	0	0	0	0	0	0	0	0	0	0	0	0	0	0	0	0	0	0	0	0	0	0	0	0	0	0	0	0	0	0	0	0	0	0
g__Paracoccus	0	0	0	0	0	0	0	0	0	0	0	0	0	0	0	0	0	0	0	0	0	0	0	0	0	0	0	0	0	0	0	0	0	0	0	0	0	0	0	0.00054387237	0	0	0	0	0	0	0	0	0	0	0	0	0	0	0	0	0	0	0	0	0	0	0	0	0	0	0	0	0	0	0	0	0	0	0	0	0	0	0	0	0	0	0	0	0	0	0	0	0	0	0	0	0	0	0	0	0	0	0	0	7.6184672e-05	0	0	0	0	0	0	0	0	0	0	0	0	0	0	0	0	0	0	0	0	0	0	0	0	0	0	0	0	0	0	0	0	0	0	0	0	0	0	0	0	0	0	0	0	0	0	0	0	0	0	0	0	0	0	0	0	0	0	0	0	0
g__Parascardovia	0	0	0	0	0	0	0	0	0	0	0	0	0	0	0	0	0	0	0	0	0	0	0	0	0	0	0	0	0	0	0	0	0	0	0	0	0	0	0	0	0	0	0	0	0	0	0	0	0	0	0	0	0	0	0	0	0	0	0	0	0	0	0	0	0.0018089725	0	0	0	0	0	0	0	0	0	0	0	0	0	0	0	0	0	0	0	0	0	0	0	0	0	0	0	0	0	0	0	0	0	0	0	0	0	0	0	0	0	0	0	0	0	0	0	0	0	0	0	0	0	0	0	0	0	0	0	0	0	0	0	0	0	0	0	0	0	0	0	0	0	0	0	0	0	0	0	0	0	0	0	0	0	0	0	0	0	0	0	0	0	0	0	0	0
g__Parasutterella	0	0	0	0	0	0	0	0	0	0	0	0	0	0	0	0	0	0	0	0	0	0	0	0	0	0	0	0	0	0	0	0	0	0	0	0	0	0	0	0	0	0	0	0	0	0	0	0	0	0	0	0	0	0	0	0	0	0	0	0	0	0	0	0	0	0	0	0	0	0	0	0	0	0	0	0	0	0	0	0	0	0	0	0	0	0	0	0	0	0	0	0	0	0	0	0	0	0	0	0	0.00045710803	0	0	0	0	0	0	0	0	0	0	0	0	0	0	0	0	0	0	0	0	0	0	0	0	0	0	0	0	0	0	0	0	0	0	0	0	0	0	0	0	0	0	0	0	0	0	0	0	0	0	0	0	0	0	0	0	0	0	0	0	0
g__Parvimonas	0.0014915099	0.028908999	0	0	0.0076586433	0.0034327398	0	0.0083484068	0	0.0080011533	0.034235325	0.013323464	0.15295359	0.0049119935	0.0048929664	0.0016877637	0.021335057	0.086447118	0.0099739809	0.048684378	0	0.0094195519	0.0095757415	0.0024121657	0.011551155	0	0	0.015815085	0.021400515	0.0010254307	0.0069094573	0	0.074412533	0.010130429	0.031463748	0	0.10498339	0	0.013540622	0.0016316171	0	0.020783133	0.016939114	0.013879251	0.016451394	0.025391022	0	0	0.03175813	0	0.007532011	0.0012317799	0.0051148112	0.076080031	0.048918156	0.082176569	0.0060189166	0	0.03165688	0	0.00046027801	0.02468382	0.019383076	0.046039095	0.091714906	0	0.0031972917	0.0047493404	0.1090604	0.0080572963	0.023574561	0	0.25340478	0.013073794	0.012058898	0.015278225	0.03140665	0	0	0	0.01650165	0	0.02514427	0.0057181298	0.0098154692	0.0065789474	0	0.023284617	0	0	0.0082460854	0.0057929969	0.035847647	0.005369825	0.01159618	0	0	0.0011921137	0.0052753474	0.009425772	0	0.0088371441	0	0.017005341	0	0	0.0062080416	0.045071201	0	0.0086455331	0.011070111	0	0	0.0013640792	0	0.032282004	0.0078296273	0.0040894876	0.00099297281	0	0.029820261	0.020229265	0.0083319163	0.060096154	0.0054982818	0.019818332	0.0013428365	0.016732617	0	0.023738429	0	0.022313084	0.045052293	0.012738854	0.0024276497	0.056711695	0.061866275	0.029790115	0.029191672	0.028950468	0.0055094219	0.0063828131	0.040679388	0.0027091094	0	0.033077952	0.026786478	0	0	0.0048718492	0.031723485	0.00072033135	0.032132964	0	0.014276847	0.038636364	0.014955899	0.013181654	0.0033457249	0.0032071841	0.15325052	0.15957852
g__Paucibacter	0	0	0	0	0	0	0	0	0	0	0	0	0	0	0	0	0	0	0	0	0	0	0	0	0	0	0	0	0	0	0	0	0	0	0	0	0	0	0	0	0	0	0	0	0	0	0	0	0	0	0	0	0	0	0	0	0	0	0	0	0	0	0.0037515632	0	0	0	0	0	0	0	0	0	0	0	0	0	0	0	0	0	0	0	0	0	0	0	0	0	0	0	0	0	0	0	0	0	0	0	0	0	0	0	0	0	0	0	0	0	0	0	0	0	0	0	0	0	0	0	0	0	0	0	0	0	0	0	0	0	0	0	0	0	0	0	0	0	0	0	0	0	0	0	0	0	0	0	0	0	0	0	0	0	0	0	0	0	0	0	0	0	0	0
g__Pelosinus	0	0	0	0	0	0	0	0	0	0	0	0	0	0	0	0	0	0	0	0	0	0	0	0	0	0	0	0	0	0	0	0	0	0	0	0	0	0	0	0	0	0	0	0	0	0	0	0	0	0	0	0	0	0	0	0	0	0	0	0	0	0	0	0	0	0	0	0	0	0	0	0	0	0	0	0	0	0	0	0	0	0	0	0	0	0	0	0	0	0	0	0	0	0	0	0	0	0	0	0	0	0	0	0	0	0	0	0	0	0	0	0	0	0	0.00038383296	0	0	0	0	0	0	0	0	0	0	0	0	0	0	0	0	0	0	0	0	0	0	0	0	0	0	0	0	0	0	0	0	0	0	0	0	0	0	0	0	0	0	0	0	0	0	0
g__Pelospora	0	0	0	0	0	0	0	0	0	0	0	0	0	0	0	0	0	0	0	0	0	0	0	0	0	0	0	0	0	0	0	0	0	0	0	0	0	0	0	0	0	0	0	0	0	0	0	0	0	0	0	0	0	0	0	0	0	0	0	0	0	0	0	0	0	0	0	0	0	0	0	0	0	0	0	0	0	0	0	0	0	0	0	0	0	0	0	0	0	0	0	0	0	0	0	0	0	0	0	0	0	0	0	0	0	0	0	0	0	0.010640656	0	0	0	0	0	0	0	0.00088204635	0	0	0	0	0	0	0	0	0	0	0	0	0	0	0	0	0	0	0	0	0	0	0	0	0	0	0	0	0	0	0	0	0	0	0	0	0	0	0	0	0	0	0	0
g__Peptoanaerobacter	0	0.002513826	0	0	0	0	0	0	0	0.0005766597	0	0.0059215396	0	0	0	0	0.0033942137	0.010449652	0	0	0.0064670909	0	0	0.048453068	0	0	0.02764977	0	0	0.00056398687	0	0	0.016784782	0.016082056	0.0050159599	0	0	0	0	0	0	0	0	0.0051353227	0.013732155	0.026406663	0	0.020780051	0	0	0	0	0	0	0	0.020266519	0	0	0	0	0	0	0	0	0.00090448625	0	0	0	0	0	0	0	0.00066979236	0	0	0	0	0.017730496	0	0	0	0	0	0.002354524	0	0	0.0031225605	0	0	0	0	0	0	0	0	0	0	0.0049060064	0	0	0	0	0	0	0	0	0	0	0	0	0	0	0.0069573284	0.00077947386	0	0	0	0	0	0	0	0.0025286581	0.0088420337	0	0	0	0	0	0	0	0	0	0	0	0	0	0	0	0.053863822	0	0	0.013076983	0.00083875026	0	0	0	0.00064184852	0.0012776054	0	0	0.013257576	0.078516117	0	0	0.0099317194	0	0	0.0023474178	0	0	0	0
g__Peptococcus	0	0.0056561086	0	0.003253355	0	0	0	0.0029219424	0	0	0.0025935852	0	0	0	0.006116208	0.0080168776	0.0040407306	0.0072830906	0	0.00076267955	0.00093877125	0.0053462322	0.0073148025	0.0022024122	0	0	0	0	0.001354463	0	0.0035986757	0	0.0026109661	0.0017728251	0.0070679435	0	0	0.033353365	0.019558676	0	0	0	0.013859275	0	0.012100612	0.0026406663	0	0.01587809	0.021468496	0.0064549445	0	0	0	0.0017841213	0.015992474	0.0024986119	0.0044067068	0	0.030380393	0.0026838822	0	0.0096816398	0	0	0	0	0.0035734437	0	0	0	0	0	0	0.0092969204	0	0	0.011048593	0	0	0	0	0	0	0	0.00850674	0	0.004163414	0.0037156304	0	0	0	0	0	0.001039321	0	0	0	0	0	0.00099218653	0	0.0046289802	0	0.009515624	0	0	0.0044033783	0	0	0	0	0	0	0.0013640792	0	0	0.01597244	0	0	0	0.0012254902	0.0069116655	0.0023805475	0	0.00051546392	0	0	0	0	0.010301583	0.0048478319	0.016121495	0.014159292	0.0078047905	0	0	0	0	0.0064458769	0	0	0.002101658	0.0030055218	0.0044023027	0.00066006601	0	0.016730852	0	0	0.0023300148	0.0047348485	0	0	0	0.0077591558	0	0	0.0021668472	0.00074349442	0	0.0041942249	0.0010156151
g__Peptoniphilus	0	0	0	0	0	0	0	0	0.0056298381	0	0	0	0	0	0	0	0	0	0	0	0	0	0	0	0	0	0	0	0	0	0	0	0	0	0	0	0	0	0	0	0	0	0	0	0	0	0	0	0	0	0	0	0	0	0	0	0	0	0	0	0	0	0.0031263026	0	0	0	0	0	0	0	0	0	0	0	0	0	0	0	0	0	0	0	0	0	0	0	0	0	0	0	0	0	0	0	0	0	0	0	0	0	0	0	0	0	0	0	0	0.00034563805	0	0	0	0	0	0	0	0.0037105751	0	0	0	0.003133393	0	0	0	0	0	0	0	0	0	0	0	0	0	0	0	0	0	0	0	0	0	0	0	0	0	0	0.0029952931	0	0	0	0	0	0	0	0	0.025	0	0	0.050185874	0	0	0
g__Peptostreptococcus	0.021454796	0.010055304	0.0034410845	0	0	0.0023600086	0	0.010992069	0	0.0015858142	0.039854759	0.0044411547	0	0	0.006116208	0.016877637	0.0061419105	0.11177961	0.0039028621	0.034638363	0.00041723167	0.015274949	0.087910626	0.014368117	0	0.0042718447	0	0.0060827251	0.032778004	0.0011792453	0.010939974	0	0.055949273	0.01051032	0.0020519836	0	0.041860465	0.0049078526	0.012036108	0.0058013053	0	0	0.00059227671	0.0054129077	0.0082936778	0.025391022	0.0076154212	0.014279625	0.050940041	0.0073586367	0.0018830028	0.00051324163	0.14397649	0.08716707	0.0089369708	0.014714048	0.017626827	0	0.0035741639	0.004062092	0.0011967228	0.0075010903	0	0	0.028219971	0	0.0094037991	0.0052770449	0	0	0	0	0.0044652824	0.0092969204	0.0046966235	0.0046638791	0	0	0.019577377	0	0	0	0.0065952185	0.002354524	0.0037953147	0.0079191033	0.0059849076	0.018082735	0	0	0.0013897897	0.041194645	0.0089619119	0.0055430452	0	0	0.0072413793	0.0027510316	0.0024446732	0.0078134689	0	0.0021040819	0.012608353	0.0069371969	0	0	0.011694218	0.019355731	0	0.0070937708	0.023062731	0.0080427381	0.0078849722	0.0023384216	0.070318198	0.11119357	0.003445036	0.0061743244	0.0050412466	0.035810206	0.011029412	0.004045853	0.019214419	0	0.006185567	0	0	0	0	0.081367572	0.002962564	0.0093457944	0.026065969	0.0073562393	0.01111608	0.0037726664	0.058339456	0.009817197	0.038823442	0.044386585	0.28992335	0.0063049739	0.0035646886	0.025059262	0.025330033	0.048157607	0.024689773	0	0.022905759	0.0055073078	0.030776515	0.068971727	0	0	0.010862818	0	0.0094592867	0.0070422535	0.028996283	0.0075368826	0.030327472	0.031737971
g__Phaselicystis	0	0	0	0	0	0	0	0	0	0	0	0	0	0	0	0	0	0	0	0	0	0	0	0	0	0	0	0	0	0	0	0	0	0	0	0	0	0	0	0	0	0	0	0	0	0	0	0	0	0	0	0	0	0	0	0	0	0	0	0	0	0	0	0	0	0	0	0	0	0	0	0	0	0	0	0	0	0	0	0	0	0	0	0	0	0	0	0	0	0	0	0	0	0	0	0	0	0	0	0	0	0	0	0	0	0	0	0	0	0	0	0	0	0	0	0	0	0	0	0	0	0	0	0	0.0010309278	0	0	0	0	0	0	0	0	0	0	0	0	0	0	0	0	0	0	0	0	0	0	0	0	0	0	0	0	0	0	0	0	0	0	0	0	0
g__Phocaeicola	0	0.0016339869	0	0	0.03107221	0	0	0	0	0.0043970302	0	0.0088823094	0	0	0.0024464832	0	0	0	0	0.0068005593	0	0	0	0	0	0	0	0	0	0	0	0	0	0	0	0	0	0	0	0	0	0	0	0	0.00067980965	0	0	0	0	0	0	0	0.0025029927	0	0	0	0	0	0	0	0.00092055602	0	0	0.00038580247	0.0025325615	0	0.012413015	0	0	0	0	0.0036863271	0	0	0.0021579081	0	0	0	0	0	0.0095709571	0	0.001786205	0	0	0	0	0	0	0	0.0012044844	0.00090113285	0	0	0	0	0	0.00032095369	0	0	0	0	0	0	0	0	0	0	0	0.0062070494	0.00072829676	0	0	0	0	0.0012368584	0	0.0070563708	0	0	0	0.00724882	0	0	0.051718213	0	0	0	0	0.001492983	0	0	0	0	0	0	0	0	0	0.015374124	0	0	0	0	0	0	0	0	0	0	0.011363636	0	0	0	0	0	0.0014061102	0	0	0.00096215523	0.0043555412	0
g__Plesiomonas	0	0	0	0	0	0	0	0	0	0	0	0	0	0	0	0	0	0	0	0	0	0	0	0	0	0	0	0	0	0	0	0	0	0	0	0	0	0	0	0	0	0	0	0	0	0	0	0	0	0	0	0	0	0	0	0	0	0	0	0	0	0	0	0	0	0	0	0	0	0	0	0	0.0051350748	0	0	0	0	0	0	0	0	0	0	0	0	0	0	0	0	0	0	0	0	0	0	0	0	0	0	0	0	0	0	0	0	0	0	0	0	0	0	0	0	0	0	0	0	0	0	0	0	0	0	0	0	0	0	0	0	0	0	0	0	0	0	0	0	0	0	0	0	0	0	0	0	0	0	0	0	0	0	0	0	0	0	0	0	0	0	0	0	0
g__Polynucleobacter	0	0	0	0	0	0	0	0	0.014778325	0	0	0	0	0	0	0	0	0	0	0	0	0	0	0	0	0	0	0	0	0	0	0	0	0	0	0	0	0	0	0	0	0	0	0	0	0	0	0	0	0	0	0	0	0	0	0	0.00064488392	0	0	0	0	0	0	0	0	0	0	0	0	0	0	0	0	0	0	0	0	0	0	0	0	0	0	0	0	0	0	0	0	0	0	0	0	0	0	0	0	0	0	0	0	0	0	0	0	0	0	0	0	0	0	0	0	0	0	0	0	0	0	0	0	0	0	0	0	0	0	0	0	0	0	0	0	0	0	0	0	0	0	0	0	0	0	0	0	0	0	0	0	0	0	0	0	0	0	0	0	0	0	0	0	0
g__Porphyromonas	0.09912804	0.046128708	0.015745568	0.010573404	0	0.028534649	0.018494055	0.081118687	0	0.042816983	0.02680038	0.068837898	0	0.1473598	0.037308869	0.025527426	0.11491838	0	0.09019948	0.042201602	0.00250339	0.024949084	0.045617768	0.0052438385	0	0	0	0.21167883	0	0.0091263331	0.032532028	0	0.052405819	0.013549449	0.020975832	0	0	0.0075120192	0.073219659	0.045322698	0.001102806	0	0.044302298	0	0.081305235	0.03006297	0.11565921	0.00085251492	0.098196138	0.085850762	0.01393422	0.004721823	0.0048971596	0	0.084195673	0.0016657413	0.0042992261	0.08056872	0.17921879	0.028797331	0.045935745	0.025337985	0.026677782	0.013631687	0.15683792	0	0.080308445	0.0047493404	0	0.046553268	0.016447368	0.020274799	0.0040187542	0.015398024	0.043158162	0	0.31897698	0.053979511	0.10658794	0	0.012871287	0	0	0.054826774	0.010077215	0.048001949	0.0080666146	0.088184295	0.023747466	0.0030935808	0.038728806	0.0079814624	0.31366692	0.0067555864	0	0	0.08137931	0.063182027	0.04516212	0.049051222	0.00022855401	0.058212933	0.051221434	0.15967831	0.032967033	0.028479312	0.072475276	0	0	0.28729772	0.066469217	0.002524363	0.10760668	0.088795063	0.019537097	0.0056895485	0.080488569	0.076818218	0.040329973	0	0.04003268	0.18442347	0.0088420337	0.013221154	0.30257732	0	0.0060944117	0	0.0060753341	0.036727381	0.014408834	0.01588785	0	0.076881672	0.025298665	0.025191676	0	0.039607312	0.086167296	0.18455148	0	0.056744765	0.06947648	0.11564511	0.028217822	0.049373708	0.00089858793	0.0093995255	0	0.0076255031	0.18892045	0	0.0066481994	0.067264574	0.012725016	0.072727273	0.0054966126	0.030516432	0	0.064143682	0.0058073883	0.0062206424
g__Prevotella	0.1099128	0.20977878	0.044212722	0.067507117	0.0015317287	0.011156404	0.1994716	0.034228468	0	0.021696821	0.0090775482	0.073279053	0	0.019647974	0.14434251	0.26413502	0.040892193	0.092780241	0.027320035	0.035273929	0.020340044	0.08299389	0.12913951	0.016360776	0.49323432	0.026990291	0.023041475	0	0.15278342	0.0093314192	0.0063336692	0	0.070496084	0.018614664	0.023027816	0.0039215686	0.21439646	0.0033052885	0.06218656	0.014684554	0.14140424	0.0063253012	0.073205402	0.13407356	0.11611149	0.033313021	0.056639695	0.0066069906	0.045223577	0.023495998	0.0081596786	0.00061588996	0.17575362	0.14158277	0.01364064	0.011104942	0.12693465	0.24170616	0.029869798	0.094080952	0.084414987	0.013693851	0.0089620675	0.0025720165	0.022250362	0	0.01636261	0.025329815	0	0.071620412	0.055921053	0	0.00066979236	0.027600232	0.062452399	0.054197491	0	0.011032309	0.10627719	0.056287425	0.031353135	0	0.23646606	0.049108644	0.0057584086	0.17166179	0.2490242	0.030963587	0.0020272227	0.089713844	0.0018530529	0.19799176	0.011949216	0.20994284	0.22442019	0.036376864	0.13482759	0.055387437	0.058286155	0.15261069	0.0070089898	0.018515921	0.15524035	0.087114003	0.082417582	0.090811392	0.012127337	0.053159132	0.0015801073	0.049434715	0.1931443	0.22883644	0.008812616	0.072491069	0.11311557	0.0025974026	0.01597244	0.085558496	0.099450046	0.006266786	0.11492375	0.03202967	0.040469308	0.10456731	0.0079037801	0.094137077	0.21722963	0	0	0.048671245	0	0.0086448598	0.12566372	0.094375168	0.012713218	0	0.029096253	0.028210336	0.044306142	0.30109727	0.43987544	0.0045146727	0.02984553	0.01540806	0.020132013	0.30852487	0.13804022	0.020532944	0	0.027324719	0.0071022727	0.022330272	0.12686981	0	0.026691496	0.37045455	0.00063914099	0	0.26356877	0.035118666	0.14324891	0.020693157
g__Prosthecobacter	0	0	0	0	0	0	0	0	0.009148487	0	0	0	0	0	0	0	0	0	0	0	0	0	0	0	0	0	0	0	0	0	0	0	0	0	0	0	0	0	0	0	0	0	0	0	0	0	0	0	0	0	0	0	0	0	0	0	0	0	0	0	0	0	0	0	0	0	0	0	0	0	0	0	0	0	0	0	0	0	0	0	0	0	0	0	0	0	0	0	0	0	0	0	0	0	0	0	0	0	0	0	0	0	0	0	0	0	0	0	0	0	0	0	0	0	0	0	0	0	0	0	0	0	0	0	0	0	0	0	0	0	0	0	0	0	0	0	0	0	0	0	0	0	0	0	0	0	0	0	0	0	0	0	0	0	0	0	0	0	0	0	0	0
g__Proteiniphilum	0	0	0	0	0	0	0	0	0	0	0	0	0	0	0	0	0	0	0	0	0	0	0	0	0	0	0	0	0	0	0	0	0	0	0	0	0	0	0	0	0	0	0	0	0	0	0	0	0	0	0	0	0	0	0	0	0	0	0	0	0	0	0	0	0	0	0	0	0	0	0	0	0	0	0	0	0.0045012788	0	0	0	0	0	0	0	0	0	0	0	0	0	0	0	0	0	0	0	0	0	0	0	0	0	0	0	0	0	0	0	0	0	0	0	0	0	0	0	0	0	0	0	0	0	0	0	0	0	0	0	0	0	0	0	0	0	0	0	0	0	0	0	0	0	0	0	0	0	0	0	0	0	0	0	0	0	0	0	0	0	0	0	0	0
g__Pseudaeromonas	0	0	0	0	0	0	0	0	0	0	0	0	0	0	0	0	0	0	0	0	0	0	0	0	0	0	0	0	0	0	0	0	0	0	0	0	0	0	0	0	0	0	0	0	0	0	0	0	0	0	0	0	0	0	0	0	0	0	0	0	0	0	0	0	0	0	0	0	0	0	0	0	0	0	0	0	0	0	0	0	0	0	0	0	0	0	0	0	0	0	0	0	0	0	0	0	0	0	0	0	0	0	0	0.00036834674	0	0	0	0	0	0	0	0	0	0	0	0	0	0	0	0	0	0	0	0	0	0	0	0	0	0	0	0	0	0	0	0	0	0	0	0	0	0	0	0	0	0	0	0	0	0	0	0	0	0	0	0	0	0	0	0	0	0
g__Pseudoleptotrichia	0	0	0.014285714	0	0	0	0.010568032	0	0	0.010091545	0.0072620386	0	0	0	0	0	0.00032325845	0	0	0	0	0.0030549898	0	0	0	0.00038834951	0	0	0	0.00041017227	0.047358572	0	0	0.0094972774	0	0.088888889	0.0095238095	0	0	0.0088832487	0	0	0.059109216	0	0	0	0.019990481	0	0.003429878	0.00038729667	0.026110972	0	0	0	0	0	0	0	0.0044677049	0	0	0.0025730484	0	0	0.000723589	0	0	0	0	0.039391226	0	0.0060321716	0	0.020918071	0.0035542016	0	0	0	0	0	0	0	0	0	0	0.00097465887	0	0	0.0026064292	0	0	0	0	0.080027715	0	0	0	0.0034846401	0	0.0019223614	0	0.015289662	0.0063041765	0	0	0	0	0	0	0	0	0	0	0.00168886	0	0	0	0.0068959987	0	0	0	0.0033715442	0.015133481	0	0	0	0.016940399	0	0	0	0.003770536	0.00035046729	0	0	0.030281735	0	0	0	0	0	0.00095816033	0.00031135674	0	0	0	0	0	0	0	0	0	0	0	0	0	0	0	0	0	0.0017639513	0	0
g__Pseudolysobacter	0	0	0	0	0	0	0	0	0	0	0	0	0	0	0	0	0	0	0	0	0	0	0	0	0	0	0	0	0	0	0	0	0	0	0	0	0	0	0	0	0	0	0	0	0	0	0	0	0	0	0	0	0	0	0	0	0	0	0	0	0	0	0	0	0	0	0	0	0	0	0	0	0	0	0	0	0	0	0	0	0	0.0023704707	0	0	0	0	0	0	0	0	0	0	0	0	0	0	0	0	0	0	0	0	0	0	0	0	0	0	0	0	0	0	0	0	0	0	0	0	0	0	0	0	0	0	0	0	0	0	0	0	0	0	0	0	0	0	0	0	0	0	0	0	0	0	0	0	0	0	0	0	0	0	0	0	0	0	0	0	0	0	0	0
g__Pseudomonas	0	0	0	0	0	0	0	0	0.023223082	0	0	0	0	0	0	0	0	0	0	0.031015635	0	0	0	0.0015731515	0.12854785	0	0	0	0	0.14299631	0.096300561	0	0	0	0	0	0	0	0	0	0	0.22078313	0	0	0	0	0	0	0.0010162602	0	0.01104695	0	0	0	0	0	0.00032244196	0	0	0	0	0.00030527693	0	0	0	0	0	0	0.030201342	0	0	0	0	0	0	0	0	0	0	0	0.0052805281	0	0	0	0	0	0	0	0	0	0.00027795794	0	0	0	0.019099591	0.020007275	0	0	0	0	0	0	0	0	0	0	0	0	0	0	0	0	0	0	0	0	0	0	0	0	0	0	0	0	0	0	0	0.0014697569	0	0	0	0	0	0	0	0	0	0.11882194	0	0	0	0	0.0010484378	0	0	0	0	0	0	0	0	0	0	0	0	0	0	0	0	0	0	0.0025390377
g__Pseudoprevotella	0	0	0	0	0	0	0	0	0	0	0	0	0	0	0	0	0	0	0	0	0	0	0	0	0	0	0	0	0	0	0	0	0	0	0	0	0	0	0	0	0	0	0	0	0	0	0	0	0	0	0	0	0	0	0	0	0	0	0	0	0	0	0	0	0	0	0	0.0036939314	0	0	0	0	0	0	0	0	0	0	0	0	0	0	0	0	0	0	0	0	0	0	0	0	0	0	0	0	0	0	0	0	0	0	0	0	0	0	0	0	0	0	0	0	0	0	0	0	0	0	0	0	0	0	0	0	0	0	0	0	0	0	0	0	0	0	0	0	0	0	0	0	0	0	0	0	0	0	0	0	0	0	0	0	0	0	0	0	0	0	0	0	0	0
g__Pseudoramibacter	0	0	0	0	0.0019693654	0	0	0	0	0	0	0	0	0	0	0	0	0.0034832172	0	0.010995297	0	0	0	0	0	0	0	0	0	0	0	0	0	0	0	0	0.0011074197	0	0	0	0	0	0	0	0	0	0	0	0	0	0	0	0	0	0.029633114	0.0019433648	0.0039767842	0	0	0	0	0	0	0	0	0	0	0	0	0	0	0	0	0	0.0017771008	0	0	0	0	0	0	0	0	0	0	0	0	0	0	0	0	0	0	0	0	0	0	0	0	0	0	0	0	0	0	0	0	0	0	0.0044336067	0	0	0	0	0	0.0014842301	0	0	0	0	0	0	0	0	0	0	0	0	0	0.0022394745	0	0	0	0	0	0	0	0	0	0	0	0	0	0	0	0	0	0	0	0	0	0	0	0	0	0	0	0	0	0.001603592	0	0
g__Pseudoxanthomonas	0	0	0	0	0	0	0	0	0	0	0	0	0	0	0	0	0	0	0	0	0	0	0	0	0	0	0	0	0	0	0	0	0	0	0	0	0	0	0	0	0	0	0	0	0	0	0	0	0	0	0	0	0	0	0	0	0	0	0	0	0	0	0	0	0	0	0	0	0	0	0	0	0	0	0	0	0	0	0	0	0	0	0	0	0	0	0	0	0	0	0	0	0	0	0	0	0	0	0	0	0	0	0	0	0	0	0	0	0	0	0	0	0	0	0	0	0	0	0	0	0	0	0	0	0	0	0	0	0	0	0	0	0	0	0	0	0	0	0	0	0	0	0	0	0	0	0.00038510911	0	0	0	0	0	0	0	0	0	0	0	0	0	0	0
g__Pyramidobacter	0	0	0.0020855057	0	0.020350109	0	0	0	0	0	0	0	0	0	0	0	0.00064651689	0	0	0	0	0	0	0	0	0	0	0	0	0	0	0	0	0	0	0	0	0	0	0	0	0	0	0	0	0	0	0	0	0	0	0	0.00097943193	0	0	0	0	0	0	0	0	0	0	0	0	0	0	0	0	0	0	0	0	0	0	0	0	0	0	0	0	0	0	0	0	0	0	0	0	0	0	0	0	0	0	0	0	0	0	0	0	0.0015429934	0	0	0	0	0	0	0	0	0	0	0	0	0	0	0	0	0	0	0	0	0	0	0	0	0	0	0	0	0	0	0	0	0	0	0	0	0	0.017915814	0	0	0	0	0	0	0	0	0	0	0	0	0	0	0	0	0	0	0	0	0	0
g__Ralstonia	0	0	0	0	0	0	0	0	0	0	0	0	0	0	0	0	0	0	0	0	0	0	0	0	0	0	0	0	0	0	0	0	0	0	0	0	0	0	0	0	0	0	0	0	0	0	0	0	0	0	0	0	0	0	0	0	0.00096732588	0	0	0	0	0	0	0	0	0	0	0	0	0	0	0.0031836461	0	0	0	0	0	0	0	0	0	0	0	0	0	0	0	0	0	0	0	0	0	0	0	0.0043652237	0	0	0.00019300051	0	0	0	0	0	0	0	0	0	0	0.0044336067	0	0	0	0	0	0	0	0	0	0	0	0	0	0	0	0	0	0	0	0	0	0	0	0	0	0	0	0	0	0	0	0	0	0	0	0	0	0	0	0	0	0	0	0	0	0	0	0	0	0	0	0
g__Rhizorhabdus	0	0	0	0	0	0	0	0	0	0	0	0	0	0	0	0	0	0	0	0	0	0	0	0	0	0	0	0	0	0	0	0	0	0	0	0	0	0	0	0	0	0	0	0	0	0	0	0	0	0	0	0	0	0	0	0	0	0	0	0	0	0	0	0	0	0	0	0	0	0	0	0	0	0	0	0	0	0	0	0	0	0	0	0	0	0	0	0	0	0	0	0	0	0	0	0	0	0	0	0	0	0	0	0	0	0	0	0	0	0.01285746	0	0	0	0	0	0	0	0	0	0	0	0	0	0	0	0	0	0	0	0	0	0	0	0	0	0	0	0	0	0	0	0	0	0	0	0	0	0	0	0	0	0	0	0	0	0	0	0	0	0	0	0
g__Rhodanobacter	0	0	0	0	0	0	0	0	0	0	0	0	0	0	0	0	0	0	0	0	0	0	0	0	0	0	0	0	0	0	0	0	0	0	0	0	0	0	0	0	0	0	0	0	0	0	0	0	0	0	0	0	0	0	0	0	0	0	0	0	0	0	0	0	0	0	0	0	0	0	0	0	0	0	0	0	0	0	0	0	0	0	0	0	0	0	0	0	0	0	0	0	0	0	0	0	0	0	0	0	0	0	0	0	0	0	0	0	0	0	0	0	0	0	0	0	0	0	0.00076382524	0	0	0	0	0	0	0	0	0	0	0	0	0	0	0	0	0	0	0	0	0	0	0	0	0	0	0	0	0	0	0	0	0	0	0	0	0	0	0	0	0	0	0
g__Rhodoluna	0	0	0	0	0	0	0	0	0.012667136	0	0	0	0	0	0	0	0	0	0	0	0	0	0	0	0	0	0	0	0	0	0	0	0	0	0	0	0	0	0	0	0	0	0	0	0	0	0	0	0	0	0	0	0	0	0	0	0	0	0	0	0	0	0	0	0	0	0	0	0	0	0	0	0	0	0	0	0	0	0	0	0	0	0	0	0	0	0	0	0	0	0	0	0	0	0	0	0	0	0	0	0	0	0	0	0	0	0	0	0	0	0	0	0	0	0	0	0	0	0	0	0	0	0	0	0	0	0	0	0	0	0	0	0	0	0	0	0	0	0	0	0	0	0	0	0	0	0	0	0	0	0	0	0	0	0	0	0	0	0	0	0	0
g__Rikenellaceae_RC9_gut_group	0	0.0017596782	0	0	0	0	0	0	0	0.0051899373	0.0025071324	0	0	0	0	0	0	0	0	0.020083895	0.003755085	0	0	0	0	0	0	0	0	0.00051271534	0	0	0	0	0	0	0	0.0025040064	0	0	0	0	0.0015399195	0	0	0.0010156409	0	0	0	0	0	0.00041059331	0.035912504	0.00076462342	0	0	0	0	0	0.0013782098	0	0	0	0	0	0	0.0011284559	0	0	0	0	0	0	0	0	0	0	0	0	0	0.035313531	0	0.00068700192	0	0	0	0	0	0	0	0.00055591587	0.0037332647	0	0	0	0	0	0.00018340211	0	0	0	0.001122177	0	0	0	0	0	0	0	0.015295943	0	0	0	0.00084443001	0.0017272483	0	0	0	0	0	0	0.004045853	0.0040809386	0	0.0046391753	0	0	0	0	0.011048074	0	0	0	0	0	0.00097359134	0	0	0.00088908646	0	0	0.026543162	0.0020269798	0	0.001320132	0	0	0	0	0	0.0018939394	0.019448947	0	0	0	0	0.0005113128	0	0	0	0	0
g__Romboutsia	0	0	0	0	0	0	0	0	0	0	0	0.008142117	0	0	0.006116208	0	0	0.0012666244	0	0	0	0	0	0	0	0	0	0	0	0	0	0	0	0	0	0	0	0	0	0	0	0	0	0	0	0	0	0	0	0	0	0	0	0	0	0	0	0	0	0	0	0	0	0	0	0	0	0	0	0	0	0	0	0	0	0	0	0	0	0	0	0	0	0	0	0	0	0	0	0	0	0	0	0	0	0	0	0	0	0	0.00045710803	0	0	0	0	0	0	0	0	0	0	0	0	0	0	0	0	0	0	0	0	0	0	0	0	0	0	0	0	0	0	0	0	0	0	0	0	0	0	0	0	0	0	0	0	0	0	0	0	0	0	0	0	0	0	0	0	0	0	0	0	0
g__Roseburia	0	0	0	0	0	0	0	0	0	0	0	0	0	0	0	0	0	0	0	0	0.0074058621	0	0	0	0	0	0	0	0	0	0	0	0	0	0.003875969	0	0	0	0	0.00054387237	0	0	0	0	0	0	0	0	0	0	0	0	0	0	0	0	0	0	0	0	0	0	0	0	0	0	0	0.0052770449	0	0	0	0	0	0	0	0	0	0.035460993	0	0	0	0	0	0	0	0	0	0	0	0	0	0	0	0	0	0	0	0	0	0	0	0	0	0	0	0	0	0	0	0	0	0	0	0	0.0015353318	0	0	0	0	0	0	0	0	0	0	0	0	0	0	0	0	0	0	0	0	0	0	0	0.010891309	0	0	0	0	0	0	0	0	0	0	0	0	0	0	0	0	0	0	0	0	0	0	0
g__Roseimarinus	0	0	0	0	0	0	0	0	0	0	0	0	0	0	0	0	0	0	0	0	0	0	0	0	0	0	0	0	0	0	0	0	0	0	0	0	0	0	0	0	0	0	0	0	0	0	0	0	0	0	0	0	0	0	0	0	0	0	0	0	0	0	0	0	0	0	0	0	0	0	0	0	0	0	0	0	0	0	0	0	0	0	0	0	0	0	0	0	0	0	0	0	0	0	0	0	0	0	0	0	0	0	0	0	0	0.0059108006	0	0	0	0	0	0	0	0	0	0	0	0	0	0	0	0	0	0	0	0	0	0	0	0	0	0	0	0	0	0	0	0	0	0	0	0	0	0	0	0	0	0	0	0	0	0	0	0	0	0	0	0	0	0	0	0
g__Roseomonas	0	0	0	0	0	0	0	0	0	0	0	0	0	0	0	0	0	0	0	0	0	0	0	0	0	0	0	0	0	0	0	0	0	0	0	0	0	0	0	0	0	0	0	0	0	0	0	0	0	0	0	0	0	0	0	0	0	0	0	0	0	0	0	0	0	0	0	0	0	0	0	0	0	0	0	0	0	0	0	0	0	0	0	0	0	0	0	0	0	0	0	0	0	0	0	0	0.0051724138	0	0	0	0	0	0	0	0	0	0	0	0	0	0	0	0	0	0	0	0	0	0	0	0	0	0	0	0	0	0	0	0	0	0	0	0	0	0	0	0	0	0	0	0	0	0	0	0	0	0	0	0	0	0	0	0	0	0	0	0	0	0	0	0	0
g__Rothia	0.01353832	0.009552539	0.0076120959	0.018300122	0	0	0	0.003617643	0	0.0056945145	0	0	0.17827004	0.013917315	0.011009174	0.00907173	0.0046872475	0	0.0091066782	0	0.00052153958	0.0073828921	0	0	0.002970297	0	0	0.0085158151	0	0.00051271534	0.0043184108	0	0	0	0.012083903	0	0	0	0	0.0067077592	0.059919128	0	0.0042643923	0	0.0012236574	0.0075157424	0	0	0.0011432927	0.0014200878	0.00062766759	0	0	0.0035682426	0.0056444026	0	0.0054815133	0.056872038	0.0051059484	0.0039170173	0.029457793	0.0045791539	0	0	0	0	0.031972917	0	0	0	0	0	0.016521545	0	0.015105357	0.0040205854	0	0	0.0077688005	0.059281437	0	0.17473756	0.0026106073	0.083417423	0	0.0020711501	0	0.025018578	0.017086591	0.030549111	0	0	0.02613891	0	0	0.23135686	0.013103448	0	0.019107051	0.0017983381	0.00034283102	0.0095385047	0.063829787	0	0.018681319	0.029016658	0	0.0076731647	8.3163541e-05	0	0	0	0	0.0060409224	0	0	0	0.02565953	0.024977085	0.080572963	0.024101307	0.021240728	0	0	0	0.061106524	0.032537961	0	0	0	0	0.033878505	0	0	0.012457676	0	0	0	0	0	0	0	0.0011183337	0.0023704707	0	0	0	0.44935207	0.0065445026	0	0	0	0	0	0.0012414649	0	0	0	0	0.0083386786	0	0
g__Ruminococcus	0	0	0	0	0	0	0	0	0	0	0	0	0	0	0	0	0	0	0	0	0	0	0	0	0	0	0	0	0	0	0	0	0	0	0	0	0	0	0	0	0	0	0	0	0	0	0	0	0	0	0	0	0	0	0	0	0	0	0	0	0	0	0	0	0	0	0	0	0	0	0	0	0	0	0	0	0	0.038613081	0	0	0	0	0	0	0	0	0	0	0	0	0	0	0	0	0	0	0	0	0	0	0	0	0	0	0	0	0	0	0	0	0	0	0	0	0	0	0	0	0	0	0	0	0	0	0	0	0	0	0	0	0	0	0	0	0	0	0	0	0	0	0	0	0	0	0	0	0	0	0	0	0	0	0	0	0	0	0	0	0	0	0	0
g__Ruthenibacterium	0	0	0	0	0	0	0	0	0	0	0	0	0	0	0	0	0	0	0	0	0	0	0	0	0	0	0	0	0	0	0	0	0	0	0	0	0	0	0	0	0	0	0	0	0	0	0	0	0	0	0	0	0	0	0	0	0	0	0	0	0	0	0	0	0	0	0	0.0015831135	0	0	0	0	0	0	0	0	0	0	0	0	0	0	0	0	0	0	0	0	0	0	0	0	0	0	0	0	0	0	0	0	0	0	0	0	0	0	0	0	0	0	0	0	0	0	0	0	0	0	0	0	0	0	0	0	0	0	0	0	0	0	0	0	0	0	0	0	0	0	0	0	0	0	0	0	0	0	0	0	0	0	0	0	0	0	0	0	0	0	0	0	0	0
g__SH3-11	0	0	0	0	0	0	0	0	0.0084447572	0	0	0	0	0	0	0	0	0	0	0	0	0	0	0	0	0	0	0	0	0	0	0	0	0	0	0	0	0	0	0	0	0	0	0	0	0	0	0	0	0	0	0	0	0	0	0	0	0	0	0	0	0	0	0	0	0	0	0	0	0	0	0	0	0	0	0	0	0	0	0	0	0	0	0	0	0	0	0	0	0	0	0	0	0	0	0	0	0	0	0	0	0	0	0	0	0	0	0	0	0	0	0	0	0	0	0	0	0	0	0	0	0	0	0	0	0	0	0	0	0	0	0	0	0	0	0	0	0	0	0	0	0	0	0	0	0	0	0	0	0	0	0	0	0	0	0	0	0	0	0	0	0
g__Scardovia	0	0	0	0	0	0	0	0	0	0	0	0	0	0	0	0	0	0.0044331856	0	0	0	0	0	0	0	0	0	0	0	0	0	0	0	0	0	0	0	0	0	0	0	0	0	0	0	0	0	0	0	0	0	0	0	0	0	0	0	0	0	0	0	0	0	0	0.0023516643	0	0	0.0036939314	0	0	0	0	0.00066979236	0	0	0.012061756	0	0	0	0	0	0	0	0	0	0	0	0	0	0	0	0	0	0	0	0.0021826119	0	0	0	0	0	0	0	0	0	0	0	0.00041476566	0	0	0	0	0	0	0	0	0	0	0	0	0	0	0	0.0084134615	0	0	0	0	0	0	0	0	0	0	0	0	0	0	0	0	0	0	0	0	0	0	0	0	0	0	0	0	0	0	0	0	0	0	0	0	0	0
g__Schaalia	0.0022946306	0.0040221217	0.015641293	0	0	0	0	0.0040350633	0	0	0.00077807556	0	0	0	0.025076453	0.0099156118	0.007273315	0	0	0	0	0	0	0	0	0.0012621359	0	0	0	0.00082034454	0.0010076292	0	0	0	0.017783858	0	0	0	0	0.0019941987	0.0074745742	0	0.0031982942	0.0020818876	0.0010876954	0	0.0047596383	0	0	0	0	0	0.0032647731	0	0	0	0.0018271711	0	0	0.0023211954	0.00073644481	0.00052333188	0	0	0	0	0.0026330638	0	0	0	0	0	0	0.0017431726	0.017136329	0	0	0.0043341214	0.0068365444	0	0	0.0040636641	0	0	0	0	0	0	0	0.042536736	0.0014824423	0	0	0.013337953	0	0	0	0.00032095369	0.0025090067	0.010541982	0	0.0028054426	0	0	0	0	0	0.0037328909	0.0017880161	0.0064287298	0.0013594873	0	0	0	0	0	0	0.0061743244	0.0061106019	0	0.0091230937	0.0045515846	0	0.019230769	0	0.0066061107	0	0	0	0	0	0.0060747664	0	0	0	0	0	0.010494245	0	0	0.00039923347	0	0.0011183337	0	0	0	0	0	0.0035994764	0	0	0	0.0077562327	0	0.001396648	0	0	0	0	0.0060936498	0	0
g__Schleiferilactobacillus	0	0	0	0	0	0	0	0	0	0	0	0	0	0	0	0	0	0	0	0	0	0	0	0	0	0	0	0	0	0	0	0	0	0	0	0	0	0	0	0	0	0	0	0	0	0	0	0	0	0	0	0	0	0	0	0	0	0	0	0	0	0	0	0	0	0	0	0	0	0	0	0	0	0	0	0	0	0	0	0	0	0	0	0	0	0	0	0	0	0	0	0	0	0	0	0	0	0	0	0	0	0	0	0	0	0	0	0.0017281902	0	0	0	0	0	0	0	0	0	0	0	0	0	0	0	0	0	0	0	0	0	0	0	0	0	0	0	0	0	0	0	0	0	0	0	0	0	0	0	0	0	0	0	0	0	0	0	0	0	0	0	0	0	0
g__Segatella	0.0037861404	0.022875817	0.00072992701	0.0056933713	0.013785558	0.0030036473	0.029062087	0	0	0.0025228862	0.00051871704	0.023686158	0	0	0.081957187	0.03164557	0.010021012	0.0053831539	0.0056374675	0.0022880386	0	0.041242363	0.029392206	0	0.050825083	0.009223301	0	0	0	0.0087161608	0	0	0	0	0.023939808	0	0.020376523	0	0	0.0023567803	0.0044112241	0.0067771084	0.0024875622	0.01332408	0.0089734874	0.0032500508	0.021894336	0	0	0.0027110767	0	0.00061588996	0	0	0.0037629351	0	0.022141015	0	0.0076589226	0.0054403018	0.12593206	0.0040558221	0.017090454	0	0.014290883	0	0.0039495956	0.0089709763	0.026845638	0	0	0.00067024129	0.00089305649	0	0.033891851	0.0030556449	0.00051150895	0	0.030453698	0.010778443	0.025412541	0	0.02143446	0	0	0.023148148	0.051001821	0	0.0028960324	0	0.00027795794	0.017378991	0	0.038801316	0.014324693	0	0.0051724138	0.0062815222	0.0080416881	0.0097358303	0	0.0070136064	0.011032309	0.020074897	0	0.11821601	0.0022377824	0.076593391	0	0.029261804	0.0054865022	0.04731713	0.016697588	0.0094186424	0.032587418	0.012368584	0.031631694	0.054847246	0.037198289	0	0.0081699346	0	0.023975514	0.34975962	0.078006873	0.0074318745	0.037082946	0	0	0.001492983	0	0	0.027031376	0.016147842	0.00031942759	0	0.078471712	0.0039494471	0.033118471	0	0.0083040562	0.0024130147	0.015377088	0	0	0	0.02605905	0.0020989232	0.0029450262	0	0	0	0.1567867	0	0.009310987	0.027272727	0	0	0	0	0.0032263268	0.03097626
g__Selenomonas	0	0.004147813	0.0044838373	0.072387149	0	0.0040763785	0	0.0066787255	0	0.0193181	0.0027664909	0.0029607698	0	0	0.023853211	0.0056962025	0.022628091	0.017416086	0	0.0099783907	0.0026076979	0.20952138	0.011703684	0.036916623	0.025247525	0.027572816	0	0.069343066	0.00054178518	0.001435603	0	0	0	0.049259212	0	0	0.011960133	0.0022035256	0	0	0	0	0	0.016793893	0.010740993	0.018687792	0.013802951	0.020886616	0.0015243902	0.0073586367	0	0	0	0.010704728	0	0.023598001	0	0	0	0.0056579138	0.030930682	0.0048408199	0	0.00077160494	0.01447178	0	0	0.0042216359	0	0	0.0087719298	0.0048592493	0.0058048672	0.018012783	0.0052043666	0.013509167	0.0010230179	0	0	0	0	0	0.0086562242	0.012108981	0.02015443	0.023269981	0.087691907	0	0	0	0.0012044844	0	0.0037341299	0.0088342283	0.099590723	0.032375409	0.042758621	0.013709308	0.0046963459	0.015068833	0.0010665854	0.00659279	0	0.010989011	0.0054945055	0	0.0023821555	0.0067053781	0	0.031921969	0.0023305496	0.00076317952	0.012987013	0.011757064	0.0056423445	0	0	0.019725764	0.013901619	0.0035810206	0.0054466231	0.0069116655	0.029076688	0.030048077	0.00395189	0.0041288192	0.0056812313	0	0	0.10988355	0	0	0.0017699115	0.011213779	0.0034498179	0.059389071	0.0066127847	0.015572106	0.020152627	0.13700329	0	0.017669495	0.009156357	0.0098205215	0	0.019700839	0.14210526	0.0013688629	0	0.020970133	0.037405303	0.058166757	0.018282548	0	0.027001862	0.011363636	0.011504538	0.3728783	0	0.0089801155	0.02645588	0
g__Serratia	0	0.0023881347	0.024608968	0.0052867019	0.79912473	0	0	0	0	0	0	0	0	0	0	0	0	0	0	0	0	0	0	0	0	0	0	0	0	0	0	0	0	0	0	0	0	0	0	0	0	0	0	0	0	0	0	0	0	0	0	0	0	0	0	0	0	0	0	0	0	0	0	0	0	0.050595238	0	0	0	0	0	0	0	0	0	0	0	0	0	0	0	0	0	0	0	0	0	0	0	0	0	0	0	0	0	0	0	0	0	0	0	0	0	0	0	0	0	0	0	0	0	0	0	0	0	0.45157699	0	0	0	0	0	0	0	0	0	0	0	0	0	0	0	0	0	0	0	0	0	0	0	0	0	0	0	0	0	0	0	0	0	0	0	0	0	0	0	0	0	0	0.33494424	0	0	0
g__Simonsiella	0	0	0	0	0	0	0	0	0	0	0	0	0	0	0	0	0	0	0	0	0	0	0	0	0	0	0	0	0	0	0.043615949	0	0	0	0	0	0	0	0	0	0	0	0	0	0	0	0	0	0	0	0	0	0	0	0	0	0	0	0	0	0	0	0	0	0	0	0	0	0	0	0	0	0	0	0	0	0	0	0	0	0	0	0	0	0	0	0	0	0	0	0	0	0	0	0	0	0	0	0	0	0	0	0	0	0	0	0	0	0	0	0	0	0	0	0	0	0	0	0	0	0	0	0	0	0	0	0	0	0	0	0	0	0	0	0	0	0	0	0	0	0	0	0	0	0	0	0	0	0	0	0	0	0	0	0.0085350714	0	0	0	0	0	0	0
g__Skermanella	0	0	0	0	0	0	0	0	0	0	0	0	0	0	0	0	0	0	0	0	0	0	0	0	0	0	0	0	0	0	0	0	0	0	0	0	0	0	0	0	0	0	0	0	0	0	0	0	0	0	0	0	0	0	0	0	0	0	0	0	0	0	0	0	0	0	0	0	0	0	0	0	0	0	0	0	0	0	0	0	0	0.0030477481	0	0	0	0	0	0	0	0	0	0	0.0037341299	0	0	0	0	0	0	0	0	0	0	0	0	0	0	0	0	0	0	0	0	0	0	0	0	0	0	0	0	0	0	0	0	0	0	0	0	0	0	0	0	0	0	0	0	0	0	0	0	0	0	0	0	0	0	0	0	0	0	0	0	0	0	0	0	0	0	0	0	0
g__Sneathia	0	0.00075414781	0	0	0	0	0	0	0	0	0	0	0	0	0	0	0.010505899	0	0	0	0	0.0045824847	0	0	0	0	0	0	0	0	0	0	0	0	0	0	0	0	0	0	0	0	0	0	0.078042148	0	0	0	0	0	0	0	0.0078354554	0	0	0	0	0	0	0	0	0	0.015423093	0	0.068740955	0	0	0	0	0	0	0	0	0	0	0	0	0	0	0	0	0	0	0	0	0	0	0	0	0	0	0.033599382	0	0	0	0	0	0	0	0	0	0	0	0	0	0	0	0	0	0	0	0	0	0	0	0	0	0	0	0	0	0	0	0	0	0	0	0	0	0	0	0	0	0	0	0	0	0	0	0	0	0	0	0	0	0	0	0	0	0	0	0	0	0	0	0	0	0.011195377	0	0	0	0
g__Solobacterium	0.016177145	0.0085470085	0	0	0	0	0	0.0022262418	0	0	0.00051871704	0.0088823094	0	0	0.013455657	0.0082278481	0.0016162922	0.0069664345	0.0034692108	0.0076267955	0	0.0017820774	0.002925921	0	0.002640264	0	0	0	0.005959637	0.00020508614	0.0010076292	0	0.010443864	0	0.0045599635	0	0.034551495	0	0	0	0	0.005873494	0.0026060175	0.0051353227	0.00081577158	0	0.01618277	0	0.0025406504	0.0015491867	0	0	0.00097943193	0.016949153	0	0	0.0047291488	0	0.0011488384	0.00094298564	0.0012887784	0.0020497165	0	0	0.010311143	0	0.0020688358	0	0.0067114094	0.0053715309	0	0	0.0033489618	0.0023242301	0.0031733943	0.005789643	0	0	0.0087010566	0	0.011221122	0	0.0021984062	0	0	0.0080409357	0.017174083	0.0029725043	0	0.0023201856	0	0.0011585994	0	0.0058894855	0	0	0	0	0.00083633556	0.0016123031	0	0	0	0.0016575603	0	0	0.00057749224	0.0038020185	0	0.00044336067	0.00053408429	0	0	0.0014939916	0.0018423982	0	0	0	0.0028261534	0	0.0087145969	0.004045853	0.0068015644	0	0	0	0.0023757876	0	0	0	0	0.0018691589	0.0054706356	0.0012559433	0	0	0.0010286554	0.00078988942	0.0020745351	0	0.00079846694	0	0	0.001523874	0	0	0.0062473256	0	0	0	0	0.0025211597	0	0	0.0009310987	0	0	0.0014445648	0.0018587361	0.005452213	0.0035489595	0.0085057763
g__Sphaerotilus	0	0	0	0	0	0	0	0	0	0	0	0	0	0	0	0	0	0	0	0	0	0	0	0	0	0	0	0	0	0	0	0	0	0	0	0	0	0	0	0	0	0	0	0	0	0	0	0	0	0	0	0	0	0	0	0	0	0	0	0	0	0	0	0	0	0	0	0	0	0	0	0	0	0	0	0	0	0	0	0	0	0	0	0	0	0	0	0	0	0	0	0	0	0	0	0	0	0	0	0	0	0	0	0	0	0	0	0	0	0.001330082	0	0	0	0	0	0	0	0	0	0	0	0	0	0	0	0	0	0	0	0	0	0	0	0	0	0	0	0	0	0	0	0	0	0	0	0	0	0	0	0	0	0	0	0	0	0	0	0	0	0	0	0
g__Sphingobium	0	0	0	0	0	0	0	0	0.044334975	0	0	0	0	0	0	0	0	0	0	0	0	0	0	0	0	0	0	0	0	0	0	0	0	0	0	0	0	0	0	0	0	0	0	0	0	0	0	0	0	0	0	0	0	0	0	0	0	0	0	0	0	0	0	0	0	0	0	0	0	0	0	0	0	0	0	0	0	0	0	0	0	0	0	0	0	0	0	0	0	0	0	0	0	0	0	0	0	0	0	0	0	0	0	0	0.0065934066	0	0	0	0	0	0	0	0	0	0	0	0	0	0	0	0	0	0	0	0	0	0	0	0	0	0	0	0	0	0	0	0	0	0	0	0	0	0	0	0	0	0	0	0	0	0	0	0	0	0	0	0	0	0	0	0	0
g__Sphingomonas	0	0	0	0	0.00065645514	0	0	0	0	0	0	0	0	0	0	0	0	0	0	0	0	0	0	0	0	0	0	0	0	0	0	0	0	0	0	0	0	0	0	0	0	0	0	0	0	0	0	0	0	0	0	0	0	0	0	0	0	0	0	0	0	0	0	0	0	0	0	0	0	0	0	0	0	0	0	0	0	0	0	0	0	0	0	0	0	0	0	0	0	0	0	0	0	0	0	0	0	0	0	0	0	0	0	0	0	0.016120365	0.0052696167	0	0	0	0	0	0	0	0	0	0	0	0	0	0	0	0	0	0	0	0	0	0	0	0	0	0	0	0	0	0	0	0	0	0	0	0	0	0	0	0	0	0	0	0	0	0	0	0	0	0	0	0	0	0	0
g__Staphylococcus	0	0	0	0	0	0.0012872774	0	0	0.10133709	0.011028617	0	0	0	0.0020466639	0.0085626911	0	0	0	0	0	0	0	0	0	0	0	0	0	0	0.0063063987	0	0	0.011189855	0	0.0047879617	0	0	0	0	0	0	0	0	0	0	0	0.0099952404	0	0	0.00051639556	0	0.85629234	0	0	0	0	0	0	0	0	0	0.00082860881	0.0014589412	0	0	0	0	0	0	0	0	0	0	0	0	0.073817948	0	0	0	0	0.004620462	0	0	0	0	0	0	0.0027247956	0	0	0.0023163161	0	0	0	0.078444748	0	0.0055172414	0.009307657	0	0.007069329	0.38945604	0.0074344228	0	0	0	0	0	0.0010369141	0	0.014409222	0.00033987182	0	0	0	0	0	0.040400877	0	0	0	0	0	0	0	0	0	0	0	0	0	0	0.0011682243	0	0	0.00025554207	0	0	0.0071090047	0	0	0	0	0	0	0	0	0	0	0	0	0	0	0	0	0	0	0	0	0	0	0	0.3738733
g__Stenotrophomonas	0	0	0	0	0.0015317287	0	0	0	0	0	0	0	0	0	0	0	0	0	0	0.0028600483	0	0	0	0	0	0	0	0	0	0	0	0	0	0	0	0	0	0	0	0	0	0	0	0	0	0	0	0	0	0	0	0	0	0	0	0	0	0	0	0	0	0	0	0	0	0.25297619	0	0	0	0	0	0	0	0	0	0	0	0	0	0	0	0	0	0	0	0	0	0	0	0	0	0	0	0	0	0	0	0	0	0	0	0	0	0	0	0	0	0	0	0	0	0	0	0	0	0.0014842301	0	0	0	0	0	0	0	0	0	0	0	0	0	0	0	0	0	0	0	0	0	0.0019183029	0	0	0	0	0	0	0	0	0	0	0	0	0	0	0	0	0	0	0	0	0	0	0	0
g__Stomatobaculum	0	0.006661639	0.045464025	0	0	0.0010727312	0	0	0	0.00028832985	0.0012103398	0	0	0	0	0.0071729958	0.0012930338	0	0	0.0029236049	0	0	0	0	0	0.0025242718	0	0	0	0	0	0	0	0	0.014819881	0.016993464	0	0	0	0.0061638869	0.00183801	0	0.0011845534	0.0094378904	0.0024473148	0	0.021894336	0	0	0	0	0	0.0077266297	0	0	0	0.0029019776	0.033175355	0	0.00079791092	0.01297984	0.004186655	0	0	0.013024602	0	0	0	0	0	0	0	0	0	0.014851485	0	0	0.020094563	0.0074580485	0.0035928144	0	0.0027091094	0.011266832	0	0.0015704751	0.0056042885	0.0046838407	0.0012385435	0	0	0.00037061058	0.010684861	0.0097087379	0.0098735493	0	0	0.011724138	0	0.006111683	0	0	0.0032262589	0.011032309	0.012339616	0	0	0	0	0.0014969437	0.010862337	0	0	0.02690167	0.0018187723	0.0021110813	0	0	0.036805389	0	0	0.0039488017	0	0.018534263	0	0	0.013212221	0.0060944117	0	0	0.018363691	0	0	0.028157683	0.0056517449	0	0	0	0.021327014	0.00044454323	0.0038435311	0	0	0.00076885441	0	0	0	0.0026529739	0.00054754517	0	0	0	0	0.018836565	0.022421525	0.0021725636	0	0	0	0	0	0	0
g__Streptobacillus	0	0	0	0	0	0	0	0	0	0	0.0024206795	0	0	0	0	0	0	0	0	0	0	0	0	0	0	0	0	0	0	0	0	0	0	0	0	0	0	0.00040064103	0	0	0.001470408	0	0	0	0	0.0060938452	0	0	0	0	0.01104695	0	0	0	0	0	0	0	0	0	0	0	0	0	0	0	0	0	0	0	0	0	0	0	0	0	0	0	0	0	0	0	0	0	0	0	0	0	0	0	0	0	0	0	0	0	0	0	0	0	0	0	0	0	0	0	0	0	0	0	0.0036414838	0	0	0	0	0	0	0	0	0	0	0	0	0	0	0	0	0	0	0	0	0	0	0	0	0	0	0	0	0	0	0	0	0	0	0	0	0	0	0	0	0	0	0	0	0	0	0	0	0	0	0
g__Streptococcus	0.10497935	0.1098542	0.15995829	0.11183408	0.028884026	0.33125939	0.11492734	0.1238347	0.31738213	0.041807828	0.017204115	0.086602517	0.24367089	0.1285305	0.17798165	0.13059072	0.10117989	0.18492717	0.13790113	0.025740435	0.0038593929	0.029022403	0.015427583	0.0014682748	0.087788779	0.80504854	0	0.01946472	0.012325613	0.0057936833	0.0532604	0.16	0.00615442	0.041788021	0.28636571	0.018300654	0.057142857	0.0018028846	0	0.10678028	0.28783237	0.037650602	0.14617389	0.098265094	0.0042148199	0.020312817	0.086149453	0.0022378517	0.057291667	0.02672347	0.026864173	0.02576473	0.066710197	0.055435198	0.13311383	0.14353137	0.15702923	0.15165877	0.12471279	0.38016829	0.15769125	0.020235499	0.11213005	0.016846708	0.028219971	0	0.10663908	0.45435356	0.32718121	0.15398389	0.36842105	0.096849866	0.48425988	0.023968623	0.16882457	0.27243487	0.032327366	0.20291568	0.17775016	0.44191617	0.022112211	0.16864206	0.10263809	0.13891692	0.040047114	0.13255361	0.03929222	0.15457023	0.42513756	0.24013921	0.29065135	0.24407827	0.047796863	0.08557076	0.14529332	0.43070207	0.17241379	0.0022008253	0.16996912	0.022572244	0.0024760018	0.22233132	0.21591805	0.033089815	0.2032967	0.29768941	0.12726485	0.12138808	0.049523889	0.05231656	0.092348029	0.13355642	0.05890538	0.032413121	0.029593521	0.0060606061	0.14938929	0.14168872	0.3903147	0.46060877	0.066993464	0.10957519	0.504336	0.066105769	0.00395189	0.27993394	0.20679682	0.076992651	0.02673147	0	0.014408834	0.044158879	0.2621078	0.13304028	0.13045423	0.07301935	0.0022042616	0.12141729	0.015262651	0.0098567975	0.010300224	0.00093407021	0.10246732	0.039790044	0.0042079208	0.024078803	0.044116389	0.43584596	0.20222513	0.10527431	0.067234848	0.028993337	0.36620499	0	0.086126629	0.076136364	0.0067748945	0.0034308415	0.078252788	0.09076331	0.12098726	0.021454869
g__Sutterella	0	0	0	0	0	0	0	0	0	0	0	0	0	0	0	0	0	0	0	0	0	0	0	0	0	0	0	0	0	0	0	0	0	0	0	0	0	0	0	0	0	0	0	0	0	0	0	0	0	0	0	0	0	0	0	0	0	0	0	0	0	0	0	0	0	0	0	0.0036939314	0	0	0	0	0	0	0	0	0	0	0	0	0	0	0	0	0	0	0	0	0	0	0	0	0	0	0	0	0	0	0	0	0	0	0	0	0	0	0	0	0	0	0	0	0	0	0	0	0	0	0	0	0	0	0	0	0	0	0	0	0	0	0	0	0	0	0	0	0	0	0	0	0	0	0	0	0	0	0	0	0	0	0	0	0	0	0	0	0	0	0	0	0	0
g__TM7a	0	0	0	0	0	0	0	0	0	0	0	0	0	0.0016373312	0	0	0	0	0	0	0	0	0	0	0	0	0	0	0	0	0	0	0	0	0	0	0	0	0	0	0	0	0	0.0022206801	0	0	0	0	0	0	0.0025106703	0	0	0	0	0	0	0	0	0	0	0	0	0	0	0	0	0	0	0	0	0	0	0	0	0	0	0	0	0	0	0	0	0	0	0	0	0.003220213	0	0.007733952	0	0	0	0	0	0	0	0	0	0	0	0	0	0	0.010989011	0	0	0	0	0	0	0	0	0.010912634	0	0	0	0	0	0	0	0	0	0	0	0	0.0024790827	0	0	0	0	0	0	0	0.0012138248	0	0	0	0	0	0	0	0.001467813	0	0	0	0	0	0	0	0	0	0	0	0	0	0	0	0	0.0040089801	0	0
g__TM7x	0.00091785223	0	0	0	0	0	0	0.0051481842	0	0.0028832985	0	0	0	0	0.003058104	0.0050632911	0.0017779214	0	0	0	0	0.0053462322	0	0	0	0	0	0	0	0	0	0	0	0	0	0	0	0	0	0	0	0	0.0018952855	0	0	0	0.021418372	0	0	0	0	0	0	0	0	0	0.0020421324	0	0	0.0005077615	0.0021172788	0	0	0	0	0	0.0086514952	0	0	0	0	0	0	0	0.030464585	0	0	0.019306541	0	0	0	0	0	0.0026908846	0	0.013767057	0.010148322	0	0	0	0	0	0	0.031352849	0	0	0.0031034483	0	0	0.00049609327	0	0	0	0.014181349	0	0	0	0	0	0	0.0028646339	0	0	0	0.0010747323	0	0	0.0014433486	0.0041246563	0	0.0042211329	0.0047201618	0.015813637	0	0	0	0.0086767896	0	0	0	0	0.0039719626	0	0.006100296	0	0	0	0	0	0	0	0	0	0	0	0	0	0	0	0	0	0	0.0033240997	0	0	0	0	0	0	0	0.0016131634	0
g__Tannerella	0.0008031207	0.0070387129	0.016892596	0.012606751	0	0.006436387	0	0.0059830249	0	0.038996612	0.0008645284	0.0037009623	0	0	0.018348624	0	0.0080814611	0	0.010407632	0.0080081352	0	0.0050916497	0	0	0	0.0010679612	0	0.0097323601	0	0	0.00043184108	0	0.0011189855	0.00025326073	0.0063839489	0.050980392	0	0	0.0095285858	0.00072516316	0	0	0.12591803	0.0019430951	0	0	0.092812946	0.029624893	0.0016514228	0.0038729667	0.0086618127	0.0014370766	0.0033735989	0	0.0051740357	0	0.00053740327	0	0.0031912178	0.0051501523	0.0015649452	0.00078499782	0	0.032921811	0.002170767	0	0.0052661275	0	0.058724832	0	0	0.0097184987	0	0.0052295177	0.0079969535	0.0009649405	0.045421995	0	0	0	0.0095709571	0	0.0038472108	0.0040363269	0.0035335689	0.0051169591	0.0031225605	0.0024770869	0	0	0.00055591587	0	0.01120239	0.0036376234	0	0	0.025862069	0.0086657497	0.0026376737	0.0052709909	0	0.012203675	0.0047281324	0.0055252011	0	0	0.00064967877	0	0	0.083130126	0.002476209	0	0.0069573284	0.012731406	0	0	0.0059505168	0.0505172	0.0087839902	0	0.0040849673	0.014329063	0.009352151	0	0.0012027491	0	0.0029955583	0	0.0085054678	0.074947746	0	0.027102804	0	0.0080739212	0.00083051172	0	0	0.0045136538	0.00059272431	0.0029136445	0	0.00381412	0.0051722933	0.0011852354	0.0023927393	0	0	0	0	0.0046600297	0.035984848	0	0.012465374	0.094170404	0.0009310987	0	0.0089479739	0	0	0.007055805	0	0
g__Tepidimonas	0	0	0	0	0	0	0	0	0	0	0	0	0	0	0	0	0	0	0	0	0	0	0	0	0	0	0	0	0	0	0	0	0	0	0	0	0	0	0	0	0	0	0	0	0	0	0	0	0	0	0	0	0	0	0	0	0	0	0	0	0	0	0	0	0	0	0	0	0	0	0	0	0	0	0	0	0	0	0	0	0	0	0	0	0	0	0	0	0	0	0	0	0	0	0	0	0	0	0	0	0.00022855401	0	0	0	0	0	0	0	0	0	0	0.00076317952	0	0	0	0	0	0	0	0	0	0	0	0	0	0	0	0	0	0	0	0	0	0	0	0	0	0	0	0	0	0	0	0	0	0	0	0	0	0	0	0	0	0	0	0	0	0	0	0	0	0
g__Thiomonas	0	0	0	0	0	0	0	0	0	0	0	0	0	0	0	0	0	0	0	0	0	0	0	0	0	0	0	0	0	0	0	0	0	0	0	0	0	0	0	0	0	0	0	0	0	0	0	0	0	0	0	0	0	0	0	0	0	0	0	0	0	0	0	0	0	0	0	0	0	0	0	0	0	0	0	0	0	0	0	0	0	0	0	0	0	0	0	0	0	0	0	0	0	0	0	0	0	0	0	0	0	0	0	0	0	0	0	0	0	0	0	0	0	0	0	0	0	0	0	0	0	0	0	0	0	0	0	0	0	0	0	0	0	0	0	0	0	0	0	0.00061992437	0	0	0	0	0	0	0	0	0	0	0	0	0	0	0	0	0	0	0	0	0	0
g__Treponema	0	0.03280543	0.0028154327	0	0	0	0	0.0009739808	0	0.042240323	0.0013832454	0.07549963	0.0073839662	0	0.003058104	0.0025316456	0.015193147	0.043065231	0.0039028621	0.029871616	0.74861792	0.077138493	0.14323713	0.46376508	0	0	0.45929339	0.0486618	0	0.00076907301	0	0	0.050354345	0.11536026	0.0009119927	0	0	0.22045272	0.0055165496	0	0	0	0.009357972	0.0027758501	0.21237254	0.074954296	0.013326987	0.31681586	0.0035569106	0.033049316	0	0.00041059331	0	0.016057092	0	0.2276513	0.039230439	0	0.0019147307	0.022268969	0.00055233361	0.0096816398	0	0	0.02568741	0	0.012036863	0	0	0	0	0.0021782842	0.0026791695	0.026438117	0.0054582381	0	0.14066496	0	0	0	0	0	0.017037648	0.0040363269	0.035597435	0.0070662768	0.0013010669	0.011890017	0.0046336519	0	0.0040767164	0	0.0082150859	0.012471852	0.032060027	0	0	0.005043558	0.00083633556	0	0	0.027072521	0	0.010620664	0	0	0.0062080416	0	0	0.054090002	0.0017964653	0	0.015306122	0.032737902	0.043104441	0	0	0.013310881	0.063626642	0	0.011029412	0.047201618	0.0079918381	0	0.074054983	0	0.00092965603	0	0.052247874	0.070319498	0.0049824939	0.0015186916	0	0.014802189	0.00185268	0.12583668	0	0.0090273076	0.27672816	0	0	0.40585351	0.078632837	0.039790044	0.05660066	0.011431351	0.079332478	0.0043803614	0	0.1073925	0.038825758	0.26616243	0	0	0.1185599	0.017045455	0.099961652	0.27789816	0	0.0067350866	0	0.0039355084
g__Tsuneonella	0	0	0	0	0	0	0	0	0	0	0	0	0	0	0	0	0	0	0	0	0	0	0	0	0	0	0	0	0	0	0	0	0	0	0	0	0	0	0	0	0	0	0	0	0	0	0	0	0	0	0	0	0	0	0	0	0	0	0	0	0	0	0	0	0	0	0	0	0	0	0	0	0	0	0	0	0	0	0	0	0	0	0	0	0	0	0	0	0	0	0	0	0	0	0.0068212824	0	0	0	0	0	0	0.004348436	0	0	0	0	0	0	0	0	0	0.00099800399	0	0	0	0	0	0	0	0	0	0	0	0	0	0	0	0	0	0	0	0	0	0	0	0	0	0	0	0	0	0	0	0	0	0	0	0	0	0	0	0	0	0	0	0	0	0	0	0	0	0
g__UCG-002	0	0	0	0	0	0	0	0	0	0	0	0	0	0	0	0	0	0	0	0	0	0	0	0	0	0	0	0	0	0	0	0	0	0	0	0	0	0	0	0	0	0	0	0	0	0	0	0	0	0	0	0	0	0	0	0	0	0	0	0	0	0	0	0	0	0	0	0	0	0	0	0	0	0	0	0	0	0.0063041765	0	0	0	0	0	0	0	0	0	0	0	0	0	0	0	0	0	0	0	0	0	0	0	0	0	0	0	0	0	0	0	0	0	0	0	0	0	0	0	0	0	0	0	0	0	0	0	0	0	0	0	0	0	0	0	0	0	0	0	0	0	0	0	0	0	0	0	0	0	0	0	0	0	0	0	0	0	0	0	0	0	0	0	0
g__Variovorax	0	0	0	0	0	0	0	0	0	0.00086498955	0	0	0	0	0	0	0	0	0	0	0	0	0	0	0	0	0	0	0	0	0	0	0	0	0	0	0	0	0	0	0	0	0	0	0	0	0	0	0	0	0	0	0	0	0	0	0	0	0	0	0	0	0	0	0	0	0	0	0	0	0	0	0	0	0	0	0	0	0	0	0	0	0	0	0	0	0	0	0	0	0	0	0	0	0	0	0	0	0	0	0	0	0	0	0	0	0	0	0	0	0	0	0	0	0	0	0	0	0	0	0	0	0	0	0	0	0	0	0	0	0	0	0	0	0	0	0	0	0	0	0	0	0	0	0	0	0	0	0	0	0	0	0	0	0	0	0	0	0	0	0	0
g__Veillonella	0.045204222	0.081950729	0.095516163	0.23261488	0.001750547	0.022956447	0.11096433	0.03659385	0	0.0098032149	0.0034581136	0	0.029535865	0.01760131	0.028746177	0.062658228	0.071601746	0	0.016912402	0	0.0049024721	0.015784114	0	0	0.021782178	0.023980583	0	0	0	0.0037940935	0.0074852454	0	0	0	0.033971728	0.010457516	0	0	0	0.025562001	0.065678226	0.010391566	0.02061123	0.05537821	0	0.0010156409	0.033793432	0	0.0081300813	0.023108701	0.0013808687	0.0026688565	0.015126782	0.0054798012	0.0089369708	0	0.054707653	0	0.0076589226	0.090454084	0.12666851	0.0030091583	0	0.0034722222	0.0052460203	0	0.0099680271	0.011609499	0.10402685	0.044762757	0.18037281	0	0.033712882	0.0098779779	0.092028434	0.034255388	0	0.054373522	0.075512741	0.10359281	0.026732673	0.0071114121	0.11225611	0.025899765	0	0.055555556	0.040333073	0.061679465	0	0.052204176	0.026035393	0.1334964	0	0.091979906	0.036152797	0.10403783	0.2062069	0.0037597432	0.083054555	0.076150316	0.0012570471	0.025248983	0.058313633	0.13598134	0.020879121	0	0.0031040208	0.20724457	0.015343673	0	0.0389396	0.080720911	0	0.016563819	0.0067938433	0	0.16786721	0.083072729	0.18690804	0.040734109	0.028050109	0.0092717465	0.039789152	0.11538462	0.0013745704	0.25846408	0.13046173	0.10457886	0	0	0	0.010747664	0.063234111	0.062617745	0.00095828276	0	0	0.014895058	0.0059272431	0.0033475916	0.033615458	0	0.0020269798	0	0.0015676568	0.088775386	0.00085579803	0.048640263	0	0.0021181953	0	0.0018008284	0.060387812	0	0.009310987	0	0	0	0	0.015875561	0.032585901	0
g__Vibrionimonas	0	0	0	0	0	0	0	0	0	0	0	0	0	0	0	0	0	0	0	0.00031778314	0	0	0	0	0	0	0	0	0	0	0	0	0	0	0	0	0	0	0	0	0	0	0	0	0	0	0	0	0	0	0	0	0	0	0	0	0.00096732588	0	0	0	0	0	0	0	0	0	0	0	0	0	0	0	0	0	0	0	0	0	0	0	0	0	0	0	0	0	0	0	0	0	0	0	0	0	0	0	0	0	0	0	0	0	0	0.0017803426	0	0	0	0	0.00054056302	0	0.00053408429	0	0	0	0.0022262311	0	0	0	0	0	0	0	0	0	0	0	0	0	0	0	0	0	0	0	0	0	0	0	0	0	0	0	0	0	0	0	0	0	0	0	0	0	0	0	0	0	0	0	0	0	0	0
g__Vulcaniibacterium	0	0	0	0	0	0	0	0	0	0	0	0	0	0	0	0	0	0	0	0	0	0	0	0	0	0	0	0	0	0	0	0	0	0	0	0	0	0	0	0	0	0	0	0	0	0	0	0	0	0	0	0	0	0	0	0	0	0	0	0	0	0	0.0027094623	0	0	0	0	0	0	0	0	0	0	0	0	0	0	0	0	0	0	0	0	0	0	0	0	0	0	0	0	0	0	0	0	0	0	0	0	0	0	0	0	0	0	0	0	0	0	0	0	0	0	0	0	0	0	0	0	0	0	0	0	0	0	0	0	0	0	0	0	0	0	0	0	0	0	0	0	0	0	0	0	0	0	0	0	0	0	0	0	0	0	0	0	0	0	0	0	0	0	0
g__W5053	0	0	0	0	0	0	0	0	0	0	0	0	0	0	0	0	0.0048488767	0	0	0.058916995	0	0	0	0	0	0	0	0	0	0	0	0	0	0	0	0	0	0	0	0	0	0	0	0	0.0043507818	0	0	0	0	0	0	0	0	0	0	0	0	0	0.0059994894	0	0	0	0	0	0	0	0	0	0	0	0	0	0	0.0010168507	0	0	0.030179028	0	0	0	0.030363036	0	0	0	0	0	0	0	0	0	0	0	0	0	0	0	0.0093103448	0	0	0	0	0	0	0	0	0	0	0	0	0	0	0	0	0	0	0	0	0.0033678133	0	0	0.0031318083	0	0	0	0.021649485	0	0	0	0.02308627	0.071215288	0	0	0	0	0	0	0	0	0	0	0	0.0024130147	0	0	0	0	0	0	0	0	0	0	0	0	0	0	0	0	0	0	0	0
g__Wolinella	0	0	0	0	0	0	0	0	0	0	0	0	0	0	0	0	0	0	0	0	0.018879733	0	0	0	0	0	0	0	0	0	0	0	0	0	0	0	0	0	0	0	0	0	0	0	0	0	0	0	0	0	0	0	0	0	0	0	0	0	0	0.0011605977	0	0	0	0	0.00090448625	0	0	0	0	0	0	0	0	0	0	0	0	0	0	0	0	0	0.00082440231	0	0	0	0	0	0	0	0	0	0	0	0	0	0	0	0	0	0	0	0	0	0	0	0	0	0	0	0	0	0	0.00090938616	0	0	0	0	0	0	0	0	0	0	0	0	0	0	0	0	0	0	0	0	0	0	0	0	0	0	0	0.014088892	0	0	0	0	0.00051347882	0	0	0	0	0	0	0	0	0	0	0.027807873	0	0	0	0
g__Xanthomonas	0	0	0	0	0	0	0	0	0	0	0	0	0	0	0	0	0	0	0	0	0	0	0	0	0	0	0	0	0	0	0	0	0	0	0	0	0	0	0	0	0	0	0	0	0	0	0	0	0	0	0	0	0	0	0	0	0	0	0	0	0	0	0	0	0	0	0	0	0	0	0	0	0	0	0	0	0	0	0	0	0	0.044700305	0	0	0	0	0	0	0	0	0	0	0	0	0	0	0	0	0	0	0	0	0	0	0	0	0	0	0	0	0	0	0	0	0	0	0	0	0	0	0	0	0	0	0	0	0	0	0	0	0	0	0	0	0	0	0	0	0	0	0	0	0	0	0	0	0	0	0	0	0	0	0	0	0	0	0	0	0	0	0	0
g__Xylanibacter	0	0.005404726	0	0	0	0	0	0	0	0.00064874216	0	0	0	0	0	0	0.0038791013	0.027865738	0	0	0	0	0	0	0	0	0	0	0	0	0	0	0	0.0040521717	0	0	0	0	0	0	0	0	0	0	0.0023113528	0	0	0	0	0	0	0	0.0021765154	0	0	0.003053859	0	0	0.0011488384	0	0	0	0	0	0	0	0.0020688358	0	0	0	0	0	0	0	0	0	0	0	0	0	0.002640264	0	0	0	0	0	0	0	0	0	0.00074122116	0.0036045314	0.0089619119	0	0	0	0	0.0025676295	0.00038600103	0	0	0	0	0	0	0	0	0	0	0	0	0	0	0.0011692108	0	0	0	0	0.001756798	0	0	0.0016857721	0.0028906649	0	0	0	0	0	0	0	0	0	0	0.00035884094	0	0	0	0	0	0	0	0.0038919592	0	0	0	0	0	0.0011863479	0	0	0	0.0012605799	0	0	0.0017070143	0	0	0	0	0	0	0
g__Yersinia	0	0	0	0	0	0	0	0	0	0	0	0	0	0	0	0	0	0	0	0	0	0	0	0	0	0	0	0	0	0	0	0	0	0	0	0	0	0	0	0	0	0	0	0	0	0	0	0	0	0	0	0	0	0	0	0	0.00053740327	0	0	0	0	0	0	0	0	0	0	0	0	0	0	0	0	0	0	0	0	0	0	0	0	0	0	0	0	0	0	0	0	0	0	0	0	0	0	0	0	0	0	0	0	0	0	0	0	0	0	0	0	0	0	0	0	0	0	0	0	0	0	0	0	0	0	0	0	0	0	0	0	0	0	0	0	0	0	0	0	0	0	0	0	0	0	0	0	0	0	0	0	0	0	0	0	0	0	0	0	0	0	0	0	0
g__[Eubacterium]_brachy_group	0	0.0076671694	0	0	0	0	0	0.00083484068	0	0.0089382253	0	0	0.015822785	0	0	0.00042194093	0.0071116858	0	0	0	0	0	0	0	0	0	0	0	0	0.00041017227	0	0	0	0	0	0	0	0	0	0	0	0	0.034707415	0	0.0021753909	0	0	0	0	0	0	0	0	0	0	0	0	0	0.0011488384	0	0	0.00052333188	0	0	0	0	0	0	0	0	0.0049342105	0	0	0.001162115	0	0	0.024347826	0	0	0	0	0	0	0	0.0039261877	0	0	0	0	0	0.0011118317	0	0.0067214339	0	0	0	0	0	0.0012223366	0	0	0	0	0	0	0	0	0	0	0	0	0	0	0.0012341669	0	0	0	0	0.0021387107	0	0.00095315904	0.019049225	0	0	0.0036082474	0	0	0	0	0	0	0	0	0	0	0	0	0	0	0	0	0	0	0	0	0	0	0	0	0	0.0066287879	0	0.0030470914	0	0	0	0	0	0	0	0	0
g__[Eubacterium]_saphenum_group	0	0.0032679739	0	0	0	0	0	0	0	0.0015858142	0	0	0	0.00081866558	0	0	0.00080814611	0	0	0.0097241642	0	0	0	0	0	0	0	0	0	0	0	0	0	0	0	0	0	0	0	0	0	0	0	0	0	0	0	0	0	0	0	0	0	0	0	0	0	0	0	0	0	0.00056694287	0	0	0	0	0.0028211397	0	0	0	0	0	0.028131279	0	0	0	0	0	0	0	0	0	0	0	0	0	0	0	0	0	0	0	0	0	0	0	0	0	0	0	0	0	0	0	0	0	0	0	0	0.0079804921	0	0	0	0	0	0	0	0	0.00053467767	0	0	0.01028321	0	0	0.002233677	0	0	0	0	0	0	0	0	0	0	0	0	0	0.0075572349	0	0	0	0	0	0	0	0	0.00045628764	0	0	0.0023674242	0	0	0	0	0	0	0	0	0.0014432328	0	0
g__[Eubacterium]_sulci_group	0.0050481872	0	0.0096976017	0	0	0.0015018236	0	0.007374426	0	0.00086498955	0	0	0	0	0.0085626911	0.024050633	0	0.002849905	0	0.0010804627	0	0.0038187373	0	0	0	0	0	0	0	0	0	0	0	0	0	0	0	0	0	0	0	0	0	0	0	0	0	0.00031969309	0	0	0	0	0	0.0010194979	0	0	0	0	0	0.0010880604	0	0	0	0	0.0032561505	0	0.0016926838	0.0073878628	0	0.0089525515	0	0	0.0029024336	0	0.010281797	0	0	0	0	0	0	0	0.00096180269	0	0.0010469834	0.0067007797	0.0067655477	0	0	0	0.00037061058	0	0	0.01021999	0	0	0	0	0	0	0	0	0	0.0022100804	0	0	0	0	0	0.0093105742	0.0046125461	0	0	0.00084443001	0.0043373124	0	0	0.0022452089	0	0	0.0083061002	0.0091031693	0	0	0.008419244	0	0	0	0	0.00089578979	0	0	0.0030571199	0.0051134834	0.00025554207	0	0	0	0.0022968067	0	0	0	0.00055916684	0	0.000330033	0	0.00081300813	0	0	0	0	0	0	0	0	0	0	0	0.00092936803	0.0040089801	0.0037102759	0
g__[Eubacterium]_ventriosum_group	0	0	0	0	0	0	0	0	0	0	0	0	0	0	0	0	0	0	0	0	0	0	0	0	0	0	0	0	0	0	0	0	0	0	0	0	0	0	0	0	0	0	0	0	0	0	0	0	0	0	0	0	0	0	0	0	0	0	0	0	0	0	0	0	0	0	0	0.0036939314	0	0	0	0	0	0	0	0	0	0	0	0	0	0	0	0	0	0	0	0	0	0	0	0	0	0	0	0	0	0	0	0	0	0	0	0	0	0	0	0	0	0	0	0	0	0	0	0	0	0	0	0	0	0	0	0	0	0	0	0	0	0	0	0	0	0	0	0	0	0	0	0	0	0	0	0	0	0	0	0	0	0	0	0	0	0	0	0	0	0	0	0	0	0
g__[Eubacterium]_yurii_group	0	0	0.0086548488	0	0	0	0	0.007374426	0	0	0	0	0	0	0	0	0.0027476968	0	0	0.0064192195	0	0	0.036973002	0	0	0	0	0	0	0	0	0	0	0	0.0031919745	0	0	0	0.056168506	0	0.00183801	0	0	0	0.0055744392	0.010562665	0	0.0030903666	0	0	0.0012553352	0.0012317799	0	0	0	0	0	0	0	0.0011605977	0	0.00074138683	0	0	0.0018089725	0	0	0	0	0	0	0	0	0.22356188	0.0024117796	0	0	0	0	0	0	0	0	0	0.064651224	0.0028021442	0	0	0	0	0	0	0	0	0	0	0	0	0	0	0	0	0	0	0	0	0	0	0	0	0	0	0	0	0	0	0	0.0022452089	0	0.029991047	0.0055827887	0	0	0	0	0	0	0	0	0.065094058	0	0.0028037383	0	0.0012559433	0.0042803296	0.021053913	0	0.0015797788	0	0	0	0	0.001467813	0	0.012788779	0	0.0017115961	0	0.028795812	0	0.0080492424	0	0	0	0	0	0	0	0	0.0017639513	0.0058073883	0
