	Taxon	genus
3b32ed0e7eeb5c90fe7673da1480c197	d__Bacteria;p__Bacillota;c__Bacilli;o__Lactobacillales;f__Streptococcaceae;g__Streptococcus;s__	g__Streptococcus
599a73cad76351bcc6176f64e183b643	d__Bacteria;p__Pseudomonadota;c__Gammaproteobacteria;o__Enterobacterales;f__Pasteurellaceae;g__Haemophilus;s__	g__Haemophilus
1542e91c99d9766e4afa866f20f227e2	d__Bacteria;p__Bacillota;c__Bacilli;o__Staphylococcales;f__Staphylococcaceae;g__Staphylococcus;s__	g__Staphylococcus
dcbdf5fb83cba103562e6c0a0b5c8c31	d__Bacteria;p__Bacteroidota;c__Bacteroidia;o__Bacteroidales;f__Prevotellaceae;g__Prevotella;s__	g__Prevotella
2f4a2b08eec8d8d5f66dc0d20552881f	d__Bacteria;p__Pseudomonadota;c__Gammaproteobacteria;o__Enterobacterales;f__Enterobacteriaceae;g__Escherichia-Shigella;s__	g__Escherichia-Shigella
1a03eab87b42c9ce0c5101b738299f36	d__Bacteria;p__Bacillota;c__Clostridia;o__Peptostreptococcales-Tissierellales;f__Peptostreptococcaceae;g__Peptostreptococcus;s__	g__Peptostreptococcus
bba7962c72382d5f803e5df5497f9d83	d__Bacteria;p__Pseudomonadota;c__Gammaproteobacteria;o__Burkholderiales;f__Neisseriaceae;g__Neisseria;s__	g__Neisseria
f662f77840121b3d51dc129643a2ba23	d__Bacteria;p__Pseudomonadota;c__Gammaproteobacteria;o__Burkholderiales;f__Neisseriaceae;g__Neisseria;s__	g__Neisseria
efeea2f82257ac6f2f62fb04fcab5a48	d__Bacteria;p__Pseudomonadota;c__Gammaproteobacteria;o__Burkholderiales;f__Neisseriaceae;g__Kingella;s__	g__Kingella
f5c19a1ea2a3105e7d092a925264deb9	d__Bacteria;p__Bacillota;c__Clostridia;o__Peptostreptococcales-Tissierellales;f__Family_XI;g__Parvimonas;s__	g__Parvimonas
2db83dec883691136b5d9666fc0adb54	d__Bacteria;p__Pseudomonadota;c__Gammaproteobacteria;o__Enterobacterales;f__Pasteurellaceae;g__Aggregatibacter;s__	g__Aggregatibacter
94ea0cf0f0fc7c8f21b14c876a6531e5	d__Bacteria;p__Pseudomonadota;c__Gammaproteobacteria;o__Burkholderiales;f__Neisseriaceae;g__Neisseria;s__	g__Neisseria
b5d49db9d9ccb60a34050267bfcc36fe	d__Bacteria;p__Bacillota;c__Bacilli;o__Lactobacillales;f__Carnobacteriaceae;g__Granulicatella;s__	g__Granulicatella
9b48d0851c30cedc8aa2148ace223ab6	d__Bacteria;p__Campylobacterota;c__Campylobacteria;o__Campylobacterales;f__Campylobacteraceae;g__Campylobacter;s__	g__Campylobacter
7016ac820ff06a60b4815fde5e495341	d__Bacteria;p__Pseudomonadota;c__Gammaproteobacteria;o__Burkholderiales;f__Neisseriaceae;g__Neisseria;s__	g__Neisseria
e6050f1b1452a4f498ea2f4a31eac40a	d__Bacteria;p__Bacteroidota;c__Bacteroidia;o__Bacteroidales;f__Prevotellaceae;g__Prevotella;s__	g__Prevotella
552ed8a144cb8abb7490125ca10207cf	d__Bacteria;p__Pseudomonadota;c__Gammaproteobacteria;o__Enterobacterales;f__Pasteurellaceae;g__Haemophilus;s__	g__Haemophilus
359fb0daf7fecd8d7687c3383fefc99e	d__Bacteria;p__Bacteroidota;c__Bacteroidia;o__Sphingobacteriales;f__Lentimicrobiaceae;g__Lentimicrobium;s__	g__Lentimicrobium
59248902514ffc2a26fc591405da4fc1	d__Bacteria;p__Actinomycetota;c__Actinobacteria;o__Micrococcales;f__Micrococcaceae;g__Rothia;s__	g__Rothia
ef1ff61fb9de5f05371fdff6503799ae	d__Bacteria;p__Pseudomonadota;c__Gammaproteobacteria;o__Enterobacterales;f__Pasteurellaceae;g__Haemophilus;s__	g__Haemophilus
7ad780a45078dfbf836a95b36c45deef	d__Bacteria;p__Fusobacteriota;c__Fusobacteriia;o__Fusobacteriales;f__Fusobacteriaceae;g__Fusobacterium;s__	g__Fusobacterium
fd9293c3f107b768237906f08e8f5551	d__Bacteria;p__Bacillota;c__Bacilli;o__Staphylococcales;f__Gemellaceae;g__Gemella;s__	g__Gemella
e9a5c099a679e7a9c1230f4e8bab53fc	d__Bacteria;p__Campylobacterota;c__Campylobacteria;o__Campylobacterales;f__Campylobacteraceae;g__Campylobacter;s__	g__Campylobacter
47382a0cb05e149623480bdee2a4f04c	d__Bacteria;p__Fusobacteriota;c__Fusobacteriia;o__Fusobacteriales;f__Fusobacteriaceae;g__Fusobacterium;s__	g__Fusobacterium
887a09354d908590ad7bb6d121043e8a	d__Bacteria;p__Bacillota;c__Negativicutes;o__Veillonellales-Selenomonadales;f__Veillonellaceae;g__Veillonella;s__	g__Veillonella
448dbd891a66d6cbc432a90f68113186	d__Bacteria;p__Pseudomonadota;c__Gammaproteobacteria;o__Pseudomonadales;f__Pseudomonadaceae;g__Pseudomonas;s__	g__Pseudomonas
849154d1fef3cbacbdede1343a55ac92	d__Bacteria;p__Bacillota;c__Bacilli;o__Lactobacillales;f__Streptococcaceae;g__Streptococcus;s__	g__Streptococcus
135ea3e4d147e2cf6e381bd218ca38c2	d__Bacteria;p__Bacillota;c__Negativicutes;o__Veillonellales-Selenomonadales;f__Veillonellaceae;g__Veillonella;s__	g__Veillonella
dbba23495c133cc40f6aceba673d8246	d__Bacteria;p__Pseudomonadota;c__Gammaproteobacteria;o__Burkholderiales;f__Neisseriaceae;g__Neisseria;s__	g__Neisseria
501fac03fa7630c29db4706238d22319	d__Bacteria;p__Bacteroidota;c__Bacteroidia;o__Bacteroidales;f__Porphyromonadaceae;g__Porphyromonas;s__	g__Porphyromonas
3fc93095b82b79733c28540f9fc72342	d__Bacteria;p__Bacillota;c__Clostridia;o__Lachnospirales;f__Lachnospiraceae;g__Lachnoanaerobaculum;s__	g__Lachnoanaerobaculum
5fd917d377f2da7e74508c24b5c016f1	d__Bacteria;p__Bacillota;c__Bacilli;o__Staphylococcales;f__Gemellaceae;g__Gemella;s__	g__Gemella
563d711ddc978129e1942fab9f646135	d__Bacteria;p__Bacteroidota;c__Bacteroidia;o__Bacteroidales;f__Porphyromonadaceae;g__Porphyromonas;s__	g__Porphyromonas
90754f4203b942e948daef3076e35525	d__Bacteria;p__Bacteroidota;c__Bacteroidia;o__Bacteroidales;f__Prevotellaceae;g__Segatella;s__	g__Segatella
8b915559f026b4139eeb35d8ffa8268d	d__Bacteria;p__Fusobacteriota;c__Fusobacteriia;o__Fusobacteriales;f__Fusobacteriaceae;g__Fusobacterium;s__	g__Fusobacterium
783d5459b7b42bd4d7a2ac1d434949b2	d__Bacteria;p__Bacillota;c__Bacilli;o__Lactobacillales;f__Streptococcaceae;g__Streptococcus;s__	g__Streptococcus
230665fe0b2687bf41e13a56e65b1259	d__Bacteria;p__Bacteroidota;c__Bacteroidia;o__Flavobacteriales;f__Flavobacteriaceae;g__Capnocytophaga;s__	g__Capnocytophaga
7efcbe92466c1fa22231593521305dd6	d__Bacteria;p__Pseudomonadota;c__Gammaproteobacteria;o__Burkholderiales;f__Neisseriaceae;g__Neisseria;s__	g__Neisseria
3f760ec7bee0cb75b2b406974977f341	d__Bacteria;p__Fusobacteriota;c__Fusobacteriia;o__Fusobacteriales;f__Fusobacteriaceae;g__Fusobacterium;s__	g__Fusobacterium
01b70184018489ebc7861c87669e0138	d__Bacteria;p__Bacteroidota;c__Bacteroidia;o__Bacteroidales;f__Prevotellaceae;g__Incertae_Sedis;s__	g__Incertae_Sedis
a1442cfc50bec9f2d05a412c0d04929d	d__Bacteria;p__Pseudomonadota;c__Gammaproteobacteria;o__Enterobacterales;f__Pasteurellaceae;g__Haemophilus;s__	g__Haemophilus
f2ba86ae574d6b7e2738323ea2b9cc44	d__Bacteria;p__Bacteroidota;c__Bacteroidia;o__Sphingobacteriales;f__Lentimicrobiaceae;g__Lentimicrobium;s__	g__Lentimicrobium
76fe98ace4224467f237a1432f71fc36	d__Bacteria;p__Pseudomonadota;c__Gammaproteobacteria;o__Enterobacterales;f__Yersiniaceae;g__Serratia;s__	g__Serratia
717df1c5c615e57870a5681e8e658d28	d__Bacteria;p__Pseudomonadota;c__Gammaproteobacteria;o__Burkholderiales;f__Neisseriaceae;g__Neisseria;s__	g__Neisseria
727cd1eebae3ae24468583a5fd29bf40	d__Bacteria;p__Bacteroidota;c__Bacteroidia;o__Flavobacteriales;f__Flavobacteriaceae;g__Capnocytophaga;s__	g__Capnocytophaga
cdb9b8f4e956a837d524eeaffe6ed873	d__Bacteria;p__Pseudomonadota;c__Gammaproteobacteria;o__Enterobacterales;f__Pasteurellaceae;g__Haemophilus;s__	g__Haemophilus
ceab618a6d5d915ae7a6338c9efd0fa5	d__Bacteria;p__Bacteroidota;c__Bacteroidia;o__Bacteroidales;f__Porphyromonadaceae;g__Porphyromonas;s__	g__Porphyromonas
6b3e668d3a5e0c8e67160dde23e4ea09	d__Bacteria;p__Pseudomonadota;c__Gammaproteobacteria;o__Enterobacterales;f__Pasteurellaceae;g__Haemophilus;s__	g__Haemophilus
5f0231e683a6fce45f400b61f6826382	d__Bacteria;p__Bacillota;c__Bacilli;o__Mycoplasmatales;f__Mycoplasmataceae;g__Mycoplasma;s__	g__Mycoplasma
e42736a7a44b8884c1001f656bfc252e	d__Bacteria;p__Bacillota;c__Bacilli;o__Lactobacillales;f__Streptococcaceae;g__Streptococcus;s__	g__Streptococcus
0e7f78e494e734305ea59cd0caafa1b8	d__Bacteria;p__Bacillota;c__Clostridia;o__Peptostreptococcales-Tissierellales;f__Peptostreptococcaceae;g__Filifactor;s__	g__Filifactor
95ece4e07d731be0b99f1fae505b3a55	d__Bacteria;p__Pseudomonadota;c__Gammaproteobacteria;o__Burkholderiales;f__Neisseriaceae;g__Neisseria;s__	g__Neisseria
7ecf2791f33b4a8f0244f15e0cc23b77	d__Bacteria;p__Bacteroidota;c__Bacteroidia;o__Bacteroidales;f__Prevotellaceae;g__Hoylesella;s__	g__Hoylesella
89223c19fc66a8fffc020f6f995f1066	d__Bacteria;p__Bacteroidota;c__Bacteroidia;o__Bacteroidales;f__Prevotellaceae;g__Hoylesella;s__	g__Hoylesella
05d203a2eb662139e1ce1f3097ea7f61	d__Bacteria;p__Fusobacteriota;c__Fusobacteriia;o__Fusobacteriales;f__Fusobacteriaceae;g__Fusobacterium;s__	g__Fusobacterium
50282f0c47c694e160b1e834ae11e9e7	d__Bacteria;p__Spirochaetota;c__Spirochaetia;o__Spirochaetales;f__Spirochaetaceae;g__Treponema;s__	g__Treponema
3074bb41aedea5570b07a060bf4b69bf	d__Bacteria;p__Pseudomonadota;c__Gammaproteobacteria;o__Burkholderiales;f__Neisseriaceae;g__Neisseria;s__	g__Neisseria
00a7069c61887549a552b1a92f4507fb	d__Bacteria;p__Pseudomonadota;c__Gammaproteobacteria;o__Enterobacterales;f__Morganellaceae;g__Morganella;s__	g__Morganella
f3ca08f9bbac735a9686685ad95f238e	d__Bacteria;p__Bacillota;c__Bacilli;o__Lactobacillales;f__Lactobacillaceae;g__Lactobacillus;s__	g__Lactobacillus
21620a2f4231ee76ff68ba5f4d70a6a4	d__Bacteria;p__Pseudomonadota;c__Gammaproteobacteria;o__Enterobacterales;f__Yersiniaceae;g__Serratia;s__	g__Serratia
ff5b3aec260c9a4e28e1a4b904c0585d	d__Bacteria;p__Pseudomonadota;c__Gammaproteobacteria;o__Enterobacterales;f__Morganellaceae;g__Morganella;s__	g__Morganella
6b85c19550eb88d18a41c2910397609b	d__Bacteria;p__Bacillota;c__Clostridia;o__Lachnospirales;f__Lachnospiraceae;g__Lachnoanaerobaculum;s__	g__Lachnoanaerobaculum
b90a25d9870de1984abe52f12ecc90c0	d__Bacteria;p__Bacteroidota;c__Bacteroidia;o__Bacteroidales;f__Prevotellaceae;g__Prevotella;s__	g__Prevotella
b5c4c971f768b696e0111e5fef10626f	d__Bacteria;p__Bacillota;c__Bacilli;o__Lactobacillales;f__Streptococcaceae;g__Streptococcus;s__	g__Streptococcus
ea5dabedc68281119e5296e7a091264a	d__Bacteria;p__Bacteroidota;c__Bacteroidia;o__Bacteroidales;f__Porphyromonadaceae;g__Porphyromonas;s__	g__Porphyromonas
fc015e2ca40bbbe64aad354d79411820	d__Bacteria;p__Bacteroidota;c__Bacteroidia;o__Flavobacteriales;f__Flavobacteriaceae;g__Capnocytophaga;s__	g__Capnocytophaga
7cd21eb092ca0652a337377e39f7e78b	d__Bacteria;p__Spirochaetota;c__Spirochaetia;o__Spirochaetales;f__Spirochaetaceae;g__Treponema;s__	g__Treponema
da79c389cd23dd866ee1008ef5c248ab	d__Bacteria;p__Bacteroidota;c__Bacteroidia;o__Bacteroidales;f__Porphyromonadaceae;g__Porphyromonas;s__	g__Porphyromonas
3e8c5a6c4de385e15dab5e70d8bc276d	d__Bacteria;p__Bacillota;c__Bacilli;o__Lactobacillales;f__Streptococcaceae;g__Streptococcus;s__	g__Streptococcus
bfcc9b374a770efb60478d89d009a495	d__Bacteria;p__Bacillota;c__Negativicutes;o__Veillonellales-Selenomonadales;f__Veillonellaceae;g__Veillonella;s__	g__Veillonella
88c5cf9e1a066e876c39f5507ef5e4e8	d__Bacteria;p__Pseudomonadota;c__Gammaproteobacteria;o__Burkholderiales;f__Neisseriaceae;g__Neisseria;s__	g__Neisseria
49406695cb6497e0b27f29b8ca9e65f0	d__Bacteria;p__Bacteroidota;c__Bacteroidia;o__Bacteroidales;f__Porphyromonadaceae;g__Porphyromonas;s__	g__Porphyromonas
981a06d7150093f09fd2672f5b9c8286	d__Bacteria;p__Pseudomonadota;c__Gammaproteobacteria;o__Enterobacterales;f__Pasteurellaceae;g__Haemophilus;s__	g__Haemophilus
81b6a6ad29809590c01b99f335f86619	d__Bacteria;p__Fusobacteriota;c__Fusobacteriia;o__Fusobacteriales;f__Leptotrichiaceae;g__Leptotrichia;s__	g__Leptotrichia
762f1ca5e891d14b2af01597000db65c	d__Bacteria;p__Bacteroidota;c__Bacteroidia;o__Bacteroidales;f__Prevotellaceae;g__Incertae_Sedis;s__	g__Incertae_Sedis
9ea1084f64a1edb4689e261dcffe294d	d__Bacteria;p__Bacteroidota;c__Bacteroidia;o__Flavobacteriales;f__Flavobacteriaceae;g__Capnocytophaga;s__	g__Capnocytophaga
3da223d956cfd1932fdfb3e0d84ca2c4	d__Bacteria;p__Bacillota;c__Negativicutes;o__Veillonellales-Selenomonadales;f__Selenomonadaceae;g__Selenomonas;s__	g__Selenomonas
15d983ff38662efda62875c25118f5c4	d__Bacteria;p__Bacillota;c__Bacilli;o__Staphylococcales;f__Gemellaceae;g__Gemella;s__	g__Gemella
3b0324511e96887e279727316d44e9b7	d__Bacteria;p__Bacillota;c__Bacilli;o__Lactobacillales;f__Streptococcaceae;g__Streptococcus;s__	g__Streptococcus
f1b0d35c70848ddda9c2da84e7d42fe7	d__Bacteria;p__Bacteroidota;c__Bacteroidia;o__Bacteroidales;f__Prevotellaceae;g__Prevotella;s__	g__Prevotella
fe4787fde4d490af00c1a1e58f761622	d__Bacteria;p__Bacteroidota;c__Bacteroidia;o__Bacteroidales;f__Tannerellaceae;g__Tannerella;s__	g__Tannerella
3d3bb06df80852d95c8914197448e42c	d__Bacteria;p__Bacillota;c__Bacilli;o__Staphylococcales;f__Gemellaceae;g__Gemella;s__	g__Gemella
3241ad7053429ac4fdd283e465b63844	d__Bacteria;p__Bacteroidota;c__Bacteroidia;o__Flavobacteriales;f__Flavobacteriaceae;g__Capnocytophaga;s__	g__Capnocytophaga
57e39e45bf5ae16cefbe7f517dfbffd8	d__Bacteria;p__Fusobacteriota;c__Fusobacteriia;o__Fusobacteriales;f__Fusobacteriaceae;g__Fusobacterium;s__	g__Fusobacterium
b129a4cfff675781dfc6a357137d592d	d__Bacteria;p__Bacteroidota;c__Bacteroidia;o__Bacteroidales;f__Prevotellaceae;g__Prevotella;s__	g__Prevotella
3589bf070c590fe5a3fc80925021bb0e	d__Bacteria;p__Bacillota;c__Clostridia;o__Peptostreptococcales-Tissierellales;f__Peptostreptococcaceae;g__[Eubacterium]_yurii_group;s__	g__[Eubacterium]_yurii_group
49976e8f963c1b31c42b750dd49c7c87	d__Bacteria;p__Pseudomonadota;c__Gammaproteobacteria;o__Enterobacterales;f__Morganellaceae;g__Morganella;s__	g__Morganella
837b99c813c89596edcaadae2bb5235e	d__Bacteria;p__Bacillota;c__Negativicutes;o__Veillonellales-Selenomonadales;f__Veillonellaceae;g__Veillonella;s__	g__Veillonella
b2b5480bc2e1d8ad6fbe0c5dacfb5554	d__Bacteria;p__Fusobacteriota;c__Fusobacteriia;o__Fusobacteriales;f__Leptotrichiaceae;g__Incertae_Sedis;s__	g__Incertae_Sedis
901453f342aba439f7dcb530bd1c50fa	d__Bacteria;p__Bacillota;c__Negativicutes;o__Veillonellales-Selenomonadales;f__Selenomonadaceae;g__Selenomonas;s__	g__Selenomonas
983221711f529bb7d73fcffec66c0293	d__Bacteria;p__Bacillota;c__Bacilli;o__Lactobacillales;f__Lactobacillaceae;g__Ligilactobacillus;s__	g__Ligilactobacillus
861cdad1f869b18c7f8d4a2edca9daed	d__Bacteria;p__Spirochaetota;c__Spirochaetia;o__Spirochaetales;f__Spirochaetaceae;g__Treponema;s__	g__Treponema
cb2a875fcb092800ffa0234676142e1c	d__Bacteria;p__Fusobacteriota;c__Fusobacteriia;o__Fusobacteriales;f__Fusobacteriaceae;g__Fusobacterium;s__	g__Fusobacterium
85f74c30fcd65ce2648583a8d36c4bda	d__Bacteria;p__Bacteroidota;c__Bacteroidia;o__Bacteroidales;f__Porphyromonadaceae;g__Porphyromonas;s__	g__Porphyromonas
28ca5294009475322aa4a5d09cd182ee	d__Bacteria;p__Pseudomonadota;c__Gammaproteobacteria;o__Enterobacterales;f__Pasteurellaceae;g__Haemophilus;s__	g__Haemophilus
afdac04e6b90a4d05063c90b38c5f15a	d__Bacteria;p__Pseudomonadota;c__Gammaproteobacteria;o__Burkholderiales;f__Neisseriaceae;g__Neisseria;s__	g__Neisseria
4067f94132354486bef01604a324efb0	d__Bacteria;p__Bacteroidota;c__Bacteroidia;o__Bacteroidales;f__Prevotellaceae;g__Prevotella;s__	g__Prevotella
ab5a81fa15c3b3fac8a0f960e5b06c23	d__Bacteria;p__Bacteroidota;c__Bacteroidia;o__Bacteroidales;f__Prevotellaceae;g__Incertae_Sedis;s__	g__Incertae_Sedis
cba505444eb251cbb0dd480e437a0fd0	d__Bacteria;p__Bacteroidota;c__Bacteroidia;o__Bacteroidales;f__Porphyromonadaceae;g__Porphyromonas;s__	g__Porphyromonas
ed70988c5d12600eef5de222e2981dd0	d__Bacteria;p__Bacillota;c__Clostridia;o__Peptostreptococcales-Tissierellales;f__Peptostreptococcaceae;g__Peptostreptococcus;s__	g__Peptostreptococcus
5ec5550ed6d51c086752070661cdc279	d__Bacteria;p__Bacillota;c__Negativicutes;o__Veillonellales-Selenomonadales;f__Veillonellaceae;g__Veillonella;s__	g__Veillonella
bd80cb3d25549292d603ed245303891b	d__Bacteria;p__Bacillota;c__Clostridia;o__Peptostreptococcales-Tissierellales;f__Family_XI;g__Parvimonas;s__	g__Parvimonas
23e3cb057ebaaced44aeb063648807cb	d__Bacteria;p__Bacteroidota;c__Bacteroidia;o__Flavobacteriales;f__Flavobacteriaceae;g__Capnocytophaga;s__	g__Capnocytophaga
8e167863d14effa07683bd2adf868576	d__Bacteria;p__Campylobacterota;c__Campylobacteria;o__Campylobacterales;f__Campylobacteraceae;g__Campylobacter;s__	g__Campylobacter
e32a56b7b640c5c665d76b6703bf6070	d__Bacteria;p__Bacillota;c__Clostridia;o__Peptostreptococcales-Tissierellales;f__Peptostreptococcaceae;g__Incertae_Sedis;s__	g__Incertae_Sedis
cd97ac97b4e9861ea05ea880e39fef96	d__Bacteria;p__Bacillota;c__Negativicutes;o__Veillonellales-Selenomonadales;f__Veillonellaceae;g__Veillonella;s__	g__Veillonella
6792d9189def88a7e7cd9dd1b8836f96	d__Bacteria;p__Spirochaetota;c__Spirochaetia;o__Spirochaetales;f__Spirochaetaceae;g__Treponema;s__	g__Treponema
8f153297c6511ace3783946bd2280a77	d__Bacteria;p__Patescibacteria;c__Gracilibacteria;o__Absconditabacteriales_(SR1);f__Incertae_Sedis;g__Incertae_Sedis;s__	g__Incertae_Sedis
84a612285d528f7bab3e7e1320407656	d__Bacteria;p__Bacteroidota;c__Bacteroidia;o__Sphingobacteriales;f__Lentimicrobiaceae;g__Lentimicrobium;s__	g__Lentimicrobium
86d52f61bbd3b3d5812eb8eaf1730b44	d__Bacteria;p__Spirochaetota;c__Spirochaetia;o__Spirochaetales;f__Spirochaetaceae;g__Treponema;s__	g__Treponema
f27b4f827e08c8fa0bb0e058fd2bff8a	d__Bacteria;p__Pseudomonadota;c__Gammaproteobacteria;o__Burkholderiales;f__Neisseriaceae;g__Neisseria;s__	g__Neisseria
dfbfb19eaec2a395e5ae5ba55ebc5150	d__Bacteria;p__Bacillota;c__Bacilli;o__Lactobacillales;f__Streptococcaceae;g__Streptococcus;s__	g__Streptococcus
89e7592329ac9f4a92495ab06bba30d1	d__Bacteria;p__Patescibacteria;c__Gracilibacteria;o__Absconditabacteriales_(SR1);f__Incertae_Sedis;g__Incertae_Sedis;s__	g__Incertae_Sedis
5ea97ff504286bd1c6227f438f845b01	d__Bacteria;p__Pseudomonadota;c__Gammaproteobacteria;o__Burkholderiales;f__Neisseriaceae;g__Neisseria;s__	g__Neisseria
946ba23fb12fc91dbe2bc6b7270d7cae	d__Bacteria;p__Bacteroidota;c__Bacteroidia;o__Bacteroidales;f__Prevotellaceae;g__Hoylesella;s__	g__Hoylesella
92eddee421b7899a7359a59cb1cc4820	d__Bacteria;p__Pseudomonadota;c__Gammaproteobacteria;o__Enterobacterales;f__Pasteurellaceae;g__Haemophilus;s__	g__Haemophilus
e41dd93cfd912384b3f708d05c9d69e7	d__Bacteria;p__Spirochaetota;c__Spirochaetia;o__Spirochaetales;f__Spirochaetaceae;g__Treponema;s__	g__Treponema
5fd809f0a152d245084f578cefe62ebe	d__Bacteria;p__Bacillota;c__Bacilli;o__Lactobacillales;f__Streptococcaceae;g__Streptococcus;s__	g__Streptococcus
1aaeeddd80552a2898b02c2d9f23337d	d__Bacteria;p__Fusobacteriota;c__Fusobacteriia;o__Fusobacteriales;f__Fusobacteriaceae;g__Fusobacterium;s__	g__Fusobacterium
56080a258f9b5a2a6cc778c56200af06	d__Bacteria;p__Fusobacteriota;c__Fusobacteriia;o__Fusobacteriales;f__Fusobacteriaceae;g__Fusobacterium;s__	g__Fusobacterium
2c92f08e14395ea41ed1ccf32f8330a1	d__Bacteria;p__Bacillota;c__Clostridia;o__Lachnospirales;f__Lachnospiraceae;g__Catonella;s__	g__Catonella
02129579f0244ee552d01db145e09189	d__Bacteria;p__Spirochaetota;c__Spirochaetia;o__Spirochaetales;f__Spirochaetaceae;g__Treponema;s__	g__Treponema
5262f7a0a3294d221086cc28c2b6c154	d__Bacteria;p__Bacteroidota;c__Bacteroidia;o__Sphingobacteriales;f__Lentimicrobiaceae;g__Lentimicrobium;s__	g__Lentimicrobium
201fa66c362162bfed11860d7459d099	d__Bacteria;p__Spirochaetota;c__Spirochaetia;o__Spirochaetales;f__Spirochaetaceae;g__Treponema;s__	g__Treponema
d329eeaca5bb3c404b3a24924dadf394	d__Bacteria;p__Bacillota;c__Negativicutes;o__Veillonellales-Selenomonadales;f__Veillonellaceae;g__Dialister;s__	g__Dialister
8a7f066b0c01211e4a4778d1e5346c80	d__Bacteria;p__Bacteroidota;c__Bacteroidia;o__Bacteroidales;f__Porphyromonadaceae;g__Porphyromonas;s__	g__Porphyromonas
e9ad30bf91abac3741197020f49370b6	d__Bacteria;p__Bacillota;c__Clostridia;o__Lachnospirales;f__Lachnospiraceae;g__Stomatobaculum;s__	g__Stomatobaculum
0fe742bed1aabff66cd50e24bd62eacf	d__Bacteria;p__Bacteroidota;c__Bacteroidia;o__Bacteroidales;f__Prevotellaceae;g__Prevotella;s__	g__Prevotella
64ace8ca3aaf7cd87e4f620546743f1d	d__Bacteria;p__Fusobacteriota;c__Fusobacteriia;o__Fusobacteriales;f__Fusobacteriaceae;g__Fusobacterium;s__	g__Fusobacterium
c507f76d8a69c0e0cef2566ec1322c5f	d__Bacteria;p__Spirochaetota;c__Spirochaetia;o__Spirochaetales;f__Spirochaetaceae;g__Treponema;s__	g__Treponema
57aefa5d0a0056772a9e3e71c4ddec1b	d__Bacteria;p__Bacillota;c__Bacilli;o__Lactobacillales;f__Lactobacillaceae;g__Limosilactobacillus;s__	g__Limosilactobacillus
d95827350104af20dec3996609a679b3	d__Bacteria;p__Pseudomonadota;c__Gammaproteobacteria;o__Burkholderiales;f__Neisseriaceae;g__Neisseria;s__	g__Neisseria
383b02b24efb45790893170ce07c8a36	d__Bacteria;p__Bacillota;c__Negativicutes;o__Veillonellales-Selenomonadales;f__Selenomonadaceae;g__Selenomonas;s__	g__Selenomonas
72d9f36a890c98aa4a6cc4dc8349683d	d__Bacteria;p__Bacillota;c__Bacilli;o__Mycoplasmatales;f__Mycoplasmataceae;g__Mycoplasma;s__	g__Mycoplasma
424487efcca90166f3fd483eb77819cd	d__Bacteria;p__Bacillota;c__Bacilli;o__Mycoplasmatales;f__Mycoplasmataceae;g__Mycoplasmopsis;s__	g__Mycoplasmopsis
0d7c09569c05cbe05410e88e505a0f13	d__Bacteria;p__Bacteroidota;c__Bacteroidia;o__Bacteroidales;f__Porphyromonadaceae;g__Porphyromonas;s__	g__Porphyromonas
c6118eebc2df090a0a774aa6b333d7ef	d__Bacteria;p__Pseudomonadota;c__Gammaproteobacteria;o__Burkholderiales;f__Neisseriaceae;g__Eikenella;s__	g__Eikenella
02880a7d6852b347a1e336cf8f38859e	d__Bacteria;p__Pseudomonadota;c__Gammaproteobacteria;o__Burkholderiales;f__Neisseriaceae;g__Alysiella;s__	g__Alysiella
3fa3fa87166796bc0d456db59804a2b9	d__Bacteria;p__Bacillota;c__Negativicutes;o__Veillonellales-Selenomonadales;f__Selenomonadaceae;g__Selenomonas;s__	g__Selenomonas
5bba92bd5abf2811d47296328cb0a770	d__Bacteria;p__Pseudomonadota;c__Gammaproteobacteria;o__Burkholderiales;f__Neisseriaceae;g__Neisseria;s__	g__Neisseria
4324fe9bef1d7d2ecd09249e545881aa	d__Bacteria;p__Bacteroidota;c__Bacteroidia;o__Bacteroidales;f__Prevotellaceae;g__Prevotella;s__	g__Prevotella
8a823f94c8651fdc4b3791ab079762eb	d__Bacteria;p__Bacillota;c__Clostridia;o__Lachnospirales;f__Lachnospiraceae;g__Oribacterium;s__	g__Oribacterium
6f82c7121e7e8d2f0497484ce500711d	d__Bacteria;p__Bacteroidota;c__Bacteroidia;o__Bacteroidales;f__Prevotellaceae;g__Prevotella;s__	g__Prevotella
8d476dc9c923045e11fdb89be25b1db5	d__Bacteria;p__Spirochaetota;c__Spirochaetia;o__Spirochaetales;f__Spirochaetaceae;g__Treponema;s__	g__Treponema
7bdf92a132c7c6d49d7f0895b1dbd84e	d__Bacteria;p__Bacillota;c__Clostridia;o__Peptostreptococcales-Tissierellales;f__Family_XI;g__Parvimonas;s__	g__Parvimonas
1f13441c2be694f5bf0e928056d61b07	d__Bacteria;p__Bacteroidota;c__Bacteroidia;o__Bacteroidales;f__Prevotellaceae;g__Hoylesella;s__	g__Hoylesella
cef5f133120ac29abd5d3eb3bba6de00	d__Bacteria;p__Bacillota;c__Negativicutes;o__Veillonellales-Selenomonadales;f__Veillonellaceae;g__Veillonella;s__	g__Veillonella
6d1a5d81599f24de069bfd7572a16f76	d__Bacteria;p__Bacillota;c__Bacilli;o__Lactobacillales;f__Streptococcaceae;g__Streptococcus;s__	g__Streptococcus
7bb03ad30b8b8901eaf3a0710cc6734b	d__Bacteria;p__Bacillota;c__Bacilli;o__Lactobacillales;f__Streptococcaceae;g__Streptococcus;s__	g__Streptococcus
f96532da418a5d11080bc6d9d803528f	d__Bacteria;p__Bacillota;c__Clostridia;o__Peptostreptococcales-Tissierellales;f__Family_XI;g__W5053;s__	g__W5053
c440141dace70e9d4bf543c5c6f77743	d__Bacteria;p__Bacteroidota;c__Bacteroidia;o__Flavobacteriales;f__Flavobacteriaceae;g__Capnocytophaga;s__	g__Capnocytophaga
0360a498b5585f9028fa802e6b4f7bf5	d__Bacteria;p__Bacillota;c__Negativicutes;o__Veillonellales-Selenomonadales;f__Veillonellaceae;g__Dialister;s__	g__Dialister
1b4aad3d061e77a6cd16ec5caa9f2b7d	d__Bacteria;p__Bacillota;c__Clostridia;o__Lachnospirales;f__Lachnospiraceae;g__Catonella;s__	g__Catonella
35bd046ce5a0ea421305bf919a62d024	d__Bacteria;p__Bacillota;c__Negativicutes;o__Veillonellales-Selenomonadales;f__Veillonellaceae;g__Veillonella;s__	g__Veillonella
00053abd1cbeb6e5ac9946bf848d2256	d__Bacteria;p__Bacteroidota;c__Bacteroidia;o__Bacteroidales;f__Prevotellaceae;g__Prevotella;s__	g__Prevotella
093f68ef34faa6328ab12be575ccd555	d__Bacteria;p__Bacteroidota;c__Bacteroidia;o__Sphingobacteriales;f__Lentimicrobiaceae;g__Lentimicrobium;s__	g__Lentimicrobium
0814bc9a46e5555eb60cab46f6e4935d	d__Bacteria;p__Spirochaetota;c__Spirochaetia;o__Spirochaetales;f__Spirochaetaceae;g__Treponema;s__	g__Treponema
b57512e175ec24453cc1dbf55365bab4	d__Bacteria;p__Pseudomonadota;c__Gammaproteobacteria;o__Burkholderiales;f__Neisseriaceae;g__Alysiella;s__	g__Alysiella
5f210d7bf81de41a2b781e7ada732a01	d__Bacteria;p__Bacteroidota;c__Bacteroidia;o__Flavobacteriales;f__Flavobacteriaceae;g__Capnocytophaga;s__	g__Capnocytophaga
c2b3ef13ea829803c52993d13b865181	d__Bacteria;p__Bacillota;c__Clostridia;o__Peptostreptococcales-Tissierellales;f__Peptostreptococcaceae;g__Filifactor;s__	g__Filifactor
e03f582ef7790abe5266b461553dc269	d__Bacteria;p__Bacillota;c__Negativicutes;o__Veillonellales-Selenomonadales;f__Veillonellaceae;g__Veillonella;s__	g__Veillonella
a0075800f0e203e408fdb56bef8c3bad	d__Bacteria;p__Pseudomonadota;c__Gammaproteobacteria;o__Burkholderiales;f__Neisseriaceae;g__Kingella;s__	g__Kingella
c388b9ae2a0f6dee46e77fc77c6bfeef	d__Bacteria;p__Bacillota;c__Clostridia;o__Peptostreptococcales-Tissierellales;f__Peptostreptococcaceae;g__Peptoanaerobacter;s__	g__Peptoanaerobacter
9c2c5179f26aa3977ce836f471ecc648	d__Bacteria;p__Bacillota;c__Clostridia;o__Lachnospirales;f__Lachnospiraceae;g__Catonella;s__	g__Catonella
203a64ae2565423a2fda1c56a099883e	d__Bacteria;p__Bacteroidota;c__Bacteroidia;o__Sphingobacteriales;f__Lentimicrobiaceae;g__Lentimicrobium;s__	g__Lentimicrobium
ebd54331320311e5b5eb865c7f4b51cb	d__Bacteria;p__Bacteroidota;c__Bacteroidia;o__Bacteroidales;f__Prevotellaceae;g__Hoylesella;s__	g__Hoylesella
49d4b7fc67aed6a6c15b45b14ec2d0bd	d__Bacteria;p__Pseudomonadota;c__Gammaproteobacteria;o__Burkholderiales;f__Burkholderiaceae;g__Lautropia;s__	g__Lautropia
30664f71bb39991631dd557b6809ec9a	d__Bacteria;p__Fusobacteriota;c__Fusobacteriia;o__Fusobacteriales;f__Leptotrichiaceae;g__Leptotrichia;s__	g__Leptotrichia
6eac0b2d679f38e88de60660adff6fbf	d__Bacteria;p__Patescibacteria;c__Saccharimonadia;o__Saccharimonadales;f__Saccharimonadaceae;g__TM7x;s__	g__TM7x
40a8d26e6c1bbcb53ff0d7b9c92e1d08	d__Bacteria;p__Bacillota;c__Clostridia;o__Lachnospirales;f__Lachnospiraceae;g__Stomatobaculum;s__	g__Stomatobaculum
2360135b8007c55c841d334ba5660d25	d__Bacteria;p__Bacillota;c__Clostridia;o__Peptostreptococcales-Tissierellales;f__Anaerovoracaceae;g__Mogibacterium;s__	g__Mogibacterium
e30bafcfd26d9cd5d1ec3a4cae213f87	d__Bacteria;p__Bacteroidota;c__Bacteroidia;o__Bacteroidales;f__Bacteroidaceae;g__Bacteroides;s__	g__Bacteroides
7e61aa23a8856ec61952cc3a85c56fdf	d__Bacteria;p__Bacteroidota;c__Bacteroidia;o__Bacteroidales;f__Prevotellaceae;g__Prevotella;s__	g__Prevotella
d781393e77171898db6679e0a5746c6d	d__Bacteria;p__Bacteroidota;c__Bacteroidia;o__Bacteroidales;f__Prevotellaceae;g__Hoylesella;s__	g__Hoylesella
966c40644fcaa2dae5103200d29e3500	d__Bacteria;p__Bacteroidota;c__Bacteroidia;o__Flavobacteriales;f__Flavobacteriaceae;g__Capnocytophaga;s__	g__Capnocytophaga
627b4dcd478cfd4e947b37144cef94a0	d__Bacteria;p__Bacillota;c__Negativicutes;o__Veillonellales-Selenomonadales;f__Veillonellaceae;g__Anaeroglobus;s__	g__Anaeroglobus
2af7f67bbc7c181d9193e5ac93b0b28d	d__Bacteria;p__Bacillota;c__Clostridia;o__Peptostreptococcales-Tissierellales;f__Peptostreptococcaceae;g__Peptoanaerobacter;s__	g__Peptoanaerobacter
c7a6f5b7c427ee5bc8f42f34e7e50621	d__Bacteria;p__Pseudomonadota;c__Gammaproteobacteria;o__Enterobacterales;f__Pasteurellaceae;g__Aggregatibacter;s__	g__Aggregatibacter
07e22373e0351de8addb723a92661683	d__Bacteria;p__Bacteroidota;c__Bacteroidia;o__Bacteroidales;f__Tannerellaceae;g__Tannerella;s__	g__Tannerella
b7a40c61addf69b4d4076b95104f622b	d__Bacteria;p__Bacteroidota;c__Bacteroidia;o__Bacteroidales;f__Prevotellaceae;g__Prevotella;s__	g__Prevotella
7738c38a3988783f075b965512c4bf6c	d__Bacteria;p__Bacteroidota;c__Bacteroidia;o__Bacteroidales;f__Prevotellaceae;g__Prevotella;s__	g__Prevotella
1b07bfe866e0ac56c7ddcff3e41b5458	d__Bacteria;p__Pseudomonadota;c__Gammaproteobacteria;o__Burkholderiales;f__Neisseriaceae;g__Alysiella;s__	g__Alysiella
42c4392b0f2ce815ed2c339e476acfe4	d__Bacteria;p__Pseudomonadota;c__Gammaproteobacteria;o__Pseudomonadales;f__Moraxellaceae;g__Acinetobacter;s__	g__Acinetobacter
a3fc6a9dd8911987c725530523d8e80c	d__Bacteria;p__Bacteroidota;c__Bacteroidia;o__Bacteroidales;f__Incertae_Sedis;g__Phocaeicola;s__	g__Phocaeicola
85581cbb655078bb27f0b3aeabdebf19	d__Bacteria;p__Pseudomonadota;c__Gammaproteobacteria;o__Enterobacterales;f__Pasteurellaceae;g__Haemophilus;s__	g__Haemophilus
e38584e6b61d07bc4f48e2bc15b2b233	d__Bacteria;p__Bacteroidota;c__Bacteroidia;o__Bacteroidales;f__Prevotellaceae;g__Alloprevotella;s__	g__Alloprevotella
9f729713741abe0c0624e5911529c89c	d__Bacteria;p__Bacteroidota;c__Bacteroidia;o__Bacteroidales;f__Prevotellaceae;g__Prevotella;s__	g__Prevotella
b00fe8c62a38221db980c7cea531d448	d__Bacteria;p__Spirochaetota;c__Spirochaetia;o__Spirochaetales;f__Spirochaetaceae;g__Treponema;s__	g__Treponema
032a97e10b6c523520c3c01edebb9df9	d__Bacteria;p__Bacteroidota;c__Bacteroidia;o__Bacteroidales;f__Porphyromonadaceae;g__Porphyromonas;s__	g__Porphyromonas
e592375c46087e1b59bfaa1c47031d90	d__Bacteria;p__Bacteroidota;c__Bacteroidia;o__Bacteroidales;f__Porphyromonadaceae;g__Porphyromonas;s__	g__Porphyromonas
5126dc2b3c648cf5de72a821bacb6fab	d__Bacteria;p__Spirochaetota;c__Spirochaetia;o__Spirochaetales;f__Spirochaetaceae;g__Treponema;s__	g__Treponema
090201ed0e5efaf20d50e11865e6b175	d__Bacteria;p__Patescibacteria;c__Gracilibacteria;o__Absconditabacteriales_(SR1);f__Incertae_Sedis;g__Incertae_Sedis;s__	g__Incertae_Sedis
36b66397bab426fd43ac91b20fbf04f8	d__Bacteria;p__Bacteroidota;c__Bacteroidia;o__Bacteroidales;f__Prevotellaceae;g__Alloprevotella;s__	g__Alloprevotella
f00b7b30893ec3cdfafbc1daf3cdd419	d__Bacteria;p__Bacteroidota;c__Bacteroidia;o__Flavobacteriales;f__Flavobacteriaceae;g__Capnocytophaga;s__	g__Capnocytophaga
9221deef2256c26f854f6632255732ab	d__Bacteria;p__Spirochaetota;c__Spirochaetia;o__Spirochaetales;f__Spirochaetaceae;g__Treponema;s__	g__Treponema
94771fe16fe4ab3f20bd90f1e5ac4fb8	d__Bacteria;p__Bacteroidota;c__Bacteroidia;o__Bacteroidales;f__Paludibacteraceae;g__F0058;s__	g__F0058
db54acf6f7f0b472e8ca5b58559c7d4a	d__Bacteria;p__Bacillota;c__Clostridia;o__Lachnospirales;f__Lachnospiraceae;g__Incertae_Sedis;s__	g__Incertae_Sedis
2c54fbb28c176c48de70a30aa0d7d969	d__Bacteria;p__Spirochaetota;c__Spirochaetia;o__Spirochaetales;f__Spirochaetaceae;g__Treponema;s__	g__Treponema
ed0730fe0edd700efaadded7c0c2629a	d__Bacteria;p__Bacteroidota;c__Bacteroidia;o__Flavobacteriales;f__Flavobacteriaceae;g__Capnocytophaga;s__	g__Capnocytophaga
c75ebe524e8e3d8e063dcd590b770f80	d__Bacteria;p__Campylobacterota;c__Campylobacteria;o__Campylobacterales;f__Campylobacteraceae;g__Campylobacter;s__	g__Campylobacter
5ab7769598266aa3cc665907ec476b82	d__Bacteria;p__Bacillota;c__Bacilli;o__Erysipelotrichales;f__Erysipelotrichaceae;g__Solobacterium;s__	g__Solobacterium
11897b8fe2b9b9401a30256711a45281	d__Bacteria;p__Bacillota;c__Clostridia;o__Peptococcales;f__Peptococcaceae;g__Peptococcus;s__	g__Peptococcus
f5449050636b45f363d2d53c4d7ede1c	d__Bacteria;p__Bacillota;c__Bacilli;o__Lactobacillales;f__Carnobacteriaceae;g__Granulicatella;s__	g__Granulicatella
b1c2b4b0880a116c587ba1f772487b45	d__Bacteria;p__Bacillota;c__Clostridia;o__Lachnospirales;f__Lachnospiraceae;g__Catonella;s__	g__Catonella
c4f37791802bda6ad66643d65c9d4816	d__Bacteria;p__Bacteroidota;c__Bacteroidia;o__Bacteroidales;f__Prevotellaceae;g__Prevotella;s__	g__Prevotella
054dad99214c89a18fa07b246927588b	d__Bacteria;p__Bacteroidota;c__Bacteroidia;o__Sphingobacteriales;f__Lentimicrobiaceae;g__Lentimicrobium;s__	g__Lentimicrobium
ea8ce9e701bd74b25ec8a69bbed6f46e	d__Bacteria;p__Bacteroidota;c__Bacteroidia;o__Bacteroidales;f__Prevotellaceae;g__Prevotella;s__	g__Prevotella
4ea47e4189a1f0fd8ff8cbeb313f3ad6	d__Bacteria;p__Bacteroidota;c__Bacteroidia;o__Bacteroidales;f__Prevotellaceae;g__Hoylesella;s__	g__Hoylesella
4672f3668b64c1214e8460deb6a88286	d__Bacteria;p__Bacillota;c__Clostridia;o__Clostridia_UCG-014;f__Incertae_Sedis;g__Incertae_Sedis;s__	g__Incertae_Sedis
6c87a9e4905c7baa8e369e16eb4d98a2	d__Bacteria;p__Bacillota;c__Bacilli;o__Erysipelotrichales;f__Erysipelotrichaceae;g__Solobacterium;s__	g__Solobacterium
d5f21831cb3593ddecf6c9250dd4de2e	d__Bacteria;p__Bacteroidota;c__Bacteroidia;o__Bacteroidales;f__Paludibacteraceae;g__F0058;s__	g__F0058
4107b43e5155ab79b195485eefa2b234	d__Bacteria;p__Spirochaetota;c__Spirochaetia;o__Spirochaetales;f__Spirochaetaceae;g__Treponema;s__	g__Treponema
f329fcbe86dd1ecb7e433b0e589561c5	d__Bacteria;p__Fusobacteriota;c__Fusobacteriia;o__Fusobacteriales;f__Leptotrichiaceae;g__Sneathia;s__	g__Sneathia
2ce45e6c299edd5c715cefa0a21783b5	d__Bacteria;p__Bacteroidota;c__Bacteroidia;o__Bacteroidales;f__Prevotellaceae;g__Segatella;s__	g__Segatella
771b008f389a463995668f72074b3109	d__Bacteria;p__Bacteroidota;c__Bacteroidia;o__Flavobacteriales;f__Weeksellaceae;g__Bergeyella;s__	g__Bergeyella
a9679696572b4162577c3561b535245b	d__Bacteria;p__Bacillota;c__Clostridia;o__Peptococcales;f__Peptococcaceae;g__Peptococcus;s__	g__Peptococcus
7495cc54443327659cee72c7b4953e5f	d__Bacteria;p__Bacteroidota;c__Bacteroidia;o__Bacteroidales;f__Prevotellaceae;g__Prevotella;s__	g__Prevotella
8ba8e98fce9ee544c827316a013375c0	d__Bacteria;p__Spirochaetota;c__Spirochaetia;o__Spirochaetales;f__Spirochaetaceae;g__Treponema;s__	g__Treponema
6bc9df5cce7b2fbd24c4d374c849e9bd	d__Bacteria;p__Bacillota;c__Clostridia;o__Peptostreptococcales-Tissierellales;f__Anaerovoracaceae;g__[Eubacterium]_brachy_group;s__	g__[Eubacterium]_brachy_group
be10fcbeb993fd979b7e950bb3c858e6	d__Bacteria;p__Bacteroidota;c__Bacteroidia;o__Bacteroidales;f__Prevotellaceae;g__Incertae_Sedis;s__	g__Incertae_Sedis
93c68b0cc4cbc10f97ad9b1c0a1a9732	d__Bacteria;p__Bacillota;c__Bacilli;o__Lactobacillales;f__Streptococcaceae;g__Streptococcus;s__	g__Streptococcus
18a9028dff6d3759193ec26771449c1c	d__Bacteria;p__Pseudomonadota;c__Gammaproteobacteria;o__Enterobacterales;f__Enterobacteriaceae;g__Klebsiella;s__	g__Klebsiella
e507c4e00e4d339c07a69da89c89dc7a	d__Bacteria;p__Fusobacteriota;c__Fusobacteriia;o__Fusobacteriales;f__Fusobacteriaceae;g__Fusobacterium;s__	g__Fusobacterium
2cd9a087ea5051e33c708915f9165598	d__Bacteria;p__Bacteroidota;c__Bacteroidia;o__Bacteroidales;f__Prevotellaceae;g__Prevotella;s__	g__Prevotella
043761376a7b4bbf5ed08e472972dd4f	d__Bacteria;p__Bacillota;c__Clostridia;o__Lachnospirales;f__Lachnospiraceae;g__Oribacterium;s__	g__Oribacterium
0fc74e98571db40ac9b044be94e93f9d	d__Bacteria;p__Bacteroidota;c__Bacteroidia;o__Flavobacteriales;f__Flavobacteriaceae;g__Capnocytophaga;s__	g__Capnocytophaga
ef2a7a7714db0f7ec8b26d07c645ecbd	d__Bacteria;p__Bacillota;c__Clostridia;o__Lachnospirales;f__Lachnospiraceae;g__Butyrivibrio;s__	g__Butyrivibrio
19e3be6bb3faba708599d1b7dbd9bf15	d__Bacteria;p__Bacteroidota;c__Bacteroidia;o__Bacteroidales;f__Porphyromonadaceae;g__Porphyromonas;s__	g__Porphyromonas
26852c3c27a1d895db3acecff0be2cfe	d__Bacteria;p__Bacteroidota;c__Bacteroidia;o__Bacteroidales;f__Prevotellaceae;g__Prevotella;s__	g__Prevotella
fd4c7bd8293f833119ea72a28508be43	d__Bacteria;p__Bacillota;c__Clostridia;o__Peptostreptococcales-Tissierellales;f__Anaerovoracaceae;g__[Eubacterium]_sulci_group;s__	g__[Eubacterium]_sulci_group
055908bbae432dee1021f4938070e8de	d__Bacteria;p__Bacteroidota;c__Bacteroidia;o__Bacteroidales;f__Prevotellaceae;g__Prevotella;s__	g__Prevotella
eb06ae3e541305604825fc238c2c2dbb	d__Bacteria;p__Bacillota;c__Negativicutes;o__Veillonellales-Selenomonadales;f__Veillonellaceae;g__Veillonella;s__	g__Veillonella
d3c246fd735ac36df6d23a277d8eebff	d__Bacteria;p__Bacteroidota;c__Bacteroidia;o__Flavobacteriales;f__Flavobacteriaceae;g__Capnocytophaga;s__	g__Capnocytophaga
0935f475fd1deb5178c3a7c27d52d0bd	d__Bacteria;p__Bacteroidota;c__Bacteroidia;o__Sphingobacteriales;f__Lentimicrobiaceae;g__Lentimicrobium;s__	g__Lentimicrobium
6bcb4cc310d7e999e441f0d296c2a183	d__Bacteria;p__Bacillota;c__Bacilli;o__Lactobacillales;f__Lactobacillaceae;g__Limosilactobacillus;s__	g__Limosilactobacillus
76f1e4e10ddec67a1a96733938720bd6	d__Bacteria;p__Pseudomonadota;c__Gammaproteobacteria;o__Burkholderiales;f__Neisseriaceae;g__Neisseria;s__	g__Neisseria
306322641b63b14cb68c9af75de594f9	d__Bacteria;p__Bacillota;c__Clostridia;o__Peptostreptococcales-Tissierellales;f__Family_XI;g__Parvimonas;s__	g__Parvimonas
6802aa2e6a07479d0e8e1b3a69fb665e	d__Bacteria;p__Bacillota;c__Negativicutes;o__Veillonellales-Selenomonadales;f__Selenomonadaceae;g__Selenomonas;s__	g__Selenomonas
3a0615b946da19cd60bbe1e0a69c03df	d__Bacteria;p__Bacillota;c__Clostridia;o__Clostridia_vadinBB60_group;f__Incertae_Sedis;g__Incertae_Sedis;s__	g__Incertae_Sedis
9b355d28a38d77ea6a71d71cc0a80403	d__Bacteria;p__Bacteroidota;c__Bacteroidia;o__Bacteroidales;f__Prevotellaceae;g__Prevotella;s__	g__Prevotella
56a024c3ec40788b02f7bd13fdcb0995	d__Bacteria;p__Bacillota;c__Bacilli;o__Mycoplasmatales;f__Mycoplasmataceae;g__Mycoplasma;s__	g__Mycoplasma
c6530dc86d9c4451bce5dcce45f57c93	d__Bacteria;p__Bacillota;c__Clostridia;o__Lachnospirales;f__Defluviitaleaceae;g__Defluviitaleaceae_UCG-011;s__	g__Defluviitaleaceae_UCG-011
9f6b7902b5f192877323c5abc2aa2d46	d__Bacteria;p__Bacillota;c__Clostridia;o__Lachnospirales;f__Lachnospiraceae;g__Johnsonella;s__	g__Johnsonella
3bb044168cade5be825f8c1ff74095a2	d__Bacteria;p__Bacteroidota;c__Bacteroidia;o__Flavobacteriales;f__Flavobacteriaceae;g__Capnocytophaga;s__	g__Capnocytophaga
389347c06f0c90fd37dba0fc7d32b778	d__Bacteria;p__Pseudomonadota;c__Gammaproteobacteria;o__Enterobacterales;f__Pasteurellaceae;g__Haemophilus;s__	g__Haemophilus
c2e14ec2b566337f7973a5660938dff7	d__Bacteria;p__Pseudomonadota;c__Gammaproteobacteria;o__Burkholderiales;f__Burkholderiaceae;g__Lautropia;s__	g__Lautropia
df21bf2cf5bc7ff5c9e8b24b7bbdf074	d__Bacteria;p__Bacteroidota;c__Bacteroidia;o__Sphingobacteriales;f__Lentimicrobiaceae;g__Lentimicrobium;s__	g__Lentimicrobium
a5d29f17bd1a64838e0d611fbcdd1ff6	d__Bacteria;p__Bacillota;c__Bacilli;o__Lactobacillales;f__Aerococcaceae;g__Abiotrophia;s__	g__Abiotrophia
55ae5eaf19af339b38e28d3427689f86	d__Bacteria;p__Bacteroidota;c__Bacteroidia;o__Bacteroidales;f__Prevotellaceae;g__Incertae_Sedis;s__	g__Incertae_Sedis
1462f9ce277a1f760e5e663ac7d39668	d__Bacteria;p__Bacteroidota;c__Bacteroidia;o__Bacteroidales;f__Prevotellaceae;g__Alloprevotella;s__	g__Alloprevotella
05159ecef60dee0c9275914d41c8fd53	d__Bacteria;p__Fusobacteriota;c__Fusobacteriia;o__Fusobacteriales;f__Leptotrichiaceae;g__Leptotrichia;s__	g__Leptotrichia
65e48881a9f26df682bf0bdf21d8cf3e	d__Bacteria;p__Fusobacteriota;c__Fusobacteriia;o__Fusobacteriales;f__Fusobacteriaceae;g__Fusobacterium;s__	g__Fusobacterium
eb1c9dc108594960ac9c6be5027a8dea	d__Bacteria;p__Bacillota;c__Clostridia;o__Clostridia_vadinBB60_group;f__Incertae_Sedis;g__Incertae_Sedis;s__	g__Incertae_Sedis
f13dcbabde6351960d8c4f23b89d6d18	d__Bacteria;p__Bacillota;c__Clostridia;o__Lachnospirales;f__Lachnospiraceae;g__Johnsonella;s__	g__Johnsonella
b5535906e07afe6a43b5eb8216e636c5	d__Bacteria;p__Actinomycetota;c__Coriobacteriia;o__Coriobacteriales;f__Atopobiaceae;g__Lancefieldella;s__	g__Lancefieldella
f96a0bdb879ce7e2945cc825a3da8f2b	d__Bacteria;p__Bacillota;c__Negativicutes;o__Veillonellales-Selenomonadales;f__Veillonellaceae;g__Megasphaera;s__	g__Megasphaera
eacc65311cb23cd54abd157877dae2d5	d__Bacteria;p__Bacillota;c__Clostridia;o__Peptostreptococcales-Tissierellales;f__Peptostreptococcaceae;g__[Eubacterium]_yurii_group;s__	g__[Eubacterium]_yurii_group
1ecfce898cb8488a73e0b909ed081602	d__Bacteria;p__Bacteroidota;c__Bacteroidia;o__Bacteroidales;f__Prevotellaceae;g__Incertae_Sedis;s__	g__Incertae_Sedis
d49defade3316e90a83eaef200a78022	d__Bacteria;p__Bacillota;c__Bacilli;o__Lactobacillales;f__Streptococcaceae;g__Streptococcus;s__	g__Streptococcus
a29398971d3891fcc49540077f50aebd	d__Bacteria;p__Bacteroidota;c__Bacteroidia;o__Bacteroidales;f__Porphyromonadaceae;g__Porphyromonas;s__	g__Porphyromonas
c26e3e29758ccdb36693c33bccfa3875	d__Bacteria;p__Bacteroidota;c__Bacteroidia;o__Bacteroidales;f__Prevotellaceae;g__Incertae_Sedis;s__	g__Incertae_Sedis
79a2e66f740133ee5be956a031961e3c	d__Bacteria;p__Bacillota;c__Negativicutes;o__Veillonellales-Selenomonadales;f__Selenomonadaceae;g__Selenomonas;s__	g__Selenomonas
cbf91c14ab6c9f5025b60a4c58c470fc	d__Bacteria;p__Bacteroidota;c__Bacteroidia;o__Bacteroidales;f__Prevotellaceae;g__Incertae_Sedis;s__	g__Incertae_Sedis
73ab4419b55163c0b8018e1a6f66b34c	d__Bacteria;p__Bacillota;c__Negativicutes;o__Veillonellales-Selenomonadales;f__Veillonellaceae;g__Megasphaera;s__	g__Megasphaera
4ffb4babe3106ed7cb682f4666adf8d1	d__Bacteria;p__Bacteroidota;c__Bacteroidia;o__Bacteroidales;f__Porphyromonadaceae;g__Porphyromonas;s__	g__Porphyromonas
b1ab7e6f3fc1c5b300c5064d1de02f36	d__Bacteria;p__Bacteroidota;c__Bacteroidia;o__Bacteroidales;f__Marinifilaceae;g__Odoribacter;s__	g__Odoribacter
ea44762904c20cb04e05ed32c213ca6f	d__Bacteria;p__Spirochaetota;c__Spirochaetia;o__Spirochaetales;f__Spirochaetaceae;g__Treponema;s__	g__Treponema
715189b76001589ffa106a08e1dff81a	d__Bacteria;p__Fusobacteriota;c__Fusobacteriia;o__Fusobacteriales;f__Fusobacteriaceae;g__Fusobacterium;s__	g__Fusobacterium
87db698336116040d93973624fe08eb6	d__Bacteria;p__Bacillota;c__Negativicutes;o__Veillonellales-Selenomonadales;f__Veillonellaceae;g__Veillonella;s__	g__Veillonella
2f9efaeea3a171cfefc61f0ff67cef87	d__Bacteria;p__Bacteroidota;c__Bacteroidia;o__Sphingobacteriales;f__Lentimicrobiaceae;g__Lentimicrobium;s__	g__Lentimicrobium
244bee25b63f157f89f1e97e608f5c47	d__Bacteria;p__Bacillota;c__Bacilli;o__Lactobacillales;f__Lactobacillaceae;g__Lactobacillus;s__	g__Lactobacillus
3aaaa664e372e8d94fc87e313919af6a	d__Bacteria;p__Bacteroidota;c__Bacteroidia;o__Bacteroidales;f__Prevotellaceae;g__Prevotella;s__	g__Prevotella
115338edb58579c0b387e9ddb035e8a3	d__Bacteria;p__Bacillota;c__Negativicutes;o__Veillonellales-Selenomonadales;f__Veillonellaceae;g__Veillonella;s__	g__Veillonella
489770ddcfad06596505fd313de841cc	d__Bacteria;p__Bacillota;c__Clostridia;o__Peptostreptococcales-Tissierellales;f__Peptostreptococcaceae;g__Peptostreptococcus;s__	g__Peptostreptococcus
0677137d1ad2f0f389fbd34c6cbc413f	d__Bacteria;p__Bacillota;c__Negativicutes;o__Veillonellales-Selenomonadales;f__Veillonellaceae;g__Megasphaera;s__	g__Megasphaera
10802a16786a8ef76e9507793d92a73b	d__Bacteria;p__Bacteroidota;c__Bacteroidia;o__Flavobacteriales;f__Flavobacteriaceae;g__Capnocytophaga;s__	g__Capnocytophaga
a6bc78665b38546d88365bc61635ff82	d__Bacteria;p__Bacillota;c__Clostridia;o__Lachnospirales;f__Defluviitaleaceae;g__Defluviitaleaceae_UCG-011;s__	g__Defluviitaleaceae_UCG-011
cc471f8dc96bc9d6900fec920cb2bcfb	d__Bacteria;p__Bacteroidota;c__Bacteroidia;o__Bacteroidales;f__Prevotellaceae;g__Prevotella;s__	g__Prevotella
ad5beafbed446ef4fb2abc0ebe5b75a0	d__Bacteria;p__Pseudomonadota;c__Gammaproteobacteria;o__Burkholderiales;f__Neisseriaceae;g__Neisseria;s__	g__Neisseria
88d74d443f3f35d225c7a92d56024899	d__Bacteria;p__Bacteroidota;c__Bacteroidia;o__Flavobacteriales;f__Flavobacteriaceae;g__Capnocytophaga;s__	g__Capnocytophaga
5d4c31f9ce501b536ca8dfe2199b6ccd	d__Bacteria;p__Pseudomonadota;c__Gammaproteobacteria;o__Burkholderiales;f__Neisseriaceae;g__Neisseria;s__	g__Neisseria
41a7562b262780a3214fce5e560d1c92	d__Bacteria;p__Bacillota;c__Clostridia;o__Peptostreptococcales-Tissierellales;f__Family_XI;g__Anaerococcus;s__	g__Anaerococcus
b480893a831c2b6e36c1ec74d98d5f27	d__Bacteria;p__Bacillota;c__Bacilli;o__Lactobacillales;f__Streptococcaceae;g__Streptococcus;s__	g__Streptococcus
2cfbf06c139330fa3fe7beb5dc099cbd	d__Bacteria;p__Bacteroidota;c__Bacteroidia;o__Bacteroidales;f__Porphyromonadaceae;g__Porphyromonas;s__	g__Porphyromonas
980553cc530e4354884aa25320a8b130	d__Bacteria;p__Spirochaetota;c__Spirochaetia;o__Spirochaetales;f__Spirochaetaceae;g__Treponema;s__	g__Treponema
2c552a24a433fc06d7cdc0f511a6b595	d__Bacteria;p__Pseudomonadota;c__Gammaproteobacteria;o__Burkholderiales;f__Neisseriaceae;g__Neisseria;s__	g__Neisseria
1eae57e0cfb3de5504dbb0525c15ad83	d__Bacteria;p__Bacillota;c__Clostridia;o__Peptostreptococcales-Tissierellales;f__Family_XI;g__Parvimonas;s__	g__Parvimonas
5c235539e7f77603034db906132dd3b3	d__Bacteria;p__Bacillota;c__Clostridia;o__Peptostreptococcales-Tissierellales;f__Anaerovoracaceae;g__Hornefia;s__	g__Hornefia
e2db37b9f96b74858e3c5979068b5104	d__Bacteria;p__Bacteroidota;c__Bacteroidia;o__Bacteroidales;f__Prevotellaceae;g__Prevotella;s__	g__Prevotella
b83832f6aceb82d54e8861fac087f3e5	d__Bacteria;p__Spirochaetota;c__Spirochaetia;o__Spirochaetales;f__Spirochaetaceae;g__Treponema;s__	g__Treponema
678d0cd574148bd2499d24b8c57ff771	d__Bacteria;p__Bacteroidota;c__Bacteroidia;o__Bacteroidales;f__Prevotellaceae;g__Prevotella;s__	g__Prevotella
1caecd4f3bb39e2b3b2b44973e0a7482	d__Bacteria;p__Actinomycetota;c__Actinobacteria;o__Micrococcales;f__Micrococcaceae;g__Rothia;s__	g__Rothia
1594baea85be8534ab4c93598270e904	d__Bacteria;p__Bacillota;c__Clostridia;o__Lachnospirales;f__Lachnospiraceae;g__Oribacterium;s__	g__Oribacterium
3ebd643f8b247b1697646233a24949f7	d__Bacteria;p__Bacteroidota;c__Bacteroidia;o__Bacteroidales;f__Prevotellaceae;g__Incertae_Sedis;s__	g__Incertae_Sedis
8f5a62b2e45f3041a01c92b9785f33d9	d__Bacteria;p__Bacillota;c__Clostridia;o__Lachnospirales;f__Lachnospiraceae;g__Johnsonella;s__	g__Johnsonella
c4f5dd3dd09d35df87883ef574921d82	d__Bacteria;p__Bacteroidota;c__Bacteroidia;o__Flavobacteriales;f__Flavobacteriaceae;g__Capnocytophaga;s__	g__Capnocytophaga
81c1024943c0e5ae6564d578846255f9	d__Bacteria;p__Bacillota;c__Clostridia;o__Peptostreptococcales-Tissierellales;f__Anaerovoracaceae;g__Incertae_Sedis;s__	g__Incertae_Sedis
30aeaa39bf20ab75cb78af7fd747dbdf	d__Bacteria;p__Spirochaetota;c__Spirochaetia;o__Spirochaetales;f__Spirochaetaceae;g__Treponema;s__	g__Treponema
fb17d530fb0393a7972e95eb243a7d08	d__Bacteria;p__Bacillota;c__Bacilli;o__Lactobacillales;f__Streptococcaceae;g__Streptococcus;s__	g__Streptococcus
62975596ec83abe05eb667fabcf4dae7	d__Bacteria;p__Actinomycetota;c__Actinobacteria;o__Micrococcales;f__Micrococcaceae;g__Rothia;s__	g__Rothia
671e062811f368568d9040b170053c21	d__Bacteria;p__Pseudomonadota;c__Gammaproteobacteria;o__Enterobacterales;f__Pasteurellaceae;g__Haemophilus;s__	g__Haemophilus
dfb4b23d1c7a0f30f1f79476f50201e0	d__Bacteria;p__Pseudomonadota;c__Gammaproteobacteria;o__Pseudomonadales;f__Moraxellaceae;g__Acinetobacter;s__	g__Acinetobacter
d6d7dc98f8de7b0fabbaa007cfc3ecb1	d__Bacteria;p__Spirochaetota;c__Spirochaetia;o__Spirochaetales;f__Spirochaetaceae;g__Treponema;s__	g__Treponema
cb9d1ec3ddbb33f333552441707f6a0c	d__Bacteria;p__Pseudomonadota;c__Gammaproteobacteria;o__Enterobacterales;f__Pasteurellaceae;g__Aggregatibacter;s__	g__Aggregatibacter
6d7d2fa2e24f6c9a6f250effdbd2070b	d__Bacteria;p__Synergistota;c__Synergistia;o__Synergistales;f__Synergistaceae;g__Fretibacterium;s__	g__Fretibacterium
6c50dd3cf297cf30eaf754d064def0bb	d__Bacteria;p__Pseudomonadota;c__Gammaproteobacteria;o__Enterobacterales;f__Enterobacteriaceae;g__Klebsiella;s__	g__Klebsiella
75aabdcaec8afb60571fa36f320024cb	d__Bacteria;p__Bacillota;c__Bacilli;o__Mycoplasmatales;f__Mycoplasmataceae;g__Mycoplasmopsis;s__	g__Mycoplasmopsis
f566fb1414a2d29a414a531c7d11492f	d__Bacteria;p__Fusobacteriota;c__Fusobacteriia;o__Fusobacteriales;f__Leptotrichiaceae;g__Leptotrichia;s__	g__Leptotrichia
ec66cc508688c21839c3367bce612ae4	d__Bacteria;p__Pseudomonadota;c__Gammaproteobacteria;o__Enterobacterales;f__Enterobacteriaceae;g__Enterobacter;s__	g__Enterobacter
86f9a8e4e78418725f842d8a4b1611a2	d__Bacteria;p__Bacteroidota;c__Bacteroidia;o__Bacteroidales;f__Prevotellaceae;g__Segatella;s__	g__Segatella
2cfc5111a6a95a6df0258cd8f318a251	d__Bacteria;p__Pseudomonadota;c__Gammaproteobacteria;o__Enterobacterales;f__Pasteurellaceae;g__Haemophilus;s__	g__Haemophilus
05fbdbf7ed67bf6e80a955c5d6148d24	d__Bacteria;p__Actinomycetota;c__Actinobacteria;o__Actinomycetales;f__Actinomycetaceae;g__Mobiluncus;s__	g__Mobiluncus
69772441a2595667443753c4a6b82bc0	d__Bacteria;p__Bacteroidota;c__Bacteroidia;o__Bacteroidales;f__Rikenellaceae;g__Rikenellaceae_RC9_gut_group;s__	g__Rikenellaceae_RC9_gut_group
cdd821ea9951eb9e42cd9b170d79ee10	d__Bacteria;p__Fusobacteriota;c__Fusobacteriia;o__Fusobacteriales;f__Leptotrichiaceae;g__Pseudoleptotrichia;s__	g__Pseudoleptotrichia
61749f28d7b0c6241961e12e406b6a5c	d__Bacteria;p__Pseudomonadota;c__Gammaproteobacteria;o__Enterobacterales;f__Pasteurellaceae;g__Aggregatibacter;s__	g__Aggregatibacter
b77af7ecf7f3b9fd02a8c9a8c543c9d3	d__Bacteria;p__Bacillota;c__Bacilli;o__Lactobacillales;f__Carnobacteriaceae;g__Granulicatella;s__	g__Granulicatella
dd64956af17756d290dc805c41fc7a2e	d__Bacteria;p__Bacteroidota;c__Bacteroidia;o__Bacteroidales;f__Prevotellaceae;g__Prevotella;s__	g__Prevotella
db3188c2bbce3499a3facb4da3631b84	d__Bacteria;p__Bacteroidota;c__Bacteroidia;o__Bacteroidales;f__Prevotellaceae;g__Prevotella;s__	g__Prevotella
d7e5cd0d0ddd40c0463e735786a03d70	d__Bacteria;p__Bacillota;c__Negativicutes;o__Veillonellales-Selenomonadales;f__Selenomonadaceae;g__Selenomonas;s__	g__Selenomonas
aeb15dbf9730dec1ee513421a39f36d6	d__Bacteria;p__Fusobacteriota;c__Fusobacteriia;o__Fusobacteriales;f__Leptotrichiaceae;g__Pseudoleptotrichia;s__	g__Pseudoleptotrichia
97470aed31a479a968c956475e5975a3	d__Bacteria;p__Bacteroidota;c__Bacteroidia;o__Bacteroidales;f__Prevotellaceae;g__Prevotella;s__	g__Prevotella
4a31689b678ff90084cb619b073478ba	d__Bacteria;p__Bacillota;c__Clostridia;o__Lachnospirales;f__Lachnospiraceae;g__Catonella;s__	g__Catonella
83052a1c5cdeb05a58e650e6a27a8fa3	d__Bacteria;p__Bacteroidota;c__Bacteroidia;o__Bacteroidales;f__Prevotellaceae;g__Alloprevotella;s__	g__Alloprevotella
a4cfedc32be377f86fb7c278399a7666	d__Bacteria;p__Pseudomonadota;c__Gammaproteobacteria;o__Burkholderiales;f__Neisseriaceae;g__Neisseria;s__	g__Neisseria
149d88d9ef93bb4fbc24b8453c9c965b	d__Bacteria;p__Bacillota;c__Bacilli;o__Lactobacillales;f__Streptococcaceae;g__Streptococcus;s__	g__Streptococcus
0d9471cf8ed6c1e1a20f36ce8226a4f5	d__Bacteria;p__Bacteroidota;c__Bacteroidia;o__Flavobacteriales;f__Flavobacteriaceae;g__Flavobacterium;s__	g__Flavobacterium
b4bb82d82c14bb4fc3cb07fb9760b85d	d__Bacteria;p__Pseudomonadota;c__Gammaproteobacteria;o__Enterobacterales;f__Pasteurellaceae;g__Haemophilus;s__	g__Haemophilus
78fbfcaa165a6f3cb031324d3ffb3af1	d__Bacteria;p__Fusobacteriota;c__Fusobacteriia;o__Fusobacteriales;f__Leptotrichiaceae;g__Leptotrichia;s__	g__Leptotrichia
64d57befa6572fc85ce8ef74b8252fc7	d__Bacteria;p__Bacillota;c__Negativicutes;o__Veillonellales-Selenomonadales;f__Selenomonadaceae;g__Selenomonas;s__	g__Selenomonas
dfeb94b94cc702fd9daac891c11bdc38	d__Bacteria;p__Pseudomonadota;c__Gammaproteobacteria;o__Cardiobacteriales;f__Cardiobacteriaceae;g__Cardiobacterium;s__	g__Cardiobacterium
3e01a18864371d14910aab36fd0b84dd	d__Bacteria;p__Spirochaetota;c__Spirochaetia;o__Spirochaetales;f__Spirochaetaceae;g__Treponema;s__	g__Treponema
95595a8e5962ef69862b877b403c5943	d__Bacteria;p__Bacillota;c__Bacilli;o__Staphylococcales;f__Staphylococcaceae;g__Staphylococcus;s__	g__Staphylococcus
5b92457fceaa6a316196e7249ae906e6	d__Bacteria;p__Fusobacteriota;c__Fusobacteriia;o__Fusobacteriales;f__Fusobacteriaceae;g__Fusobacterium;s__	g__Fusobacterium
a6136b4f64634a55703376a0c98c4639	d__Bacteria;p__Bacteroidota;c__Bacteroidia;o__Bacteroidales;f__Bacteroidaceae;g__Bacteroides;s__	g__Bacteroides
2640535a801541b3655ff03da7d75bfc	d__Bacteria;p__Bacillota;c__Negativicutes;o__Veillonellales-Selenomonadales;f__Veillonellaceae;g__Veillonella;s__	g__Veillonella
3cdce151ac1a7c114d37a605f9564632	d__Bacteria;p__Bacillota;c__Negativicutes;o__Veillonellales-Selenomonadales;f__Veillonellaceae;g__Veillonella;s__	g__Veillonella
d283bc5d224847330786ec23aeee178e	d__Bacteria;p__Pseudomonadota;c__Gammaproteobacteria;o__Burkholderiales;f__Neisseriaceae;g__Neisseria;s__	g__Neisseria
11ebf9b59f42fb7d4329caafbb2e2ed0	d__Bacteria;p__Campylobacterota;c__Campylobacteria;o__Campylobacterales;f__Helicobacteraceae;g__Wolinella;s__	g__Wolinella
2b7a197fb7834f5efde5e6d91fdd956f	d__Bacteria;p__Spirochaetota;c__Spirochaetia;o__Spirochaetales;f__Spirochaetaceae;g__Treponema;s__	g__Treponema
db32ca144bc208a7b7e31c9a87d1b928	d__Bacteria;p__Fusobacteriota;c__Fusobacteriia;o__Fusobacteriales;f__Fusobacteriaceae;g__Fusobacterium;s__	g__Fusobacterium
dc6da6930ff981e656bad81f8c4a675b	d__Bacteria;p__Bacillota;c__Clostridia;o__Lachnospirales;f__Defluviitaleaceae;g__Defluviitaleaceae_UCG-011;s__	g__Defluviitaleaceae_UCG-011
6aa79099f5fbaebb9324d51973e8e79e	d__Bacteria;p__Pseudomonadota;c__Gammaproteobacteria;o__Enterobacterales;f__Pasteurellaceae;g__Haemophilus;s__	g__Haemophilus
a812084a9a1cdb88648446d1130bdea0	d__Bacteria;p__Bacteroidota;c__Bacteroidia;o__Bacteroidales;f__Prevotellaceae;g__Prevotella;s__	g__Prevotella
fe052be107f32ec77df8c2db8b20a60b	d__Bacteria;p__Pseudomonadota;c__Gammaproteobacteria;o__Enterobacterales;f__Pasteurellaceae;g__Haemophilus;s__	g__Haemophilus
9c63d38b34aadb37b8447e57635d4477	d__Bacteria;p__Spirochaetota;c__Spirochaetia;o__Spirochaetales;f__Spirochaetaceae;g__Treponema;s__	g__Treponema
7c3b24e2a254a5bc7c7e0aea06de102f	d__Bacteria;p__Bacillota;c__Clostridia;o__Lachnospirales;f__Lachnospiraceae;g__Johnsonella;s__	g__Johnsonella
048ec2519fcc529c8056b66ba2c0e1fb	d__Bacteria;p__Fusobacteriota;c__Fusobacteriia;o__Fusobacteriales;f__Leptotrichiaceae;g__Pseudoleptotrichia;s__	g__Pseudoleptotrichia
11c7fd41df95ca6e3b238ed166d558d6	d__Bacteria;p__Pseudomonadota;c__Gammaproteobacteria;o__Burkholderiales;f__Neisseriaceae;g__Kingella;s__	g__Kingella
48b78fce71f38ddc48df7ea7bfaa8e94	d__Bacteria;p__Bacteroidota;c__Bacteroidia;o__Bacteroidales;f__Porphyromonadaceae;g__Porphyromonas;s__	g__Porphyromonas
857c01ec87a646e2a84b9223f7be8907	d__Bacteria;p__Patescibacteria;c__Gracilibacteria;o__Absconditabacteriales_(SR1);f__Incertae_Sedis;g__Incertae_Sedis;s__	g__Incertae_Sedis
5eaa5fa5188d7945cc13d53413a69c84	d__Bacteria;p__Pseudomonadota;c__Gammaproteobacteria;o__Burkholderiales;f__Neisseriaceae;g__Neisseria;s__	g__Neisseria
a2d6cf85acb8a3090382c9ccffcd76d2	d__Bacteria;p__Bacillota;c__Clostridia;o__Peptostreptococcales-Tissierellales;f__Peptostreptococcaceae;g__Incertae_Sedis;s__	g__Incertae_Sedis
d737f64abc5a6ca063f1c55e26e7809a	d__Bacteria;p__Spirochaetota;c__Spirochaetia;o__Spirochaetales;f__Spirochaetaceae;g__Treponema;s__	g__Treponema
70f82799f9fd1df883846b9fc02045df	d__Bacteria;p__Pseudomonadota;c__Gammaproteobacteria;o__Enterobacterales;f__Pasteurellaceae;g__Haemophilus;s__	g__Haemophilus
47512c984b44ecca3b6e06deeff14fed	d__Bacteria;p__Bacteroidota;c__Bacteroidia;o__Bacteroidales;f__Prevotellaceae;g__Incertae_Sedis;s__	g__Incertae_Sedis
0dfdcad1e191512cad7757c34015893d	d__Bacteria;p__Bacteroidota;c__Bacteroidia;o__Bacteroidales;f__Prevotellaceae;g__Incertae_Sedis;s__	g__Incertae_Sedis
6b03acba9eebd07830dc9e5e3bd856b2	d__Bacteria;p__Bacteroidota;c__Bacteroidia;o__Bacteroidales;f__Prevotellaceae;g__Prevotella;s__	g__Prevotella
0e5672e1f0efe5ff9985f186ed035219	d__Bacteria;p__Pseudomonadota;c__Gammaproteobacteria;o__Burkholderiales;f__Neisseriaceae;g__Alysiella;s__	g__Alysiella
7bd0aba76628b15559eea5d23c78f3b4	d__Bacteria;p__Spirochaetota;c__Spirochaetia;o__Spirochaetales;f__Spirochaetaceae;g__Treponema;s__	g__Treponema
e5a32e5c5a346f7532ef0d7d95f82204	d__Bacteria;p__Bacteroidota;c__Bacteroidia;o__Bacteroidales;f__Prevotellaceae;g__Incertae_Sedis;s__	g__Incertae_Sedis
559274380971d801105dc49f28a1d41b	d__Bacteria;p__Bacillota;c__Clostridia;o__Peptostreptococcales-Tissierellales;f__Anaerovoracaceae;g__[Eubacterium]_saphenum_group;s__	g__[Eubacterium]_saphenum_group
72d87b16d339976c6b6172339b9c42bf	d__Bacteria;p__Pseudomonadota;c__Gammaproteobacteria;o__Burkholderiales;f__Neisseriaceae;g__Neisseria;s__	g__Neisseria
74d751017ae6327bdf5a590371b75d1d	d__Bacteria;p__Fusobacteriota;c__Fusobacteriia;o__Fusobacteriales;f__Leptotrichiaceae;g__Leptotrichia;s__	g__Leptotrichia
8517abee73f35a1ccc5e739f1cdeaacd	d__Bacteria;p__Synergistota;c__Synergistia;o__Synergistales;f__Synergistaceae;g__Fretibacterium;s__	g__Fretibacterium
5173fd61649be16907851da80d372633	d__Bacteria;p__Bacillota;c__Bacilli;o__Lactobacillales;f__Streptococcaceae;g__Streptococcus;s__	g__Streptococcus
d17d97219429c13b74a1833a9ba1aede	d__Bacteria;p__Pseudomonadota;c__Gammaproteobacteria;o__Enterobacterales;f__Pasteurellaceae;g__Haemophilus;s__	g__Haemophilus
75f7620ad7fb60159b535f08c9323675	d__Bacteria;p__Bacteroidota;c__Bacteroidia;o__Bacteroidales;f__Rikenellaceae;g__Rikenellaceae_RC9_gut_group;s__	g__Rikenellaceae_RC9_gut_group
04da292b3fda389648cd9abb5768b128	d__Bacteria;p__Bacteroidota;c__Bacteroidia;o__Bacteroidales;f__Prevotellaceae;g__Segatella;s__	g__Segatella
e50738918d3cc852080f812028b6e2d1	d__Bacteria;p__Bacillota;c__Negativicutes;o__Veillonellales-Selenomonadales;f__Veillonellaceae;g__Veillonella;s__	g__Veillonella
5c2d6eb29bea5b471113eae8f1ac7bb9	d__Bacteria;p__Bacillota;c__Clostridia;o__Peptostreptococcales-Tissierellales;f__Anaerovoracaceae;g__Aminipila;s__	g__Aminipila
3f7f817cb4e95b2095d0d8b9135ec4cc	d__Bacteria;p__Bacillota;c__Clostridia;o__Clostridia_vadinBB60_group;f__Incertae_Sedis;g__Incertae_Sedis;s__	g__Incertae_Sedis
d07f97ae5dd705a93e2bd5538a1c568c	d__Bacteria;p__Bacillota;c__Clostridia;o__Peptostreptococcales-Tissierellales;f__Anaerovoracaceae;g__Mogibacterium;s__	g__Mogibacterium
cf20efadb30cfc3037eaa3f5241d87ab	d__Bacteria;p__Bacteroidota;c__Bacteroidia;o__Bacteroidales;f__Prevotellaceae;g__Incertae_Sedis;s__	g__Incertae_Sedis
da67f375cbaa43ef7753b175e882d8c1	d__Bacteria;p__Campylobacterota;c__Campylobacteria;o__Campylobacterales;f__Campylobacteraceae;g__Campylobacter;s__	g__Campylobacter
8266dbf5d93be21381ef52f171ff7a47	d__Bacteria;p__Bacillota;c__Clostridia;o__Lachnospirales;f__Lachnospiraceae;g__Oribacterium;s__	g__Oribacterium
f9a325e833ee0d8df2c92775bb75b12d	d__Bacteria;p__Fusobacteriota;c__Fusobacteriia;o__Fusobacteriales;f__Fusobacteriaceae;g__Fusobacterium;s__	g__Fusobacterium
623394aea344348f351bed93dd92f34c	d__Bacteria;p__Pseudomonadota;c__Gammaproteobacteria;o__Burkholderiales;f__Neisseriaceae;g__Neisseria;s__	g__Neisseria
d3e6bb53c9c6ed3a5db64241c833b990	d__Bacteria;p__Pseudomonadota;c__Gammaproteobacteria;o__Burkholderiales;f__Neisseriaceae;g__Alysiella;s__	g__Alysiella
98e22b68aeabb47f3638d49e54cce30a	d__Bacteria;p__Bacteroidota;c__Bacteroidia;o__Bacteroidales;f__Porphyromonadaceae;g__Porphyromonas;s__	g__Porphyromonas
5b399e8345b0ea1eca1b362aa90360e7	d__Bacteria;p__Pseudomonadota;c__Gammaproteobacteria;o__Burkholderiales;f__Neisseriaceae;g__Eikenella;s__	g__Eikenella
2c89d492fa306716d5adc35bbc08cc22	d__Bacteria;p__Bacteroidota;c__Bacteroidia;o__Bacteroidales;f__Prevotellaceae;g__Prevotella;s__	g__Prevotella
88b31a7b9d129ceed6640ce15bbc0922	d__Bacteria;p__Bacteroidota;c__Bacteroidia;o__Bacteroidales;f__Bacteroidaceae;g__Bacteroides;s__	g__Bacteroides
c2aeac06288fc214b63c00fef89b3a32	d__Bacteria;p__Pseudomonadota;c__Gammaproteobacteria;o__Enterobacterales;f__Pasteurellaceae;g__Haemophilus;s__	g__Haemophilus
19525db1c97353f384f6aa649ee06169	d__Bacteria;p__Bacteroidota;c__Bacteroidia;o__Bacteroidales;f__Prevotellaceae;g__Prevotella;s__	g__Prevotella
35cf0a833d592f585cd0371eac2879ec	d__Bacteria;p__Bacillota;c__Clostridia;o__Peptostreptococcales-Tissierellales;f__Anaerovoracaceae;g__Family_XIII_UCG-001;s__	g__Family_XIII_UCG-001
1c10fa8f141703f1ace39d4d527b114c	d__Bacteria;p__Pseudomonadota;c__Gammaproteobacteria;o__Burkholderiales;f__Neisseriaceae;g__Kingella;s__	g__Kingella
11430e8950d493029329344455a50078	d__Bacteria;p__Bacteroidota;c__Bacteroidia;o__Bacteroidales;f__Prevotellaceae;g__Prevotella;s__	g__Prevotella
02492283ca18dd9a0d1edb2c22205b67	d__Bacteria;p__Pseudomonadota;c__Gammaproteobacteria;o__Burkholderiales;f__Neisseriaceae;g__Neisseria;s__	g__Neisseria
9817ecc44df7b43c767aef60623fbea3	d__Bacteria;p__Fusobacteriota;c__Fusobacteriia;o__Fusobacteriales;f__Fusobacteriaceae;g__Fusobacterium;s__	g__Fusobacterium
b13156b1acd3671829d4eb281289deae	d__Bacteria;p__Bacteroidota;c__Bacteroidia;o__Bacteroidales;f__Porphyromonadaceae;g__Porphyromonas;s__	g__Porphyromonas
5005340d97c57a776e5d09a0bdd399be	d__Bacteria;p__Bacteroidota;c__Bacteroidia;o__Bacteroidales;f__Prevotellaceae;g__Prevotella;s__	g__Prevotella
c518fe035b13ff4dbbdc18335235cad3	d__Bacteria;p__Bacteroidota;c__Bacteroidia;o__Bacteroidales;f__Prevotellaceae;g__Segatella;s__	g__Segatella
f2498d6f9a80f8edbd73769914d8a38a	d__Bacteria;p__Bacillota;c__Bacilli;o__Bacillales;f__Bacillaceae;g__Bacillus;s__	g__Bacillus
293679e65e2e801b7a4438ce44b20605	d__Bacteria;p__Fusobacteriota;c__Fusobacteriia;o__Fusobacteriales;f__Leptotrichiaceae;g__Pseudoleptotrichia;s__	g__Pseudoleptotrichia
0f6e8fc0b5fb029a9fc4db740ea5b747	d__Bacteria;p__Bacillota;c__Negativicutes;o__Veillonellales-Selenomonadales;f__Veillonellaceae;g__Veillonella;s__	g__Veillonella
c2231f52e5a3d85970cf91f32d57c7a8	d__Bacteria;p__Bacteroidota;c__Bacteroidia;o__Bacteroidales;f__Tannerellaceae;g__Tannerella;s__	g__Tannerella
9493ee6fdf21a1f3709e81ff431aecde	d__Bacteria;p__Pseudomonadota;c__Gammaproteobacteria;o__Enterobacterales;f__Pasteurellaceae;g__Actinobacillus;s__	g__Actinobacillus
f6f736c2c7912dac176ad1bee8ba2bd1	d__Bacteria;p__Pseudomonadota;c__Gammaproteobacteria;o__Burkholderiales;f__Neisseriaceae;g__Neisseria;s__	g__Neisseria
6c7a7724773d8ff99763aafa0a02ece2	d__Bacteria;p__Bacillota;c__Bacilli;o__Lactobacillales;f__Lactobacillaceae;g__Limosilactobacillus;s__	g__Limosilactobacillus
dfcfc49e8dbf8363668c8d7bdeccef05	d__Bacteria;p__Pseudomonadota;c__Gammaproteobacteria;o__Burkholderiales;f__Burkholderiaceae;g__Lautropia;s__	g__Lautropia
1f352b6a10ddfa9db281847a88f7f28b	d__Bacteria;p__Bacillota;c__Clostridia;o__Lachnospirales;f__Lachnospiraceae;g__Catonella;s__	g__Catonella
7ebe718e05c30e86e59034b60acc9b29	d__Bacteria;p__Bacillota;c__Negativicutes;o__Veillonellales-Selenomonadales;f__Veillonellaceae;g__Veillonella;s__	g__Veillonella
b50059e7a9a5605b186ae66886653fe4	d__Bacteria;p__Bacillota;c__Clostridia;o__Peptostreptococcales-Tissierellales;f__Family_XI;g__W5053;s__	g__W5053
2dbbc308babf838c16df3ba35acff145	d__Bacteria;p__Bacteroidota;c__Bacteroidia;o__Bacteroidales;f__Prevotellaceae;g__Segatella;s__	g__Segatella
22b8f62217220756902aeb806cb98f24	d__Bacteria;p__Bacteroidota;c__Bacteroidia;o__Bacteroidales;f__Prevotellaceae;g__Segatella;s__	g__Segatella
3351b6b4b501bb5bb64917766cafec5b	d__Bacteria;p__Pseudomonadota;c__Gammaproteobacteria;o__Enterobacterales;f__Pasteurellaceae;g__Actinobacillus;s__	g__Actinobacillus
1a3a2cdd96ead675e6e364d7e104bd15	d__Bacteria;p__Bacteroidota;c__Bacteroidia;o__Bacteroidales;f__Prevotellaceae;g__Prevotella;s__	g__Prevotella
7aac653d0118775bbbf09d48e6825799	d__Bacteria;p__Pseudomonadota;c__Gammaproteobacteria;o__Burkholderiales;f__Neisseriaceae;g__Neisseria;s__	g__Neisseria
b3de304dc3dd1769ceb2dd354a154b94	d__Bacteria;p__Bacteroidota;c__Bacteroidia;o__Bacteroidales;f__Prevotellaceae;g__Prevotella;s__	g__Prevotella
68416a42107875fd26ad887b31466d3f	d__Bacteria;p__Bacteroidota;c__Bacteroidia;o__Bacteroidales;f__Prevotellaceae;g__Prevotella;s__	g__Prevotella
3eb3e0e1c8be6d50af62c3a57e80b204	d__Bacteria;p__Bacillota;c__Bacilli;o__Lactobacillales;f__Streptococcaceae;g__Streptococcus;s__	g__Streptococcus
45159e3a13c63c3adac6ecfe15ffbcb0	d__Bacteria;p__Pseudomonadota;c__Gammaproteobacteria;o__Burkholderiales;f__Neisseriaceae;g__Neisseria;s__	g__Neisseria
2fc1ad141a162459b6243d66d7300e88	d__Bacteria;p__Bacteroidota;c__Bacteroidia;o__Bacteroidales;f__Prevotellaceae;g__Prevotella;s__	g__Prevotella
fb4e921df39fb9fd0e356f1234a98f76	d__Bacteria;p__Bacteroidota;c__Bacteroidia;o__Bacteroidales;f__Prevotellaceae;g__Prevotella;s__	g__Prevotella
a468db7d36ad57745799332372f5b057	d__Bacteria;p__Bacteroidota;c__Bacteroidia;o__Bacteroidales;f__Prevotellaceae;g__Prevotella;s__	g__Prevotella
22da428427ee967d7c4d8d164bcade16	d__Bacteria;p__Bacteroidota;c__Bacteroidia;o__Bacteroidales;f__Prevotellaceae;g__Prevotella;s__	g__Prevotella
b15b6ed82f683668dc03a7d524f90515	d__Bacteria;p__Spirochaetota;c__Spirochaetia;o__Spirochaetales;f__Spirochaetaceae;g__Treponema;s__	g__Treponema
814455a93d42ede890e7d67164408dff	d__Bacteria;p__Bacteroidota;c__Bacteroidia;o__Bacteroidales;f__Prevotellaceae;g__Prevotella;s__	g__Prevotella
53e45537d6f74f223a8b667049183ae5	d__Bacteria;p__Bacteroidota;c__Bacteroidia;o__Bacteroidales;f__Prevotellaceae;g__Prevotella;s__	g__Prevotella
8c69b0b2da001a80cee2c4727791dfb6	d__Bacteria;p__Bacteroidota;c__Bacteroidia;o__Bacteroidales;f__Rikenellaceae;g__Rikenellaceae_RC9_gut_group;s__	g__Rikenellaceae_RC9_gut_group
d14134420b346d0468d29fa35b8f9d0c	d__Bacteria;p__Bacillota;c__Clostridia;o__Lachnospirales;f__Lachnospiraceae;g__Oribacterium;s__	g__Oribacterium
aa872b9a024f9b341b844c287680cc2c	d__Bacteria;p__Bacillota;c__Bacilli;o__Lactobacillales;f__Streptococcaceae;g__Streptococcus;s__	g__Streptococcus
9bfe68e3fa0913c4cb6c90faea40228d	d__Bacteria;p__Bacillota;c__Clostridia;o__Lachnospirales;f__Lachnospiraceae;g__Incertae_Sedis;s__	g__Incertae_Sedis
3d4e2cad7d91aba9f6c99b673efffba0	d__Bacteria;p__Pseudomonadota;c__Gammaproteobacteria;o__Burkholderiales;f__Neisseriaceae;g__Neisseria;s__	g__Neisseria
13c597639cec0c91168a7b2a2e145cc7	d__Bacteria;p__Bacteroidota;c__Bacteroidia;o__Bacteroidales;f__Prevotellaceae;g__Prevotella;s__	g__Prevotella
2d666a2db398e64452fe891e9a55da97	d__Bacteria;p__Bacteroidota;c__Bacteroidia;o__Bacteroidales;f__Prevotellaceae;g__Prevotella;s__	g__Prevotella
f7639ee6f43a9cc5c483886d527218c7	d__Bacteria;p__Bacteroidota;c__Bacteroidia;o__Bacteroidales;f__Prevotellaceae;g__Hoylesella;s__	g__Hoylesella
690c9b43a7ed0cdadda78dcd3df7f434	d__Bacteria;p__Bacteroidota;c__Bacteroidia;o__Bacteroidales;f__Prevotellaceae;g__Incertae_Sedis;s__	g__Incertae_Sedis
f6d3ced1395a433dc1a68b0de2396bf3	d__Bacteria;p__Bacillota;c__Negativicutes;o__Veillonellales-Selenomonadales;f__Veillonellaceae;g__Veillonella;s__	g__Veillonella
d0d7679b91c072e7377eadb2ebfc0466	d__Bacteria;p__Pseudomonadota;c__Gammaproteobacteria;o__Burkholderiales;f__Neisseriaceae;g__Neisseria;s__	g__Neisseria
6809d414362ce1053b84f0ad1d02051f	d__Bacteria;p__Bacteroidota;c__Bacteroidia;o__Bacteroidales;f__Prevotellaceae;g__Incertae_Sedis;s__	g__Incertae_Sedis
13b3a6bd3711cb4d54ddb47ad2d56d73	d__Bacteria;p__Bacillota;c__Clostridia;o__Clostridia_vadinBB60_group;f__Incertae_Sedis;g__Incertae_Sedis;s__	g__Incertae_Sedis
aa5c26aff0134ec23744e6f8d17542c6	d__Bacteria;p__Pseudomonadota;c__Gammaproteobacteria;o__Enterobacterales;f__Pasteurellaceae;g__Haemophilus;s__	g__Haemophilus
ee6bc3035e950e280d9d524dd4656bc6	d__Bacteria;p__Bacillota;c__Clostridia;o__Peptostreptococcales-Tissierellales;f__Family_XI;g__Parvimonas;s__	g__Parvimonas
97a7d95ecc77f694d91473288e120a18	d__Bacteria;p__Pseudomonadota;c__Gammaproteobacteria;o__Burkholderiales;f__Neisseriaceae;g__Kingella;s__	g__Kingella
8c241acb7f637a7daee712420f5c42d8	d__Bacteria;p__Pseudomonadota;c__Gammaproteobacteria;o__Enterobacterales;f__Enterobacteriaceae;g__Klebsiella;s__	g__Klebsiella
4c79242a5a521bca9def2672ff2311c4	d__Bacteria;p__Bacteroidota;c__Bacteroidia;o__Bacteroidales;f__Prevotellaceae;g__Prevotella;s__	g__Prevotella
d3b52066cf8f87d29567529bf4782295	d__Bacteria;p__Bacteroidota;c__Bacteroidia;o__Bacteroidales;f__Prevotellaceae;g__Hoylesella;s__	g__Hoylesella
e14531903e98aba4bd79faf4a5ceb709	d__Bacteria;p__Bacteroidota;c__Bacteroidia;o__Flavobacteriales;f__Flavobacteriaceae;g__Capnocytophaga;s__	g__Capnocytophaga
87efa313a937386f934ae30f2af09a9f	d__Bacteria;p__Bacillota;c__Bacilli;o__Staphylococcales;f__Gemellaceae;g__Gemella;s__	g__Gemella
4da238d6be0b2385408fcd59dc1b1352	d__Bacteria;p__Bacteroidota;c__Bacteroidia;o__Bacteroidales;f__Prevotellaceae;g__Prevotella;s__	g__Prevotella
96dcb6569db8ce4afa93496fc9e48f5a	d__Bacteria;p__Bacillota;c__Bacilli;o__Lactobacillales;f__Lactobacillaceae;g__Ligilactobacillus;s__	g__Ligilactobacillus
d355fdf61b5d6ae5c4f98bd1192e0d21	d__Bacteria;p__Bacillota;c__Clostridia;o__Lachnospirales;f__Lachnospiraceae;g__Incertae_Sedis;s__	g__Incertae_Sedis
32df06b2a0b62ad95ab8c30ddbbf86e7	d__Bacteria;p__Bacillota;c__Clostridia;o__Peptostreptococcales-Tissierellales;f__Family_XI;g__Peptoniphilus;s__	g__Peptoniphilus
452e26d2634c3b16ab2a07e55f21f40c	d__Bacteria;p__Spirochaetota;c__Spirochaetia;o__Spirochaetales;f__Spirochaetaceae;g__Treponema;s__	g__Treponema
c221be3a96f8a163299558d481d1036b	d__Bacteria;p__Spirochaetota;c__Spirochaetia;o__Spirochaetales;f__Spirochaetaceae;g__Treponema;s__	g__Treponema
9eb9ba5eb21be521199761a628be93ce	d__Bacteria;p__Bacteroidota;c__Bacteroidia;o__Bacteroidales;f__Prevotellaceae;g__Prevotella;s__	g__Prevotella
2d86bb06766a6cb7f586a9e128d5de03	d__Bacteria;p__Bacteroidota;c__Bacteroidia;o__Flavobacteriales;f__Flavobacteriaceae;g__Capnocytophaga;s__	g__Capnocytophaga
5e583df8603e917dfc0b5f3dfeb14f20	d__Bacteria;p__Bacillota;c__Clostridia;o__Lachnospirales;f__Lachnospiraceae;g__Johnsonella;s__	g__Johnsonella
d59c6d2e4d2237f11b6368c9c1179ce8	d__Bacteria;p__Bacteroidota;c__Bacteroidia;o__Flavobacteriales;f__Flavobacteriaceae;g__Capnocytophaga;s__	g__Capnocytophaga
3cda494722f229309f4d049ebfe17996	d__Bacteria;p__Bacillota;c__Negativicutes;o__Veillonellales-Selenomonadales;f__Veillonellaceae;g__Dialister;s__	g__Dialister
834bebcc6f13efbe3e185abcbd280e7a	d__Bacteria;p__Bacillota;c__Negativicutes;o__Veillonellales-Selenomonadales;f__Selenomonadaceae;g__Selenomonas;s__	g__Selenomonas
97938b86d060a5f58dd0d0368e58405b	d__Bacteria;p__Bacillota;c__Bacilli;o__Lactobacillales;f__Streptococcaceae;g__Streptococcus;s__	g__Streptococcus
ae0ab3f1b60aa6d5641898228ed417f2	d__Bacteria;p__Fusobacteriota;c__Fusobacteriia;o__Fusobacteriales;f__Leptotrichiaceae;g__Leptotrichia;s__	g__Leptotrichia
f991274e234ade6f6a6a2df1daeea685	d__Bacteria;p__Actinomycetota;c__Actinobacteria;o__Bifidobacteriales;f__Bifidobacteriaceae;g__Bifidobacterium;s__	g__Bifidobacterium
ecfb78e08cafd5548e7fde23f969ebee	d__Bacteria;p__Bacteroidota;c__Bacteroidia;o__Bacteroidales;f__Prevotellaceae;g__Prevotella;s__	g__Prevotella
82b85263c8200115da4f1de56abc17b8	d__Bacteria;p__Bacillota;c__Bacilli;o__Lactobacillales;f__Lactobacillaceae;g__Lacticaseibacillus;s__	g__Lacticaseibacillus
79ee6148096804d77625fa82dcb35e4b	d__Bacteria;p__Bacillota;c__Clostridia;o__Peptococcales;f__Peptococcaceae;g__Peptococcus;s__	g__Peptococcus
f965a671b905639699196aaa0a6bb401	d__Bacteria;p__Actinomycetota;c__Actinobacteria;o__Micrococcales;f__Micrococcaceae;g__Rothia;s__	g__Rothia
9ae51dddcd055d516cbea24d405f4886	d__Bacteria;p__Bacteroidota;c__Bacteroidia;o__Bacteroidales;f__Tannerellaceae;g__Tannerella;s__	g__Tannerella
4f9acec2cb7465e50268698f503e78b9	d__Bacteria;p__Pseudomonadota;c__Gammaproteobacteria;o__Enterobacterales;f__Pasteurellaceae;g__Aggregatibacter;s__	g__Aggregatibacter
04539e260e4456a4d0088a1446a4ed96	d__Bacteria;p__Bacteroidota;c__Bacteroidia;o__Bacteroidales;f__Prevotellaceae;g__Hoylesella;s__	g__Hoylesella
81d33e77f9813666210788871f55bc61	d__Bacteria;p__Fusobacteriota;c__Fusobacteriia;o__Fusobacteriales;f__Leptotrichiaceae;g__Pseudoleptotrichia;s__	g__Pseudoleptotrichia
998d051d80aeccd3c09dae7557634135	d__Bacteria;p__Bacillota;c__Bacilli;o__Staphylococcales;f__Gemellaceae;g__Gemella;s__	g__Gemella
6fe0da91fc78592a8bf2371c20a71f90	d__Bacteria;p__Bacteroidota;c__Bacteroidia;o__Bacteroidales;f__Prevotellaceae;g__Alloprevotella;s__	g__Alloprevotella
a0c0ee89883bd2ade29a8c453e1d8757	d__Bacteria;p__Pseudomonadota;c__Gammaproteobacteria;o__Enterobacterales;f__Pasteurellaceae;g__Haemophilus;s__	g__Haemophilus
f5efaab4944dca6092be8006004d7397	d__Bacteria;p__Pseudomonadota;c__Gammaproteobacteria;o__Enterobacterales;f__Enterobacteriaceae;g__Enterobacter;s__	g__Enterobacter
f3df1cd322b4d308bb38b22e592dee04	d__Bacteria;p__Actinomycetota;c__Actinobacteria;o__Actinomycetales;f__Actinomycetaceae;g__Actinomyces;s__	g__Actinomyces
73ebc7c247c5468b6ed59b33f6acf301	d__Bacteria;p__Spirochaetota;c__Spirochaetia;o__Spirochaetales;f__Spirochaetaceae;g__Treponema;s__	g__Treponema
8d213e7f5c30c75636f1c705d5950148	d__Bacteria;p__Fusobacteriota;c__Fusobacteriia;o__Fusobacteriales;f__Fusobacteriaceae;g__Fusobacterium;s__	g__Fusobacterium
b81b8a546cb04e47f167913d247d49a7	d__Bacteria;p__Bacillota;c__Negativicutes;o__Veillonellales-Selenomonadales;f__Veillonellaceae;g__Megasphaera;s__	g__Megasphaera
8733ea2e8ed7a7f00e48f80007517662	d__Bacteria;p__Spirochaetota;c__Spirochaetia;o__Spirochaetales;f__Spirochaetaceae;g__Treponema;s__	g__Treponema
cae746c096e27edbb9aa73557ffc86ad	d__Bacteria;p__Spirochaetota;c__Spirochaetia;o__Spirochaetales;f__Spirochaetaceae;g__Treponema;s__	g__Treponema
cc695c0678e5aec5697e0f44df2b86de	d__Bacteria;p__Pseudomonadota;c__Gammaproteobacteria;o__Burkholderiales;f__Neisseriaceae;g__Neisseria;s__	g__Neisseria
7caf4c4618458bef525e5b76e4f0c33c	d__Bacteria;p__Bacteroidota;c__Bacteroidia;o__Bacteroidales;f__Prevotellaceae;g__Prevotella;s__	g__Prevotella
0b2eecef5599ceae2e42893a7c660bae	d__Bacteria;p__Bacteroidota;c__Bacteroidia;o__Bacteroidales;f__Prevotellaceae;g__Incertae_Sedis;s__	g__Incertae_Sedis
69953f6eb8f96acd5ec82ae2dcc8309b	d__Bacteria;p__Pseudomonadota;c__Gammaproteobacteria;o__Enterobacterales;f__Pasteurellaceae;g__Haemophilus;s__	g__Haemophilus
18b808cc205a79a42bc62a3eeb3d684a	d__Bacteria;p__Bacillota;c__Negativicutes;o__Veillonellales-Selenomonadales;f__Veillonellaceae;g__Megasphaera;s__	g__Megasphaera
1159e64b22510ecc3feaf13e69a35a6b	d__Bacteria;p__Bacteroidota;c__Bacteroidia;o__Bacteroidales;f__Tannerellaceae;g__Tannerella;s__	g__Tannerella
c497b841dc414e03ad32568173045876	d__Bacteria;p__Bacteroidota;c__Bacteroidia;o__Flavobacteriales;f__Flavobacteriaceae;g__Capnocytophaga;s__	g__Capnocytophaga
463baf1512c69d913e97016cac54351b	d__Bacteria;p__Fusobacteriota;c__Fusobacteriia;o__Fusobacteriales;f__Fusobacteriaceae;g__Fusobacterium;s__	g__Fusobacterium
53dfd26ba216f578af9b178ecb9e0d80	d__Bacteria;p__Bacteroidota;c__Bacteroidia;o__Bacteroidales;f__Prevotellaceae;g__Incertae_Sedis;s__	g__Incertae_Sedis
5934b5eab2a3087af86eaa3392a41e20	d__Bacteria;p__Bacteroidota;c__Bacteroidia;o__Bacteroidales;f__Prevotellaceae;g__Segatella;s__	g__Segatella
33f67f014f01f7f0fdd504fb521a59a0	d__Bacteria;p__Bacteroidota;c__Bacteroidia;o__Bacteroidales;f__Prevotellaceae;g__Prevotella;s__	g__Prevotella
824a4969e1be80db233f275423f95960	d__Bacteria;p__Spirochaetota;c__Spirochaetia;o__Spirochaetales;f__Spirochaetaceae;g__Treponema;s__	g__Treponema
aa2144b74c76656a7364ce7f44566019	d__Bacteria;p__Spirochaetota;c__Spirochaetia;o__Spirochaetales;f__Spirochaetaceae;g__Treponema;s__	g__Treponema
9fb8d40728b10165a4a6069d336936d2	d__Bacteria;p__Synergistota;c__Synergistia;o__Synergistales;f__Synergistaceae;g__Pyramidobacter;s__	g__Pyramidobacter
7320e23582ea7ab4b0cd0e7e5e6ce594	d__Bacteria;p__Bacillota;c__Clostridia;o__Lachnospirales;f__Lachnospiraceae;g__Lachnoanaerobaculum;s__	g__Lachnoanaerobaculum
6841baa757ef1d2f10c792a88a8ef73f	d__Bacteria;p__Bacteroidota;c__Bacteroidia;o__Flavobacteriales;f__Flavobacteriaceae;g__Capnocytophaga;s__	g__Capnocytophaga
a2f7b5225b2586f8769fb49b03655366	d__Bacteria;p__Bacillota;c__Clostridia;o__Peptostreptococcales-Tissierellales;f__Anaerovoracaceae;g__Family_XIII_UCG-001;s__	g__Family_XIII_UCG-001
7dc7cab629616bc79ed00057a3239128	d__Bacteria;p__Pseudomonadota;c__Gammaproteobacteria;o__Burkholderiales;f__Burkholderiaceae;g__Lautropia;s__	g__Lautropia
9a7d1d4626b8849ae9fe02771c070447	d__Bacteria;p__Spirochaetota;c__Spirochaetia;o__Spirochaetales;f__Spirochaetaceae;g__Treponema;s__	g__Treponema
c1e5a322ba3dfc187f55b967183ff3c3	d__Bacteria;p__Bacillota;c__Bacilli;o__Lactobacillales;f__Lactobacillaceae;g__Lactobacillus;s__	g__Lactobacillus
01211e9d98a10f1ab200b46bfd260047	d__Bacteria;p__Bacteroidota;c__Bacteroidia;o__Bacteroidales;f__Porphyromonadaceae;g__Porphyromonas;s__	g__Porphyromonas
d34467cfc4d34890264e6b6a7330f407	d__Bacteria;p__Bacillota;c__Negativicutes;o__Veillonellales-Selenomonadales;f__Selenomonadaceae;g__Selenomonas;s__	g__Selenomonas
68f35cc83d3e23792dab08a288d3f54d	d__Bacteria;p__Fusobacteriota;c__Fusobacteriia;o__Fusobacteriales;f__Fusobacteriaceae;g__Fusobacterium;s__	g__Fusobacterium
5e1e793163e0f7e2095e010f794d9f04	d__Bacteria;p__Bacteroidota;c__Bacteroidia;o__Bacteroidales;f__Prevotellaceae;g__Prevotella;s__	g__Prevotella
fe02be4df1b1b165251426dfc6b97e5a	d__Bacteria;p__Fusobacteriota;c__Fusobacteriia;o__Fusobacteriales;f__Fusobacteriaceae;g__Fusobacterium;s__	g__Fusobacterium
a23e8f218b7264fd00ce79c47bc03c82	d__Bacteria;p__Bacillota;c__Negativicutes;o__Veillonellales-Selenomonadales;f__Selenomonadaceae;g__Selenomonas;s__	g__Selenomonas
f00c5687ff4382862463e3d61529259c	d__Bacteria;p__Pseudomonadota;c__Gammaproteobacteria;o__Burkholderiales;f__Neisseriaceae;g__Kingella;s__	g__Kingella
4e7efb6810c9df51624078eb1330a835	d__Bacteria;p__Bacteroidota;c__Bacteroidia;o__Flavobacteriales;f__Weeksellaceae;g__Bergeyella;s__	g__Bergeyella
3557b9c9b23c68726b150a805a6de6bd	d__Bacteria;p__Fusobacteriota;c__Fusobacteriia;o__Fusobacteriales;f__Leptotrichiaceae;g__Sneathia;s__	g__Sneathia
1787d385b1ec5fa124d10b5251378775	d__Bacteria;p__Bacillota;c__Bacilli;o__Lactobacillales;f__Streptococcaceae;g__Streptococcus;s__	g__Streptococcus
5883cda2900290481446fe37ef59feff	d__Bacteria;p__Bacillota;c__Clostridia;o__Lachnospirales;f__Lachnospiraceae;g__Johnsonella;s__	g__Johnsonella
88351c6c2807f57a625a01b91c73cc74	d__Bacteria;p__Bacteroidota;c__Bacteroidia;o__Bacteroidales;f__Prevotellaceae;g__Incertae_Sedis;s__	g__Incertae_Sedis
8de6a6d0661489cd6b2710a14579125b	d__Bacteria;p__Spirochaetota;c__Spirochaetia;o__Spirochaetales;f__Spirochaetaceae;g__Treponema;s__	g__Treponema
bb01eb57dafd46b4a4ccd6f452e9c33c	d__Bacteria;p__Pseudomonadota;c__Gammaproteobacteria;o__Enterobacterales;f__Pasteurellaceae;g__Haemophilus;s__	g__Haemophilus
36484ff9958c866170b2e947984391ea	d__Bacteria;p__Bacteroidota;c__Bacteroidia;o__Bacteroidales;f__Tannerellaceae;g__Tannerella;s__	g__Tannerella
fef9234a3b26b057a22bd57379241104	d__Bacteria;p__Bacteroidota;c__Bacteroidia;o__Bacteroidales;f__Prevotellaceae;g__Segatella;s__	g__Segatella
538590a315781359a99823311e16be6f	d__Bacteria;p__Bacillota;c__Negativicutes;o__Veillonellales-Selenomonadales;f__Veillonellaceae;g__Megasphaera;s__	g__Megasphaera
39b4722cbc02c57bf030a69fdaea624c	d__Bacteria;p__Bacillota;c__Clostridia;o__Peptostreptococcales-Tissierellales;f__Peptostreptococcaceae;g__Incertae_Sedis;s__	g__Incertae_Sedis
f25ff1177a26a9f8e48e0376a93d396b	d__Bacteria;p__Bacteroidota;c__Bacteroidia;o__Flavobacteriales;f__Weeksellaceae;g__Bergeyella;s__	g__Bergeyella
0056cb439cb151aa8ab673a1eb760583	d__Bacteria;p__Bacillota;c__Clostridia;o__Clostridia_vadinBB60_group;f__Incertae_Sedis;g__Incertae_Sedis;s__	g__Incertae_Sedis
143f21d51c33127cdafcba9e52f5c48f	d__Bacteria;p__Bacteroidota;c__Bacteroidia;o__Bacteroidales;f__Porphyromonadaceae;g__Porphyromonas;s__	g__Porphyromonas
82ce668b18d722ef1069d5e4251b4023	d__Bacteria;p__Bacillota;c__Clostridia;o__Lachnospirales;f__Lachnospiraceae;g__Oribacterium;s__	g__Oribacterium
e13bf0c4595ad176074a66cfb2eecef5	d__Bacteria;p__Bacillota;c__Negativicutes;o__Veillonellales-Selenomonadales;f__Veillonellaceae;g__Veillonella;s__	g__Veillonella
8f97e0b411edf280f4f1c58b04f5975e	d__Bacteria;p__Bacteroidota;c__Bacteroidia;o__Bacteroidales;f__Paludibacteraceae;g__F0058;s__	g__F0058
b75c59a801304d81c9bceb217a03ae94	d__Bacteria;p__Bacteroidota;c__Bacteroidia;o__Bacteroidales;f__Prevotellaceae;g__Hoylesella;s__	g__Hoylesella
7810b041e5c325e5f56f152930069801	d__Bacteria;p__Bacillota;c__Clostridia;o__Peptostreptococcales-Tissierellales;f__Peptostreptococcaceae;g__[Eubacterium]_yurii_group;s__	g__[Eubacterium]_yurii_group
d520d0085c20236cb1c2a3ab4c119343	d__Bacteria;p__Bacillota;c__Negativicutes;o__Veillonellales-Selenomonadales;f__Veillonellaceae;g__Anaeroglobus;s__	g__Anaeroglobus
4ab9ae12d7e08236fa75364480ad4799	d__Bacteria;p__Pseudomonadota;c__Gammaproteobacteria;o__Enterobacterales;f__Pasteurellaceae;g__Haemophilus;s__	g__Haemophilus
ebd40e31ed2e0823c7bad8661a1ee51e	d__Bacteria;p__Bacillota;c__Clostridia;o__Lachnospirales;f__Lachnospiraceae;g__Johnsonella;s__	g__Johnsonella
42dea4113ba8e8ad65b1e7b51f8acb70	d__Bacteria;p__Bacillota;c__Bacilli;o__Lactobacillales;f__Lactobacillaceae;g__Lactobacillus;s__	g__Lactobacillus
1412291db6e573e739c2194e85c94518	d__Bacteria;p__Pseudomonadota;c__Gammaproteobacteria;o__Burkholderiales;f__Neisseriaceae;g__Eikenella;s__	g__Eikenella
bd2d6f67fa2bf606864bde6cf56b84e1	d__Bacteria;p__Fusobacteriota;c__Fusobacteriia;o__Fusobacteriales;f__Fusobacteriaceae;g__Fusobacterium;s__	g__Fusobacterium
d67721d0d30083a274374462670912f8	d__Bacteria;p__Bacteroidota;c__Bacteroidia;o__Bacteroidales;f__Prevotellaceae;g__Prevotella;s__	g__Prevotella
0fd7a35ce43b14b38526b69856a4de21	d__Bacteria;p__Fusobacteriota;c__Fusobacteriia;o__Fusobacteriales;f__Fusobacteriaceae;g__Fusobacterium;s__	g__Fusobacterium
b29f2603750ebdc4771e11a7fde1d2fa	d__Bacteria;p__Bacteroidota;c__Bacteroidia;o__Bacteroidales;f__Prevotellaceae;g__Prevotella;s__	g__Prevotella
72bd12f2bfe4814c37bdd2a7ac840c9a	d__Bacteria;p__Spirochaetota;c__Spirochaetia;o__Spirochaetales;f__Spirochaetaceae;g__Treponema;s__	g__Treponema
07837f4bc90802f8ce52fb2e71b39083	d__Bacteria;p__Pseudomonadota;c__Gammaproteobacteria;o__Burkholderiales;f__Comamonadaceae;g__Comamonas;s__	g__Comamonas
10699e372f7d6219f4584a78ef74bd08	d__Bacteria;p__Bacillota;c__Clostridia;o__Peptostreptococcales-Tissierellales;f__Anaerovoracaceae;g__Family_XIII_UCG-001;s__	g__Family_XIII_UCG-001
3a6edebb71a3fe97fce5f24d33923817	d__Bacteria;p__Bacteroidota;c__Bacteroidia;o__Bacteroidales;f__Prevotellaceae;g__Xylanibacter;s__	g__Xylanibacter
cf89235b1e8984e4f1cd371b5c289379	d__Bacteria;p__Bacteroidota;c__Bacteroidia;o__Bacteroidales;f__Prevotellaceae;g__Prevotella;s__	g__Prevotella
19cfecfb7f546ee8a8953b7c6f5ccae5	d__Bacteria;p__Pseudomonadota;c__Gammaproteobacteria;o__Burkholderiales;f__Comamonadaceae;g__Comamonas;s__	g__Comamonas
f6df3e2f5d40112ddf846d7bf6091b41	d__Bacteria;p__Bacillota;c__Bacilli;o__Mycoplasmatales;f__Mycoplasmataceae;g__Mycoplasma;s__	g__Mycoplasma
9d012cadb72909b61d7af9aa7bb4f5e0	d__Bacteria;p__Bacteroidota;c__Bacteroidia;o__Bacteroidales;f__Porphyromonadaceae;g__Porphyromonas;s__	g__Porphyromonas
1812f3a5fc0121a19e9b600e91a6b8e0	d__Bacteria;p__Pseudomonadota;c__Gammaproteobacteria;o__Burkholderiales;f__Alcaligenaceae;g__Achromobacter;s__	g__Achromobacter
d8f33884cd351b5cdddf75ce8d2c0329	d__Bacteria;p__Bacillota;c__Negativicutes;o__Veillonellales-Selenomonadales;f__Selenomonadaceae;g__Selenomonas;s__	g__Selenomonas
dab42c249be1d946157125e902146a26	d__Bacteria;p__Bacillota;c__Clostridia;o__Clostridia_UCG-014;f__Incertae_Sedis;g__Incertae_Sedis;s__	g__Incertae_Sedis
f4604aaed3cf05d2794bf5f1d388e1bb	d__Bacteria;p__Bacillota;c__Negativicutes;o__Veillonellales-Selenomonadales;f__Veillonellaceae;g__Veillonella;s__	g__Veillonella
1c9477a3b0e6795c12143e71799e8375	d__Bacteria;p__Patescibacteria;c__Gracilibacteria;o__Incertae_Sedis;f__Incertae_Sedis;g__Incertae_Sedis;s__	g__Incertae_Sedis
eb0fc8ce38936f3ecf2e447b909f998d	d__Bacteria;p__Bacteroidota;c__Bacteroidia;o__Flavobacteriales;f__Flavobacteriaceae;g__Capnocytophaga;s__	g__Capnocytophaga
c4e79d51a0584ed4af406550c7465c25	d__Bacteria;p__Spirochaetota;c__Spirochaetia;o__Spirochaetales;f__Spirochaetaceae;g__Treponema;s__	g__Treponema
bc10d6447b6f4dcd35b77959c70f6d95	d__Bacteria;p__Bacillota;c__Bacilli;o__Lactobacillales;f__Streptococcaceae;g__Streptococcus;s__	g__Streptococcus
e746c08bfd4cdccae9fd712de81b49e6	d__Bacteria;p__Actinomycetota;c__Actinobacteria;o__Micrococcales;f__Micrococcaceae;g__Rothia;s__	g__Rothia
1b8017fc5cf1c6d9cbcdeeb0da42a700	d__Bacteria;p__Bacillota;c__Clostridia;o__Peptostreptococcales-Tissierellales;f__Peptostreptococcaceae;g__Filifactor;s__	g__Filifactor
915ad3c617bd0fdeefa0951c7ae90cce	d__Bacteria;p__Spirochaetota;c__Spirochaetia;o__Spirochaetales;f__Spirochaetaceae;g__Treponema;s__	g__Treponema
534b1b47f0d593f9c543fd2e9d402c60	d__Bacteria;p__Actinomycetota;c__Actinobacteria;o__Actinomycetales;f__Actinomycetaceae;g__Schaalia;s__	g__Schaalia
afed2824a62df78576d84119ccf101be	d__Bacteria;p__Bacteroidota;c__Bacteroidia;o__Bacteroidales;f__Prevotellaceae;g__Prevotella;s__	g__Prevotella
78b131542d9917edcac9b8106894c580	d__Bacteria;p__Bacteroidota;c__Bacteroidia;o__Bacteroidales;f__Prevotellaceae;g__Prevotella;s__	g__Prevotella
6bac665deb7073507a87f08c15c25ddb	d__Bacteria;p__Fusobacteriota;c__Fusobacteriia;o__Fusobacteriales;f__Fusobacteriaceae;g__Fusobacterium;s__	g__Fusobacterium
9fe1f050308d71fc59cf4e6557f6ad88	d__Bacteria;p__Bacteroidota;c__Bacteroidia;o__Bacteroidales;f__Prevotellaceae;g__Segatella;s__	g__Segatella
ea82b5a397609e4c80c00a1a4fd92dba	d__Bacteria;p__Bacillota;c__Bacilli;o__Lactobacillales;f__Streptococcaceae;g__Streptococcus;s__	g__Streptococcus
892492774cc141da61e9423598421526	d__Bacteria;p__Bacillota;c__Negativicutes;o__Veillonellales-Selenomonadales;f__Veillonellaceae;g__Veillonella;s__	g__Veillonella
936104087c004c377637324b2634c26e	d__Bacteria;p__Bacteroidota;c__Bacteroidia;o__Bacteroidales;f__Prevotellaceae;g__Prevotella;s__	g__Prevotella
34a9eb7127945929f21fd1e719836919	d__Bacteria;p__Patescibacteria;c__Saccharimonadia;o__Saccharimonadales;f__Saccharimonadaceae;g__Candidatus_Saccharimonas;s__	g__Candidatus_Saccharimonas
2770a8a61c37a5adf7fde362d1d4debb	d__Bacteria;p__Spirochaetota;c__Spirochaetia;o__Spirochaetales;f__Spirochaetaceae;g__Treponema;s__	g__Treponema
167255cee584ae26b1fb69c05c5319f4	d__Bacteria;p__Bacteroidota;c__Bacteroidia;o__Bacteroidales;f__Prevotellaceae;g__Segatella;s__	g__Segatella
347b06368d2b72d53950ac34ba742baf	d__Bacteria;p__Bacteroidota;c__Bacteroidia;o__Bacteroidales;f__Tannerellaceae;g__Tannerella;s__	g__Tannerella
1fccc8d3ea1336d7b9fddf814c9d1653	d__Bacteria;p__Bacillota;c__Bacilli;o__Mycoplasmatales;f__Mycoplasmataceae;g__Mycoplasma;s__	g__Mycoplasma
a3faf7a24c1effb21f1aa9f1986f9c58	d__Bacteria;p__Bacteroidota;c__Bacteroidia;o__Bacteroidales;f__Prevotellaceae;g__Segatella;s__	g__Segatella
971702a006e7efc01e903ad37d1aa219	d__Bacteria;p__Bacteroidota;c__Bacteroidia;o__Bacteroidales;f__Prevotellaceae;g__Incertae_Sedis;s__	g__Incertae_Sedis
7b9bfb7288381de532529c87bbc33bc6	d__Bacteria;p__Spirochaetota;c__Spirochaetia;o__Spirochaetales;f__Spirochaetaceae;g__Treponema;s__	g__Treponema
4077865af3555d2d5454728a22999974	d__Bacteria;p__Pseudomonadota;c__Gammaproteobacteria;o__Burkholderiales;f__Neisseriaceae;g__Simonsiella;s__	g__Simonsiella
c480c2dcb4e977a506a33158fffd5a3f	d__Bacteria;p__Bacteroidota;c__Bacteroidia;o__Bacteroidales;f__Prevotellaceae;g__Prevotella;s__	g__Prevotella
a7870808e4d479a414c3fae1562d9d8b	d__Bacteria;p__Pseudomonadota;c__Gammaproteobacteria;o__Enterobacterales;f__Enterobacteriaceae;g__Escherichia-Shigella;s__	g__Escherichia-Shigella
a9c254129f7a6ae57816b4a3a02809c0	d__Bacteria;p__Actinomycetota;c__Actinobacteria;o__Micrococcales;f__Micrococcaceae;g__Rothia;s__	g__Rothia
98217a24686973797b92d49e75ad8d8e	d__Bacteria;p__Bacteroidota;c__Bacteroidia;o__Bacteroidales;f__Prevotellaceae;g__Prevotella;s__	g__Prevotella
780f4d1597d483c30c9d60676c0e3b43	d__Bacteria;p__Bacillota;c__Negativicutes;o__Veillonellales-Selenomonadales;f__Veillonellaceae;g__Veillonella;s__	g__Veillonella
6ce2cacd13872a92a1748e6b7d1a2b0b	d__Bacteria;p__Pseudomonadota;c__Gammaproteobacteria;o__Enterobacterales;f__Enterobacteriaceae;g__Klebsiella;s__	g__Klebsiella
9f6f407780a739ca325db49904a20271	d__Bacteria;p__Bacillota;c__Bacilli;o__Lactobacillales;f__Streptococcaceae;g__Streptococcus;s__	g__Streptococcus
5da3bd749c638096b49e44b580dfc8c1	d__Bacteria;p__Spirochaetota;c__Spirochaetia;o__Spirochaetales;f__Spirochaetaceae;g__Treponema;s__	g__Treponema
af657a1c0ddc99742116b13f085fe721	d__Bacteria;p__Bacillota;c__Negativicutes;o__Veillonellales-Selenomonadales;f__Selenomonadaceae;g__Selenomonas;s__	g__Selenomonas
032c00d891209b31548c74ae37105f79	d__Bacteria;p__Campylobacterota;c__Campylobacteria;o__Campylobacterales;f__Campylobacteraceae;g__Campylobacter;s__	g__Campylobacter
040b1ebf9cc5a748a89b1e696797aef9	d__Bacteria;p__Spirochaetota;c__Spirochaetia;o__Spirochaetales;f__Spirochaetaceae;g__Treponema;s__	g__Treponema
ffc0b54d2cb741f130344a4e95506a70	d__Bacteria;p__Actinomycetota;c__Coriobacteriia;o__Coriobacteriales;f__Atopobiaceae;g__Lancefieldella;s__	g__Lancefieldella
7214a64918f97e88738e27d616cd4b60	d__Bacteria;p__Actinomycetota;c__Actinobacteria;o__Micrococcales;f__Micrococcaceae;g__Rothia;s__	g__Rothia
b8074337b256cdef905ddce24a5a458b	d__Bacteria;p__Bacteroidota;c__Bacteroidia;o__Bacteroidales;f__Prevotellaceae;g__Incertae_Sedis;s__	g__Incertae_Sedis
12e1a8d045b97e5d16cec07a456c8efc	d__Bacteria;p__Bacteroidota;c__Bacteroidia;o__Bacteroidales;f__Prevotellaceae;g__Hoylesella;s__	g__Hoylesella
71fa73fdedf6f2ece3f7dcd15d2fa8b7	d__Bacteria;p__Bacteroidota;c__Bacteroidia;o__Bacteroidales;f__Prevotellaceae;g__Incertae_Sedis;s__	g__Incertae_Sedis
f830c075fee5e56638e0d6763a395aa5	d__Bacteria;p__Bacillota;c__Clostridia;o__Peptostreptococcales-Tissierellales;f__Peptostreptococcaceae;g__Peptoanaerobacter;s__	g__Peptoanaerobacter
3ae253ac895478ca57e7c09cfccec082	d__Bacteria;p__Bacillota;c__Clostridia;o__Peptococcales;f__Peptococcaceae;g__Peptococcus;s__	g__Peptococcus
280614974ed7e90bb75def8fff2ea5de	d__Bacteria;p__Bacteroidota;c__Bacteroidia;o__Bacteroidales;f__Paludibacteraceae;g__F0058;s__	g__F0058
90cca33d4473db4fa2d49c115a8a2333	d__Bacteria;p__Bacillota;c__Bacilli;o__Lactobacillales;f__Streptococcaceae;g__Streptococcus;s__	g__Streptococcus
56d92a23241738ad8f25df37503f52fe	d__Bacteria;p__Pseudomonadota;c__Gammaproteobacteria;o__Burkholderiales;f__Neisseriaceae;g__Neisseria;s__	g__Neisseria
e85b6d9fa8b7d74848f8e310fea78ea2	d__Bacteria;p__Bacteroidota;c__Bacteroidia;o__Flavobacteriales;f__Flavobacteriaceae;g__Capnocytophaga;s__	g__Capnocytophaga
df173586572be8d22e1d0fc079730ee9	d__Bacteria;p__Bacillota;c__Clostridia;o__Lachnospirales;f__Lachnospiraceae;g__Lachnoanaerobaculum;s__	g__Lachnoanaerobaculum
3d9a9745535a7ab6552c57ce7457f6a1	d__Bacteria;p__Bacillota;c__Clostridia;o__Peptococcales;f__Peptococcaceae;g__Peptococcus;s__	g__Peptococcus
3b9e1d41eaa8fcfcaa3d8b9fa5eddcd0	d__Bacteria;p__Bacillota;c__Bacilli;o__Lactobacillales;f__Lactobacillaceae;g__Lacticaseibacillus;s__	g__Lacticaseibacillus
b795feb1506329cdc5be3eb99f7e8eae	d__Bacteria;p__Bacillota;c__Negativicutes;o__Veillonellales-Selenomonadales;f__Veillonellaceae;g__Veillonella;s__	g__Veillonella
b96c617efff03601b7e773635caa2a44	d__Bacteria;p__Bacteroidota;c__Bacteroidia;o__Bacteroidales;f__Prevotellaceae;g__Prevotella;s__	g__Prevotella
b4abaa3bc354d18dc521b1c34b8c0807	d__Bacteria;p__Bacteroidota;c__Bacteroidia;o__Bacteroidales;f__Prevotellaceae;g__Hoylesella;s__	g__Hoylesella
52d41931e1e738a2daec3b6ff8429950	d__Bacteria;p__Fusobacteriota;c__Fusobacteriia;o__Fusobacteriales;f__Fusobacteriaceae;g__Fusobacterium;s__	g__Fusobacterium
12f226b9922a10dc105ef3c77456aa1d	d__Bacteria;p__Bacteroidota;c__Bacteroidia;o__Bacteroidales;f__Prevotellaceae;g__Segatella;s__	g__Segatella
c8eafbfccc7b46633e6754e9349417da	d__Bacteria;p__Bacteroidota;c__Bacteroidia;o__Bacteroidales;f__Prevotellaceae;g__Prevotella;s__	g__Prevotella
44f3f07334d53472a7de6dce016cd270	d__Bacteria;p__Bacteroidota;c__Bacteroidia;o__Bacteroidales;f__Porphyromonadaceae;g__Porphyromonas;s__	g__Porphyromonas
bc465e793c75b2406ebb973787163a47	d__Bacteria;p__Bacteroidota;c__Bacteroidia;o__Flavobacteriales;f__Flavobacteriaceae;g__Capnocytophaga;s__	g__Capnocytophaga
a6d20ed341ca8db1d580b6baa531f102	d__Bacteria;p__Bacteroidota;c__Bacteroidia;o__Flavobacteriales;f__Weeksellaceae;g__Bergeyella;s__	g__Bergeyella
899f472bcb20419a21a9af29154f02ea	d__Bacteria;p__Bacillota;c__Bacilli;o__Lactobacillales;f__Listeriaceae;g__Listeria;s__	g__Listeria
fa8302f66852a2898a3110e25ea96e39	d__Bacteria;p__Bacillota;c__Clostridia;o__Lachnospirales;f__Lachnospiraceae;g__Johnsonella;s__	g__Johnsonella
761ab2b1af8a6d0aba4d3e5befe71c58	d__Bacteria;p__Fusobacteriota;c__Fusobacteriia;o__Fusobacteriales;f__Fusobacteriaceae;g__Fusobacterium;s__	g__Fusobacterium
436d0796380d3b33a3727849764d9cd2	d__Bacteria;p__Bacteroidota;c__Bacteroidia;o__Bacteroidales;f__Prevotellaceae;g__Prevotella;s__	g__Prevotella
3067b318d3597ce1331e112e8a88dd1b	d__Bacteria;p__Bacteroidota;c__Bacteroidia;o__Bacteroidales;f__Prevotellaceae;g__Prevotella;s__	g__Prevotella
c3a1bd4dc12ba37d4965c960d5a5caf9	d__Bacteria;p__Bacteroidota;c__Bacteroidia;o__Bacteroidales;f__Prevotellaceae;g__Prevotella;s__	g__Prevotella
79b7721cb30621da3a3c10048efc08d8	d__Bacteria;p__Bacillota;c__Negativicutes;o__Veillonellales-Selenomonadales;f__Veillonellaceae;g__Veillonella;s__	g__Veillonella
81493da07128500e670d9d21dca572c3	d__Bacteria;p__Bacillota;c__Negativicutes;o__Veillonellales-Selenomonadales;f__Veillonellaceae;g__Veillonella;s__	g__Veillonella
5447c784436f9d1c5e8f9724bf2f966c	d__Bacteria;p__Bacteroidota;c__Bacteroidia;o__Bacteroidales;f__Prevotellaceae;g__Segatella;s__	g__Segatella
bcd2082cb305c07a7559fd17c353c9fc	d__Bacteria;p__Bacillota;c__Bacilli;o__Mycoplasmatales;f__Mycoplasmataceae;g__Mycoplasmopsis;s__	g__Mycoplasmopsis
a5e7413e5bb748c3196d8b5cb324f389	d__Bacteria;p__Bacillota;c__Bacilli;o__Lactobacillales;f__Streptococcaceae;g__Streptococcus;s__	g__Streptococcus
ea5b257cb2ac690e117f34055e2f6c99	d__Bacteria;p__Bacteroidota;c__Bacteroidia;o__Bacteroidales;f__Tannerellaceae;g__Tannerella;s__	g__Tannerella
a1b332bfeac07034f287166bdce352e2	d__Bacteria;p__Bacteroidota;c__Bacteroidia;o__Bacteroidales;f__Prevotellaceae;g__Hoylesella;s__	g__Hoylesella
2996321a547e059276bcbb450eb7d612	d__Bacteria;p__Spirochaetota;c__Spirochaetia;o__Spirochaetales;f__Spirochaetaceae;g__Treponema;s__	g__Treponema
6fe624259164234fcf8ab49637e66ecb	d__Bacteria;p__Pseudomonadota;c__Gammaproteobacteria;o__Enterobacterales;f__Pasteurellaceae;g__Haemophilus;s__	g__Haemophilus
157bd8f46da63f4f534217364130b9b1	d__Bacteria;p__Fusobacteriota;c__Fusobacteriia;o__Fusobacteriales;f__Fusobacteriaceae;g__Fusobacterium;s__	g__Fusobacterium
6e1c7d53c50a82c91d5d78e966d81fd2	d__Bacteria;p__Bacillota;c__Clostridia;o__Peptococcales;f__Peptococcaceae;g__Peptococcus;s__	g__Peptococcus
9d1c343ad042bec0e2f0567d05c4d7fc	d__Bacteria;p__Bacteroidota;c__Bacteroidia;o__Bacteroidales;f__Prevotellaceae;g__Prevotella;s__	g__Prevotella
47e615fbedbe57ae6be5fb2dd2253f21	d__Bacteria;p__Bacteroidota;c__Bacteroidia;o__Bacteroidales;f__Prevotellaceae;g__Prevotella;s__	g__Prevotella
a20b37060512bf0acf22db102dda07e8	d__Bacteria;p__Bacillota;c__Clostridia;o__Lachnospirales;f__Lachnospiraceae;g__Johnsonella;s__	g__Johnsonella
f4d151cdcd6dd021a12af25b32eb38e3	d__Bacteria;p__Actinomycetota;c__Coriobacteriia;o__Coriobacteriales;f__Atopobiaceae;g__Lancefieldella;s__	g__Lancefieldella
84cb15509bcb87605d84fc3277a2bfd3	d__Bacteria;p__Bacillota;c__Clostridia;o__Lachnospirales;f__Lachnospiraceae;g__Lachnoanaerobaculum;s__	g__Lachnoanaerobaculum
733efeeb7583fc338d793630d956f246	d__Bacteria;p__Pseudomonadota;c__Gammaproteobacteria;o__Burkholderiales;f__Neisseriaceae;g__Kingella;s__	g__Kingella
f2a06200386691f5a28a9d86406612c3	d__Bacteria;p__Bacteroidota;c__Bacteroidia;o__Bacteroidales;f__Williamwhitmaniaceae;g__Blvii28_wastewater-sludge_group;s__	g__Blvii28_wastewater-sludge_group
b0fe0baeeacc4c9ec45500d590e9d1cf	d__Bacteria;p__Bacteroidota;c__Bacteroidia;o__Bacteroidales;f__Prevotellaceae;g__Segatella;s__	g__Segatella
3eb8acd6ce0e27c88955527727bb8182	d__Bacteria;p__Bacteroidota;c__Bacteroidia;o__Bacteroidales;f__Prevotellaceae;g__Prevotella;s__	g__Prevotella
a06d9f76a19502177679a10537a12a04	d__Bacteria;p__Bacillota;c__Clostridia;o__Lachnospirales;f__Lachnospiraceae;g__Oribacterium;s__	g__Oribacterium
90fe836635be4b37ec91bb1a0969f147	d__Bacteria;p__Fusobacteriota;c__Fusobacteriia;o__Fusobacteriales;f__Fusobacteriaceae;g__Fusobacterium;s__	g__Fusobacterium
e53d4c65aeb87b942f344798f43b5804	d__Bacteria;p__Bacillota;c__Clostridia;o__Peptococcales;f__Peptococcaceae;g__Peptococcus;s__	g__Peptococcus
da8f9a345d8ae926fa206a6afbf03bf7	d__Bacteria;p__Pseudomonadota;c__Alphaproteobacteria;o__Rhodospirillales;f__Incertae_Sedis;g__Incertae_Sedis;s__	g__Incertae_Sedis
d1c30a01e05057df17b593c820601cef	d__Bacteria;p__Bacteroidota;c__Bacteroidia;o__Bacteroidales;f__Prevotellaceae;g__Segatella;s__	g__Segatella
d3410c800c62d4fe1eab512acd0450cf	d__Bacteria;p__Bacteroidota;c__Bacteroidia;o__Bacteroidales;f__Prevotellaceae;g__Segatella;s__	g__Segatella
32cd4e2da2abb08e29440b824e6bfef9	d__Bacteria;p__Bacillota;c__Clostridia;o__Lachnospirales;f__Lachnospiraceae;g__Butyrivibrio;s__	g__Butyrivibrio
61178273b020e8a494cba7dcc92c3a25	d__Bacteria;p__Bacteroidota;c__Bacteroidia;o__Bacteroidales;f__Prevotellaceae;g__Prevotella;s__	g__Prevotella
9b8a85a40f40b2b401c6527239aab171	d__Bacteria;p__Bacteroidota;c__Bacteroidia;o__Bacteroidales;f__Prevotellaceae;g__Alloprevotella;s__	g__Alloprevotella
569418df588c6249c6525811063aacf5	d__Bacteria;p__Bacillota;c__Clostridia;o__Peptostreptococcales-Tissierellales;f__Family_XI;g__Finegoldia;s__	g__Finegoldia
6c838a25ae4502f879ec384c257adc57	d__Bacteria;p__Bacteroidota;c__Bacteroidia;o__Flavobacteriales;f__Flavobacteriaceae;g__Capnocytophaga;s__	g__Capnocytophaga
a2699d00a52b9fd04ebedf81dbf1cad5	d__Bacteria;p__Campylobacterota;c__Campylobacteria;o__Campylobacterales;f__Campylobacteraceae;g__Campylobacter;s__	g__Campylobacter
d293f9c193a9b9b41fd4edccffddde56	d__Bacteria;p__Bacteroidota;c__Bacteroidia;o__Bacteroidales;f__Porphyromonadaceae;g__Porphyromonas;s__	g__Porphyromonas
a794badb3eb0e6463d3a48a1c865ba30	d__Bacteria;p__Pseudomonadota;c__Gammaproteobacteria;o__Burkholderiales;f__Neisseriaceae;g__Neisseria;s__	g__Neisseria
f21a708273516e599690e2f0561b1596	d__Bacteria;p__Patescibacteria;c__Saccharimonadia;o__Saccharimonadales;f__Saccharimonadaceae;g__TM7a;s__	g__TM7a
ddcb2799bb3401c04f7c1e7449ac05e8	d__Bacteria;p__Campylobacterota;c__Campylobacteria;o__Campylobacterales;f__Campylobacteraceae;g__Campylobacter;s__	g__Campylobacter
b538b37a4320009d36ff5deb7fc0b622	d__Bacteria;p__Bacillota;c__Clostridia;o__Eubacteriales;f__Eubacteriaceae;g__Pseudoramibacter;s__	g__Pseudoramibacter
f51847ad67c7d71924529de96be1cfc9	d__Bacteria;p__Bacillota;c__Bacilli;o__Lactobacillales;f__Lactobacillaceae;g__Limosilactobacillus;s__	g__Limosilactobacillus
71dd2c61793350126bbe92a782bf2db0	d__Bacteria;p__Fusobacteriota;c__Fusobacteriia;o__Fusobacteriales;f__Leptotrichiaceae;g__Leptotrichia;s__	g__Leptotrichia
78299f4e52b1290919148747d334729f	d__Bacteria;p__Bacillota;c__Clostridia;o__Lachnospirales;f__Lachnospiraceae;g__Roseburia;s__	g__Roseburia
6c7371477c4936991046280a3ca1a881	d__Bacteria;p__Bacteroidota;c__Bacteroidia;o__Bacteroidales;f__Prevotellaceae;g__Incertae_Sedis;s__	g__Incertae_Sedis
25581ec4e26a51c317d8dca01090c168	d__Bacteria;p__Fusobacteriota;c__Fusobacteriia;o__Fusobacteriales;f__Leptotrichiaceae;g__Leptotrichia;s__	g__Leptotrichia
3af61b86eef84f154a6fffa20f158952	d__Bacteria;p__Fusobacteriota;c__Fusobacteriia;o__Fusobacteriales;f__Fusobacteriaceae;g__Fusobacterium;s__	g__Fusobacterium
f7bfe6ab790625b3e07eebf37c0e1b76	d__Bacteria;p__Pseudomonadota;c__Gammaproteobacteria;o__Enterobacterales;f__Pasteurellaceae;g__Aggregatibacter;s__	g__Aggregatibacter
e69d95f71ad2ccc4b922f8433c11d3e7	d__Bacteria;p__Bacillota;c__Clostridia;o__Lachnospirales;f__Lachnospiraceae;g__Catonella;s__	g__Catonella
2e2dae91bc3f9d3d66a416ce6cc6e592	d__Bacteria;p__Actinomycetota;c__Actinobacteria;o__Mycobacteriales;f__Corynebacteriaceae;g__Corynebacterium;s__	g__Corynebacterium
5cd38376a2444df53870a2b5754ded40	d__Bacteria;p__Bacteroidota;c__Bacteroidia;o__Bacteroidales;f__Prevotellaceae;g__Prevotella;s__	g__Prevotella
d6dc9bba31364bfd0d50f868b111fe68	d__Bacteria;p__Bacillota;c__Clostridia;o__Eubacteriales;f__Eubacteriaceae;g__Pseudoramibacter;s__	g__Pseudoramibacter
14f48924265701c76f9514a8516ab088	d__Bacteria;p__Bacteroidota;c__Bacteroidia;o__Bacteroidales;f__Prevotellaceae;g__Incertae_Sedis;s__	g__Incertae_Sedis
06ca10b92dd06979e5c3ccdf94c63cd6	d__Bacteria;p__Bacteroidota;c__Bacteroidia;o__Bacteroidales;f__Prevotellaceae;g__Segatella;s__	g__Segatella
0b86a228883bbb648521e30e3d3719da	d__Bacteria;p__Spirochaetota;c__Spirochaetia;o__Spirochaetales;f__Spirochaetaceae;g__Treponema;s__	g__Treponema
36602bc31b47833be661077b68a6887c	d__Bacteria;p__Fusobacteriota;c__Fusobacteriia;o__Fusobacteriales;f__Leptotrichiaceae;g__Leptotrichia;s__	g__Leptotrichia
e70ff97fabc5f26c8ed716ac735d8420	d__Bacteria;p__Bacteroidota;c__Bacteroidia;o__Bacteroidales;f__Prevotellaceae;g__Prevotella;s__	g__Prevotella
6734fa1156b08aceb638361047c59495	d__Bacteria;p__Bacteroidota;c__Bacteroidia;o__Bacteroidales;f__Tannerellaceae;g__Tannerella;s__	g__Tannerella
3ce7c654c748090fbf3d8e1d8018eede	d__Bacteria;p__Spirochaetota;c__Spirochaetia;o__Spirochaetales;f__Spirochaetaceae;g__Treponema;s__	g__Treponema
f0afa6e08cff5ded131a93bf14167a39	d__Bacteria;p__Fusobacteriota;c__Fusobacteriia;o__Fusobacteriales;f__Fusobacteriaceae;g__Fusobacterium;s__	g__Fusobacterium
1f8921802d8b523c369353d366413170	d__Bacteria;p__Bacteroidota;c__Bacteroidia;o__Bacteroidales;f__Prevotellaceae;g__Prevotella;s__	g__Prevotella
f547bbac8db424b5d22810a421386d04	d__Bacteria;p__Bacillota;c__Negativicutes;o__Veillonellales-Selenomonadales;f__Veillonellaceae;g__Veillonella;s__	g__Veillonella
f49304647ed7fca7110097426eaaf460	d__Bacteria;p__Pseudomonadota;c__Gammaproteobacteria;o__Enterobacterales;f__Pasteurellaceae;g__Aggregatibacter;s__	g__Aggregatibacter
41600799397aba70b93c7e2bd0c970cd	d__Bacteria;p__Bacteroidota;c__Bacteroidia;o__Flavobacteriales;f__Weeksellaceae;g__Bergeyella;s__	g__Bergeyella
61d0dc3726ab8a614ed9e4e41393fb6d	d__Bacteria;p__Fusobacteriota;c__Fusobacteriia;o__Fusobacteriales;f__Fusobacteriaceae;g__Fusobacterium;s__	g__Fusobacterium
caeb02648f71fff789ca91062eecb604	d__Bacteria;p__Bacteroidota;c__Bacteroidia;o__Flavobacteriales;f__Flavobacteriaceae;g__Capnocytophaga;s__	g__Capnocytophaga
50be70bdfb77472d55195fc3f9255fab	d__Bacteria;p__Pseudomonadota;c__Gammaproteobacteria;o__Pseudomonadales;f__Halomonadaceae;g__Halomonas;s__	g__Halomonas
6b729ee3af59d15c2221e3e3b4e42e3d	d__Bacteria;p__Bacteroidota;c__Bacteroidia;o__Bacteroidales;f__Porphyromonadaceae;g__Porphyromonas;s__	g__Porphyromonas
1a1ea5e1f9ef5a770f5981a365a07c86	d__Bacteria;p__Bacteroidota;c__Bacteroidia;o__Bacteroidales;f__Prevotellaceae;g__Segatella;s__	g__Segatella
504af490ce56e285ba98ce39909c7efc	d__Bacteria;p__Pseudomonadota;c__Gammaproteobacteria;o__Burkholderiales;f__Neisseriaceae;g__Neisseria;s__	g__Neisseria
72bdec9aae8bc483a53bac10e02982ee	d__Bacteria;p__Bacteroidota;c__Bacteroidia;o__Bacteroidales;f__Prevotellaceae;g__Incertae_Sedis;s__	g__Incertae_Sedis
f03052122754f477a70005c1607ffaff	d__Bacteria;p__Fusobacteriota;c__Fusobacteriia;o__Fusobacteriales;f__Leptotrichiaceae;g__Pseudoleptotrichia;s__	g__Pseudoleptotrichia
12b5b438d0297592d6c9abaffbbf8eec	d__Bacteria;p__Bacteroidota;c__Bacteroidia;o__Flavobacteriales;f__Flavobacteriaceae;g__Capnocytophaga;s__	g__Capnocytophaga
65a5769cfcff57332f61e05c90b36995	d__Bacteria;p__Pseudomonadota;c__Gammaproteobacteria;o__Enterobacterales;f__Pasteurellaceae;g__Haemophilus;s__	g__Haemophilus
eac9f5c4b4823c31455afa78a0c98e02	d__Bacteria;p__Bacillota;c__Clostridia;o__Peptostreptococcales-Tissierellales;f__Family_XI;g__Parvimonas;s__	g__Parvimonas
3e4e4ee8c8331f2daee37f114724ecd0	d__Bacteria;p__Bacteroidota;c__Bacteroidia;o__Bacteroidales;f__Prevotellaceae;g__Hoylesella;s__	g__Hoylesella
ec52f7b2197902159d0964fb7e3079b5	d__Bacteria;p__Fusobacteriota;c__Fusobacteriia;o__Fusobacteriales;f__Leptotrichiaceae;g__Pseudoleptotrichia;s__	g__Pseudoleptotrichia
e783779b7279f699709c8875b539ee9f	d__Bacteria;p__Spirochaetota;c__Spirochaetia;o__Spirochaetales;f__Spirochaetaceae;g__Treponema;s__	g__Treponema
cdac5c17e5585b16c98d5e77944ae954	d__Bacteria;p__Bacteroidota;c__Bacteroidia;o__Bacteroidales;f__Prevotellaceae;g__Segatella;s__	g__Segatella
24ead8708fb8d6072b7063408032af7f	d__Bacteria;p__Fusobacteriota;c__Fusobacteriia;o__Fusobacteriales;f__Fusobacteriaceae;g__Fusobacterium;s__	g__Fusobacterium
50dbecdfe35cbb95f99be0ed5e0145a6	d__Bacteria;p__Fusobacteriota;c__Fusobacteriia;o__Fusobacteriales;f__Fusobacteriaceae;g__Fusobacterium;s__	g__Fusobacterium
32d15aa4f786e3f1287ca6d6ffee1acb	d__Bacteria;p__Bacillota;c__Negativicutes;o__Veillonellales-Selenomonadales;f__Veillonellaceae;g__Anaeroglobus;s__	g__Anaeroglobus
b9b93d886ffd5352353fedbeea7eff78	d__Bacteria;p__Pseudomonadota;c__Gammaproteobacteria;o__Enterobacterales;f__Pasteurellaceae;g__Haemophilus;s__	g__Haemophilus
262322f51702303737ec6a7068aa57ac	d__Bacteria;p__Fusobacteriota;c__Fusobacteriia;o__Fusobacteriales;f__Leptotrichiaceae;g__Leptotrichia;s__	g__Leptotrichia
ded2dce70aa60e9ac9f8bc8bdd00bd9c	d__Bacteria;p__Bacillota;c__Negativicutes;o__Veillonellales-Selenomonadales;f__Selenomonadaceae;g__Selenomonas;s__	g__Selenomonas
58dc2e8b1eeb96c742e20a490e08ea2d	d__Bacteria;p__Pseudomonadota;c__Gammaproteobacteria;o__Enterobacterales;f__Pasteurellaceae;g__Actinobacillus;s__	g__Actinobacillus
722aca0fc71fe2a69cfd796b72fb9ba1	d__Bacteria;p__Pseudomonadota;c__Gammaproteobacteria;o__Burkholderiales;f__Neisseriaceae;g__Eikenella;s__	g__Eikenella
a69f579722926cc1cf376a0987de9481	d__Bacteria;p__Bacteroidota;c__Bacteroidia;o__Bacteroidales;f__Bacteroidaceae;g__Bacteroides;s__	g__Bacteroides
3fe4596e56a2f6df2cb6ad59b5884931	d__Bacteria;p__Patescibacteria;c__Saccharimonadia;o__Saccharimonadales;f__Saccharimonadaceae;g__Incertae_Sedis;s__	g__Incertae_Sedis
c48dabaefad50d873140cb647b97f33b	d__Bacteria;p__Bacteroidota;c__Bacteroidia;o__Bacteroidales;f__Prevotellaceae;g__Incertae_Sedis;s__	g__Incertae_Sedis
ebe4222a8c7bd7382b447a9aeeee5541	d__Bacteria;p__Bacillota;c__Bacilli;o__Lactobacillales;f__Lactobacillaceae;g__Limosilactobacillus;s__	g__Limosilactobacillus
75cf7787b9c3c8de6d3f716a027d2d5b	d__Bacteria;p__Pseudomonadota;c__Gammaproteobacteria;o__Burkholderiales;f__Neisseriaceae;g__Neisseria;s__	g__Neisseria
7022e969007ef3c8699f673b136e033d	d__Bacteria;p__Bacteroidota;c__Bacteroidia;o__Bacteroidales;f__Porphyromonadaceae;g__Porphyromonas;s__	g__Porphyromonas
261d8b7231cd561f3a5b58d8bf070676	d__Bacteria;p__Bacteroidota;c__Bacteroidia;o__Flavobacteriales;f__Weeksellaceae;g__Bergeyella;s__	g__Bergeyella
d1da8b882c95dfa73e856a3d8bd25d0d	d__Bacteria;p__Bacillota;c__Negativicutes;o__Veillonellales-Selenomonadales;f__Selenomonadaceae;g__Selenomonas;s__	g__Selenomonas
92d78ebab7745dd2a2eb60e4e3701cbf	d__Bacteria;p__Fusobacteriota;c__Fusobacteriia;o__Fusobacteriales;f__Fusobacteriaceae;g__Fusobacterium;s__	g__Fusobacterium
ee7603844759a96564f021ef51d057ce	d__Bacteria;p__Fusobacteriota;c__Fusobacteriia;o__Fusobacteriales;f__Fusobacteriaceae;g__Fusobacterium;s__	g__Fusobacterium
61830ea297cc639f0155f6ebce3a1cf8	d__Bacteria;p__Bacteroidota;c__Bacteroidia;o__Flavobacteriales;f__Flavobacteriaceae;g__Capnocytophaga;s__	g__Capnocytophaga
e08e431c9e15d055b7fdb6e1018fe3da	d__Bacteria;p__Bacteroidota;c__Bacteroidia;o__Bacteroidales;f__Porphyromonadaceae;g__Porphyromonas;s__	g__Porphyromonas
96e8f4ac20d37f5fb5d7efc19be504c9	d__Bacteria;p__Pseudomonadota;c__Gammaproteobacteria;o__Enterobacterales;f__Enterobacteriaceae;g__Klebsiella;s__	g__Klebsiella
92a719f6a6db8fbe4d90b6be44031549	d__Bacteria;p__Fusobacteriota;c__Fusobacteriia;o__Fusobacteriales;f__Fusobacteriaceae;g__Fusobacterium;s__	g__Fusobacterium
708a2eb041783d85860e7f5cf8e8a1cc	d__Bacteria;p__Bacteroidota;c__Bacteroidia;o__Flavobacteriales;f__Flavobacteriaceae;g__Capnocytophaga;s__	g__Capnocytophaga
4de435a2a61faa26fb0898379048a32c	d__Bacteria;p__Bacteroidota;c__Bacteroidia;o__Bacteroidales;f__Porphyromonadaceae;g__Porphyromonas;s__	g__Porphyromonas
023281dad256f84eee8f216893e5e3f1	d__Bacteria;p__Patescibacteria;c__Saccharimonadia;o__Saccharimonadales;f__Saccharimonadaceae;g__Incertae_Sedis;s__	g__Incertae_Sedis
145069d78f4f45f3ad95eef80c6f1285	d__Bacteria;p__Bacteroidota;c__Bacteroidia;o__Bacteroidales;f__Tannerellaceae;g__Tannerella;s__	g__Tannerella
2e23194d2b97d15fb86eb5d8d14cad37	d__Bacteria;p__Bacteroidota;c__Bacteroidia;o__Bacteroidales;f__Prevotellaceae;g__Prevotella;s__	g__Prevotella
84a60f017aa63485c0561110fcba8030	d__Bacteria;p__Bacillota;c__Bacilli;o__Lactobacillales;f__Streptococcaceae;g__Streptococcus;s__	g__Streptococcus
76e1615c36a96b0aa52845fb3b788d6b	d__Bacteria;p__Bacillota;c__Negativicutes;o__Veillonellales-Selenomonadales;f__Selenomonadaceae;g__Selenomonas;s__	g__Selenomonas
8fd64c50ec870cbd8b39d60c1934e4ea	d__Bacteria;p__Bacteroidota;c__Bacteroidia;o__Bacteroidales;f__Prevotellaceae;g__Incertae_Sedis;s__	g__Incertae_Sedis
1863f4b10ab45de78dedce34f3826465	d__Bacteria;p__Actinomycetota;c__Coriobacteriia;o__Coriobacteriales;f__Atopobiaceae;g__Lancefieldella;s__	g__Lancefieldella
9bbe48d04668bf21cf5492c0248cc797	d__Bacteria;p__Bacteroidota;c__Bacteroidia;o__Bacteroidales;f__Prevotellaceae;g__Prevotella;s__	g__Prevotella
01b6f1e81c59b4921daf2fed89da6882	d__Bacteria;p__Spirochaetota;c__Spirochaetia;o__Spirochaetales;f__Spirochaetaceae;g__Treponema;s__	g__Treponema
caba0c5c70decd4a6f5e4b1cdc4b5925	d__Bacteria;p__Bacteroidota;c__Bacteroidia;o__Flavobacteriales;f__Flavobacteriaceae;g__Capnocytophaga;s__	g__Capnocytophaga
f98048af0b532cf7ecb7e88e33c4e91d	d__Bacteria;p__Actinomycetota;c__Actinobacteria;o__Actinomycetales;f__Actinomycetaceae;g__Schaalia;s__	g__Schaalia
89ced9bba60a9cc560c9fe0703ff7fa8	d__Bacteria;p__Pseudomonadota;c__Gammaproteobacteria;o__Pseudomonadales;f__Pseudomonadaceae;g__Pseudomonas;s__	g__Pseudomonas
b7bc0fc471842c0d374ddcadfd3800dc	d__Bacteria;p__Actinomycetota;c__Actinobacteria;o__Actinomycetales;f__Actinomycetaceae;g__Schaalia;s__	g__Schaalia
be1f5c714f0d2ac80e0f897af2927d82	d__Bacteria;p__Bacteroidota;c__Bacteroidia;o__Bacteroidales;f__Paludibacteraceae;g__F0058;s__	g__F0058
4df0ff7f9128368462ad60ec1a1dfa8f	d__Bacteria;p__Pseudomonadota;c__Gammaproteobacteria;o__Enterobacterales;f__Pasteurellaceae;g__Haemophilus;s__	g__Haemophilus
67a03d2b8c416fae82bb8445108cab00	d__Bacteria;p__Bacillota;c__Bacilli;o__Lactobacillales;f__Carnobacteriaceae;g__Granulicatella;s__	g__Granulicatella
d5d96fa7ea57ce41de45279fbddb003c	d__Bacteria;p__Patescibacteria;c__Saccharimonadia;o__Saccharimonadales;f__Saccharimonadaceae;g__Incertae_Sedis;s__	g__Incertae_Sedis
3df84c4d13766a1546369f799c096352	d__Bacteria;p__Pseudomonadota;c__Gammaproteobacteria;o__Burkholderiales;f__Neisseriaceae;g__Neisseria;s__	g__Neisseria
28b478ca1d1a277d786dbc7a9e8bdcce	d__Bacteria;p__Pseudomonadota;c__Gammaproteobacteria;o__Pseudomonadales;f__Halomonadaceae;g__Halomonas;s__	g__Halomonas
db8b5317886e928988a103d7437b5886	d__Bacteria;p__Spirochaetota;c__Spirochaetia;o__Spirochaetales;f__Spirochaetaceae;g__Treponema;s__	g__Treponema
d61bdc151ca2ef9fe1cec76ce261745e	d__Bacteria;p__Bacteroidota;c__Bacteroidia;o__Bacteroidales;f__Porphyromonadaceae;g__Porphyromonas;s__	g__Porphyromonas
51481e8b6dec0244821a5b2922f9a86c	d__Bacteria;p__Bacillota;c__Clostridia;o__Peptostreptococcales-Tissierellales;f__Anaerovoracaceae;g__Hornefia;s__	g__Hornefia
d8d4c99575e0bd43633f61598c09a639	d__Bacteria;p__Bacillota;c__Negativicutes;o__Veillonellales-Selenomonadales;f__Selenomonadaceae;g__Selenomonas;s__	g__Selenomonas
f401d478b41f579f82bfb7a6292e8057	d__Bacteria;p__Fusobacteriota;c__Fusobacteriia;o__Fusobacteriales;f__Fusobacteriaceae;g__Fusobacterium;s__	g__Fusobacterium
432100e7927e1a07f34ac2ddbbb475f2	d__Bacteria;p__Spirochaetota;c__Spirochaetia;o__Spirochaetales;f__Spirochaetaceae;g__Treponema;s__	g__Treponema
07d0da0c1d0c3656cf8d613c334cb74b	d__Bacteria;p__Bacteroidota;c__Bacteroidia;o__Bacteroidales;f__Prevotellaceae;g__Prevotella;s__	g__Prevotella
2128908a2398ed39b2d75c1e2add5b8b	d__Bacteria;p__Fusobacteriota;c__Fusobacteriia;o__Fusobacteriales;f__Leptotrichiaceae;g__Leptotrichia;s__	g__Leptotrichia
4c558e92521044345ade6faf0c594a10	d__Bacteria;p__Bacillota;c__Negativicutes;o__Veillonellales-Selenomonadales;f__Veillonellaceae;g__Veillonella;s__	g__Veillonella
380882d801fb55dec393f3fef8f2aab8	d__Bacteria;p__Fusobacteriota;c__Fusobacteriia;o__Fusobacteriales;f__Leptotrichiaceae;g__Leptotrichia;s__	g__Leptotrichia
516ceadcb7b6cce38d88652f29073d36	d__Bacteria;p__Bacteroidota;c__Bacteroidia;o__Bacteroidales;f__Prevotellaceae;g__Prevotella;s__	g__Prevotella
9187018fcce4d4d8634c0c6e40aa0193	d__Bacteria;p__Campylobacterota;c__Campylobacteria;o__Campylobacterales;f__Campylobacteraceae;g__Campylobacter;s__	g__Campylobacter
94bba5b1e1d1ebf0576c714f63d5edaa	d__Bacteria;p__Bacteroidota;c__Bacteroidia;o__Bacteroidales;f__Prevotellaceae;g__Prevotella;s__	g__Prevotella
b4365eb2629511f297686c05f5f29628	d__Bacteria;p__Fusobacteriota;c__Fusobacteriia;o__Fusobacteriales;f__Fusobacteriaceae;g__Fusobacterium;s__	g__Fusobacterium
4ad02a66afe31bcab88ddc76acec54d1	d__Bacteria;p__Actinomycetota;c__Actinobacteria;o__Actinomycetales;f__Actinomycetaceae;g__Schaalia;s__	g__Schaalia
30f6550776a53fa56ad7879247e1b894	d__Bacteria;p__Bacillota;c__Clostridia;o__Peptostreptococcales-Tissierellales;f__Anaerovoracaceae;g__[Eubacterium]_sulci_group;s__	g__[Eubacterium]_sulci_group
2fb901e557c370ca134b365fbc1ad4b2	d__Bacteria;p__Bacteroidota;c__Bacteroidia;o__Bacteroidales;f__Porphyromonadaceae;g__Porphyromonas;s__	g__Porphyromonas
ffdb340eb4909c3492e7b2b3f62cf707	d__Bacteria;p__Bacillota;c__Negativicutes;o__Veillonellales-Selenomonadales;f__Veillonellaceae;g__Veillonella;s__	g__Veillonella
c7da6d9b87068bf93827fa0eff45fcd9	d__Bacteria;p__Bacteroidota;c__Bacteroidia;o__Bacteroidales;f__Prevotellaceae;g__Prevotella;s__	g__Prevotella
4142e57af2261c4bdf2f1b830aa3664a	d__Bacteria;p__Bacillota;c__Negativicutes;o__Veillonellales-Selenomonadales;f__Veillonellaceae;g__Megasphaera;s__	g__Megasphaera
8b28def26be040b19ca0f50b33507678	d__Bacteria;p__Bacillota;c__Bacilli;o__Staphylococcales;f__Gemellaceae;g__Gemella;s__	g__Gemella
5f8b314beb44da8653fe862444f85711	d__Bacteria;p__Pseudomonadota;c__Gammaproteobacteria;o__Burkholderiales;f__Neisseriaceae;g__Neisseria;s__	g__Neisseria
c63824fe71b9244fb6407fc3bc571c0d	d__Bacteria;p__Bacillota;c__Negativicutes;o__Veillonellales-Selenomonadales;f__Veillonellaceae;g__Veillonella;s__	g__Veillonella
af807c2cb9a547850b1aa9863978e6b6	d__Bacteria;p__Bacteroidota;c__Bacteroidia;o__Bacteroidales;f__Prevotellaceae;g__Alloprevotella;s__	g__Alloprevotella
8ea8968f576abfb1609d6ede6f5ab935	d__Bacteria;p__Actinomycetota;c__Coriobacteriia;o__Coriobacteriales;f__Atopobiaceae;g__Lancefieldella;s__	g__Lancefieldella
897a95bb60c336d0dd6905b3833f595d	d__Bacteria;p__Fusobacteriota;c__Fusobacteriia;o__Fusobacteriales;f__Fusobacteriaceae;g__Fusobacterium;s__	g__Fusobacterium
99aa9da5baa0f483caceaedbee900bec	d__Bacteria;p__Bacteroidota;c__Bacteroidia;o__Flavobacteriales;f__Flavobacteriaceae;g__Capnocytophaga;s__	g__Capnocytophaga
f94b59951fae3a7489197450f2a5c1bf	d__Bacteria;p__Spirochaetota;c__Spirochaetia;o__Spirochaetales;f__Spirochaetaceae;g__Treponema;s__	g__Treponema
a45f7f30276efedab49a3214bfbaa59d	d__Bacteria;p__Bacillota;c__Negativicutes;o__Veillonellales-Selenomonadales;f__Selenomonadaceae;g__Selenomonas;s__	g__Selenomonas
9a4b5e6624b82176cfeaa5885dfd831e	d__Bacteria;p__Bacillota;c__Bacilli;o__Lactobacillales;f__Streptococcaceae;g__Streptococcus;s__	g__Streptococcus
368d1e11fb1f09db8042bcabb3e4759e	d__Bacteria;p__Bacillota;c__Negativicutes;o__Veillonellales-Selenomonadales;f__Selenomonadaceae;g__Selenomonas;s__	g__Selenomonas
6a82ff9f36c93ee71257835e4ee37800	d__Bacteria;p__Bacillota;c__Clostridia;o__Peptostreptococcales-Tissierellales;f__Peptostreptococcaceae;g__Peptostreptococcus;s__	g__Peptostreptococcus
7bd735a96fefc58c16bed86472662106	d__Bacteria;p__Bacteroidota;c__Bacteroidia;o__Flavobacteriales;f__Flavobacteriaceae;g__Capnocytophaga;s__	g__Capnocytophaga
14320384388da713561a68683e07e5ba	d__Bacteria;p__Fusobacteriota;c__Fusobacteriia;o__Fusobacteriales;f__Leptotrichiaceae;g__Leptotrichia;s__	g__Leptotrichia
4b3eec9ccc523860079c9f9abde93b50	d__Bacteria;p__Bacteroidota;c__Bacteroidia;o__Sphingobacteriales;f__Lentimicrobiaceae;g__Lentimicrobium;s__	g__Lentimicrobium
8e35ed04bdb5f79285df52e0f2fe0e87	d__Bacteria;p__Bacillota;c__Bacilli;o__Lactobacillales;f__Streptococcaceae;g__Streptococcus;s__	g__Streptococcus
092ccfc26d37d04d883e98a5b3d9ba16	d__Bacteria;p__Spirochaetota;c__Spirochaetia;o__Spirochaetales;f__Spirochaetaceae;g__Treponema;s__	g__Treponema
a490685cbec0df237e3b92373b30ddc8	d__Bacteria;p__Campylobacterota;c__Campylobacteria;o__Campylobacterales;f__Campylobacteraceae;g__Campylobacter;s__	g__Campylobacter
9700c6ff0a9cb9b600a1e8ef717775d0	d__Bacteria;p__Bacillota;c__Clostridia;o__Peptostreptococcales-Tissierellales;f__Peptostreptococcaceae;g__Incertae_Sedis;s__	g__Incertae_Sedis
a87397f23a0c5628e82bfc0658c31e14	d__Bacteria;p__Pseudomonadota;c__Gammaproteobacteria;o__Burkholderiales;f__Neisseriaceae;g__Incertae_Sedis;s__	g__Incertae_Sedis
820bc0b04bf3fe1f7ff006d29138f3c2	d__Bacteria;p__Pseudomonadota;c__Gammaproteobacteria;o__Enterobacterales;f__Enterobacteriaceae;g__Klebsiella;s__	g__Klebsiella
192c4a1817a8d4e2557237f865f2c222	d__Bacteria;p__Actinomycetota;c__Actinobacteria;o__Actinomycetales;f__Actinomycetaceae;g__Schaalia;s__	g__Schaalia
6b24e865ecd0c07b10236802e24c8bf4	d__Bacteria;p__Bacteroidota;c__Bacteroidia;o__Bacteroidales;f__Prevotellaceae;g__Prevotella;s__	g__Prevotella
fe764b9e6961c651bc18a081cd63fd11	d__Bacteria;p__Pseudomonadota;c__Gammaproteobacteria;o__Pseudomonadales;f__Moraxellaceae;g__Acinetobacter;s__	g__Acinetobacter
aa70e67c806c0685a6f0716099b0b01e	d__Bacteria;p__Bacteroidota;c__Bacteroidia;o__Bacteroidales;f__Prevotellaceae;g__Segatella;s__	g__Segatella
4eb52f191b393b61a552b0176ce267a4	d__Bacteria;p__Bacteroidota;c__Bacteroidia;o__Sphingobacteriales;f__Lentimicrobiaceae;g__Lentimicrobium;s__	g__Lentimicrobium
22bf2d6e63cb9caf7f0efb15b6eed020	d__Bacteria;p__Spirochaetota;c__Spirochaetia;o__Spirochaetales;f__Spirochaetaceae;g__Treponema;s__	g__Treponema
e757baded773eaa3974e01f12bd8b57a	d__Bacteria;p__Bacillota;c__Clostridia;o__Lachnospirales;f__Lachnospiraceae;g__Lachnoanaerobaculum;s__	g__Lachnoanaerobaculum
243f9c77db89c5917556cf71e4738795	d__Bacteria;p__Pseudomonadota;c__Gammaproteobacteria;o__Enterobacterales;f__Pasteurellaceae;g__Haemophilus;s__	g__Haemophilus
ea3ebd82ac1d22acb59d6fa4a2451428	d__Bacteria;p__Actinomycetota;c__Coriobacteriia;o__Coriobacteriales;f__Atopobiaceae;g__Lancefieldella;s__	g__Lancefieldella
f9def8c965f1cebfb1d51cbb2603739a	d__Bacteria;p__Bacteroidota;c__Bacteroidia;o__Flavobacteriales;f__Flavobacteriaceae;g__Capnocytophaga;s__	g__Capnocytophaga
a69ea84159b1b9fb7d62eda08718ed0e	d__Bacteria;p__Bacteroidota;c__Bacteroidia;o__Bacteroidales;f__Prevotellaceae;g__Prevotella;s__	g__Prevotella
b74ba71d48e9b455c31c1c9709295612	d__Bacteria;p__Bacteroidota;c__Bacteroidia;o__Bacteroidales;f__Tannerellaceae;g__Tannerella;s__	g__Tannerella
89fdfed0daa1852ef44dcff4d1090b31	d__Bacteria;p__Bacteroidota;c__Bacteroidia;o__Bacteroidales;f__Bacteroidaceae;g__Bacteroides;s__	g__Bacteroides
78e12f5e2e5048edbb69acd81bb6725e	d__Bacteria;p__Bacillota;c__Clostridia;o__Lachnospirales;f__Lachnospiraceae;g__Lachnoanaerobaculum;s__	g__Lachnoanaerobaculum
2cc2bc1e0b4e7e7ae900da34f261e570	d__Bacteria;p__Bacillota;c__Negativicutes;o__Veillonellales-Selenomonadales;f__Veillonellaceae;g__Veillonella;s__	g__Veillonella
1885940835be8d5f296d70ad87fa3ad9	d__Bacteria;p__Bacteroidota;c__Bacteroidia;o__Bacteroidales;f__Porphyromonadaceae;g__Porphyromonas;s__	g__Porphyromonas
4bd564605ce2f50a862ef8f5610b3ef1	d__Bacteria;p__Fusobacteriota;c__Fusobacteriia;o__Fusobacteriales;f__Leptotrichiaceae;g__Leptotrichia;s__	g__Leptotrichia
d9864a195392f0d215ef31161b1b0c22	d__Bacteria;p__Fusobacteriota;c__Fusobacteriia;o__Fusobacteriales;f__Leptotrichiaceae;g__Streptobacillus;s__	g__Streptobacillus
0a6f17bbbccba051facc315868a83096	d__Bacteria;p__Pseudomonadota;c__Gammaproteobacteria;o__Burkholderiales;f__Neisseriaceae;g__Neisseria;s__	g__Neisseria
98316995fac759b5ba336250213c617b	d__Bacteria;p__Fusobacteriota;c__Fusobacteriia;o__Fusobacteriales;f__Fusobacteriaceae;g__Fusobacterium;s__	g__Fusobacterium
55c4c218e6835f26d4f2806d1077f88c	d__Bacteria;p__Spirochaetota;c__Spirochaetia;o__Spirochaetales;f__Spirochaetaceae;g__Treponema;s__	g__Treponema
e985c37b177493cc6f3d7832b6a32edf	d__Bacteria;p__Bacteroidota;c__Bacteroidia;o__Bacteroidales;f__Prevotellaceae;g__Hoylesella;s__	g__Hoylesella
6ec336cb31074286f5837ffadd12129f	d__Bacteria;p__Pseudomonadota;c__Gammaproteobacteria;o__Lysobacterales;f__Lysobacteraceae;g__Xanthomonas;s__	g__Xanthomonas
41904d62f87a5a0f8cbac4f321fd8c13	d__Bacteria;p__Bacteroidota;c__Bacteroidia;o__Flavobacteriales;f__Flavobacteriaceae;g__Capnocytophaga;s__	g__Capnocytophaga
71e82aa53d1f93f3ef5cb183a9436cbf	d__Bacteria;p__Bacteroidota;c__Bacteroidia;o__Bacteroidales;f__Porphyromonadaceae;g__Porphyromonas;s__	g__Porphyromonas
89878598be401395c64cca75acf80611	d__Bacteria;p__Bacteroidota;c__Bacteroidia;o__Bacteroidales;f__Prevotellaceae;g__Incertae_Sedis;s__	g__Incertae_Sedis
145ad53e82f9cfbd088b58a6f9f3aec9	d__Bacteria;p__Actinomycetota;c__Actinobacteria;o__Actinomycetales;f__Actinomycetaceae;g__Actinomyces;s__	g__Actinomyces
ad150b0670637eba6b4702b798cc5ee5	d__Bacteria;p__Bacteroidota;c__Bacteroidia;o__Bacteroidales;f__Prevotellaceae;g__Incertae_Sedis;s__	g__Incertae_Sedis
d3514d003e20c9aec97be9c6cead53e2	d__Bacteria;p__Patescibacteria;c__Gracilibacteria;o__Absconditabacteriales_(SR1);f__Incertae_Sedis;g__Incertae_Sedis;s__	g__Incertae_Sedis
2f188f5b0fbdda49104b4200db3bc886	d__Bacteria;p__Bacillota;c__Clostridia;o__Lachnospirales;f__Lachnospiraceae;g__Catonella;s__	g__Catonella
1dc1aef63d80c853086dd41fb47dfda8	d__Bacteria;p__Bacillota;c__Bacilli;o__Lactobacillales;f__Streptococcaceae;g__Streptococcus;s__	g__Streptococcus
5f92b07175b4045e827f38ee4fbd9af9	d__Bacteria;p__Spirochaetota;c__Spirochaetia;o__Spirochaetales;f__Spirochaetaceae;g__Treponema;s__	g__Treponema
bcd5a06dd15f5dd9007ee5fe6945d39b	d__Bacteria;p__Bacillota;c__Clostridia;o__Peptostreptococcales-Tissierellales;f__Family_XI;g__Anaerococcus;s__	g__Anaerococcus
e1f86c65f6ae938e9f5479697e2fdc34	d__Bacteria;p__Bacteroidota;c__Bacteroidia;o__Bacteroidales;f__Prevotellaceae;g__Segatella;s__	g__Segatella
4d2617663349c22fa9b4de8bd95d8f3c	d__Bacteria;p__Bacillota;c__Clostridia;o__Lachnospirales;f__Lachnospiraceae;g__Johnsonella;s__	g__Johnsonella
b0cc12dc5bfd870b2b910e725c876c9a	d__Bacteria;p__Fusobacteriota;c__Fusobacteriia;o__Fusobacteriales;f__Fusobacteriaceae;g__Fusobacterium;s__	g__Fusobacterium
d3c5a6ae1074a8a271671c73eff9d9fd	d__Bacteria;p__Bacillota;c__Negativicutes;o__Veillonellales-Selenomonadales;f__Selenomonadaceae;g__Selenomonas;s__	g__Selenomonas
9d750889d81d3da1885bc925118ef8c0	d__Bacteria;p__Fusobacteriota;c__Fusobacteriia;o__Fusobacteriales;f__Fusobacteriaceae;g__Fusobacterium;s__	g__Fusobacterium
2fdac580eef018d20ab8cb4572bdaf84	d__Bacteria;p__Bacillota;c__Negativicutes;o__Veillonellales-Selenomonadales;f__Selenomonadaceae;g__Selenomonas;s__	g__Selenomonas
76e3a566a76470af43ae2670fba16408	d__Bacteria;p__Spirochaetota;c__Spirochaetia;o__Spirochaetales;f__Spirochaetaceae;g__Treponema;s__	g__Treponema
d5fff1bc3a59380e879cf32b24b50c14	d__Bacteria;p__Bacteroidota;c__Bacteroidia;o__Bacteroidales;f__Prevotellaceae;g__Alloprevotella;s__	g__Alloprevotella
f725ae797d1a738c768e24441a818f54	d__Bacteria;p__Fusobacteriota;c__Fusobacteriia;o__Fusobacteriales;f__Leptotrichiaceae;g__Leptotrichia;s__	g__Leptotrichia
4188015ec5ba344df5cffced75c31392	d__Bacteria;p__Fusobacteriota;c__Fusobacteriia;o__Fusobacteriales;f__Fusobacteriaceae;g__Fusobacterium;s__	g__Fusobacterium
0bfed725e1083c933129b94b81cd45b4	d__Bacteria;p__Bacteroidota;c__Bacteroidia;o__Chitinophagales;f__Chitinophagaceae;g__Vibrionimonas;s__	g__Vibrionimonas
b37ce81a0b8352449ba91ec62dd9ff31	d__Bacteria;p__Bacteroidota;c__Bacteroidia;o__Bacteroidales;f__Porphyromonadaceae;g__Porphyromonas;s__	g__Porphyromonas
3692813ec414601d068b8cbdf426f75b	d__Bacteria;p__Actinomycetota;c__Actinobacteria;o__Bifidobacteriales;f__Bifidobacteriaceae;g__Scardovia;s__	g__Scardovia
cb5f914e2af5c532e60a482da592464a	d__Bacteria;p__Bacillota;c__Negativicutes;o__Veillonellales-Selenomonadales;f__Selenomonadaceae;g__Selenomonas;s__	g__Selenomonas
81b8a213466814df40dab0692f8a36f1	d__Bacteria;p__Spirochaetota;c__Spirochaetia;o__Spirochaetales;f__Spirochaetaceae;g__Treponema;s__	g__Treponema
47d7e55c6860bba3fd673a830961f05b	d__Bacteria;p__Bacillota;c__Negativicutes;o__Veillonellales-Selenomonadales;f__Selenomonadaceae;g__Selenomonas;s__	g__Selenomonas
03e81a08efdecef308a0ae4805332fae	d__Bacteria;p__Fusobacteriota;c__Fusobacteriia;o__Fusobacteriales;f__Leptotrichiaceae;g__Leptotrichia;s__	g__Leptotrichia
a7e37d74188cde9524a6a6240ef8676d	d__Bacteria;p__Pseudomonadota;c__Gammaproteobacteria;o__Burkholderiales;f__Neisseriaceae;g__Eikenella;s__	g__Eikenella
04cc13cca3e6302eb5c125b77e461d7e	d__Bacteria;p__Spirochaetota;c__Spirochaetia;o__Spirochaetales;f__Spirochaetaceae;g__Treponema;s__	g__Treponema
7959d912bf5f4cfbf9a7ffcbbfd02144	d__Bacteria;p__Bacteroidota;c__Bacteroidia;o__Bacteroidales;f__Prevotellaceae;g__Segatella;s__	g__Segatella
35071bbb4134f7164d1d402063848dd2	d__Bacteria;p__Spirochaetota;c__Spirochaetia;o__Spirochaetales;f__Spirochaetaceae;g__Treponema;s__	g__Treponema
e795ac1d627e67b55c44a34f246eaa3d	d__Bacteria;p__Spirochaetota;c__Spirochaetia;o__Spirochaetales;f__Spirochaetaceae;g__Treponema;s__	g__Treponema
d49e623e7220e6c84136fbba88e2fced	d__Bacteria;p__Bacteroidota;c__Bacteroidia;o__Bacteroidales;f__Tannerellaceae;g__Tannerella;s__	g__Tannerella
86236321436198e738989dc7e5667137	d__Bacteria;p__Spirochaetota;c__Spirochaetia;o__Spirochaetales;f__Spirochaetaceae;g__Treponema;s__	g__Treponema
c58a48b50621b571e8a1b74d2aaa1617	d__Bacteria;p__Bacteroidota;c__Bacteroidia;o__Bacteroidales;f__Prevotellaceae;g__Prevotella;s__	g__Prevotella
d9e55a4433cd5444ef4279f04a019aa0	d__Bacteria;p__Bacteroidota;c__Bacteroidia;o__Flavobacteriales;f__Flavobacteriaceae;g__Capnocytophaga;s__	g__Capnocytophaga
88e1c1000f1443bdc13adaddfbb8adc0	d__Bacteria;p__Bacteroidota;c__Bacteroidia;o__Flavobacteriales;f__Weeksellaceae;g__Bergeyella;s__	g__Bergeyella
6524f8fa6ba3350c6add253f1233f9ba	d__Bacteria;p__Bacteroidota;c__Bacteroidia;o__Bacteroidales;f__Prevotellaceae;g__Segatella;s__	g__Segatella
48003634fd2fd57b9ab71762a6e5b6dd	d__Bacteria;p__Bacteroidota;c__Bacteroidia;o__Bacteroidales;f__Porphyromonadaceae;g__Porphyromonas;s__	g__Porphyromonas
c6c361fd965935490f34e6eb4226ffba	d__Bacteria;p__Bacteroidota;c__Bacteroidia;o__Bacteroidales;f__Porphyromonadaceae;g__Porphyromonas;s__	g__Porphyromonas
851d8b0b44c78c7ce24c78b9f14b1d85	d__Bacteria;p__Bacteroidota;c__Bacteroidia;o__Bacteroidales;f__Bacteroidaceae;g__Bacteroides;s__	g__Bacteroides
d2cf75f685d9b64a4bfc8fbb3c43b0e4	d__Bacteria;p__Bacteroidota;c__Bacteroidia;o__Bacteroidales;f__Prevotellaceae;g__Alloprevotella;s__	g__Alloprevotella
6f17e5541cf8fda2671059b3d32b2db0	d__Bacteria;p__Bacillota;c__Negativicutes;o__Veillonellales-Selenomonadales;f__Selenomonadaceae;g__Selenomonas;s__	g__Selenomonas
8332e048fcb036c961c85ef803a607b7	d__Bacteria;p__Actinomycetota;c__Actinobacteria;o__Micrococcales;f__Micrococcaceae;g__Rothia;s__	g__Rothia
c6cdc71a1f7376db5a843ade152ed641	d__Bacteria;p__Bacillota;c__Bacilli;o__Lactobacillales;f__Enterococcaceae;g__Enterococcus;s__	g__Enterococcus
c850593b403282bc24508c3150223cda	d__Bacteria;p__Bacteroidota;c__Bacteroidia;o__Flavobacteriales;f__Flavobacteriaceae;g__Capnocytophaga;s__	g__Capnocytophaga
f272f488a50f95e0f381fb1b44bb3a49	d__Bacteria;p__Bacteroidota;c__Bacteroidia;o__Bacteroidales;f__Porphyromonadaceae;g__Porphyromonas;s__	g__Porphyromonas
fc1df3d956646d6dbe6828808996ef26	d__Bacteria;p__Bacteroidota;c__Bacteroidia;o__Bacteroidales;f__Prevotellaceae;g__Hoylesella;s__	g__Hoylesella
213a3cc141b948dce2442d9048f26160	d__Bacteria;p__Bacillota;c__Negativicutes;o__Veillonellales-Selenomonadales;f__Selenomonadaceae;g__Selenomonas;s__	g__Selenomonas
47ec94c0842ee50afbdda10fba125446	d__Bacteria;p__Fusobacteriota;c__Fusobacteriia;o__Fusobacteriales;f__Leptotrichiaceae;g__Pseudoleptotrichia;s__	g__Pseudoleptotrichia
76f0cc9e3fdc938deac2cff3adc77d53	d__Bacteria;p__Bacillota;c__Bacilli;o__Lactobacillales;f__Streptococcaceae;g__Streptococcus;s__	g__Streptococcus
0c88b509c6476a731c9821272e7d6cef	d__Bacteria;p__Synergistota;c__Synergistia;o__Synergistales;f__Synergistaceae;g__Pyramidobacter;s__	g__Pyramidobacter
410e914318741abecded603884a4f5cf	d__Bacteria;p__Bacteroidota;c__Bacteroidia;o__Flavobacteriales;f__Flavobacteriaceae;g__Capnocytophaga;s__	g__Capnocytophaga
6b249a888ca64ed2f9c847dfb7630a77	d__Bacteria;p__Bacillota;c__Bacilli;o__Lactobacillales;f__Streptococcaceae;g__Streptococcus;s__	g__Streptococcus
e1481236cfd7f904a27a92e7ee8aef30	d__Bacteria;p__Pseudomonadota;c__Gammaproteobacteria;o__Enterobacterales;f__Enterobacteriaceae;g__Enterobacter;s__	g__Enterobacter
03bad1a4698f96ba7bbd53228d94479b	d__Bacteria;p__Pseudomonadota;c__Gammaproteobacteria;o__Cardiobacteriales;f__Cardiobacteriaceae;g__Cardiobacterium;s__	g__Cardiobacterium
a12db52baa726af6f49b4e93d2a138ca	d__Bacteria;p__Bacteroidota;c__Bacteroidia;o__Bacteroidales;f__Prevotellaceae;g__Incertae_Sedis;s__	g__Incertae_Sedis
0125720e65512b924a1542e096b99827	d__Bacteria;p__Bacillota;c__Negativicutes;o__Veillonellales-Selenomonadales;f__Veillonellaceae;g__Veillonella;s__	g__Veillonella
0586f99cd2248bbf5ae62142516bd9ca	d__Bacteria;p__Bacteroidota;c__Bacteroidia;o__Flavobacteriales;f__Flavobacteriaceae;g__Capnocytophaga;s__	g__Capnocytophaga
694bec39b0e90c463257bc6c18ebe0f9	d__Bacteria;p__Spirochaetota;c__Spirochaetia;o__Spirochaetales;f__Spirochaetaceae;g__Treponema;s__	g__Treponema
6d7803bf4e4b353e471a396a370fc5ec	d__Bacteria;p__Bacillota;c__Clostridia;o__Lachnospirales;f__Lachnospiraceae;g__Stomatobaculum;s__	g__Stomatobaculum
9f46c7dbf136790bd271c4d4b0291ba5	d__Bacteria;p__Bacteroidota;c__Bacteroidia;o__Bacteroidales;f__Prevotellaceae;g__Incertae_Sedis;s__	g__Incertae_Sedis
2a809b1c990f6046c3b0c032d71ac528	d__Bacteria;p__Bacteroidota;c__Bacteroidia;o__Flavobacteriales;f__Flavobacteriaceae;g__Capnocytophaga;s__	g__Capnocytophaga
9372fb8f440353843227e4415118ae81	d__Bacteria;p__Bacteroidota;c__Bacteroidia;o__Bacteroidales;f__Prevotellaceae;g__Hoylesella;s__	g__Hoylesella
56902aba7738a6cf161141eb3e32f7a1	d__Bacteria;p__Bacteroidota;c__Bacteroidia;o__Bacteroidales;f__Prevotellaceae;g__Incertae_Sedis;s__	g__Incertae_Sedis
dd02b5648f9de558608b943609bc0029	d__Bacteria;p__Spirochaetota;c__Spirochaetia;o__Spirochaetales;f__Spirochaetaceae;g__Treponema;s__	g__Treponema
ab5b0162f2379ddd2d726578bdef543e	d__Bacteria;p__Campylobacterota;c__Campylobacteria;o__Campylobacterales;f__Campylobacteraceae;g__Campylobacter;s__	g__Campylobacter
41cc995312c7fcc15b0d98efc4b7b439	d__Bacteria;p__Bacteroidota;c__Bacteroidia;o__Bacteroidales;f__Prevotellaceae;g__Hoylesella;s__	g__Hoylesella
eb6af8a3286c6f05c23eaf2fa95df8dc	d__Bacteria;p__Fusobacteriota;c__Fusobacteriia;o__Fusobacteriales;f__Fusobacteriaceae;g__Fusobacterium;s__	g__Fusobacterium
540450466d2e4afcf7adb179e19b6633	d__Bacteria;p__Fusobacteriota;c__Fusobacteriia;o__Fusobacteriales;f__Fusobacteriaceae;g__Fusobacterium;s__	g__Fusobacterium
a7b1bfcd06af172bfc617c05221ed79b	d__Bacteria;p__Bacillota;c__Negativicutes;o__Veillonellales-Selenomonadales;f__Veillonellaceae;g__Megasphaera;s__	g__Megasphaera
bda88e3378892d9f1e626efc4e5cbba1	d__Bacteria;p__Spirochaetota;c__Spirochaetia;o__Spirochaetales;f__Spirochaetaceae;g__Treponema;s__	g__Treponema
850198549cc9757d667a9fe304d9b327	d__Bacteria;p__Fusobacteriota;c__Fusobacteriia;o__Fusobacteriales;f__Fusobacteriaceae;g__Fusobacterium;s__	g__Fusobacterium
5554ffa15a96e980e761b9eee82aee62	d__Bacteria;p__Actinomycetota;c__Actinobacteria;o__Actinomycetales;f__Actinomycetaceae;g__Schaalia;s__	g__Schaalia
5ca0e8d0e368c0aae09c93a3c55f157f	d__Bacteria;p__Bacteroidota;c__Bacteroidia;o__Bacteroidales;f__Prevotellaceae;g__Incertae_Sedis;s__	g__Incertae_Sedis
cdf589ebc9a61adf99c8e940f9e1796b	d__Bacteria;p__Bacteroidota;c__Bacteroidia;o__Bacteroidales;f__Prevotellaceae;g__Segatella;s__	g__Segatella
a693c02fd4648b0f0c3202b16afa6320	d__Bacteria;p__Fusobacteriota;c__Fusobacteriia;o__Fusobacteriales;f__Leptotrichiaceae;g__Leptotrichia;s__	g__Leptotrichia
dabb1864b3a328eef4c17a6800c2077a	d__Bacteria;p__Bacteroidota;c__Bacteroidia;o__Bacteroidales;f__Prevotellaceae;g__Xylanibacter;s__	g__Xylanibacter
9c39b4533fadb56353f857e3f2766284	d__Bacteria;p__Synergistota;c__Synergistia;o__Synergistales;f__Synergistaceae;g__Fretibacterium;s__	g__Fretibacterium
97cdfd89effb31eaf423d5a44a425d51	d__Bacteria;p__Spirochaetota;c__Spirochaetia;o__Spirochaetales;f__Spirochaetaceae;g__Treponema;s__	g__Treponema
ad50b87501fc9385b47cde4c78c060aa	d__Bacteria;p__Bacillota;c__Clostridia;o__Peptostreptococcales-Tissierellales;f__Anaerovoracaceae;g__[Eubacterium]_sulci_group;s__	g__[Eubacterium]_sulci_group
76007da66ae8d34b1a5e16475661ef3c	d__Bacteria;p__Actinomycetota;c__Actinobacteria;o__Actinomycetales;f__Actinomycetaceae;g__Schaalia;s__	g__Schaalia
84b5c7d6e126cadbe6163b622b3a1aab	d__Bacteria;p__Bacillota;c__Negativicutes;o__Veillonellales-Selenomonadales;f__Veillonellaceae;g__Dialister;s__	g__Dialister
cd8d1e891ec8f4755d1ef45abd4bca78	d__Bacteria;p__Bacteroidota;c__Bacteroidia;o__Bacteroidales;f__Prevotellaceae;g__Prevotella;s__	g__Prevotella
eafedcd0c008aa60fb74e5393a59a968	d__Bacteria;p__Bacteroidota;c__Bacteroidia;o__Sphingobacteriales;f__Lentimicrobiaceae;g__Lentimicrobium;s__	g__Lentimicrobium
8c9b286b71a9f5ec861b6a7d105bf7bc	d__Bacteria;p__Fusobacteriota;c__Fusobacteriia;o__Fusobacteriales;f__Fusobacteriaceae;g__Fusobacterium;s__	g__Fusobacterium
11f17e391538971f1468b55cd3d7e019	d__Bacteria;p__Bacillota;c__Negativicutes;o__Veillonellales-Selenomonadales;f__Selenomonadaceae;g__Selenomonas;s__	g__Selenomonas
b3af2b1d3871dc5df58c238e3a989390	d__Bacteria;p__Bacteroidota;c__Bacteroidia;o__Bacteroidales;f__Tannerellaceae;g__Tannerella;s__	g__Tannerella
a1e0ba1cba25916d4c356f076922ca7c	d__Bacteria;p__Actinomycetota;c__Actinobacteria;o__Actinomycetales;f__Actinomycetaceae;g__Schaalia;s__	g__Schaalia
cc18d37f4bc79318dccb15273eb821b9	d__Bacteria;p__Bacillota;c__Negativicutes;o__Veillonellales-Selenomonadales;f__Selenomonadaceae;g__Selenomonas;s__	g__Selenomonas
c3252eb49a815d99f1f9049fb2b2b9c9	d__Bacteria;p__Bacillota;c__Negativicutes;o__Veillonellales-Selenomonadales;f__Selenomonadaceae;g__Selenomonas;s__	g__Selenomonas
44a5278470cffb7d8cd9282c58a4d362	d__Bacteria;p__Bacteroidota;c__Bacteroidia;o__Bacteroidales;f__Prevotellaceae;g__Alloprevotella;s__	g__Alloprevotella
2274ad5bc12fe7a0ea2803dfd19676e5	d__Bacteria;p__Bacteroidota;c__Bacteroidia;o__Bacteroidales;f__Prevotellaceae;g__Hoylesella;s__	g__Hoylesella
12f691c1c917836307b5e7dea2514a08	d__Bacteria;p__Bacteroidota;c__Bacteroidia;o__Bacteroidales;f__Tannerellaceae;g__Tannerella;s__	g__Tannerella
87c3fc18f3bf9572ae9cc67b67549514	d__Bacteria;p__Spirochaetota;c__Spirochaetia;o__Spirochaetales;f__Spirochaetaceae;g__Treponema;s__	g__Treponema
fb82b3b3168999d6083f19d6e0faeaa8	d__Bacteria;p__Spirochaetota;c__Spirochaetia;o__Spirochaetales;f__Spirochaetaceae;g__Treponema;s__	g__Treponema
6193a5d36eb744009c0b70eed14d640f	d__Bacteria;p__Fusobacteriota;c__Fusobacteriia;o__Fusobacteriales;f__Fusobacteriaceae;g__Fusobacterium;s__	g__Fusobacterium
e78448d750fc2c018e5be798cb346d94	d__Bacteria;p__Bacillota;c__Clostridia;o__Lachnospirales;f__Lachnospiraceae;g__Oribacterium;s__	g__Oribacterium
2c81b27c1997e8b6db11a6383c288eff	d__Bacteria;p__Fusobacteriota;c__Fusobacteriia;o__Fusobacteriales;f__Fusobacteriaceae;g__Fusobacterium;s__	g__Fusobacterium
7ac6d5ed771392fa9ce0c6c6b15fce03	d__Bacteria;p__Pseudomonadota;c__Gammaproteobacteria;o__Burkholderiales;f__Neisseriaceae;g__Neisseria;s__	g__Neisseria
a021f7bd8230fe8211c120251a55bb27	d__Bacteria;p__Bacteroidota;c__Bacteroidia;o__Bacteroidales;f__Porphyromonadaceae;g__Porphyromonas;s__	g__Porphyromonas
c4ea1c1a290ababe9b504fdf0013a572	d__Bacteria;p__Bacillota;c__Bacilli;o__Lactobacillales;f__Lactobacillaceae;g__Limosilactobacillus;s__	g__Limosilactobacillus
65541fa6512926179e37fd87c0540f40	d__Bacteria;p__Bacillota;c__Clostridia;o__Peptostreptococcales-Tissierellales;f__Family_XI;g__Incertae_Sedis;s__	g__Incertae_Sedis
e0f49406fe239d4f696328da02e0d2b9	d__Bacteria;p__Bacteroidota;c__Bacteroidia;o__Bacteroidales;f__Prevotellaceae;g__Prevotella;s__	g__Prevotella
ff8c9d8ffda22894ae9aad9131c7f16c	d__Bacteria;p__Bacteroidota;c__Bacteroidia;o__Bacteroidales;f__Prevotellaceae;g__Segatella;s__	g__Segatella
a7db570b3f1a5b95beece5eca2b04ab4	d__Bacteria;p__Bacillota;c__Clostridia;o__Peptostreptococcales-Tissierellales;f__Peptostreptococcaceae;g__[Eubacterium]_yurii_group;s__	g__[Eubacterium]_yurii_group
6529104a9c21eb358a8bd77c982b0fb9	d__Bacteria;p__Bacteroidota;c__Bacteroidia;o__Bacteroidales;f__Prevotellaceae;g__Prevotella;s__	g__Prevotella
c155d398e3ab48bd2cec3df374bc8683	d__Bacteria;p__Fusobacteriota;c__Fusobacteriia;o__Fusobacteriales;f__Leptotrichiaceae;g__Pseudoleptotrichia;s__	g__Pseudoleptotrichia
54219ef84b8e5440b875ea9c9072ff65	d__Bacteria;p__Bacteroidota;c__Bacteroidia;o__Flavobacteriales;f__Flavobacteriaceae;g__Capnocytophaga;s__	g__Capnocytophaga
a3470a5a2c8ffa474947cb30c33805fd	d__Bacteria;p__Fusobacteriota;c__Fusobacteriia;o__Fusobacteriales;f__Fusobacteriaceae;g__Fusobacterium;s__	g__Fusobacterium
aa32a9081fbe6b91680d6515bd0e10db	d__Bacteria;p__Bacteroidota;c__Bacteroidia;o__Bacteroidales;f__Prevotellaceae;g__Segatella;s__	g__Segatella
06919567d3d06446f2c9ea448d4d7c0d	d__Bacteria;p__Bacteroidota;c__Bacteroidia;o__Bacteroidales;f__Prevotellaceae;g__Prevotella;s__	g__Prevotella
39dde61c488e4989ccb3908daf9dcdf8	d__Bacteria;p__Bacteroidota;c__Bacteroidia;o__Bacteroidales;f__Prevotellaceae;g__Incertae_Sedis;s__	g__Incertae_Sedis
dfd10aa63bf8777f951421dd32a62278	d__Bacteria;p__Bacteroidota;c__Bacteroidia;o__Bacteroidales;f__Porphyromonadaceae;g__Porphyromonas;s__	g__Porphyromonas
783e6470edb0130aa1ba7691dacc3c45	d__Bacteria;p__Bacteroidota;c__Bacteroidia;o__Flavobacteriales;f__Flavobacteriaceae;g__Capnocytophaga;s__	g__Capnocytophaga
5537dd8255fb4cbe035cce8f31d7c9db	d__Bacteria;p__Bacteroidota;c__Bacteroidia;o__Flavobacteriales;f__Flavobacteriaceae;g__Capnocytophaga;s__	g__Capnocytophaga
b2c72a86b6a66c9d37ca3e3c0e6007be	d__Bacteria;p__Bacteroidota;c__Bacteroidia;o__Bacteroidales;f__Prevotellaceae;g__Prevotella;s__	g__Prevotella
fef76b6a2d628241da2f9168b38a5511	d__Bacteria;p__Fusobacteriota;c__Fusobacteriia;o__Fusobacteriales;f__Leptotrichiaceae;g__Streptobacillus;s__	g__Streptobacillus
25e1d0637fcd5b689d50259d3122bb10	d__Bacteria;p__Pseudomonadota;c__Gammaproteobacteria;o__Enterobacterales;f__Pasteurellaceae;g__Haemophilus;s__	g__Haemophilus
ceb63cbbc456d8f943d111dcd02c583b	d__Bacteria;p__Bacillota;c__Negativicutes;o__Veillonellales-Selenomonadales;f__Veillonellaceae;g__Anaeroglobus;s__	g__Anaeroglobus
66335872a73491dee8c153399ab35259	d__Bacteria;p__Actinomycetota;c__Actinobacteria;o__Actinomycetales;f__Actinomycetaceae;g__Schaalia;s__	g__Schaalia
29778abd062319fd18b587cf51bc05d0	d__Bacteria;p__Actinomycetota;c__Actinobacteria;o__Mycobacteriales;f__Corynebacteriaceae;g__Corynebacterium;s__	g__Corynebacterium
1330fadf08cbbeb4ce56cca16570f934	d__Bacteria;p__Spirochaetota;c__Spirochaetia;o__Spirochaetales;f__Spirochaetaceae;g__Treponema;s__	g__Treponema
77cee5cb6e06a26800027730a18d7eda	d__Bacteria;p__Bacillota;c__Bacilli;o__Mycoplasmatales;f__Mycoplasmataceae;g__Mycoplasmopsis;s__	g__Mycoplasmopsis
ec39293a8db6cdfc99fecc1decfa59d7	d__Bacteria;p__Bacillota;c__Clostridia;o__Oscillospirales;f__Ruminococcaceae;g__Faecalibacterium;s__	g__Faecalibacterium
474527f8e1c88fba62593ca3600cb649	d__Bacteria;p__Bacillota;c__Negativicutes;o__Veillonellales-Selenomonadales;f__Veillonellaceae;g__Veillonella;s__	g__Veillonella
26d021940f9e4d6c8b16dd7bd42d1ff2	d__Bacteria;p__Pseudomonadota;c__Gammaproteobacteria;o__Enterobacterales;f__Pasteurellaceae;g__Haemophilus;s__	g__Haemophilus
d286f6becb97423cd9704e7e7dc49ad0	d__Bacteria;p__Bacteroidota;c__Bacteroidia;o__Bacteroidales;f__Prevotellaceae;g__Prevotella;s__	g__Prevotella
6f327801e8c9120855ceb6ca55aacf19	d__Bacteria;p__Patescibacteria;c__Saccharimonadia;o__Saccharimonadales;f__Saccharimonadaceae;g__TM7a;s__	g__TM7a
6d973d5c97b8b3768a5de2d5fe57e606	d__Bacteria;p__Bacillota;c__Bacilli;o__Lactobacillales;f__Streptococcaceae;g__Streptococcus;s__	g__Streptococcus
66db18c8283b10930440d574a6add37b	d__Bacteria;p__Bacillota;c__Bacilli;o__Mycoplasmatales;f__Mycoplasmataceae;g__Mycoplasma;s__	g__Mycoplasma
87432df498ad1f37a982e322cf967d16	d__Bacteria;p__Bacteroidota;c__Bacteroidia;o__Flavobacteriales;f__Weeksellaceae;g__Bergeyella;s__	g__Bergeyella
37ddda168731e2a2eb0a09e1db8af1c8	d__Bacteria;p__Bacteroidota;c__Bacteroidia;o__Bacteroidales;f__Prevotellaceae;g__Segatella;s__	g__Segatella
0e89dcb4a59070cff5fc9ef8f261870d	d__Bacteria;p__Synergistota;c__Synergistia;o__Synergistales;f__Synergistaceae;g__Fretibacterium;s__	g__Fretibacterium
4551af36b48e2f0d9e64a0fc2c15647f	d__Bacteria;p__Spirochaetota;c__Spirochaetia;o__Spirochaetales;f__Spirochaetaceae;g__Treponema;s__	g__Treponema
fbe626a8f001d4f08553da399188f87e	d__Bacteria;p__Bacteroidota;c__Bacteroidia;o__Bacteroidales;f__Tannerellaceae;g__Tannerella;s__	g__Tannerella
ccf43f038bd872bddcccaebf38e51441	d__Bacteria;p__Pseudomonadota;c__Gammaproteobacteria;o__Enterobacterales;f__Pasteurellaceae;g__Haemophilus;s__	g__Haemophilus
e7f40f523e5d6782cfbfaa67f249d36e	d__Bacteria;p__Bacteroidota;c__Bacteroidia;o__Bacteroidales;f__Tannerellaceae;g__Tannerella;s__	g__Tannerella
f4c913e2ae55ed2512aa3de1a2b8a5a5	d__Bacteria;p__Bacteroidota;c__Bacteroidia;o__Bacteroidales;f__Prevotellaceae;g__Segatella;s__	g__Segatella
676592e7cf00353129aa47f80daa60f6	d__Bacteria;p__Bacillota;c__Negativicutes;o__Veillonellales-Selenomonadales;f__Selenomonadaceae;g__Selenomonas;s__	g__Selenomonas
76770c9ae6be00989cfe44f8591ff434	d__Bacteria;p__Bacillota;c__Clostridia;o__Lachnospirales;f__Lachnospiraceae;g__Lachnoanaerobaculum;s__	g__Lachnoanaerobaculum
aca5850514af21e88500c7d7b1869254	d__Bacteria;p__Pseudomonadota;c__Gammaproteobacteria;o__Burkholderiales;f__Comamonadaceae;g__Comamonas;s__	g__Comamonas
5aeedd7845f586385fdca773a8485f38	d__Bacteria;p__Bacteroidota;c__Bacteroidia;o__Bacteroidales;f__Porphyromonadaceae;g__Porphyromonas;s__	g__Porphyromonas
2431b0c33373140c2d8193ae0f5d444a	d__Bacteria;p__Campylobacterota;c__Campylobacteria;o__Campylobacterales;f__Campylobacteraceae;g__Campylobacter;s__	g__Campylobacter
f732ad7cf74779e9a25f7f684e5182d5	d__Bacteria;p__Actinomycetota;c__Coriobacteriia;o__Coriobacteriales;f__Atopobiaceae;g__Lancefieldella;s__	g__Lancefieldella
889f1c27c90fc516a797a339efc0b628	d__Bacteria;p__Pseudomonadota;c__Gammaproteobacteria;o__Pseudomonadales;f__Halomonadaceae;g__Halomonas;s__	g__Halomonas
757f7e8753dc353dc4051d5a5dddde1c	d__Bacteria;p__Bacteroidota;c__Bacteroidia;o__Bacteroidales;f__Prevotellaceae;g__Prevotella;s__	g__Prevotella
59346d4c746b4e7981d536aee404345e	d__Bacteria;p__Bacteroidota;c__Bacteroidia;o__Bacteroidales;f__Prevotellaceae;g__Prevotella;s__	g__Prevotella
239cc480fab3af17dc2d814b56f11210	d__Bacteria;p__Campylobacterota;c__Campylobacteria;o__Campylobacterales;f__Campylobacteraceae;g__Campylobacter;s__	g__Campylobacter
8661ecd0bdd55cca671b2e90272f9725	d__Bacteria;p__Pseudomonadota;c__Gammaproteobacteria;o__Burkholderiales;f__Neisseriaceae;g__Neisseria;s__	g__Neisseria
47d50c23f44d653c3b0a8676a78e85c9	d__Bacteria;p__Bacteroidota;c__Bacteroidia;o__Bacteroidales;f__Prevotellaceae;g__Segatella;s__	g__Segatella
01543442e5cc5f7c9048975e14b6330c	d__Bacteria;p__Bacteroidota;c__Bacteroidia;o__Sphingobacteriales;f__Lentimicrobiaceae;g__Lentimicrobium;s__	g__Lentimicrobium
4f1b919b8a662b59e595f486e4f362a7	d__Bacteria;p__Bacteroidota;c__Bacteroidia;o__Bacteroidales;f__Prevotellaceae;g__Alloprevotella;s__	g__Alloprevotella
84d1149528530c902f29af969250439e	d__Bacteria;p__Bacillota;c__Negativicutes;o__Veillonellales-Selenomonadales;f__Selenomonadaceae;g__Selenomonas;s__	g__Selenomonas
68d0a38ddaca9b5ee7e1be9378b1ffb0	d__Bacteria;p__Bacteroidota;c__Bacteroidia;o__Flavobacteriales;f__Flavobacteriaceae;g__Capnocytophaga;s__	g__Capnocytophaga
c9a68436bc758d526c78dff18b951776	d__Bacteria;p__Bacillota;c__Negativicutes;o__Veillonellales-Selenomonadales;f__Selenomonadaceae;g__Selenomonas;s__	g__Selenomonas
d22d710ec02a20a9f7c27e60c3dd4f07	d__Bacteria;p__Bacillota;c__Negativicutes;o__Veillonellales-Selenomonadales;f__Selenomonadaceae;g__Selenomonas;s__	g__Selenomonas
7970e6c68601443b1eee26227eb9cc95	d__Bacteria;p__Bacillota;c__Negativicutes;o__Veillonellales-Selenomonadales;f__Veillonellaceae;g__Megasphaera;s__	g__Megasphaera
52515250f3c82d883d2ec006af39929a	d__Bacteria;p__Pseudomonadota;c__Gammaproteobacteria;o__Enterobacterales;f__Pasteurellaceae;g__Actinobacillus;s__	g__Actinobacillus
d7d3cdd53799e5296423251aa8f5cb20	d__Bacteria;p__Bacteroidota;c__Bacteroidia;o__Bacteroidales;f__Bacteroidaceae;g__Bacteroides;s__	g__Bacteroides
8cb577c0252ddd996607f1869db243d6	d__Bacteria;p__Bacillota;c__Clostridia;o__Lachnospirales;f__Defluviitaleaceae;g__Defluviitaleaceae_UCG-011;s__	g__Defluviitaleaceae_UCG-011
08f0a0250b8751ed6f09bc0a2e665e6c	d__Bacteria;p__Pseudomonadota;c__Gammaproteobacteria;o__Cardiobacteriales;f__Cardiobacteriaceae;g__Cardiobacterium;s__	g__Cardiobacterium
cb75ddfa457514a8f53a84880ea40b1f	d__Bacteria;p__Fusobacteriota;c__Fusobacteriia;o__Fusobacteriales;f__Fusobacteriaceae;g__Fusobacterium;s__	g__Fusobacterium
5b55976281328d72e06d827db9886f26	d__Bacteria;p__Synergistota;c__Synergistia;o__Synergistales;f__Synergistaceae;g__Fretibacterium;s__	g__Fretibacterium
0a68cd62631bc1bed89a6256a884183a	d__Bacteria;p__Bacteroidota;c__Bacteroidia;o__Flavobacteriales;f__Flavobacteriaceae;g__Capnocytophaga;s__	g__Capnocytophaga
bcb210808aad9e490e396c1f8a9133e0	d__Bacteria;p__Bacillota;c__Negativicutes;o__Veillonellales-Selenomonadales;f__Selenomonadaceae;g__Selenomonas;s__	g__Selenomonas
4333ef2d8519c391a2ab8c9b3401ad75	d__Bacteria;p__Spirochaetota;c__Spirochaetia;o__Spirochaetales;f__Spirochaetaceae;g__Treponema;s__	g__Treponema
ab7ddcaa52a6107983246c63ab7a2766	d__Bacteria;p__Bacteroidota;c__Bacteroidia;o__Bacteroidales;f__Marinifilaceae;g__Odoribacter;s__	g__Odoribacter
e996b888e20ae37c0360a0d0e774c878	d__Bacteria;p__Bacteroidota;c__Bacteroidia;o__Bacteroidales;f__Prevotellaceae;g__Segatella;s__	g__Segatella
c5e94bf9179285512557194232dbf461	d__Bacteria;p__Bacteroidota;c__Bacteroidia;o__Bacteroidales;f__Prevotellaceae;g__Alloprevotella;s__	g__Alloprevotella
fd204f7a88e546b2288fb9b86489ba32	d__Bacteria;p__Bacteroidota;c__Bacteroidia;o__Bacteroidales;f__Bacteroidaceae;g__Bacteroides;s__	g__Bacteroides
c78c12638a94aad480e434fe9b3eb86a	d__Bacteria;p__Spirochaetota;c__Spirochaetia;o__Spirochaetales;f__Spirochaetaceae;g__Treponema;s__	g__Treponema
230fc3cf1d4d25f23bd311422e0d7866	d__Bacteria;p__Actinomycetota;c__Actinobacteria;o__Actinomycetales;f__Actinomycetaceae;g__F0332;s__	g__F0332
b2a1ac449236bcbea5cbd446f7fcd9d3	d__Bacteria;p__Bacteroidota;c__Bacteroidia;o__Flavobacteriales;f__Weeksellaceae;g__Bergeyella;s__	g__Bergeyella
04d206fe951d439ee26fa24e6ad36d36	d__Bacteria;p__Bacteroidota;c__Bacteroidia;o__Bacteroidales;f__Porphyromonadaceae;g__Porphyromonas;s__	g__Porphyromonas
4db305852c2b7f0f18cb5281dcc974a1	d__Bacteria;p__Fusobacteriota;c__Fusobacteriia;o__Fusobacteriales;f__Fusobacteriaceae;g__Fusobacterium;s__	g__Fusobacterium
7a8c5ac11a21b7315b104f19e8073798	d__Bacteria;p__Spirochaetota;c__Spirochaetia;o__Spirochaetales;f__Spirochaetaceae;g__Treponema;s__	g__Treponema
7c71264bc6fd37db608734e2c92ee4e1	d__Bacteria;p__Bacillota;c__Clostridia;o__Peptococcales;f__Peptococcaceae;g__Peptococcus;s__	g__Peptococcus
a9974f0d235091256b86a3fb1ab8c17e	d__Bacteria;p__Bacillota;c__Clostridia;o__Lachnospirales;f__Lachnospiraceae;g__Howardella;s__	g__Howardella
f31ce95b7464832b0404efa0347061e8	d__Bacteria;p__Bacteroidota;c__Bacteroidia;o__Flavobacteriales;f__Flavobacteriaceae;g__Capnocytophaga;s__	g__Capnocytophaga
31ec81487f52eee0b037612c678db924	d__Bacteria;p__Bacteroidota;c__Bacteroidia;o__Bacteroidales;f__Prevotellaceae;g__Prevotella;s__	g__Prevotella
333005e2bb279106d9607ca1eb22a5e6	d__Bacteria;p__Spirochaetota;c__Spirochaetia;o__Spirochaetales;f__Spirochaetaceae;g__Treponema;s__	g__Treponema
261bc8c63500b05a445c7d1060edef5d	d__Bacteria;p__Bacteroidota;c__Bacteroidia;o__Bacteroidales;f__Tannerellaceae;g__Tannerella;s__	g__Tannerella
70e4a80f4c655d3c05ed0a986b37a257	d__Bacteria;p__Spirochaetota;c__Spirochaetia;o__Spirochaetales;f__Spirochaetaceae;g__Treponema;s__	g__Treponema
062a3518a4fd456206adb2586c69deda	d__Bacteria;p__Bacillota;c__Bacilli;o__Lactobacillales;f__Streptococcaceae;g__Streptococcus;s__	g__Streptococcus
15ebafb9b26ee781d4795e92acfd7196	d__Bacteria;p__Fusobacteriota;c__Fusobacteriia;o__Fusobacteriales;f__Leptotrichiaceae;g__Pseudoleptotrichia;s__	g__Pseudoleptotrichia
ca96967be9ec9c5e43bdd0d2cea2df75	d__Bacteria;p__Bacteroidota;c__Bacteroidia;o__Bacteroidales;f__Porphyromonadaceae;g__Porphyromonas;s__	g__Porphyromonas
2d97ed0ccd359e6b631ef6ae85b50c03	d__Bacteria;p__Bacteroidota;c__Bacteroidia;o__Sphingobacteriales;f__Lentimicrobiaceae;g__Lentimicrobium;s__	g__Lentimicrobium
1bf0192d6ed49f622117b3c229384efe	d__Bacteria;p__Pseudomonadota;c__Gammaproteobacteria;o__Burkholderiales;f__Neisseriaceae;g__Neisseria;s__	g__Neisseria
053ae298242f0ef8abd15f467df18775	d__Bacteria;p__Bacteroidota;c__Bacteroidia;o__Bacteroidales;f__Prevotellaceae;g__Prevotella;s__	g__Prevotella
5c4e17fb04b163b63c360151141058dd	d__Bacteria;p__Fusobacteriota;c__Fusobacteriia;o__Fusobacteriales;f__Fusobacteriaceae;g__Fusobacterium;s__	g__Fusobacterium
e5b3f68738275d0d23d6751526135a74	d__Bacteria;p__Bacteroidota;c__Bacteroidia;o__Bacteroidales;f__Porphyromonadaceae;g__Porphyromonas;s__	g__Porphyromonas
94c71416a7133c912a19388fce99851a	d__Bacteria;p__Fusobacteriota;c__Fusobacteriia;o__Fusobacteriales;f__Leptotrichiaceae;g__Pseudoleptotrichia;s__	g__Pseudoleptotrichia
2b6d39ca1333e68ac8f3b81d32ed1663	d__Bacteria;p__Bacteroidota;c__Bacteroidia;o__Bacteroidales;f__Prevotellaceae;g__Segatella;s__	g__Segatella
da4f23781a8eedb8e028839909a21a4c	d__Bacteria;p__Fusobacteriota;c__Fusobacteriia;o__Fusobacteriales;f__Leptotrichiaceae;g__Leptotrichia;s__	g__Leptotrichia
637e7ef58c61a3b3aeaa58441da672ac	d__Bacteria;p__Actinomycetota;c__Actinobacteria;o__Mycobacteriales;f__Corynebacteriaceae;g__Corynebacterium;s__	g__Corynebacterium
a8105b1c875d28c7ef68e6fbc52bcb25	d__Bacteria;p__Bacillota;c__Bacilli;o__Izemoplasmatales;f__Incertae_Sedis;g__Incertae_Sedis;s__	g__Incertae_Sedis
5ee4930ed9a14e5b8e4b1c0f7202511d	d__Bacteria;p__Bacteroidota;c__Bacteroidia;o__Bacteroidales;f__Prevotellaceae;g__Hoylesella;s__	g__Hoylesella
82551f15c461abeef19da26181d02d4c	d__Bacteria;p__Pseudomonadota;c__Gammaproteobacteria;o__Burkholderiales;f__Comamonadaceae;g__Comamonas;s__	g__Comamonas
9de6ffdde3e8c1f3c3a13951e113bd49	d__Bacteria;p__Bacteroidota;c__Bacteroidia;o__Flavobacteriales;f__Flavobacteriaceae;g__Capnocytophaga;s__	g__Capnocytophaga
ad2809445717725dc4a143a6a735e027	d__Bacteria;p__Bacteroidota;c__Bacteroidia;o__Bacteroidales;f__Prevotellaceae;g__Segatella;s__	g__Segatella
dc321ba26ae80fdc3a6fec5ec4a82005	d__Bacteria;p__Bacillota;c__Bacilli;o__Lactobacillales;f__Lactobacillaceae;g__Lactobacillus;s__	g__Lactobacillus
14be503e6a9312c39904c1c70935d255	d__Bacteria;p__Bacteroidota;c__Bacteroidia;o__Bacteroidales;f__Rikenellaceae;g__Rikenellaceae_RC9_gut_group;s__	g__Rikenellaceae_RC9_gut_group
8ed10d0ef7aa812d1128cd2319074bd9	d__Bacteria;p__Bacteroidota;c__Bacteroidia;o__Bacteroidales;f__Prevotellaceae;g__Segatella;s__	g__Segatella
922e57c00ea8ede81bd12103fac7bee0	d__Bacteria;p__Bacteroidota;c__Bacteroidia;o__Bacteroidales;f__Prevotellaceae;g__Hoylesella;s__	g__Hoylesella
3107b753304735ac1c134a7bdd422974	d__Bacteria;p__Bacteroidota;c__Bacteroidia;o__Flavobacteriales;f__Flavobacteriaceae;g__Flavobacterium;s__	g__Flavobacterium
10d28b524803157512736fbf93fb29c7	d__Bacteria;p__Bacillota;c__Clostridia;o__Lachnospirales;f__Lachnospiraceae;g__Oribacterium;s__	g__Oribacterium
9c559a16be9c973b1550fb68dc16398b	d__Bacteria;p__Bacteroidota;c__Bacteroidia;o__Bacteroidales;f__Prevotellaceae;g__Prevotella;s__	g__Prevotella
17512fe4ba62efe0fba3cf2fa3b7813a	d__Bacteria;p__Actinomycetota;c__Actinobacteria;o__Actinomycetales;f__Actinomycetaceae;g__Schaalia;s__	g__Schaalia
9eae100ee0d07f08fba4d6170a0a406b	d__Bacteria;p__Bacillota;c__Clostridia;o__Lachnospirales;f__Lachnospiraceae;g__Stomatobaculum;s__	g__Stomatobaculum
89cc1279d330164db29e3b56606a1e43	d__Bacteria;p__Bacteroidota;c__Bacteroidia;o__Bacteroidales;f__Prevotellaceae;g__Alloprevotella;s__	g__Alloprevotella
da6fc231419d1db504371f1a06814237	d__Bacteria;p__Bacteroidota;c__Bacteroidia;o__Bacteroidales;f__Prevotellaceae;g__Hoylesella;s__	g__Hoylesella
f6eb4d17fb9ede03fad2637cadaccbcd	d__Bacteria;p__Bacillota;c__Clostridia;o__Lachnospirales;f__Lachnospiraceae;g__Incertae_Sedis;s__	g__Incertae_Sedis
1852b8bb62262de4d51ba7ba952a328f	d__Bacteria;p__Bacillota;c__Clostridia;o__Peptostreptococcales-Tissierellales;f__Peptostreptococcaceae;g__Filifactor;s__	g__Filifactor
f87caf424f3b20a26a1e66f88fc69ae9	d__Bacteria;p__Bacteroidota;c__Bacteroidia;o__Bacteroidales;f__Prevotellaceae;g__Segatella;s__	g__Segatella
13b59a04d425d9ef463fe0633c3e0fc7	d__Bacteria;p__Bacillota;c__Clostridia;o__Peptococcales;f__Peptococcaceae;g__Peptococcus;s__	g__Peptococcus
39432c258a7fc4f2cfdae9dfa3b30b3e	d__Bacteria;p__Spirochaetota;c__Spirochaetia;o__Spirochaetales;f__Spirochaetaceae;g__Treponema;s__	g__Treponema
cf6467b717966d1580792cddd83ed488	d__Bacteria;p__Pseudomonadota;c__Gammaproteobacteria;o__Enterobacterales;f__Pasteurellaceae;g__Aggregatibacter;s__	g__Aggregatibacter
5fa4c3306265789aa438dcfe7a0eacfd	d__Bacteria;p__Pseudomonadota;c__Alphaproteobacteria;o__Hyphomicrobiales;f__Rhizobiaceae;g__Brucella;s__	g__Brucella
f9d6600beeebbb97926ff9c97cc16377	d__Bacteria;p__Actinomycetota;c__Coriobacteriia;o__Coriobacteriales;f__Atopobiaceae;g__Lancefieldella;s__	g__Lancefieldella
a7a02610c84e29ed77d420bd29fb564f	d__Bacteria;p__Bacteroidota;c__Bacteroidia;o__Bacteroidales;f__Prevotellaceae;g__Alloprevotella;s__	g__Alloprevotella
e6d9db41153d0c848caf3c27f1e8082d	d__Bacteria;p__Bacillota;c__Bacilli;o__Lactobacillales;f__Streptococcaceae;g__Streptococcus;s__	g__Streptococcus
ef8538f52875632cc7a13d57ef6d6228	d__Bacteria;p__Bacillota;c__Negativicutes;o__Veillonellales-Selenomonadales;f__Selenomonadaceae;g__Selenomonas;s__	g__Selenomonas
bf4a8f0ac467486ffc9f2d4a12b2a369	d__Bacteria;p__Bacillota;c__Clostridia;o__Peptostreptococcales-Tissierellales;f__Family_XI;g__Incertae_Sedis;s__	g__Incertae_Sedis
5246b12582c088aabcf004d8038e7521	d__Bacteria;p__Fusobacteriota;c__Fusobacteriia;o__Fusobacteriales;f__Fusobacteriaceae;g__Fusobacterium;s__	g__Fusobacterium
707487aabe17319ffbdd2801b8f606c8	d__Bacteria;p__Bacillota;c__Clostridia;o__Lachnospirales;f__Lachnospiraceae;g__Catonella;s__	g__Catonella
f4e59ed9bc8fd6ae6559ff029d589957	d__Bacteria;p__Synergistota;c__Synergistia;o__Synergistales;f__Synergistaceae;g__Fretibacterium;s__	g__Fretibacterium
1799cfbc5853e817b1f6e0c420c177da	d__Bacteria;p__Spirochaetota;c__Spirochaetia;o__Spirochaetales;f__Spirochaetaceae;g__Treponema;s__	g__Treponema
a998605396fb628d3f549b0aa3d27ea0	d__Bacteria;p__Bacteroidota;c__Bacteroidia;o__Flavobacteriales;f__Flavobacteriaceae;g__Capnocytophaga;s__	g__Capnocytophaga
336903be293cbc6c665160ae03ff958e	d__Bacteria;p__Bacteroidota;c__Bacteroidia;o__Bacteroidales;f__Prevotellaceae;g__Prevotella;s__	g__Prevotella
9e6dc206df522149fd567b92a7bf68e9	d__Bacteria;p__Pseudomonadota;c__Gammaproteobacteria;o__Enterobacterales;f__Pasteurellaceae;g__Haemophilus;s__	g__Haemophilus
9d5117ab139b05abd466bf4f4bb45b54	d__Bacteria;p__Bacteroidota;c__Bacteroidia;o__Flavobacteriales;f__Flavobacteriaceae;g__Capnocytophaga;s__	g__Capnocytophaga
9abd91288aea862b1a93e9dc6539e38a	d__Bacteria;p__Pseudomonadota;c__Gammaproteobacteria;o__Burkholderiales;f__Neisseriaceae;g__Kingella;s__	g__Kingella
c13de3808964be2fe0878c96638d6962	d__Bacteria;p__Bacteroidota;c__Bacteroidia;o__Bacteroidales;f__Porphyromonadaceae;g__Porphyromonas;s__	g__Porphyromonas
c1ed61d2caf1426bcc3bf4c4b6e41935	d__Bacteria;p__Bacillota;c__Negativicutes;o__Veillonellales-Selenomonadales;f__Selenomonadaceae;g__Selenomonas;s__	g__Selenomonas
5f69ec287b51a2a29adc0dafa76c6aa5	d__Bacteria;p__Actinomycetota;c__Actinobacteria;o__Actinomycetales;f__Actinomycetaceae;g__Schaalia;s__	g__Schaalia
c6a8839263e1d0aa102b5a6b61c48f5b	d__Bacteria;p__Spirochaetota;c__Spirochaetia;o__Spirochaetales;f__Spirochaetaceae;g__Treponema;s__	g__Treponema
6de4724df0341f048b81210d786a3e85	d__Bacteria;p__Bacteroidota;c__Bacteroidia;o__Bacteroidales;f__Prevotellaceae;g__Incertae_Sedis;s__	g__Incertae_Sedis
22b56ad8e915cf67545229bc725a63a2	d__Bacteria;p__Bacillota;c__Clostridia;o__Lachnospirales;f__Lachnospiraceae;g__Lachnoanaerobaculum;s__	g__Lachnoanaerobaculum
ce1ec7e8b4e3c65ca398c401efc49af9	d__Bacteria;p__Bacillota;c__Negativicutes;o__Veillonellales-Selenomonadales;f__Selenomonadaceae;g__Selenomonas;s__	g__Selenomonas
30950ebad21a7043bea286c4e71b22fd	d__Bacteria;p__Bacteroidota;c__Bacteroidia;o__Bacteroidales;f__Prevotellaceae;g__Prevotella;s__	g__Prevotella
734c8afa74b4243b76deffabb39267e1	d__Bacteria;p__Bacillota;c__Clostridia;o__Peptostreptococcales-Tissierellales;f__Anaerovoracaceae;g__Aminipila;s__	g__Aminipila
565e26c1a2978602297adf20e3679ddb	d__Bacteria;p__Bacillota;c__Clostridia;o__Lachnospirales;f__Lachnospiraceae;g__Johnsonella;s__	g__Johnsonella
811064cce028d69fef65076220581c93	d__Bacteria;p__Spirochaetota;c__Spirochaetia;o__Spirochaetales;f__Spirochaetaceae;g__Treponema;s__	g__Treponema
7d6272691e3a8137d07c70bb47114bdb	d__Bacteria;p__Spirochaetota;c__Spirochaetia;o__Spirochaetales;f__Spirochaetaceae;g__Treponema;s__	g__Treponema
ae6e0e02217ddc757b13fcd7f2fa6080	d__Bacteria;p__Actinomycetota;c__Actinobacteria;o__Mycobacteriales;f__Corynebacteriaceae;g__Corynebacterium;s__	g__Corynebacterium
6ceab80b3a88a203a6b301a2f81caa45	d__Bacteria;p__Pseudomonadota;c__Gammaproteobacteria;o__Enterobacterales;f__Enterobacteriaceae;g__Escherichia-Shigella;s__	g__Escherichia-Shigella
e85977433dacb8811e409e24a336ecc1	d__Bacteria;p__Pseudomonadota;c__Gammaproteobacteria;o__Enterobacterales;f__Pasteurellaceae;g__Haemophilus;s__	g__Haemophilus
e4086f1045d3670832676ad6be7b9a3b	d__Bacteria;p__Bacteroidota;c__Bacteroidia;o__Bacteroidales;f__Prevotellaceae;g__Prevotella;s__	g__Prevotella
cc6a5b77d86f67b528b4246edbf06820	d__Bacteria;p__Bacillota;c__Negativicutes;o__Veillonellales-Selenomonadales;f__Selenomonadaceae;g__Selenomonas;s__	g__Selenomonas
e13af56fdeaae4339003dfd36151d898	d__Bacteria;p__Bacteroidota;c__Bacteroidia;o__Bacteroidales;f__Prevotellaceae;g__Prevotella;s__	g__Prevotella
0393558c5e2193888c4d5fa107114a57	d__Bacteria;p__Bacillota;c__Bacilli;o__Lactobacillales;f__Lactobacillaceae;g__Ligilactobacillus;s__	g__Ligilactobacillus
6184f0b1e75cda5265da4646ba5fe76b	d__Bacteria;p__Bacillota;c__Clostridia;o__Oscillospirales;f__Ruminococcaceae;g__Faecalibacterium;s__	g__Faecalibacterium
b64e72495cbebae87f1e752ebe7089c9	d__Bacteria;p__Bacteroidota;c__Bacteroidia;o__Bacteroidales;f__Tannerellaceae;g__Tannerella;s__	g__Tannerella
207ddbf3e0f0d95345441741f96e912a	d__Bacteria;p__Bacillota;c__Clostridia;o__Peptostreptococcales-Tissierellales;f__Anaerovoracaceae;g__[Eubacterium]_sulci_group;s__	g__[Eubacterium]_sulci_group
9512fd7c1a528175e2d99e0d3cdadc20	d__Bacteria;p__Bacillota;c__Bacilli;o__Lactobacillales;f__Streptococcaceae;g__Streptococcus;s__	g__Streptococcus
40d61cb9afed3fd5cb8ee7e6d3b38643	d__Bacteria;p__Bacillota;c__Clostridia;o__Peptostreptococcales-Tissierellales;f__Peptostreptococcaceae;g__Filifactor;s__	g__Filifactor
f5305538b5bdf8e6b7524a7985d5beda	d__Bacteria;p__Bacteroidota;c__Bacteroidia;o__Bacteroidales;f__Prevotellaceae;g__Hoylesella;s__	g__Hoylesella
57b10036b644c6dc0d042ce9b1d90f1f	d__Bacteria;p__Bacteroidota;c__Bacteroidia;o__Bacteroidales;f__Porphyromonadaceae;g__Porphyromonas;s__	g__Porphyromonas
8a9ffb91aab93b852a9d5587aa965bd2	d__Bacteria;p__Bacillota;c__Bacilli;o__Erysipelotrichales;f__Erysipelotrichaceae;g__Solobacterium;s__	g__Solobacterium
a397455a06facf378230dfc4e5fc8f08	d__Bacteria;p__Bacteroidota;c__Bacteroidia;o__Bacteroidales;f__Prevotellaceae;g__Prevotella;s__	g__Prevotella
98e84c68971e61970ee393dfa55cb569	d__Bacteria;p__Fusobacteriota;c__Fusobacteriia;o__Fusobacteriales;f__Leptotrichiaceae;g__Sneathia;s__	g__Sneathia
1dd6edf20fb3a3dc300d5ceeade31446	d__Bacteria;p__Bacteroidota;c__Bacteroidia;o__Bacteroidales;f__Prevotellaceae;g__Hoylesella;s__	g__Hoylesella
9521538e00815c5f0c141492e2fa1d27	d__Bacteria;p__Bacteroidota;c__Bacteroidia;o__Bacteroidales;f__Prevotellaceae;g__Hoylesella;s__	g__Hoylesella
89522ba2c35d9338e027ecbb4ffce121	d__Bacteria;p__Bacillota;c__Bacilli;o__Staphylococcales;f__Gemellaceae;g__Gemella;s__	g__Gemella
cbefba2374cada539a4df6d936ac216e	d__Bacteria;p__Spirochaetota;c__Spirochaetia;o__Spirochaetales;f__Spirochaetaceae;g__Treponema;s__	g__Treponema
6e068417e42fe600da3d0cfd4d82a1da	d__Bacteria;p__Spirochaetota;c__Spirochaetia;o__Spirochaetales;f__Spirochaetaceae;g__Treponema;s__	g__Treponema
b76b0fd02aa3d811dee357bd098c0e63	d__Bacteria;p__Bacillota;c__Negativicutes;o__Veillonellales-Selenomonadales;f__Selenomonadaceae;g__Selenomonas;s__	g__Selenomonas
ae924b63828de2a16b8d48552435adff	d__Bacteria;p__Fusobacteriota;c__Fusobacteriia;o__Fusobacteriales;f__Fusobacteriaceae;g__Fusobacterium;s__	g__Fusobacterium
c03e0503619ac9d10a42ce2dc3f7cac4	d__Bacteria;p__Bacteroidota;c__Bacteroidia;o__Bacteroidales;f__Prevotellaceae;g__Xylanibacter;s__	g__Xylanibacter
b2ae01683e702fecf3410cce5769f5df	d__Bacteria;p__Fusobacteriota;c__Fusobacteriia;o__Fusobacteriales;f__Fusobacteriaceae;g__Fusobacterium;s__	g__Fusobacterium
dc5ff09a7ec6302f444f6df05bcb107e	d__Bacteria;p__Bacillota;c__Bacilli;o__Erysipelotrichales;f__Erysipelotrichaceae;g__Solobacterium;s__	g__Solobacterium
834d3ecea29e655353a47cfa39ba1ef0	d__Bacteria;p__Pseudomonadota;c__Gammaproteobacteria;o__Burkholderiales;f__Neisseriaceae;g__Neisseria;s__	g__Neisseria
1e5b97b74876f77c36e8a6b63c466541	d__Bacteria;p__Bacteroidota;c__Bacteroidia;o__Bacteroidales;f__Prevotellaceae;g__Segatella;s__	g__Segatella
e8e82a4b46c2e257cb5ae2f3b8c2b16e	d__Bacteria;p__Bacillota;c__Negativicutes;o__Veillonellales-Selenomonadales;f__Selenomonadaceae;g__Selenomonas;s__	g__Selenomonas
1afaa9569d6c95427ce8c4b33c62913d	d__Bacteria;p__Bacteroidota;c__Bacteroidia;o__Bacteroidales;f__Prevotellaceae;g__Incertae_Sedis;s__	g__Incertae_Sedis
04bec2d4c4c04394b3167f2fb1287882	d__Bacteria;p__Bacteroidota;c__Bacteroidia;o__Flavobacteriales;f__Flavobacteriaceae;g__Capnocytophaga;s__	g__Capnocytophaga
b89b8bea735fc00d3c074fcdb8ece06e	d__Bacteria;p__Bacteroidota;c__Bacteroidia;o__Bacteroidales;f__Porphyromonadaceae;g__Porphyromonas;s__	g__Porphyromonas
da1bcec4c6d1504a3edd8ef0b13c2c1e	d__Bacteria;p__Bacillota;c__Negativicutes;o__Veillonellales-Selenomonadales;f__Selenomonadaceae;g__Selenomonas;s__	g__Selenomonas
6bf6d595b5bfa49f1e9302c843f79854	d__Bacteria;p__Bacteroidota;c__Bacteroidia;o__Bacteroidales;f__Prevotellaceae;g__Segatella;s__	g__Segatella
b927f02c9e8783551e985c4b345980e3	d__Bacteria;p__Bacteroidota;c__Bacteroidia;o__Flavobacteriales;f__Weeksellaceae;g__Bergeyella;s__	g__Bergeyella
32af2530def4435ead18957611afccd3	d__Bacteria;p__Fusobacteriota;c__Fusobacteriia;o__Fusobacteriales;f__Fusobacteriaceae;g__Fusobacterium;s__	g__Fusobacterium
96ddf26f57742c87983dcae17c4b53d6	d__Bacteria;p__Bacteroidota;c__Bacteroidia;o__Bacteroidales;f__Prevotellaceae;g__Prevotella;s__	g__Prevotella
9188e8a2722781ba41c79fa756e5c8cd	d__Bacteria;p__Bacillota;c__Negativicutes;o__Veillonellales-Selenomonadales;f__Selenomonadaceae;g__Selenomonas;s__	g__Selenomonas
8d185933a1ce8e33ff73e97487c59957	d__Bacteria;p__Bacillota;c__Clostridia;o__Lachnospirales;f__Lachnospiraceae;g__Roseburia;s__	g__Roseburia
b59e9facaee4a3b5ca52bf90cf33d636	d__Bacteria;p__Bacteroidota;c__Bacteroidia;o__Bacteroidales;f__Prevotellaceae;g__Prevotella;s__	g__Prevotella
dc151dc2d2114e134d87b772f95e9085	d__Bacteria;p__Fusobacteriota;c__Fusobacteriia;o__Fusobacteriales;f__Fusobacteriaceae;g__Fusobacterium;s__	g__Fusobacterium
02962790706bef4462b7eeca41cb2a86	d__Bacteria;p__Bacteroidota;c__Bacteroidia;o__Bacteroidales;f__Prevotellaceae;g__Hoylesella;s__	g__Hoylesella
ddade057140a776981dc356c28209f30	d__Bacteria;p__Bacillota;c__Bacilli;o__Staphylococcales;f__Staphylococcaceae;g__Staphylococcus;s__	g__Staphylococcus
0d3c31f1095cfe83d4ba437d17993b51	d__Bacteria;p__Bacillota;c__Bacilli;o__Staphylococcales;f__Staphylococcaceae;g__Staphylococcus;s__	g__Staphylococcus
4db75197ef334ece502bad2666bfdbb3	d__Bacteria;p__Bacteroidota;c__Bacteroidia;o__Bacteroidales;f__Prevotellaceae;g__Hoylesella;s__	g__Hoylesella
ff94ad8c0121e67acd2cdaadb12714ae	d__Bacteria;p__Actinomycetota;c__Actinobacteria;o__Actinomycetales;f__Actinomycetaceae;g__Schaalia;s__	g__Schaalia
26f279d7f7e7f834a0162285b29d5f6b	d__Bacteria;p__Bacteroidota;c__Bacteroidia;o__Flavobacteriales;f__Flavobacteriaceae;g__Capnocytophaga;s__	g__Capnocytophaga
ca86e4366aa10600982eef8c28b31e9c	d__Bacteria;p__Spirochaetota;c__Spirochaetia;o__Spirochaetales;f__Spirochaetaceae;g__Treponema;s__	g__Treponema
49eb754edbfc3130871d8156fd54d38f	d__Bacteria;p__Bacillota;c__Clostridia;o__Lachnospirales;f__Lachnospiraceae;g__Lachnoanaerobaculum;s__	g__Lachnoanaerobaculum
45466f6f018c4bb506aa123e4b22ebf7	d__Bacteria;p__Patescibacteria;c__Saccharimonadia;o__Saccharimonadales;f__Saccharimonadaceae;g__TM7x;s__	g__TM7x
0d9fc34b4a54f837e8904090c2621f50	d__Bacteria;p__Bacteroidota;c__Bacteroidia;o__Bacteroidales;f__Prevotellaceae;g__Incertae_Sedis;s__	g__Incertae_Sedis
10e47ac3f6e4c3979bd84299410a9bb4	d__Bacteria;p__Fusobacteriota;c__Fusobacteriia;o__Fusobacteriales;f__Fusobacteriaceae;g__Fusobacterium;s__	g__Fusobacterium
435a989253f31815cf339128ca9cc881	d__Bacteria;p__Spirochaetota;c__Spirochaetia;o__Spirochaetales;f__Spirochaetaceae;g__Treponema;s__	g__Treponema
f798e2d556ae7bd942c496e39275d35e	d__Bacteria;p__Bacillota;c__Clostridia;o__Peptostreptococcales-Tissierellales;f__Peptostreptococcaceae;g__Peptostreptococcus;s__	g__Peptostreptococcus
78fed910a330f50275b9050d2c69fec2	d__Bacteria;p__Bacillota;c__Bacilli;o__Mycoplasmatales;f__Mycoplasmataceae;g__Mycoplasma;s__	g__Mycoplasma
eb6ff70e3b8dee650d068b59076a0784	d__Bacteria;p__Bacteroidota;c__Bacteroidia;o__Flavobacteriales;f__Weeksellaceae;g__Elizabethkingia;s__	g__Elizabethkingia
10cc78d78e5344f7548443066f3ee4ab	d__Bacteria;p__Fusobacteriota;c__Fusobacteriia;o__Fusobacteriales;f__Leptotrichiaceae;g__Pseudoleptotrichia;s__	g__Pseudoleptotrichia
1ff4376fdc7c72e90aeae6ab2913b17d	d__Bacteria;p__Bacillota;c__Negativicutes;o__Veillonellales-Selenomonadales;f__Selenomonadaceae;g__Selenomonas;s__	g__Selenomonas
96466c3d2a74f86a6def08df30775872	d__Bacteria;p__Bacteroidota;c__Bacteroidia;o__Flavobacteriales;f__Flavobacteriaceae;g__Capnocytophaga;s__	g__Capnocytophaga
de68f74efd44a8e48053be7b88f37e79	d__Bacteria;p__Bacteroidota;c__Bacteroidia;o__Bacteroidales;f__Prevotellaceae;g__Alloprevotella;s__	g__Alloprevotella
8d75849858a053ca9126de852ff26068	d__Bacteria;p__Bacteroidota;c__Bacteroidia;o__Bacteroidales;f__Prevotellaceae;g__Prevotella;s__	g__Prevotella
db1e910f820784b3b4334a5b1c687444	d__Bacteria;p__Bacillota;c__Negativicutes;o__Veillonellales-Selenomonadales;f__Veillonellaceae;g__Veillonella;s__	g__Veillonella
348ca556bf8bcf788d8e07281432b77e	d__Bacteria;p__Fusobacteriota;c__Fusobacteriia;o__Fusobacteriales;f__Fusobacteriaceae;g__Fusobacterium;s__	g__Fusobacterium
affe2ec2e514f2919ed4b938e41cd278	d__Bacteria;p__Bacillota;c__Bacilli;o__Lactobacillales;f__Lactobacillaceae;g__Lactobacillus;s__	g__Lactobacillus
f971ccd6603170ce493216afa6e58493	d__Bacteria;p__Spirochaetota;c__Spirochaetia;o__Spirochaetales;f__Spirochaetaceae;g__Treponema;s__	g__Treponema
c8d1566e37bb3e51529029577facaf36	d__Bacteria;p__Spirochaetota;c__Spirochaetia;o__Spirochaetales;f__Spirochaetaceae;g__Treponema;s__	g__Treponema
8c6aef69d1fedc8f3e07e36f5c2d3fa8	d__Bacteria;p__Spirochaetota;c__Spirochaetia;o__Spirochaetales;f__Spirochaetaceae;g__Treponema;s__	g__Treponema
ecfc917a2152ee880ad5d2f9d1627c0d	d__Bacteria;p__Bacillota;c__Clostridia;o__Lachnospirales;f__Lachnospiraceae;g__Lachnoanaerobaculum;s__	g__Lachnoanaerobaculum
b941bea1bfe5e531666ef40fcdd4b6ea	d__Bacteria;p__Spirochaetota;c__Spirochaetia;o__Spirochaetales;f__Spirochaetaceae;g__Treponema;s__	g__Treponema
c85d4b35b14c3168c9c0740af89bbf03	d__Bacteria;p__Spirochaetota;c__Spirochaetia;o__Spirochaetales;f__Spirochaetaceae;g__Treponema;s__	g__Treponema
54e7526a723d575ca4ff2cf6b745dfcd	d__Bacteria;p__Pseudomonadota;c__Gammaproteobacteria;o__Burkholderiales;f__Neisseriaceae;g__Simonsiella;s__	g__Simonsiella
f7a1c2a7dc74eb24446faaa79f519ee6	d__Bacteria;p__Bacillota;c__Clostridia;o__Lachnospirales;f__Lachnospiraceae;g__Roseburia;s__	g__Roseburia
7b7655d94bd2ff873103048805a263b6	d__Bacteria;p__Bacillota;c__Clostridia;o__Peptostreptococcales-Tissierellales;f__Peptostreptococcaceae;g__Filifactor;s__	g__Filifactor
91512908bb1eb5b3ae23d6e43d8a2cea	d__Bacteria;p__Fusobacteriota;c__Fusobacteriia;o__Fusobacteriales;f__Fusobacteriaceae;g__Fusobacterium;s__	g__Fusobacterium
3adc0ca6c88d7bfa6022aa4e2f4fe1d2	d__Bacteria;p__Fusobacteriota;c__Fusobacteriia;o__Fusobacteriales;f__Fusobacteriaceae;g__Fusobacterium;s__	g__Fusobacterium
50eb5780fa207890bb14b3e185cb61ed	d__Bacteria;p__Pseudomonadota;c__Gammaproteobacteria;o__Burkholderiales;f__Comamonadaceae;g__Comamonas;s__	g__Comamonas
5812680680a8362747d5a17a6d8e786d	d__Bacteria;p__Pseudomonadota;c__Gammaproteobacteria;o__Enterobacterales;f__Pasteurellaceae;g__Haemophilus;s__	g__Haemophilus
caddd487c091e301d410906ed5ff21fe	d__Bacteria;p__Bacillota;c__Clostridia;o__Clostridia_UCG-014;f__Incertae_Sedis;g__Incertae_Sedis;s__	g__Incertae_Sedis
d6a8f39f138c7c5967b4f0a716d497a0	d__Bacteria;p__Bacteroidota;c__Bacteroidia;o__Bacteroidales;f__Prevotellaceae;g__Prevotella;s__	g__Prevotella
da8d3e17a189d810239ecdd81960d59a	d__Bacteria;p__Spirochaetota;c__Spirochaetia;o__Spirochaetales;f__Spirochaetaceae;g__Treponema;s__	g__Treponema
2324dfc8fd070ef92e0808d09f40c81e	d__Bacteria;p__Bacillota;c__Clostridia;o__Lachnospirales;f__Lachnospiraceae;g__Catonella;s__	g__Catonella
d89dc46abd59c72724f35e370d3703bb	d__Bacteria;p__Bacillota;c__Bacilli;o__Erysipelotrichales;f__Erysipelotrichaceae;g__Bulleidia;s__	g__Bulleidia
da639a5e72f6bbf8c35a55cd3cb47a68	d__Bacteria;p__Pseudomonadota;c__Gammaproteobacteria;o__Cardiobacteriales;f__Cardiobacteriaceae;g__Cardiobacterium;s__	g__Cardiobacterium
e39a2c83ac77960cd6a7217793869e75	d__Bacteria;p__Spirochaetota;c__Spirochaetia;o__Spirochaetales;f__Spirochaetaceae;g__Treponema;s__	g__Treponema
f31e54846231fa62910ab0fe7d91c1af	d__Bacteria;p__Bacteroidota;c__Bacteroidia;o__Bacteroidales;f__Prevotellaceae;g__Prevotella;s__	g__Prevotella
18cac3ed92907add6a2b2756ed6eb3a1	d__Bacteria;p__Bacillota;c__Bacilli;o__Lactobacillales;f__Streptococcaceae;g__Streptococcus;s__	g__Streptococcus
630fff6cda9649cac1800f311100fe05	d__Bacteria;p__Bacillota;c__Negativicutes;o__Veillonellales-Selenomonadales;f__Selenomonadaceae;g__Selenomonas;s__	g__Selenomonas
363a4c736cef948f9f8eb263c1e2bf85	d__Bacteria;p__Bacillota;c__Negativicutes;o__Veillonellales-Selenomonadales;f__Selenomonadaceae;g__Selenomonas;s__	g__Selenomonas
1e16469d882d4a0108e4014ce32828e6	d__Bacteria;p__Bacteroidota;c__Bacteroidia;o__Bacteroidales;f__Prevotellaceae;g__Incertae_Sedis;s__	g__Incertae_Sedis
c5d58f87cd2d59b52eb1b2a4c09e2556	d__Bacteria;p__Bacillota;c__Bacilli;o__Acholeplasmatales;f__Acholeplasmataceae;g__Acholeplasma;s__	g__Acholeplasma
b235b276e08a474c409e0b52e0631583	d__Bacteria;p__Spirochaetota;c__Spirochaetia;o__Spirochaetales;f__Spirochaetaceae;g__Treponema;s__	g__Treponema
85e6c6ae5ce56001b5ecd0ed28dcde07	d__Bacteria;p__Pseudomonadota;c__Alphaproteobacteria;o__Sphingomonadales;f__Sphingomonadaceae;g__Sphingobium;s__	g__Sphingobium
4f9ca7c3b12776e90f0236ba9ad62935	d__Bacteria;p__Bacteroidota;c__Bacteroidia;o__Bacteroidales;f__Paludibacteraceae;g__F0058;s__	g__F0058
4acd6fc4dc65e28c3cddaf124c4ff6b1	d__Bacteria;p__Bacteroidota;c__Bacteroidia;o__Bacteroidales;f__Porphyromonadaceae;g__Porphyromonas;s__	g__Porphyromonas
2edec6d2297dd609d7705057465eadfb	d__Bacteria;p__Bacillota;c__Negativicutes;o__Veillonellales-Selenomonadales;f__Selenomonadaceae;g__Selenomonas;s__	g__Selenomonas
bff58d009dfb4398006ed2b2e1a3d247	d__Bacteria;p__Bacillota;c__Clostridia;o__Lachnospirales;f__Lachnospiraceae;g__Johnsonella;s__	g__Johnsonella
3b271a30d91a47d9f5f27b52df4d5dc4	d__Bacteria;p__Bacteroidota;c__Bacteroidia;o__Bacteroidales;f__Prevotellaceae;g__Alloprevotella;s__	g__Alloprevotella
7fdf8d1e39af88c41ae30596bb93d1b7	d__Bacteria;p__Spirochaetota;c__Spirochaetia;o__Spirochaetales;f__Spirochaetaceae;g__Treponema;s__	g__Treponema
7735c24df5f9f16d42220e6280c4cf33	d__Bacteria;p__Bacillota;c__Bacilli;o__Bacillales;f__Bacillaceae;g__Bacillus;s__	g__Bacillus
82e1e05e320b026625bee3a45daeba12	d__Bacteria;p__Spirochaetota;c__Spirochaetia;o__Spirochaetales;f__Spirochaetaceae;g__Treponema;s__	g__Treponema
8be3f6be1c8f25aa70e307c71adcb92f	d__Bacteria;p__Bacillota;c__Clostridia;o__Peptostreptococcales-Tissierellales;f__Family_XI;g__Parvimonas;s__	g__Parvimonas
864d51c1cbf461df21e2eda45f166cb6	d__Bacteria;p__Fusobacteriota;c__Fusobacteriia;o__Fusobacteriales;f__Fusobacteriaceae;g__Fusobacterium;s__	g__Fusobacterium
19931b1aed0ca1c546ac8c696c0c0c26	d__Bacteria;p__Bacteroidota;c__Bacteroidia;o__Bacteroidales;f__Prevotellaceae;g__Segatella;s__	g__Segatella
d866fc09c5cb83f474695d52615621c9	d__Bacteria;p__Bacillota;c__Clostridia;o__Lachnospirales;f__Lachnospiraceae;g__Oribacterium;s__	g__Oribacterium
d8a08e8290a8c8eb32afa01678526a5e	d__Bacteria;p__Pseudomonadota;c__Gammaproteobacteria;o__Lysobacterales;f__Lysobacteraceae;g__Stenotrophomonas;s__	g__Stenotrophomonas
502ec8554f960c55d67bd091a30d9a67	d__Bacteria;p__Bacteroidota;c__Bacteroidia;o__Bacteroidales;f__Prevotellaceae;g__Prevotella;s__	g__Prevotella
8fba39fde0e25c7e908015554fcb7b17	d__Bacteria;p__Bacteroidota;c__Bacteroidia;o__Bacteroidales;f__Prevotellaceae;g__Hoylesella;s__	g__Hoylesella
8597dddcffdc232c44bf5d49bde1fa1e	d__Bacteria;p__Bacteroidota;c__Bacteroidia;o__Bacteroidales;f__Porphyromonadaceae;g__Porphyromonas;s__	g__Porphyromonas
ff388122b725dbc6a0f499bea5b41644	d__Bacteria;p__Bacteroidota;c__Bacteroidia;o__Bacteroidales;f__Rikenellaceae;g__Rikenellaceae_RC9_gut_group;s__	g__Rikenellaceae_RC9_gut_group
a4f00093acdc6d1934e1183e4c0baf94	d__Bacteria;p__Fusobacteriota;c__Fusobacteriia;o__Fusobacteriales;f__Leptotrichiaceae;g__Leptotrichia;s__	g__Leptotrichia
2c680ae1fb05596664711e2486b41412	d__Bacteria;p__Bacillota;c__Negativicutes;o__Veillonellales-Selenomonadales;f__Veillonellaceae;g__Veillonella;s__	g__Veillonella
287ce342d7ad0a9e1d2e0351552ae8ec	d__Bacteria;p__Bacillota;c__Bacilli;o__Staphylococcales;f__Staphylococcaceae;g__Staphylococcus;s__	g__Staphylococcus
5b663f0ef4fd0b412478cd28ffdb55cb	d__Bacteria;p__Actinomycetota;c__Actinobacteria;o__Mycobacteriales;f__Corynebacteriaceae;g__Corynebacterium;s__	g__Corynebacterium
6cb56e3c5ba19029d6f356eaa22449e3	d__Bacteria;p__Pseudomonadota;c__Gammaproteobacteria;o__Enterobacterales;f__Enterobacteriaceae;g__Enterobacter;s__	g__Enterobacter
068b55180628ccc86d15da05763a2091	d__Bacteria;p__Spirochaetota;c__Spirochaetia;o__Spirochaetales;f__Spirochaetaceae;g__Treponema;s__	g__Treponema
3ab30c1b3f7c33e0ae7fda3c5255930a	d__Bacteria;p__Bacteroidota;c__Bacteroidia;o__Flavobacteriales;f__Flavobacteriaceae;g__Capnocytophaga;s__	g__Capnocytophaga
fd1276623deaada1c0e77ab723c631a7	d__Bacteria;p__Bacillota;c__Clostridia;o__Peptostreptococcales-Tissierellales;f__Anaerovoracaceae;g__[Eubacterium]_saphenum_group;s__	g__[Eubacterium]_saphenum_group
456662f14c3f959948bd69908a9195f3	d__Bacteria;p__Bacteroidota;c__Bacteroidia;o__Flavobacteriales;f__Weeksellaceae;g__Bergeyella;s__	g__Bergeyella
e22e807f6b36240896046d662eab766e	d__Bacteria;p__Bacillota;c__Negativicutes;o__Veillonellales-Selenomonadales;f__Selenomonadaceae;g__Selenomonas;s__	g__Selenomonas
f11aec05a5c0d2a6aed5af9c66465c6e	d__Bacteria;p__Fusobacteriota;c__Fusobacteriia;o__Fusobacteriales;f__Fusobacteriaceae;g__Fusobacterium;s__	g__Fusobacterium
72f8f1f5ab43ef2e48e09c81c6a55b7b	d__Bacteria;p__Bacteroidota;c__Bacteroidia;o__Bacteroidales;f__Prevotellaceae;g__Hoylesella;s__	g__Hoylesella
0f375d46870e66562c392c5e1b5230c6	d__Bacteria;p__Pseudomonadota;c__Gammaproteobacteria;o__Enterobacterales;f__Pasteurellaceae;g__Haemophilus;s__	g__Haemophilus
d32ee5c436b790b42cc5f2f4ee51c14d	d__Bacteria;p__Spirochaetota;c__Spirochaetia;o__Spirochaetales;f__Spirochaetaceae;g__Treponema;s__	g__Treponema
bc14c9054f6dbf806eb7021dbc7ac9e0	d__Bacteria;p__Bacillota;c__Bacilli;o__Lactobacillales;f__Lactobacillaceae;g__Limosilactobacillus;s__	g__Limosilactobacillus
f10c2771cf89d546b340852627925e07	d__Bacteria;p__Bacillota;c__Clostridia;o__Peptostreptococcales-Tissierellales;f__Family_XI;g__Anaerococcus;s__	g__Anaerococcus
074d250f8f223ebf7f4d20b98a7471bd	d__Bacteria;p__Actinomycetota;c__Actinobacteria;o__Actinomycetales;f__Actinomycetaceae;g__Actinomyces;s__	g__Actinomyces
3582d2c48a1f5f6bfb097a7ab44bcccc	d__Bacteria;p__Bacteroidota;c__Bacteroidia;o__Bacteroidales;f__Porphyromonadaceae;g__Porphyromonas;s__	g__Porphyromonas
8b3d4a269684ac98ad6fd35df99a6563	d__Bacteria;p__Fusobacteriota;c__Fusobacteriia;o__Fusobacteriales;f__Leptotrichiaceae;g__Leptotrichia;s__	g__Leptotrichia
099403e55bf1d5b6af50ca9a8906a5d3	d__Bacteria;p__Actinomycetota;c__Actinobacteria;o__Actinomycetales;f__Actinomycetaceae;g__Actinomyces;s__	g__Actinomyces
4d40143f9c796e418055b644148d5001	d__Bacteria;p__Bacteroidota;c__Bacteroidia;o__Bacteroidales;f__Prevotellaceae;g__Incertae_Sedis;s__	g__Incertae_Sedis
abffaa00fafe320b1c26910ecb411261	d__Bacteria;p__Bacteroidota;c__Bacteroidia;o__Bacteroidales;f__Prevotellaceae;g__Incertae_Sedis;s__	g__Incertae_Sedis
7d0da1b483bfb270d26ca76b4607a0bf	d__Bacteria;p__Pseudomonadota;c__Gammaproteobacteria;o__Lysobacterales;f__Lysobacteraceae;g__Stenotrophomonas;s__	g__Stenotrophomonas
efedb6544ea0b1f0a2d034b676163519	d__Bacteria;p__Bacillota;c__Bacilli;o__Lactobacillales;f__Streptococcaceae;g__Streptococcus;s__	g__Streptococcus
3e184b5aaf968e642f8f23d4e46e0dc6	d__Bacteria;p__Pseudomonadota;c__Gammaproteobacteria;o__Enterobacterales;f__Pasteurellaceae;g__Haemophilus;s__	g__Haemophilus
6a02b0cee5b64147f89ff260fdfb1645	d__Bacteria;p__Bacillota;c__Negativicutes;o__Veillonellales-Selenomonadales;f__Veillonellaceae;g__Veillonella;s__	g__Veillonella
9e5a38ba63a8b590070c6b67a7980d1f	d__Bacteria;p__Bacillota;c__Syntrophomonadia;o__Syntrophomonadales;f__Syntrophomonadaceae;g__Pelospora;s__	g__Pelospora
d3ece4951a136bf95ac1262f58e57e6c	d__Bacteria;p__Bacillota;c__Negativicutes;o__Veillonellales-Selenomonadales;f__Selenomonadaceae;g__Selenomonas;s__	g__Selenomonas
514b0e01871d778567b279100747d1e2	d__Bacteria;p__Bacillota;c__Negativicutes;o__Veillonellales-Selenomonadales;f__Selenomonadaceae;g__Selenomonas;s__	g__Selenomonas
d48be43bf809ee60e7bddf585be1e9a6	d__Bacteria;p__Bacteroidota;c__Bacteroidia;o__Bacteroidales;f__Porphyromonadaceae;g__Porphyromonas;s__	g__Porphyromonas
809bdf6b6ce0facdac900ef8492f336b	d__Bacteria;p__Pseudomonadota;c__Alphaproteobacteria;o__Sphingomonadales;f__Sphingomonadaceae;g__Tsuneonella;s__	g__Tsuneonella
1398e77a7faf75944f3f37b526a4c1c2	d__Bacteria;p__Pseudomonadota;c__Alphaproteobacteria;o__Sphingomonadales;f__Sphingomonadaceae;g__Rhizorhabdus;s__	g__Rhizorhabdus
22e86d09f6d055a719b9b2fba44bcf5f	d__Bacteria;p__Pseudomonadota;c__Gammaproteobacteria;o__Burkholderiales;f__Alcaligenaceae;g__Achromobacter;s__	g__Achromobacter
c86f4e744d5c31abe52ab271fc00feb3	d__Bacteria;p__Bacillota;c__Clostridia;o__Lachnospirales;f__Lachnospiraceae;g__Stomatobaculum;s__	g__Stomatobaculum
a99392b0873dad8ad5c5d87dcf777980	d__Bacteria;p__Bacteroidota;c__Bacteroidia;o__Bacteroidales;f__Prevotellaceae;g__Hoylesella;s__	g__Hoylesella
ad72373844e191f102cd27a5486b6e97	d__Bacteria;p__Bacillota;c__Clostridia;o__Clostridia_UCG-014;f__Incertae_Sedis;g__Incertae_Sedis;s__	g__Incertae_Sedis
1636c6eb47bb087c6a414992a166b2e3	d__Bacteria;p__Bacteroidota;c__Bacteroidia;o__Bacteroidales;f__Prevotellaceae;g__Prevotella;s__	g__Prevotella
d0e3e4c52608e0e2d26719eb032bc65a	d__Bacteria;p__Bacillota;c__Clostridia;o__Lachnospirales;f__Lachnospiraceae;g__Johnsonella;s__	g__Johnsonella
238d75935ec855d705301a9ed23752c0	d__Bacteria;p__Bacteroidota;c__Bacteroidia;o__Bacteroidales;f__Prevotellaceae;g__Hoylesella;s__	g__Hoylesella
21920b5bbca3933b7a21f0fb78f60b3e	d__Bacteria;p__Bacteroidota;c__Bacteroidia;o__Bacteroidales;f__Prevotellaceae;g__Incertae_Sedis;s__	g__Incertae_Sedis
db01aad5d710a5ac09b4e77544716436	d__Bacteria;p__Bacillota;c__Clostridia;o__Peptostreptococcales-Tissierellales;f__Peptostreptococcaceae;g__Peptostreptococcus;s__	g__Peptostreptococcus
50b11c980ecb7df4bc611ff2393ea59c	d__Bacteria;p__Bacteroidota;c__Bacteroidia;o__Bacteroidales;f__Prevotellaceae;g__Incertae_Sedis;s__	g__Incertae_Sedis
e6f6e64bc8c415fa1f9cee44e56173ad	d__Bacteria;p__Bacillota;c__Clostridia;o__Peptostreptococcales-Tissierellales;f__Family_XI;g__Parvimonas;s__	g__Parvimonas
65a8b2a158f91fc0818ff65216db8123	d__Bacteria;p__Bacteroidota;c__Bacteroidia;o__Flavobacteriales;f__Flavobacteriaceae;g__Capnocytophaga;s__	g__Capnocytophaga
d6c78cc5b0142cbb9ec769f649cf8c64	d__Bacteria;p__Bacillota;c__Negativicutes;o__Veillonellales-Selenomonadales;f__Selenomonadaceae;g__Selenomonas;s__	g__Selenomonas
0e73a4212c8297e7f11537f01ee6b1ec	d__Bacteria;p__Bacteroidota;c__Bacteroidia;o__Bacteroidales;f__Prevotellaceae;g__Prevotella;s__	g__Prevotella
5973a48485d324b866ce14b49b906e7a	d__Bacteria;p__Bacteroidota;c__Bacteroidia;o__Bacteroidales;f__Porphyromonadaceae;g__Porphyromonas;s__	g__Porphyromonas
93654e5bf80c35b236bcc4014aec890d	d__Bacteria;p__Pseudomonadota;c__Gammaproteobacteria;o__Enterobacterales;f__Enterobacteriaceae;g__Enterobacter;s__	g__Enterobacter
87e9f11404c1a04b7a8c048a01c24127	d__Bacteria;p__Spirochaetota;c__Spirochaetia;o__Spirochaetales;f__Spirochaetaceae;g__Treponema;s__	g__Treponema
9aeb177102faf9c2f7fd4d25b66dde2c	d__Bacteria;p__Fusobacteriota;c__Fusobacteriia;o__Fusobacteriales;f__Fusobacteriaceae;g__Fusobacterium;s__	g__Fusobacterium
2c947482dcace8e85a3837d645b7f9ae	d__Bacteria;p__Bacteroidota;c__Bacteroidia;o__Bacteroidales;f__Prevotellaceae;g__Prevotella;s__	g__Prevotella
8ab593ac18b2f9675007e454ef171645	d__Bacteria;p__Bacillota;c__Negativicutes;o__Veillonellales-Selenomonadales;f__Veillonellaceae;g__Veillonella;s__	g__Veillonella
12b073ab4335618c4ef3c9e82ed22b2d	d__Bacteria;p__Bacteroidota;c__Bacteroidia;o__Bacteroidales;f__Prevotellaceae;g__Hoylesella;s__	g__Hoylesella
5f98b646e81f1fafa0e6f397b43cc37c	d__Bacteria;p__Bacillota;c__Clostridia;o__Lachnospirales;f__Lachnospiraceae;g__Johnsonella;s__	g__Johnsonella
686a4b94030d2358238e804978d4a207	d__Bacteria;p__Bacillota;c__Bacilli;o__Staphylococcales;f__Gemellaceae;g__Gemella;s__	g__Gemella
d5a5c5daf100aa5c95e718d178673011	d__Bacteria;p__Bacteroidota;c__Bacteroidia;o__Bacteroidales;f__Prevotellaceae;g__Prevotella;s__	g__Prevotella
ae8dbb9de4f5bd38c9fdfa71f23918b6	d__Bacteria;p__Bacteroidota;c__Bacteroidia;o__Bacteroidales;f__Prevotellaceae;g__Hoylesella;s__	g__Hoylesella
04c64254dddbaf385017f888a2ec3c48	d__Bacteria;p__Bacillota;c__Bacilli;o__Lactobacillales;f__Streptococcaceae;g__Streptococcus;s__	g__Streptococcus
523bc8302f9bc11040d8696e1d5425f5	d__Bacteria;p__Bacillota;c__Clostridia;o__Peptostreptococcales-Tissierellales;f__Family_XI;g__Finegoldia;s__	g__Finegoldia
a2e9079eb27606b8886c049271abbf80	d__Bacteria;p__Pseudomonadota;c__Alphaproteobacteria;o__Azospirillales;f__Azospirillaceae;g__Azospirillum;s__	g__Azospirillum
1651bf5f2c093ac48d73924a5479ae3e	d__Bacteria;p__Spirochaetota;c__Spirochaetia;o__Spirochaetales;f__Spirochaetaceae;g__Treponema;s__	g__Treponema
9d4160796af5a2928d402fe2e622048a	d__Bacteria;p__Bacillota;c__Bacilli;o__Lactobacillales;f__Enterococcaceae;g__Enterococcus;s__	g__Enterococcus
a1a362dafcd119ccfd6548b800079a3d	d__Bacteria;p__Bacillota;c__Negativicutes;o__Veillonellales-Selenomonadales;f__Selenomonadaceae;g__Selenomonas;s__	g__Selenomonas
287d4332b284c9aec31a43ea0d7d23ad	d__Bacteria;p__Thermodesulfobacteriota;c__Desulfovibrionia;o__Desulfovibrionales;f__Desulfomicrobiaceae;g__Desulfomicrobium;s__	g__Desulfomicrobium
07cdd2ae09b8f1750aba1f40aab89f2a	d__Bacteria;p__Bacteroidota;c__Bacteroidia;o__Bacteroidales;f__Prevotellaceae;g__Alloprevotella;s__	g__Alloprevotella
88918dd43d4f8a34a15faf386ffdf96b	d__Bacteria;p__Synergistota;c__Synergistia;o__Synergistales;f__Synergistaceae;g__Fretibacterium;s__	g__Fretibacterium
1ce6c7355a5b6f6b7c065c16810a4489	d__Bacteria;p__Bacteroidota;c__Bacteroidia;o__Bacteroidales;f__Prevotellaceae;g__Segatella;s__	g__Segatella
ed2d1c2f55dc199a57c8ce3cfe5c1620	d__Bacteria;p__Spirochaetota;c__Spirochaetia;o__Spirochaetales;f__Spirochaetaceae;g__Treponema;s__	g__Treponema
3bbb72c05a1f3dee6faf0a21200fa49b	d__Bacteria;p__Bacteroidota;c__Bacteroidia;o__Bacteroidales;f__Tannerellaceae;g__Tannerella;s__	g__Tannerella
969578fa2695bd62a81ecea14d7aa591	d__Bacteria;p__Pseudomonadota;c__Gammaproteobacteria;o__Burkholderiales;f__Burkholderiaceae;g__Cupriavidus;s__	g__Cupriavidus
1edfb5fe0b58acb2a3644ff74b4b9a6c	d__Bacteria;p__Fusobacteriota;c__Fusobacteriia;o__Fusobacteriales;f__Leptotrichiaceae;g__Leptotrichia;s__	g__Leptotrichia
11026351ac1095351c6ff67eb2f23a34	d__Bacteria;p__Bacillota;c__Bacilli;o__Lactobacillales;f__Lactobacillaceae;g__Limosilactobacillus;s__	g__Limosilactobacillus
a765cf00aff4fefa7d84ad48e5ca1434	d__Bacteria;p__Bacillota;c__Clostridia;o__Lachnospirales;f__Lachnospiraceae;g__Howardella;s__	g__Howardella
1e0a21dcd1aa6661df192dd8db297671	d__Bacteria;p__Bacillota;c__Bacilli;o__Lactobacillales;f__Lactobacillaceae;g__Ligilactobacillus;s__	g__Ligilactobacillus
9b9910470157f80c7050e9d10bb4da36	d__Bacteria;p__Bacteroidota;c__Bacteroidia;o__Bacteroidales;f__Prevotellaceae;g__Incertae_Sedis;s__	g__Incertae_Sedis
6a63d57151c0109834e013f2014e493a	d__Bacteria;p__Bacillota;c__Negativicutes;o__Veillonellales-Selenomonadales;f__Selenomonadaceae;g__Selenomonas;s__	g__Selenomonas
6858b1096d22b4694c3bd55d14ab95a6	d__Bacteria;p__Fusobacteriota;c__Fusobacteriia;o__Fusobacteriales;f__Leptotrichiaceae;g__Leptotrichia;s__	g__Leptotrichia
bc714c0fb484c5c8ce36257250627a50	d__Bacteria;p__Pseudomonadota;c__Gammaproteobacteria;o__Burkholderiales;f__Neisseriaceae;g__Simonsiella;s__	g__Simonsiella
b404b5d0e980b733223066a2d831fd3a	d__Bacteria;p__Actinomycetota;c__Actinobacteria;o__Actinomycetales;f__Actinomycetaceae;g__Actinomyces;s__	g__Actinomyces
e9abed28adf192e6344f5e33989f4f0a	d__Bacteria;p__Bacillota;c__Negativicutes;o__Veillonellales-Selenomonadales;f__Selenomonadaceae;g__Selenomonas;s__	g__Selenomonas
367b8e0f31b2ef109d109e0a6e1d3e43	d__Bacteria;p__Bacillota;c__Negativicutes;o__Veillonellales-Selenomonadales;f__Selenomonadaceae;g__Selenomonas;s__	g__Selenomonas
fc898d9bcf8b60af0fc7f5350edbbe06	d__Bacteria;p__Bacillota;c__Clostridia;o__Lachnospirales;f__Lachnospiraceae;g__Johnsonella;s__	g__Johnsonella
770a278c008964e650c55d680b4262ac	d__Bacteria;p__Fusobacteriota;c__Fusobacteriia;o__Fusobacteriales;f__Fusobacteriaceae;g__Fusobacterium;s__	g__Fusobacterium
842f87f8705a81774a5a37a98c47cb2d	d__Bacteria;p__Bacteroidota;c__Bacteroidia;o__Flavobacteriales;f__Flavobacteriaceae;g__Capnocytophaga;s__	g__Capnocytophaga
0f2d940ea0db89787fec47185eaa07dc	d__Bacteria;p__Bacteroidota;c__Bacteroidia;o__Bacteroidales;f__Prevotellaceae;g__Prevotella;s__	g__Prevotella
9e03e08a9888acb95d0d9e5edfc9ebec	d__Bacteria;p__Bacteroidota;c__Bacteroidia;o__Bacteroidales;f__Prevotellaceae;g__Hoylesella;s__	g__Hoylesella
f142366d746ea388a97d2ad5d1de7e7a	d__Bacteria;p__Bacillota;c__Negativicutes;o__Veillonellales-Selenomonadales;f__Veillonellaceae;g__Veillonella;s__	g__Veillonella
b376234dcb34e355beb5d074b0010d77	d__Bacteria;p__Actinomycetota;c__Actinobacteria;o__Actinomycetales;f__Actinomycetaceae;g__Schaalia;s__	g__Schaalia
c2c147be6bcbd8deaf53b43cc787f689	d__Bacteria;p__Spirochaetota;c__Spirochaetia;o__Spirochaetales;f__Spirochaetaceae;g__Treponema;s__	g__Treponema
cf9b5f648939bb56c3f7f4756a65184b	d__Bacteria;p__Bacteroidota;c__Bacteroidia;o__Bacteroidales;f__Prevotellaceae;g__Hoylesella;s__	g__Hoylesella
c5039b4f72708399000a00cb88711f74	d__Bacteria;p__Bacillota;c__Clostridia;o__Peptostreptococcales-Tissierellales;f__Family_XI;g__W5053;s__	g__W5053
c06986fc9b3dfabc57a51e82f789adab	d__Bacteria;p__Bacillota;c__Clostridia;o__Lachnospirales;f__Lachnospiraceae;g__Johnsonella;s__	g__Johnsonella
b5ff5060b600af6b7925f9605dcbf0cc	d__Bacteria;p__Bacillota;c__Negativicutes;o__Veillonellales-Selenomonadales;f__Selenomonadaceae;g__Selenomonas;s__	g__Selenomonas
4daaaf9975321c47d84311db2c80771e	d__Bacteria;p__Pseudomonadota;c__Gammaproteobacteria;o__Burkholderiales;f__Nitrosomonadaceae;g__Nitrosomonas;s__	g__Nitrosomonas
785875896aff91c8ea60a47e4b3961a8	d__Bacteria;p__Bacteroidota;c__Bacteroidia;o__Bacteroidales;f__Porphyromonadaceae;g__Porphyromonas;s__	g__Porphyromonas
77da615b8d019c464a9910185fee274b	d__Bacteria;p__Actinomycetota;c__Actinobacteria;o__Micrococcales;f__Micrococcaceae;g__Rothia;s__	g__Rothia
69997b8a79d88e08d04f189bf7a2ba50	d__Bacteria;p__Bacteroidota;c__Bacteroidia;o__Bacteroidales;f__Porphyromonadaceae;g__Porphyromonas;s__	g__Porphyromonas
5e80c5d124018705aeed7f54e17dc58c	d__Bacteria;p__Bacillota;c__Negativicutes;o__Veillonellales-Selenomonadales;f__Selenomonadaceae;g__Selenomonas;s__	g__Selenomonas
e413dc97d785445b0fe122277838f94e	d__Bacteria;p__Bacillota;c__Bacilli;o__Staphylococcales;f__Staphylococcaceae;g__Staphylococcus;s__	g__Staphylococcus
8bfac447b875a361e054599b7c75f9d9	d__Bacteria;p__Bacteroidota;c__Bacteroidia;o__Bacteroidales;f__Prevotellaceae;g__Segatella;s__	g__Segatella
6af53d7e86a689ac46f19369727dab1f	d__Bacteria;p__Bacteroidota;c__Bacteroidia;o__Bacteroidales;f__Prevotellaceae;g__Prevotella;s__	g__Prevotella
f1adbc0f691b07136426baf27bcaeb2a	d__Bacteria;p__Actinomycetota;c__Actinobacteria;o__Actinomycetales;f__Actinomycetaceae;g__Schaalia;s__	g__Schaalia
2bb346645afcf64d9810a31bea7fdb8b	d__Bacteria;p__Pseudomonadota;c__Gammaproteobacteria;o__Burkholderiales;f__Burkholderiaceae;g__Lautropia;s__	g__Lautropia
8f2cafeccfed84414a2838ad4c5eae91	d__Bacteria;p__Bacteroidota;c__Bacteroidia;o__Bacteroidales;f__Prevotellaceae;g__Incertae_Sedis;s__	g__Incertae_Sedis
30f847a8fbbf596aae5452bbf9fe7feb	d__Bacteria;p__Bacteroidota;c__Bacteroidia;o__Bacteroidales;f__Prevotellaceae;g__Segatella;s__	g__Segatella
6383d671b23a5bdbe8b878005cfb973a	d__Bacteria;p__Bacillota;c__Negativicutes;o__Veillonellales-Selenomonadales;f__Veillonellaceae;g__Anaeroglobus;s__	g__Anaeroglobus
ebb5f9ca583474b4736ecc17df7a596e	d__Bacteria;p__Bacteroidota;c__Bacteroidia;o__Bacteroidales;f__Prevotellaceae;g__Hoylesella;s__	g__Hoylesella
a208b6bcb2153e06fa412e604fa79896	d__Bacteria;p__Bacteroidota;c__Bacteroidia;o__Bacteroidales;f__Prevotellaceae;g__Segatella;s__	g__Segatella
4561aa5447540960f378251c1d1b3f15	d__Bacteria;p__Bacillota;c__Clostridia;o__Lachnospirales;f__Lachnospiraceae;g__Stomatobaculum;s__	g__Stomatobaculum
6d46195efc0ee5ade5c698dde0be1745	d__Bacteria;p__Fusobacteriota;c__Fusobacteriia;o__Fusobacteriales;f__Fusobacteriaceae;g__Fusobacterium;s__	g__Fusobacterium
04122a64076d9512b3b97a6aaba8be39	d__Bacteria;p__Bacillota;c__Clostridia;o__Peptococcales;f__Peptococcaceae;g__Peptococcus;s__	g__Peptococcus
5f9d8f50522f9104b4196755e0bd9435	d__Bacteria;p__Bacillota;c__Negativicutes;o__Veillonellales-Selenomonadales;f__Selenomonadaceae;g__Selenomonas;s__	g__Selenomonas
539877ff9090746f628b3c9166ac9a3e	d__Bacteria;p__Pseudomonadota;c__Gammaproteobacteria;o__Burkholderiales;f__Neisseriaceae;g__Neisseria;s__	g__Neisseria
8a66e4725750e40bd19b1770b6b845de	d__Bacteria;p__Bacillota;c__Clostridia;o__Oscillospirales;f__Ruminococcaceae;g__Ruminococcus;s__	g__Ruminococcus
ff31b8f6acfc32b71c0f72d1744a643e	d__Bacteria;p__Bacteroidota;c__Bacteroidia;o__Bacteroidales;f__Tannerellaceae;g__Tannerella;s__	g__Tannerella
fafc130154ef8b12d2663a63de417bc5	d__Bacteria;p__Bacteroidota;c__Bacteroidia;o__Bacteroidales;f__Prevotellaceae;g__Prevotella;s__	g__Prevotella
c32fe12443a8a338137e0000db075d11	d__Bacteria;p__Pseudomonadota;c__Gammaproteobacteria;o__Burkholderiales;f__Neisseriaceae;g__Alysiella;s__	g__Alysiella
80f80082198bc206efe705f7be330753	d__Bacteria;p__Actinomycetota;c__Actinobacteria;o__Actinomycetales;f__Actinomycetaceae;g__Schaalia;s__	g__Schaalia
f8e7f9da4ba4ca2ce06e459bfeef93b4	d__Bacteria;p__Pseudomonadota;c__Gammaproteobacteria;o__Pseudomonadales;f__Halomonadaceae;g__Halomonas;s__	g__Halomonas
e7a6906e839af96511685e2cb4375d5b	d__Bacteria;p__Bacillota;c__Negativicutes;o__Veillonellales-Selenomonadales;f__Veillonellaceae;g__Veillonella;s__	g__Veillonella
91b9ceab9898639f10bedcdaaedec627	d__Bacteria;p__Bacteroidota;c__Bacteroidia;o__Bacteroidales;f__Prevotellaceae;g__Xylanibacter;s__	g__Xylanibacter
a38f14ec07bbc834f074a6cc13c76be9	d__Bacteria;p__Bacteroidota;c__Bacteroidia;o__Bacteroidales;f__Bacteroidaceae;g__Bacteroides;s__	g__Bacteroides
a9d818e46f46e767cd934a7f0acbeb0c	d__Bacteria;p__Actinomycetota;c__Actinobacteria;o__Actinomycetales;f__Actinomycetaceae;g__Actinomyces;s__	g__Actinomyces
552cabfe09ec03f3dd0b3e124148b4df	d__Bacteria;p__Bacteroidota;c__Bacteroidia;o__Flavobacteriales;f__Flavobacteriaceae;g__Capnocytophaga;s__	g__Capnocytophaga
c1130a625f2768da3e46debba4f02805	d__Bacteria;p__Bacteroidota;c__Bacteroidia;o__Bacteroidales;f__Prevotellaceae;g__Hoylesella;s__	g__Hoylesella
a9e17f7defce78dcc2f4e4daaf4170cb	d__Bacteria;p__Bacteroidota;c__Bacteroidia;o__Bacteroidales;f__Prevotellaceae;g__Prevotella;s__	g__Prevotella
9a3491aa3f9b518852e4ab5e4ace7e0c	d__Bacteria;p__Bacteroidota;c__Bacteroidia;o__Bacteroidales;f__Prevotellaceae;g__Incertae_Sedis;s__	g__Incertae_Sedis
e466b4b1f8a97176d24c0294b1be5bdc	d__Bacteria;p__Bacillota;c__Negativicutes;o__Veillonellales-Selenomonadales;f__Veillonellaceae;g__Veillonella;s__	g__Veillonella
f3e3be613384482c096f33f8f193213a	d__Bacteria;p__Bacteroidota;c__Bacteroidia;o__Bacteroidales;f__Bacteroidaceae;g__Bacteroides;s__	g__Bacteroides
1e9b9b62668de7739503720a1ea5a8e3	d__Bacteria;p__Bacteroidota;c__Bacteroidia;o__Bacteroidales;f__Porphyromonadaceae;g__Porphyromonas;s__	g__Porphyromonas
85078fb6d00fccde924c7724008c4245	d__Bacteria;p__Spirochaetota;c__Spirochaetia;o__Spirochaetales;f__Spirochaetaceae;g__Treponema;s__	g__Treponema
21ed9cd3b5c4d24593dab4628d225a44	d__Bacteria;p__Actinomycetota;c__Actinobacteria;o__Actinomycetales;f__Actinomycetaceae;g__Actinomyces;s__	g__Actinomyces
d08950e20c01e6aa160156beb7c505ef	d__Bacteria;p__Patescibacteria;c__Saccharimonadia;o__Saccharimonadales;f__Saccharimonadaceae;g__Candidatus_Saccharimonas;s__	g__Candidatus_Saccharimonas
629c4481885301373573543b1915eae7	d__Bacteria;p__Bacteroidota;c__Bacteroidia;o__Bacteroidales;f__Prevotellaceae;g__Prevotella;s__	g__Prevotella
b5462f4f1cf356a98ce484579005d41f	d__Bacteria;p__Bacteroidota;c__Bacteroidia;o__Bacteroidales;f__Prevotellaceae;g__Segatella;s__	g__Segatella
a6ed8e46e467923e7d75b16a83474915	d__Bacteria;p__Bacteroidota;c__Bacteroidia;o__Bacteroidales;f__Prevotellaceae;g__Segatella;s__	g__Segatella
7cfc01607706f249105eeae2f427627d	d__Bacteria;p__Bacteroidota;c__Bacteroidia;o__Flavobacteriales;f__Flavobacteriaceae;g__Capnocytophaga;s__	g__Capnocytophaga
044a5adb58d41bc1ca9d26ed7da33031	d__Bacteria;p__Pseudomonadota;c__Alphaproteobacteria;o__Rhodobacterales;f__Paracoccaceae;g__Fuscovulum;s__	g__Fuscovulum
76cb2b6fb49910cb2a94d8bf7c1b1f9c	d__Bacteria;p__Bacteroidota;c__Bacteroidia;o__Bacteroidales;f__Prevotellaceae;g__Incertae_Sedis;s__	g__Incertae_Sedis
a2100b08eb4529548814aa6aba97a2dc	d__Bacteria;p__Bacillota;c__Negativicutes;o__Veillonellales-Selenomonadales;f__Selenomonadaceae;g__Selenomonas;s__	g__Selenomonas
e324fb087fa93e27013f8e3c17a40049	d__Bacteria;p__Bacillota;c__Negativicutes;o__Veillonellales-Selenomonadales;f__Selenomonadaceae;g__Selenomonas;s__	g__Selenomonas
9e24c1fd333c9163f019e7e01f6a483b	d__Bacteria;p__Actinomycetota;c__Actinobacteria;o__Actinomycetales;f__Actinomycetaceae;g__Schaalia;s__	g__Schaalia
72306bccb2f96826fa94ac6ace5e16e1	d__Bacteria;p__Bacteroidota;c__Bacteroidia;o__Bacteroidales;f__Prevotellaceae;g__Xylanibacter;s__	g__Xylanibacter
ee90246cec8c714a5d03d36f9d083fc4	d__Bacteria;p__Bacteroidota;c__Bacteroidia;o__Bacteroidales;f__Rikenellaceae;g__Rikenellaceae_RC9_gut_group;s__	g__Rikenellaceae_RC9_gut_group
5ef94577f2fecef7e6aa34ddcf0e7afa	d__Bacteria;p__Bacteroidota;c__Bacteroidia;o__Bacteroidales;f__Prevotellaceae;g__Segatella;s__	g__Segatella
5e80568189107d780527a529e3a551bb	d__Bacteria;p__Bacteroidota;c__Bacteroidia;o__Bacteroidales;f__Prevotellaceae;g__Segatella;s__	g__Segatella
b508b823a14cc583dc140163c5cc9c2f	d__Bacteria;p__Spirochaetota;c__Spirochaetia;o__Spirochaetales;f__Spirochaetaceae;g__Treponema;s__	g__Treponema
2903cc507ca9c570b73efb385aa2fd6d	d__Bacteria;p__Bacteroidota;c__Bacteroidia;o__Flavobacteriales;f__Weeksellaceae;g__Cloacibacterium;s__	g__Cloacibacterium
673b25840adf6919cb0acb39e4f898f1	d__Bacteria;p__Bacillota;c__Clostridia;o__Peptostreptococcales-Tissierellales;f__Family_XI;g__Anaerococcus;s__	g__Anaerococcus
b5ab39b5a2c74272d6acc4cbd3dda7c5	d__Bacteria;p__Pseudomonadota;c__Gammaproteobacteria;o__Burkholderiales;f__Neisseriaceae;g__Alysiella;s__	g__Alysiella
8556861e5e539357466f200b5e4665fa	d__Bacteria;p__Fusobacteriota;c__Fusobacteriia;o__Fusobacteriales;f__Fusobacteriaceae;g__Fusobacterium;s__	g__Fusobacterium
db4d6653abe2e41e95aafcc77135ca2c	d__Bacteria;p__Bacteroidota;c__Bacteroidia;o__Bacteroidales;f__Prevotellaceae;g__Prevotella;s__	g__Prevotella
135af97464b64204590059ec3ff6fd5c	d__Bacteria;p__Bacillota;c__Bacilli;o__Lactobacillales;f__Streptococcaceae;g__Streptococcus;s__	g__Streptococcus
09390eb306b0c4dd9ffeb45603ff78dd	d__Bacteria;p__Bacillota;c__Clostridia;o__Lachnospirales;f__Lachnospiraceae;g__Catonella;s__	g__Catonella
7712d88445f2a8613ce953abe6b13ab9	d__Bacteria;p__Fusobacteriota;c__Fusobacteriia;o__Fusobacteriales;f__Leptotrichiaceae;g__Leptotrichia;s__	g__Leptotrichia
f96ba164b1e460ba9d20d3a4db222f4c	d__Bacteria;p__Bacillota;c__Negativicutes;o__Veillonellales-Selenomonadales;f__Selenomonadaceae;g__Selenomonas;s__	g__Selenomonas
33b5cc859c2f5066c31893a733cf9f0f	d__Bacteria;p__Bacteroidota;c__Bacteroidia;o__Bacteroidales;f__Bacteroidaceae;g__Bacteroides;s__	g__Bacteroides
fa094d84ded5a466df75716bbb2e7506	d__Bacteria;p__Bacillota;c__Negativicutes;o__Veillonellales-Selenomonadales;f__Selenomonadaceae;g__Megamonas;s__	g__Megamonas
ba418eda459466506fc76728e183d26a	d__Bacteria;p__Bacillota;c__Clostridia;o__Oscillospirales;f__Ruminococcaceae;g__Ruminococcus;s__	g__Ruminococcus
311c2a479c2ee58cedd879b7304f0908	d__Bacteria;p__Pseudomonadota;c__Gammaproteobacteria;o__Burkholderiales;f__Methylophilaceae;g__Methylophilus;s__	g__Methylophilus
2d7170fd55254bde7a2f7065b13a1ec5	d__Bacteria;p__Bacteroidota;c__Bacteroidia;o__Bacteroidales;f__Prevotellaceae;g__Alloprevotella;s__	g__Alloprevotella
1d96fb64b539a3967e5d667393072e50	d__Bacteria;p__Pseudomonadota;c__Gammaproteobacteria;o__Pseudomonadales;f__Moraxellaceae;g__Acinetobacter;s__	g__Acinetobacter
42c6a52bf893986570e70673fa92dba7	d__Bacteria;p__Bacillota;c__Clostridia;o__Lachnospirales;f__Lachnospiraceae;g__Catonella;s__	g__Catonella
7be087fce3e1de8191b4aad193530860	d__Bacteria;p__Spirochaetota;c__Spirochaetia;o__Spirochaetales;f__Spirochaetaceae;g__Treponema;s__	g__Treponema
566fd9c2c28ea533c4409d68e4727b37	d__Bacteria;p__Pseudomonadota;c__Gammaproteobacteria;o__Burkholderiales;f__Neisseriaceae;g__Neisseria;s__	g__Neisseria
e99ef748b2c553840064d81e9b8ec162	d__Bacteria;p__Pseudomonadota;c__Gammaproteobacteria;o__Pseudomonadales;f__Moraxellaceae;g__Acinetobacter;s__	g__Acinetobacter
7e8f5c38445328769fad62c24e4d2ff3	d__Bacteria;p__Bacteroidota;c__Bacteroidia;o__Bacteroidales;f__Porphyromonadaceae;g__Porphyromonas;s__	g__Porphyromonas
a68086af9079756bb47516e8a4b6a8b4	d__Bacteria;p__Patescibacteria;c__Saccharimonadia;o__Saccharimonadales;f__Saccharimonadaceae;g__TM7x;s__	g__TM7x
eeb8ea1f25a8c532a9cc634528721977	d__Bacteria;p__Fusobacteriota;c__Fusobacteriia;o__Fusobacteriales;f__Fusobacteriaceae;g__Fusobacterium;s__	g__Fusobacterium
cf0d506f4affd48ffac8657561e211ad	d__Bacteria;p__Bacteroidota;c__Bacteroidia;o__Bacteroidales;f__Prevotellaceae;g__Segatella;s__	g__Segatella
806fc3036e5dc35ab49565baf5a11666	d__Bacteria;p__Bacillota;c__Negativicutes;o__Veillonellales-Selenomonadales;f__Veillonellaceae;g__Veillonella;s__	g__Veillonella
8a73fe8e68e93d8fe8fba701d53288da	d__Bacteria;p__Bacillota;c__Negativicutes;o__Veillonellales-Selenomonadales;f__Veillonellaceae;g__Dialister;s__	g__Dialister
fefee174d85880b0a605fd31ff19f556	d__Bacteria;p__Fusobacteriota;c__Fusobacteriia;o__Fusobacteriales;f__Fusobacteriaceae;g__Fusobacterium;s__	g__Fusobacterium
b28b9c388da78c9ec6465926385581a4	d__Bacteria;p__Patescibacteria;c__Saccharimonadia;o__Saccharimonadales;f__Incertae_Sedis;g__Incertae_Sedis;s__	g__Incertae_Sedis
6a4f06f9f1e527e064833d9c1bd37188	d__Bacteria;p__Bacteroidota;c__Bacteroidia;o__Bacteroidales;f__Prevotellaceae;g__Hoylesella;s__	g__Hoylesella
1eb6940b7d7bffad363dbf60b150c6ef	d__Bacteria;p__Fusobacteriota;c__Fusobacteriia;o__Fusobacteriales;f__Fusobacteriaceae;g__Fusobacterium;s__	g__Fusobacterium
6e7604ec6f61c2fee0d97a8d8b3d057d	d__Bacteria;p__Pseudomonadota;c__Alphaproteobacteria;o__Hyphomicrobiales;f__Xanthobacteraceae;g__Bradyrhizobium;s__	g__Bradyrhizobium
25dc46f18189fd885973e018a904c7b6	d__Bacteria;p__Bacteroidota;c__Bacteroidia;o__Bacteroidales;f__Prevotellaceae;g__Prevotella;s__	g__Prevotella
c2ed4ba392b8587152ced63a96b40e0c	d__Bacteria;p__Bacteroidota;c__Bacteroidia;o__Bacteroidales;f__Prevotellaceae;g__Prevotella;s__	g__Prevotella
3f0cfdae44249d31fcb29533b9d356d3	d__Bacteria;p__Pseudomonadota;c__Alphaproteobacteria;o__Sphingomonadales;f__Sphingomonadaceae;g__Sphingomonas;s__	g__Sphingomonas
92f15f635cb04b69032e1ac889bbfd27	d__Bacteria;p__Bacteroidota;c__Bacteroidia;o__Bacteroidales;f__Prevotellaceae;g__Prevotella;s__	g__Prevotella
cd11cabd64be1b3de19da892242a7b6c	d__Bacteria;p__Bacillota;c__Negativicutes;o__Veillonellales-Selenomonadales;f__Selenomonadaceae;g__Selenomonas;s__	g__Selenomonas
10136a98ef4175d49a3fe0081dd3c882	d__Bacteria;p__Actinomycetota;c__Actinobacteria;o__Actinomycetales;f__Actinomycetaceae;g__Schaalia;s__	g__Schaalia
9b740e8e047c98bb45cd4dc582c1a7f9	d__Bacteria;p__Pseudomonadota;c__Gammaproteobacteria;o__Pseudomonadales;f__Moraxellaceae;g__Enhydrobacter;s__	g__Enhydrobacter
a2bc8a9be7ec9443f8f9a2eb8b540eea	d__Bacteria;p__Bacillota;c__Negativicutes;o__Veillonellales-Selenomonadales;f__Selenomonadaceae;g__Selenomonas;s__	g__Selenomonas
2caac946d4e3137681752bde603572c8	d__Bacteria;p__Bacillota;c__Clostridia;o__Peptostreptococcales-Tissierellales;f__Anaerovoracaceae;g__Hornefia;s__	g__Hornefia
a2aa938ccd74eeab1e6b863905ad4d1e	d__Bacteria;p__Patescibacteria;c__Saccharimonadia;o__Saccharimonadales;f__Saccharimonadaceae;g__TM7a;s__	g__TM7a
822d8400affd5c35a0c655edd8e43bb4	d__Bacteria;p__Spirochaetota;c__Spirochaetia;o__Spirochaetales;f__Spirochaetaceae;g__Treponema;s__	g__Treponema
11dc46504d526b940eaa029df83d3b21	d__Bacteria;p__Bacteroidota;c__Bacteroidia;o__Bacteroidales;f__Dysgonomonadaceae;g__Proteiniphilum;s__	g__Proteiniphilum
25b6bd192e9026a63097f8f177ae6160	d__Bacteria;p__Bacillota;c__Bacilli;o__Lactobacillales;f__Streptococcaceae;g__Streptococcus;s__	g__Streptococcus
6c198b4124f240cba36a9d9a376a7aba	d__Bacteria;p__Bacteroidota;c__Bacteroidia;o__Bacteroidales;f__Prevotellaceae;g__Prevotella;s__	g__Prevotella
b9595b5d15be6304d76df246258f4284	d__Bacteria;p__Spirochaetota;c__Spirochaetia;o__Spirochaetales;f__Spirochaetaceae;g__Treponema;s__	g__Treponema
92a041c7da1bfe1de366dfda713479db	d__Bacteria;p__Bacillota;c__Clostridia;o__Peptostreptococcales-Tissierellales;f__Family_XI;g__Anaerococcus;s__	g__Anaerococcus
dc52ba2fb79bc5a4f1372789bba26232	d__Bacteria;p__Bacteroidota;c__Bacteroidia;o__Bacteroidales;f__Prevotellaceae;g__Hoylesella;s__	g__Hoylesella
ed4c2b5ff8ec52162bb480f0b5048f10	d__Bacteria;p__Actinomycetota;c__Coriobacteriia;o__Coriobacteriales;f__Atopobiaceae;g__Lancefieldella;s__	g__Lancefieldella
f677d4dd7c6049410a69cc23f4d37178	d__Bacteria;p__Bacteroidota;c__Bacteroidia;o__Bacteroidales;f__Prevotellaceae;g__Hoylesella;s__	g__Hoylesella
e9a1ae06607f557db3be4fcda0ade347	d__Bacteria;p__Bacillota;c__Negativicutes;o__Veillonellales-Selenomonadales;f__Selenomonadaceae;g__Selenomonas;s__	g__Selenomonas
6100ed7b225a7cb66050de509de9b108	d__Bacteria;p__Actinomycetota;c__Actinobacteria;o__Micrococcales;f__Intrasporangiaceae;g__Janibacter;s__	g__Janibacter
a379194f456a4b01b645dc54d53ddaa8	d__Bacteria;p__Bacillota;c__Negativicutes;o__Veillonellales-Selenomonadales;f__Selenomonadaceae;g__Selenomonas;s__	g__Selenomonas
684eae593a8e8687134e4eedcf350eef	d__Bacteria;p__Pseudomonadota;c__Gammaproteobacteria;o__Burkholderiales;f__Neisseriaceae;g__Neisseria;s__	g__Neisseria
f5432782f1ea2720b750b111862704b8	d__Bacteria;p__Bacteroidota;c__Bacteroidia;o__Sphingobacteriales;f__Sphingobacteriaceae;g__Nubsella;s__	g__Nubsella
3e65646c9c7beeb557ae4136ed702061	d__Bacteria;p__Bacteroidota;c__Bacteroidia;o__Bacteroidales;f__Porphyromonadaceae;g__Porphyromonas;s__	g__Porphyromonas
5f93cab739462d751a77472b22c94f5f	d__Bacteria;p__Pseudomonadota;c__Gammaproteobacteria;o__Pseudomonadales;f__Halomonadaceae;g__Halomonas;s__	g__Halomonas
7fba2f97693f74e605bc0d1ed229cb2e	d__Bacteria;p__Pseudomonadota;c__Gammaproteobacteria;o__Pseudomonadales;f__Halomonadaceae;g__Halomonas;s__	g__Halomonas
6b7c3743362b773d4449587548cfdec3	d__Bacteria;p__Spirochaetota;c__Spirochaetia;o__Spirochaetales;f__Spirochaetaceae;g__Treponema;s__	g__Treponema
071440e0c4270536ddea1546d4d44d29	d__Bacteria;p__Bacteroidota;c__Bacteroidia;o__Bacteroidales;f__Prevotellaceae;g__Hoylesella;s__	g__Hoylesella
97b48c06edbf5d87c392315cf7693b49	d__Bacteria;p__Bacteroidota;c__Bacteroidia;o__Bacteroidales;f__Prevotellaceae;g__Segatella;s__	g__Segatella
f5a2b9395765b73f8ac69aefc96ba1fd	d__Bacteria;p__Bacteroidota;c__Bacteroidia;o__Bacteroidales;f__Prevotellaceae;g__Prevotella;s__	g__Prevotella
db7741e6dfa6eafdceb6f58a03d79cc8	d__Bacteria;p__Fusobacteriota;c__Fusobacteriia;o__Fusobacteriales;f__Leptotrichiaceae;g__Pseudoleptotrichia;s__	g__Pseudoleptotrichia
033e29773320148b3c672d245c5f1a26	d__Bacteria;p__Pseudomonadota;c__Gammaproteobacteria;o__Pseudomonadales;f__Moraxellaceae;g__Acinetobacter;s__	g__Acinetobacter
b24cd5a63c535ff4e55a2506d3cd62bb	d__Bacteria;p__Actinomycetota;c__Actinobacteria;o__Bifidobacteriales;f__Bifidobacteriaceae;g__Gardnerella;s__	g__Gardnerella
5ec284941fe8a238fea51c1d2e3baee7	d__Bacteria;p__Bacteroidota;c__Bacteroidia;o__Bacteroidales;f__Prevotellaceae;g__Prevotella;s__	g__Prevotella
0fb7cfd3e2c618a6802b179b0970d19d	d__Bacteria;p__Bacillota;c__Negativicutes;o__Veillonellales-Selenomonadales;f__Selenomonadaceae;g__Selenomonas;s__	g__Selenomonas
7523c78556cbb4318fa3ad0750c9328d	d__Bacteria;p__Pseudomonadota;c__Gammaproteobacteria;o__Enterobacterales;f__Pasteurellaceae;g__Haemophilus;s__	g__Haemophilus
71c735f3976faf4175d07eb2f5a1453a	d__Bacteria;p__Spirochaetota;c__Spirochaetia;o__Spirochaetales;f__Spirochaetaceae;g__Treponema;s__	g__Treponema
007b18fc132ff1639cbbb65e7505a432	d__Bacteria;p__Pseudomonadota;c__Gammaproteobacteria;o__Burkholderiales;f__Neisseriaceae;g__Eikenella;s__	g__Eikenella
cda268321c7af99492bf54f3d2ad57b0	d__Bacteria;p__Bacteroidota;c__Bacteroidia;o__Flavobacteriales;f__Flavobacteriaceae;g__Capnocytophaga;s__	g__Capnocytophaga
75e1021bd14ee2fbff3840d243d7c56b	d__Bacteria;p__Actinomycetota;c__Actinobacteria;o__Actinomycetales;f__Actinomycetaceae;g__Schaalia;s__	g__Schaalia
8a4bfd9533402310c40e877737166607	d__Bacteria;p__Actinomycetota;c__Coriobacteriia;o__Coriobacteriales;f__Atopobiaceae;g__Olsenella;s__	g__Olsenella
98981846d627a7518e181986a831f0bf	d__Bacteria;p__Bacillota;c__Negativicutes;o__Veillonellales-Selenomonadales;f__Selenomonadaceae;g__Selenomonas;s__	g__Selenomonas
9e428cab604874258574343749d9032c	d__Bacteria;p__Bacteroidota;c__Bacteroidia;o__Bacteroidales;f__Bacteroidaceae;g__Bacteroides;s__	g__Bacteroides
1b9e9994a8411b9a7a7e8fe4ad398a37	d__Bacteria;p__Bacteroidota;c__Bacteroidia;o__Bacteroidales;f__Tannerellaceae;g__Tannerella;s__	g__Tannerella
ed1c74a4860c01e5ce4dc8702add45fc	d__Bacteria;p__Bacteroidota;c__Bacteroidia;o__Bacteroidales;f__Prevotellaceae;g__Segatella;s__	g__Segatella
190052b77c9dc98569ecf0fca34e2e52	d__Bacteria;p__Pseudomonadota;c__Gammaproteobacteria;o__Lysobacterales;f__Rhodanobacteraceae;g__Dyella;s__	g__Dyella
ee16dec518c67e1934d212837e097f78	d__Bacteria;p__Bacteroidota;c__Bacteroidia;o__Bacteroidales;f__Tannerellaceae;g__Tannerella;s__	g__Tannerella
0f58ec9d044b3ddd41f1af7b0cb87baf	d__Bacteria;p__Spirochaetota;c__Spirochaetia;o__Spirochaetales;f__Spirochaetaceae;g__Treponema;s__	g__Treponema
4005aae8449f4c4543db7264649bc9f8	d__Bacteria;p__Bacillota;c__Negativicutes;o__Veillonellales-Selenomonadales;f__Veillonellaceae;g__Dialister;s__	g__Dialister
c30f68804730ca7a3df7a368ca305665	d__Bacteria;p__Bacteroidota;c__Bacteroidia;o__Bacteroidales;f__Prevotellaceae;g__Prevotella;s__	g__Prevotella
50139c95290352e5eb52f0f6249439f6	d__Bacteria;p__Bacillota;c__Negativicutes;o__Veillonellales-Selenomonadales;f__Selenomonadaceae;g__Selenomonas;s__	g__Selenomonas
1d6643580dd893b6d469d00756b5c6f1	d__Bacteria;p__Bacteroidota;c__Bacteroidia;o__Flavobacteriales;f__Weeksellaceae;g__Chryseobacterium;s__	g__Chryseobacterium
9c6007684ad62027172b33a9aafe8d41	d__Bacteria;p__Bacteroidota;c__Bacteroidia;o__Bacteroidales;f__Prevotellaceae;g__Hoylesella;s__	g__Hoylesella
fe1cf54c0649c682262b8040dcf81520	d__Bacteria;p__Bacillota;c__Negativicutes;o__Veillonellales-Selenomonadales;f__Selenomonadaceae;g__Incertae_Sedis;s__	g__Incertae_Sedis
616940206c1316d359ae4ee77078b0b3	d__Bacteria;p__Spirochaetota;c__Spirochaetia;o__Spirochaetales;f__Spirochaetaceae;g__Treponema;s__	g__Treponema
079695320da5e4c21abb81aefec3d887	d__Bacteria;p__Bacteroidota;c__Bacteroidia;o__Bacteroidales;f__Paludibacteraceae;g__F0058;s__	g__F0058
ef047f02fae64f8d88b8471c7ebdaaa9	d__Bacteria;p__Bacillota;c__Bacilli;o__Lactobacillales;f__Aerococcaceae;g__Abiotrophia;s__	g__Abiotrophia
8155fd82a91344447aed8f2d525e827d	d__Bacteria;p__Bacillota;c__Clostridia;o__Clostridia_UCG-014;f__Incertae_Sedis;g__Incertae_Sedis;s__	g__Incertae_Sedis
5172340d61e24cfdd3b9fb5b53e9b060	d__Bacteria;p__Bacillota;c__Clostridia;o__Lachnospirales;f__Lachnospiraceae;g__Lachnoanaerobaculum;s__	g__Lachnoanaerobaculum
d7d4c740c2adf8138af4bdb4a00a9ac7	d__Bacteria;p__Pseudomonadota;c__Gammaproteobacteria;o__Enterobacterales;f__Pasteurellaceae;g__Haemophilus;s__	g__Haemophilus
10e602aa537c97444bef00ad9b909e3b	d__Bacteria;p__Fusobacteriota;c__Fusobacteriia;o__Fusobacteriales;f__Leptotrichiaceae;g__Leptotrichia;s__	g__Leptotrichia
cc1a5e684e06d1b5f6ac81c0952ea82a	d__Bacteria;p__Pseudomonadota;c__Gammaproteobacteria;o__Burkholderiales;f__Neisseriaceae;g__Neisseria;s__	g__Neisseria
81608d08aa5ca5f225d92456905844ea	d__Bacteria;p__Bacillota;c__Clostridia;o__Lachnospirales;f__Lachnospiraceae;g__Catonella;s__	g__Catonella
3f5a4b7dfddcead248d15c696adff20a	d__Bacteria;p__Bacteroidota;c__Bacteroidia;o__Bacteroidales;f__Tannerellaceae;g__Tannerella;s__	g__Tannerella
a0613fcc809812fbe8b3774f0d2af6f3	d__Bacteria;p__Bacteroidota;c__Bacteroidia;o__Bacteroidales;f__Prevotellaceae;g__Prevotella;s__	g__Prevotella
5c478395e37f56a9664b3a0394a7b3e5	d__Bacteria;p__Spirochaetota;c__Spirochaetia;o__Spirochaetales;f__Spirochaetaceae;g__Treponema;s__	g__Treponema
ee73568076109edface22a383acec660	d__Bacteria;p__Fusobacteriota;c__Fusobacteriia;o__Fusobacteriales;f__Fusobacteriaceae;g__Fusobacterium;s__	g__Fusobacterium
ce1de948bbdc3b8deb47eb5cd2b57a5c	d__Bacteria;p__Bacillota;c__Bacilli;o__Staphylococcales;f__Staphylococcaceae;g__Staphylococcus;s__	g__Staphylococcus
5fe4f8875c248b25661f3d27b20bc12e	d__Bacteria;p__Bacteroidota;c__Bacteroidia;o__Bacteroidales;f__Prevotellaceae;g__Segatella;s__	g__Segatella
3e2f6a1640dbefe88f15f0978243716f	d__Bacteria;p__Actinomycetota;c__Actinobacteria;o__Actinomycetales;f__Actinomycetaceae;g__Schaalia;s__	g__Schaalia
cc1f106dae404eca16e3b7d588d58645	d__Bacteria;p__Bacteroidota;c__Bacteroidia;o__Bacteroidales;f__Bacteroidaceae;g__Bacteroides;s__	g__Bacteroides
b3226ffc0c9c648f3a7625b3148c40bb	d__Bacteria;p__Actinomycetota;c__Coriobacteriia;o__Coriobacteriales;f__Atopobiaceae;g__Lancefieldella;s__	g__Lancefieldella
fabe171641d41f553ca5eb256a14e112	d__Bacteria;p__Bacteroidota;c__Bacteroidia;o__Bacteroidales;f__Prevotellaceae;g__Prevotella;s__	g__Prevotella
93b562dbb27ae0d9a5b935f4139b1125	d__Bacteria;p__Bacteroidota;c__Bacteroidia;o__Bacteroidales;f__Prevotellaceae;g__Incertae_Sedis;s__	g__Incertae_Sedis
4a870c2098f76ae1f298d1e0c8ef6433	d__Bacteria;p__Pseudomonadota;c__Gammaproteobacteria;o__Burkholderiales;f__Neisseriaceae;g__Neisseria;s__	g__Neisseria
28300c9feb787c0938a6f99c305019e2	d__Bacteria;p__Pseudomonadota;c__Gammaproteobacteria;o__Enterobacterales;f__Pasteurellaceae;g__Haemophilus;s__	g__Haemophilus
6a0465624b19f1cda9a68e8dc82d4c68	d__Bacteria;p__Pseudomonadota;c__Gammaproteobacteria;o__Enterobacterales;f__Pasteurellaceae;g__Actinobacillus;s__	g__Actinobacillus
2e32bc5d4dfaeb185209c71299913390	d__Bacteria;p__Bacteroidota;c__Bacteroidia;o__Bacteroidales;f__Prevotellaceae;g__Prevotella;s__	g__Prevotella
377cec88964d97524ccd953d36324176	d__Bacteria;p__Fusobacteriota;c__Fusobacteriia;o__Fusobacteriales;f__Leptotrichiaceae;g__Leptotrichia;s__	g__Leptotrichia
9d1204e5b3c23db3647269af3f28c932	d__Bacteria;p__Bacteroidota;c__Bacteroidia;o__Bacteroidales;f__Prevotellaceae;g__Segatella;s__	g__Segatella
33f55ff88187ea5986d7c14b093e7b44	d__Bacteria;p__Patescibacteria;c__Saccharimonadia;o__Saccharimonadales;f__Saccharimonadaceae;g__TM7x;s__	g__TM7x
25e29edc5ce3022257a80d2448244ee6	d__Bacteria;p__Actinomycetota;c__Actinobacteria;o__Mycobacteriales;f__Corynebacteriaceae;g__Lawsonella;s__	g__Lawsonella
5e039991ed190d8a49e81123a66feb07	d__Bacteria;p__Bacteroidota;c__Bacteroidia;o__Bacteroidales;f__Prevotellaceae;g__Prevotella;s__	g__Prevotella
e9b84e3a21599a70e490724d3f03449c	d__Bacteria;p__Campylobacterota;c__Campylobacteria;o__Campylobacterales;f__Campylobacteraceae;g__Campylobacter;s__	g__Campylobacter
30bf4c4c5f01cee8d40198da5f1effe1	d__Bacteria;p__Bacillota;c__Clostridia;o__Peptostreptococcales-Tissierellales;f__Family_XI;g__Parvimonas;s__	g__Parvimonas
580126be3793faac5cd5f78367fac1ab	d__Bacteria;p__Pseudomonadota;c__Gammaproteobacteria;o__Burkholderiales;f__Neisseriaceae;g__Neisseria;s__	g__Neisseria
cb177767055899c460631ef835c0897b	d__Bacteria;p__Pseudomonadota;c__Gammaproteobacteria;o__Burkholderiales;f__Neisseriaceae;g__Neisseria;s__	g__Neisseria
89fa96e8672a47ca5af2475e57923443	d__Bacteria;p__Bacteroidota;c__Bacteroidia;o__Sphingobacteriales;f__Lentimicrobiaceae;g__Lentimicrobium;s__	g__Lentimicrobium
cb8e2c9ef45538d1b18e8a4913427ad9	d__Bacteria;p__Pseudomonadota;c__Alphaproteobacteria;o__Sphingomonadales;f__Sphingomonadaceae;g__Erythrobacter;s__	g__Erythrobacter
b3f9b7431c2b89657e2aa9c0623eaaed	d__Bacteria;p__Bacillota;c__Clostridia;o__Peptostreptococcales-Tissierellales;f__Peptostreptococcaceae;g__[Eubacterium]_yurii_group;s__	g__[Eubacterium]_yurii_group
c90ffe0df3e7dfe8fdf5d5c62e194b93	d__Bacteria;p__Bacillota;c__Negativicutes;o__Veillonellales-Selenomonadales;f__Selenomonadaceae;g__Selenomonas;s__	g__Selenomonas
e21fc8d6fb72d301fc9c60d5767cce74	d__Bacteria;p__Thermodesulfobacteriota;c__Desulfovibrionia;o__Desulfovibrionales;f__Desulfovibrionaceae;g__Bilophila;s__	g__Bilophila
f2735c286490a71c359f4d5db6bdd217	d__Bacteria;p__Bacillota;c__Clostridia;o__Oscillospirales;f__Ruminococcaceae;g__Gemmiger;s__	g__Gemmiger
0cca1c165c7ca5b1969cc048f20684be	d__Bacteria;p__Pseudomonadota;c__Gammaproteobacteria;o__Enterobacterales;f__Pasteurellaceae;g__Haemophilus;s__	g__Haemophilus
91078c1b1e61d15e89dc32fc614828be	d__Bacteria;p__Actinomycetota;c__Actinobacteria;o__Mycobacteriales;f__Dietziaceae;g__Dietzia;s__	g__Dietzia
94808a25ccb80c479167a072fe1a5d4b	d__Bacteria;p__Bacillota;c__Clostridia;o__Peptostreptococcales-Tissierellales;f__Family_XI;g__Anaerococcus;s__	g__Anaerococcus
f66ad1f336b5ca4593de0093c573bca7	d__Bacteria;p__Bacteroidota;c__Bacteroidia;o__Bacteroidales;f__Prevotellaceae;g__Alloprevotella;s__	g__Alloprevotella
b6085a9c3c080a79d1b361cde063cdd1	d__Bacteria;p__Chloroflexota;c__Anaerolineae;o__Anaerolineales;f__Anaerolineaceae;g__Flexilinea;s__	g__Flexilinea
03e2f5df331d0cceaadc88bad5a01d2c	d__Bacteria;p__Fusobacteriota;c__Fusobacteriia;o__Fusobacteriales;f__Fusobacteriaceae;g__Fusobacterium;s__	g__Fusobacterium
477e43745d33ad859185404854479b6a	d__Bacteria;p__Bacteroidota;c__Bacteroidia;o__Flavobacteriales;f__Flavobacteriaceae;g__Capnocytophaga;s__	g__Capnocytophaga
9cc73c3f761aac0ae8f97bddb17e2a41	d__Bacteria;p__Bacteroidota;c__Bacteroidia;o__Bacteroidales;f__Prevotellaceae;g__Incertae_Sedis;s__	g__Incertae_Sedis
dd5ce8d0b040693d540cb5aaf1b9fb3b	d__Bacteria;p__Bacillota;c__Clostridia;o__Peptostreptococcales-Tissierellales;f__Peptostreptococcaceae;g__Romboutsia;s__	g__Romboutsia
cccde017b452f92c86726956d7839550	d__Bacteria;p__Spirochaetota;c__Spirochaetia;o__Spirochaetales;f__Spirochaetaceae;g__Treponema;s__	g__Treponema
a26c437a9feefc3a6dc5d31c2e192879	d__Bacteria;p__Bacteroidota;c__Bacteroidia;o__Bacteroidales;f__Prevotellaceae;g__Segatella;s__	g__Segatella
457b6add788323ea849183f0454c832a	d__Bacteria;p__Actinomycetota;c__Actinobacteria;o__Micrococcales;f__Micrococcaceae;g__Rothia;s__	g__Rothia
40210f620a58fb29345647d4b7eb1be0	d__Bacteria;p__Bacillota;c__Bacilli;o__Lactobacillales;f__Aerococcaceae;g__Aerococcus;s__	g__Aerococcus
570467b552bcc9acee8f1de6e9398f2a	d__Bacteria;p__Pseudomonadota;c__Gammaproteobacteria;o__Enterobacterales;f__Pasteurellaceae;g__Aggregatibacter;s__	g__Aggregatibacter
89e105b1287b78e464aade951c23899d	d__Bacteria;p__Fusobacteriota;c__Fusobacteriia;o__Fusobacteriales;f__Fusobacteriaceae;g__Fusobacterium;s__	g__Fusobacterium
2e9f1c3013022ced2c0c9567d59fc064	d__Bacteria;p__Bacillota;c__Clostridia;o__Oscillospirales;f__Ruminococcaceae;g__Incertae_Sedis;s__	g__Incertae_Sedis
b482f65cc212fb4ae7ba58faaacbfd0e	d__Bacteria;p__Patescibacteria;c__Saccharimonadia;o__Saccharimonadales;f__Incertae_Sedis;g__Incertae_Sedis;s__	g__Incertae_Sedis
a51f09bdf2d2d505144899680e56ae68	d__Bacteria;p__Synergistota;c__Synergistia;o__Synergistales;f__Synergistaceae;g__Incertae_Sedis;s__	g__Incertae_Sedis
a7c36f47a1e78f63ecc651938a3c5666	d__Bacteria;p__Pseudomonadota;c__Alphaproteobacteria;o__Hyphomicrobiales;f__Rhizobiaceae	Unclassified
07cf4a6e1c7f5281a57dda607eb7b952	d__Bacteria;p__Bacillota;c__Bacilli;o__Bacillales;f__Bacillaceae;g__Bacillus;s__	g__Bacillus
9e3e32c579b2170a3a43e36274010a91	d__Bacteria;p__Bacillota;c__Clostridia;o__Clostridia_UCG-014;f__Incertae_Sedis;g__Incertae_Sedis;s__	g__Incertae_Sedis
7e54a0d564eabb9b6065078437dde0ef	d__Bacteria;p__Bacillota;c__Negativicutes;o__Veillonellales-Selenomonadales;f__Selenomonadaceae;g__Selenomonas;s__	g__Selenomonas
18cb3820656f33cd7abd99407ead15b9	d__Bacteria;p__Pseudomonadota;c__Gammaproteobacteria;o__Lysobacterales;f__Lysobacteraceae;g__Luteimonas;s__	g__Luteimonas
c8f8c3d02f84d3affef7372dc0e516e1	d__Bacteria;p__Campylobacterota;c__Campylobacteria;o__Campylobacterales;f__Campylobacteraceae;g__Campylobacter;s__	g__Campylobacter
ec33bb613403625cca68bbc365c47fed	d__Bacteria;p__Spirochaetota;c__Spirochaetia;o__Spirochaetales;f__Spirochaetaceae;g__Treponema;s__	g__Treponema
f8e01d343cb3d4060f59ca56762df3c8	d__Bacteria;p__Bacillota;c__Bacilli;o__Erysipelotrichales;f__Erysipelatoclostridiaceae;g__Eggerthia;s__	g__Eggerthia
a34a86839f81a8605564580573cc5230	d__Bacteria;p__Thermodesulfobacteriota;c__Desulfobulbia;o__Desulfobulbales;f__Desulfobulbaceae;g__Desulfobulbus;s__	g__Desulfobulbus
ff7008e0758ad4e31fc71663fead0d80	d__Bacteria;p__Bacillota;c__Clostridia;o__Lachnospirales;f__Lachnospiraceae;g__Mediterraneibacter;s__	g__Mediterraneibacter
292fdaa83574352a9a47e20b565d7678	d__Bacteria;p__Bacteroidota;c__Bacteroidia;o__Bacteroidales;f__Porphyromonadaceae;g__Porphyromonas;s__	g__Porphyromonas
4bb8ab6fe7f69fc37fe8e96f17f55ed2	d__Bacteria;p__Bacteroidota;c__Bacteroidia;o__Bacteroidales;f__Prevotellaceae;g__Prevotella;s__	g__Prevotella
c3170ce3bc8ad2f17a3f6fb608705f79	d__Bacteria;p__Bacteroidota;c__Bacteroidia;o__Bacteroidales;f__Prevotellaceae;g__Alloprevotella;s__	g__Alloprevotella
20059bcf6de888ba9bf88c5a8df38675	d__Bacteria;p__Bacteroidota;c__Bacteroidia;o__Bacteroidales;f__Prevotellaceae;g__Hoylesella;s__	g__Hoylesella
3d67b79eabade3bd156c2b596355517a	d__Bacteria;p__Bacteroidota;c__Bacteroidia;o__Bacteroidales;f__Prevotellaceae;g__Segatella;s__	g__Segatella
89b93a4265f5d2496ff7cdc3d60eb914	d__Bacteria;p__Bacillota;c__Negativicutes;o__Veillonellales-Selenomonadales;f__Selenomonadaceae;g__Selenomonas;s__	g__Selenomonas
3c658f6c9bada455b6ba23ac84604d1a	d__Bacteria;p__Bacteroidota;c__Bacteroidia;o__Bacteroidales;f__Prevotellaceae;g__Segatella;s__	g__Segatella
f2a7479b93b84dee7f31acccf2fd0898	d__Bacteria;p__Bacillota;c__Negativicutes;o__Veillonellales-Selenomonadales;f__Selenomonadaceae;g__Selenomonas;s__	g__Selenomonas
9a6a9bb2d607eeb7f87205151faa2f85	d__Bacteria;p__Bacteroidota;c__Bacteroidia;o__Flavobacteriales;f__Flavobacteriaceae;g__Capnocytophaga;s__	g__Capnocytophaga
22b7dcdafcb90fcb4a0e4f168de68d9d	d__Bacteria;p__Spirochaetota;c__Spirochaetia;o__Spirochaetales;f__Spirochaetaceae;g__Treponema;s__	g__Treponema
45d47f709fb421198e2142b276a06c3f	d__Bacteria;p__Bacillota;c__Negativicutes;o__Veillonellales-Selenomonadales;f__Selenomonadaceae;g__Selenomonas;s__	g__Selenomonas
da8c7f64339e79b929c0a115c374edd4	d__Bacteria;p__Fusobacteriota;c__Fusobacteriia;o__Fusobacteriales;f__Leptotrichiaceae;g__Pseudoleptotrichia;s__	g__Pseudoleptotrichia
1fd4deeabd1ebf4be18cf45d11be2a57	d__Bacteria;p__Bacteroidota;c__Bacteroidia;o__Bacteroidales;f__Prevotellaceae;g__Segatella;s__	g__Segatella
23409be3d22bc46d5871975b40ffbd18	d__Bacteria;p__Bacillota;c__Negativicutes;o__Veillonellales-Selenomonadales;f__Selenomonadaceae;g__Selenomonas;s__	g__Selenomonas
0177aa6710f8fa7b8ada8fac83e33736	d__Bacteria;p__Fusobacteriota;c__Fusobacteriia;o__Fusobacteriales;f__Fusobacteriaceae;g__Fusobacterium;s__	g__Fusobacterium
b1edd2bcf5ebf7db8a4fdeced863ffdf	d__Bacteria;p__Pseudomonadota;c__Gammaproteobacteria;o__Pseudomonadales;f__Moraxellaceae;g__Acinetobacter;s__	g__Acinetobacter
57f805a5a632d115545de99ef03407f1	d__Bacteria;p__Pseudomonadota;c__Gammaproteobacteria;o__Enterobacterales;f__Pasteurellaceae;g__Aggregatibacter;s__	g__Aggregatibacter
832e480ea71e3506905c31ad0d5b20b5	d__Bacteria;p__Bacteroidota;c__Bacteroidia;o__Bacteroidales;f__Porphyromonadaceae;g__Porphyromonas;s__	g__Porphyromonas
7ca4c200eb838cd1fdc8847affcf9934	d__Bacteria;p__Bacteroidota;c__Bacteroidia;o__Bacteroidales;f__Prevotellaceae;g__Hoylesella;s__	g__Hoylesella
be99a5128ce15ce096bb5e9e0d3be228	d__Bacteria;p__Actinomycetota;c__Actinobacteria;o__Mycobacteriales;f__Corynebacteriaceae;g__Corynebacterium;s__	g__Corynebacterium
4f51cf9d1c0bb6028508998eb5715ad3	d__Bacteria;p__Pseudomonadota;c__Alphaproteobacteria;o__Sphingomonadales;f__Sphingomonadaceae;g__Novosphingobium;s__	g__Novosphingobium
478fbb4f205b1f364cca1040b056bfe9	d__Bacteria;p__Bacteroidota;c__Bacteroidia;o__Bacteroidales;f__Prevotellaceae;g__Segatella;s__	g__Segatella
8fc7b180c267a5320953c55d324e05c8	d__Bacteria;p__Bacteroidota;c__Bacteroidia;o__Bacteroidales;f__Prevotellaceae;g__Hoylesella;s__	g__Hoylesella
b2a8ffa13184b93f4889f431bd9cea22	d__Bacteria;p__Bdellovibrionota;c__Oligoflexia;o__Oligoflexales;f__Oligoflexaceae;g__Incertae_Sedis;s__	g__Incertae_Sedis
f7fd0dc3d514bc891dd31e045f29ba31	d__Bacteria;p__Bacteroidota;c__Bacteroidia;o__Flavobacteriales;f__Flavobacteriaceae;g__Capnocytophaga;s__	g__Capnocytophaga
720fc44387d4a541f0c1798d03bc2703	d__Bacteria;p__Patescibacteria;c__Saccharimonadia;o__Saccharimonadales;f__Saccharimonadaceae;g__Candidatus_Saccharimonas;s__	g__Candidatus_Saccharimonas
1100b918a1caeca6abb8601606148322	d__Bacteria;p__Bacillota;c__Negativicutes;o__Veillonellales-Selenomonadales;f__Selenomonadaceae;g__Selenomonas;s__	g__Selenomonas
fad67bbb42df3dea872a6c4be30a3ee6	d__Bacteria;p__Bacteroidota;c__Bacteroidia;o__Bacteroidales;f__Porphyromonadaceae;g__Porphyromonas;s__	g__Porphyromonas
bd323ae18c05ef24ddf56667c04faecd	d__Bacteria;p__Pseudomonadota;c__Alphaproteobacteria;o__Hyphomicrobiales;f__Beijerinckiaceae;g__Methylorubrum;s__	g__Methylorubrum
968d44823f13578fb354e64706612c29	d__Bacteria;p__Pseudomonadota;c__Gammaproteobacteria;o__Burkholderiales;f__Burkholderiaceae;g__Cupriavidus;s__	g__Cupriavidus
8ab211ae1a2761d07dd16c47b5625e80	d__Bacteria;p__Bacillota;c__Clostridia;o__Lachnospirales;f__Lachnospiraceae;g__Enterocloster;s__	g__Enterocloster
9171dd03a0eca31700b622f8c4f7b3f4	d__Bacteria;p__Bacteroidota;c__Bacteroidia;o__Bacteroidales;f__Prevotellaceae;g__Prevotella;s__	g__Prevotella
cc326ccd17f62ce4e75ef94a2fd2862a	d__Bacteria;p__Bacteroidota;c__Bacteroidia;o__Bacteroidales;f__Prevotellaceae;g__Prevotella;s__	g__Prevotella
096e3f6b1f40829c9dd6c3dbef67ca5d	d__Bacteria;p__Bacteroidota;c__Bacteroidia;o__Bacteroidales;f__Prevotellaceae;g__Prevotella;s__	g__Prevotella
63969db8fed4aca11178d6d7a47b3b30	d__Bacteria;p__Pseudomonadota;c__Gammaproteobacteria;o__Cardiobacteriales;f__Cardiobacteriaceae;g__Cardiobacterium;s__	g__Cardiobacterium
f61fa09a9f077bad986709f6e17acc46	d__Bacteria;p__Spirochaetota;c__Spirochaetia;o__Spirochaetales;f__Spirochaetaceae;g__Treponema;s__	g__Treponema
4765644a2fe0412c9cdb0f3dd9fc555c	d__Bacteria;p__Fusobacteriota;c__Fusobacteriia;o__Fusobacteriales;f__Fusobacteriaceae;g__Fusobacterium;s__	g__Fusobacterium
dff616f28f197544a0652be63cfe89a3	d__Bacteria;p__Bacillota;c__Negativicutes;o__Veillonellales-Selenomonadales;f__Veillonellaceae;g__Veillonella;s__	g__Veillonella
1041aa24c745544fae450a0ef9ae7aba	d__Bacteria;p__Spirochaetota;c__Spirochaetia;o__Spirochaetales;f__Spirochaetaceae;g__Treponema;s__	g__Treponema
08747bd9cefd5e1c56277eea68d9876b	d__Bacteria;p__Spirochaetota;c__Spirochaetia;o__Spirochaetales;f__Spirochaetaceae;g__Treponema;s__	g__Treponema
6bd505520f220297ea821fb931aa2150	d__Bacteria;p__Bacillota;c__Negativicutes;o__Veillonellales-Selenomonadales;f__Selenomonadaceae;g__Selenomonas;s__	g__Selenomonas
f99447cc96cac5f56ca343d901cfabc3	d__Bacteria;p__Bacillota;c__Negativicutes;o__Veillonellales-Selenomonadales;f__Selenomonadaceae;g__Selenomonas;s__	g__Selenomonas
9e586c17dfe89d5c01b1877cf5b9ca27	d__Bacteria;p__Spirochaetota;c__Spirochaetia;o__Spirochaetales;f__Spirochaetaceae;g__Treponema;s__	g__Treponema
5c318b83b19a5b5a2638fe7ec5411fc1	d__Bacteria;p__Bacteroidota;c__Bacteroidia;o__Bacteroidales;f__Prevotellaceae;g__Prevotella;s__	g__Prevotella
5479ca07a74764809149b48c8c28874e	d__Bacteria;p__Bacillota;c__Negativicutes;o__Veillonellales-Selenomonadales;f__Veillonellaceae;g__Veillonella;s__	g__Veillonella
02dd82564e88b93aafe8ae1f44af58fb	d__Bacteria;p__Bacillota;c__Negativicutes;o__Veillonellales-Selenomonadales;f__Selenomonadaceae;g__Selenomonas;s__	g__Selenomonas
6443eebf4c0a6c06632d6761c45fb065	d__Bacteria;p__Bacteroidota;c__Bacteroidia;o__Bacteroidales;f__Prevotellaceae;g__Incertae_Sedis;s__	g__Incertae_Sedis
e2be8a5393412a564b0fba16916eaf4d	d__Bacteria;p__Bacteroidota;c__Bacteroidia;o__Bacteroidales;f__Prevotellaceae;g__Segatella;s__	g__Segatella
b012e4baaccdb5eb2565ded9abbe76bc	d__Bacteria;p__Actinomycetota;c__Coriobacteriia;o__Coriobacteriales;f__Eggerthellaceae;g__Cryptobacterium;s__	g__Cryptobacterium
a010600e2ba273d5b1d84c0e8aed0e5f	d__Bacteria;p__Bacteroidota;c__Bacteroidia;o__Bacteroidales;f__Prevotellaceae;g__Incertae_Sedis;s__	g__Incertae_Sedis
63f14c6e69cd77d2eb431b5717e0e505	d__Bacteria;p__Bacteroidota;c__Bacteroidia;o__Bacteroidales;f__Rikenellaceae;g__Rikenellaceae_RC9_gut_group;s__	g__Rikenellaceae_RC9_gut_group
cb5400c4f8d9180e6f2ffffebf6fa2ba	d__Bacteria;p__Patescibacteria;c__Saccharimonadia;o__Saccharimonadales;f__Saccharimonadaceae;g__Candidatus_Saccharimonas;s__	g__Candidatus_Saccharimonas
82c5dfb7997c42ff8e1c838fda1cd549	d__Bacteria;p__Fusobacteriota;c__Fusobacteriia;o__Fusobacteriales;f__Leptotrichiaceae;g__Leptotrichia;s__	g__Leptotrichia
7a891161772fb1972671ad3dceef9523	d__Bacteria;p__Bacillota;c__Negativicutes;o__Veillonellales-Selenomonadales;f__Veillonellaceae;g__Megasphaera;s__	g__Megasphaera
22ab20b593dbee3765141eecea183c5d	d__Bacteria;p__Fusobacteriota;c__Fusobacteriia;o__Fusobacteriales;f__Leptotrichiaceae;g__Leptotrichia;s__	g__Leptotrichia
10fc770813e7ad52eaf1dd97384bf72e	d__Bacteria;p__Fusobacteriota;c__Fusobacteriia;o__Fusobacteriales;f__Fusobacteriaceae;g__Fusobacterium;s__	g__Fusobacterium
ec4d119afe2e9e6e4c8069358f499886	d__Bacteria;p__Pseudomonadota;c__Gammaproteobacteria;o__Burkholderiales;f__Comamonadaceae;g__Limnohabitans;s__	g__Limnohabitans
a6066a8f0f45a5f7ed62f17706a7855d	d__Bacteria;p__Bacillota;c__Negativicutes;o__Veillonellales-Selenomonadales;f__Selenomonadaceae;g__Selenomonas;s__	g__Selenomonas
dc34edf0df4f27ba466236c1ce437d54	d__Bacteria;p__Bacillota;c__Clostridia;o__Lachnospirales;f__Lachnospiraceae;g__Lachnoanaerobaculum;s__	g__Lachnoanaerobaculum
f2964b3dc389b071466638ab37fef473	d__Bacteria;p__Thermodesulfobacteriota;c__Desulfovibrionia;o__Desulfovibrionales;f__Desulfomicrobiaceae;g__Desulfomicrobium;s__	g__Desulfomicrobium
6204a60a46836a127735b59b9bb1ffb9	d__Bacteria;p__Bacillota;c__Negativicutes;o__Veillonellales-Selenomonadales;f__Veillonellaceae;g__Veillonella;s__	g__Veillonella
807db3d1ef9c1d31032e1b8c3a8f48b3	d__Bacteria;p__Bacteroidota;c__Bacteroidia;o__Bacteroidales;f__Prevotellaceae;g__Segatella;s__	g__Segatella
b808aa391d786b918701aa1cb4ca27e9	d__Bacteria;p__Fusobacteriota;c__Fusobacteriia;o__Fusobacteriales;f__Fusobacteriaceae;g__Fusobacterium;s__	g__Fusobacterium
c10f59e60de49d0cd4c3c8dac532c479	d__Bacteria;p__Pseudomonadota;c__Gammaproteobacteria;o__Burkholderiales;f__Burkholderiaceae;g__Ralstonia;s__	g__Ralstonia
8cef1ea4c47b81d39b07e4b9d136b48f	d__Bacteria;p__Actinomycetota;c__Actinobacteria;o__Actinomycetales;f__Actinomycetaceae;g__Schaalia;s__	g__Schaalia
4443cc29095542a1ec691652339394ae	d__Bacteria;p__Bacteroidota;c__Bacteroidia;o__Bacteroidales;f__Prevotellaceae;g__Segatella;s__	g__Segatella
248bba1a156131fcf47e04b91551a09a	d__Bacteria;p__Fusobacteriota;c__Fusobacteriia;o__Fusobacteriales;f__Leptotrichiaceae;g__Pseudoleptotrichia;s__	g__Pseudoleptotrichia
af55a51d70309b5a90881e13baeaa35f	d__Bacteria;p__Pseudomonadota;c__Gammaproteobacteria;o__Enterobacterales;f__Pasteurellaceae;g__Actinobacillus;s__	g__Actinobacillus
fd59ef724939bd3386bbb645b1c49ff1	d__Bacteria;p__Bacillota;c__Clostridia;o__Lachnospirales;f__Lachnospiraceae;g__Oribacterium;s__	g__Oribacterium
8756f52539ccd645eb8bfd03b524f1a7	d__Bacteria;p__Bacteroidota;c__Bacteroidia;o__Bacteroidales;f__Prevotellaceae;g__Segatella;s__	g__Segatella
91452758249cbab1cea334d83322bb25	d__Bacteria;p__Bacillota;c__Clostridia;o__Peptococcales;f__Peptococcaceae;g__Peptococcus;s__	g__Peptococcus
788de1ab1f0308d5f79711e05c6ab6e7	d__Bacteria;p__Spirochaetota;c__Spirochaetia;o__Spirochaetales;f__Spirochaetaceae;g__Treponema;s__	g__Treponema
64713e5f9554f7a589bb925929d70a3a	d__Bacteria;p__Pseudomonadota;c__Gammaproteobacteria;o__Burkholderiales;f__Neisseriaceae;g__Neisseria;s__	g__Neisseria
9b97572c83f34336aac8db84cf5f6a7f	d__Bacteria;p__Fusobacteriota;c__Fusobacteriia;o__Fusobacteriales;f__Leptotrichiaceae;g__Leptotrichia;s__	g__Leptotrichia
db9fa9a333e415fdd451dbcfcea5798c	d__Bacteria;p__Fusobacteriota;c__Fusobacteriia;o__Fusobacteriales;f__Fusobacteriaceae;g__Fusobacterium;s__	g__Fusobacterium
95073200062254184db6c8049bd7ce62	d__Bacteria;p__Bacteroidota;c__Bacteroidia;o__Bacteroidales;f__Prevotellaceae;g__Prevotella;s__	g__Prevotella
5063df09119fc9294253abac49038227	d__Bacteria;p__Bacteroidota;c__Bacteroidia;o__Flavobacteriales;f__Weeksellaceae;g__Bergeyella;s__	g__Bergeyella
20482fd9f3d1838fb80180c6fd70a266	d__Bacteria;p__Fusobacteriota;c__Fusobacteriia;o__Fusobacteriales;f__Leptotrichiaceae;g__Leptotrichia;s__	g__Leptotrichia
fd250386e2e13cac52101f91a063fcda	d__Bacteria;p__Fusobacteriota;c__Fusobacteriia;o__Fusobacteriales;f__Fusobacteriaceae;g__Fusobacterium;s__	g__Fusobacterium
c70be7b1b887cb1b02821bc5fd85723c	d__Bacteria;p__Bacteroidota;c__Bacteroidia;o__Bacteroidales;f__Porphyromonadaceae;g__Porphyromonas;s__	g__Porphyromonas
8cf302cb26acd12bffc56884e1cecedb	d__Bacteria;p__Bacteroidota;c__Bacteroidia;o__Bacteroidales;f__Prevotellaceae;g__Prevotella;s__	g__Prevotella
2a231f08891292ebf633fb67c2243110	d__Bacteria;p__Bacillota;c__Clostridia;o__Lachnospirales;f__Lachnospiraceae;g__Blautia;s__	g__Blautia
39588ae5a2fba3ddc3cad7a75d195554	d__Bacteria;p__Bacillota;c__Clostridia;o__Lachnospirales;f__Lachnospiraceae;g__Anaerobutyricum;s__	g__Anaerobutyricum
95556f00cfd2f66171cdab2927b4489c	d__Bacteria;p__Bacteroidota;c__Bacteroidia;o__Flavobacteriales;f__Weeksellaceae;g__Bergeyella;s__	g__Bergeyella
8fbaaf1c440f43ef8f90473e6d6689cf	d__Bacteria;p__Bacteroidota;c__Bacteroidia;o__Bacteroidales;f__Prevotellaceae;g__Segatella;s__	g__Segatella
112a6d0fd2100d76216c42a62fc03060	d__Bacteria;p__Bacteroidota;c__Bacteroidia;o__Flavobacteriales;f__Flavobacteriaceae;g__Capnocytophaga;s__	g__Capnocytophaga
6902e6c447c849c269ff8f2c3f593df0	d__Bacteria;p__Bacteroidota;c__Bacteroidia;o__Bacteroidales;f__Prevotellaceae;g__Segatella;s__	g__Segatella
04d1d438f4f89e9bbe401ef1c68d7038	d__Bacteria;p__Spirochaetota;c__Spirochaetia;o__Spirochaetales;f__Spirochaetaceae;g__Treponema;s__	g__Treponema
fe3b53a9a3a397f782e7496f5207404e	d__Bacteria;p__Bacillota;c__Negativicutes;o__Veillonellales-Selenomonadales;f__Selenomonadaceae;g__Selenomonas;s__	g__Selenomonas
50de35d14888675e3cf7a6c593712f05	d__Bacteria;p__Bacillota;c__Bacilli;o__Lactobacillales;f__Streptococcaceae;g__Streptococcus;s__	g__Streptococcus
292df9952a1d1caa08a1affb29e91377	d__Bacteria;p__Pseudomonadota;c__Gammaproteobacteria;o__Burkholderiales;f__Neisseriaceae;g__Neisseria;s__	g__Neisseria
8e801367465138d53f5f6e4b954544c1	d__Bacteria;p__Patescibacteria;c__Saccharimonadia;o__Saccharimonadales;f__Saccharimonadaceae;g__TM7x;s__	g__TM7x
b5e27213544b99ce3a8bace4352e3044	d__Bacteria;p__Bacteroidota;c__Bacteroidia;o__Bacteroidales;f__Prevotellaceae;g__Alloprevotella;s__	g__Alloprevotella
ac0e4c409c1278f834004ad907188cc9	d__Bacteria;p__Bacteroidota;c__Bacteroidia;o__Flavobacteriales;f__Flavobacteriaceae;g__Capnocytophaga;s__	g__Capnocytophaga
b8e208eeea3879556587682d351e34f1	d__Bacteria;p__Pseudomonadota;c__Gammaproteobacteria;o__Burkholderiales;f__Burkholderiaceae;g__Lautropia;s__	g__Lautropia
55d2aaffbd3b95f69c6ee97a85e2ad7c	d__Bacteria;p__Bacteroidota;c__Bacteroidia;o__Bacteroidales;f__Prevotellaceae;g__Segatella;s__	g__Segatella
b007d8b7871af56de9dc6ad0d0029447	d__Bacteria;p__Bacillota;c__Bacilli;o__Lactobacillales;f__Streptococcaceae;g__Streptococcus;s__	g__Streptococcus
fd109d8bbb2a0bcb82fa3b9cc76408b6	d__Bacteria;p__Bacillota;c__Negativicutes;o__Veillonellales-Selenomonadales;f__Selenomonadaceae;g__Selenomonas;s__	g__Selenomonas
64078762a798506e3668de474b745244	d__Bacteria;p__Bacteroidota;c__Bacteroidia;o__Bacteroidales;f__Prevotellaceae;g__Prevotella;s__	g__Prevotella
f4bb0a2586ab977ab32397103ef22407	d__Bacteria;p__Bacteroidota;c__Bacteroidia;o__Bacteroidales;f__Incertae_Sedis;g__Phocaeicola;s__	g__Phocaeicola
7f3555f8f88e2099b623c9cac8bc851e	d__Bacteria;p__Bacillota;c__Negativicutes;o__Veillonellales-Selenomonadales;f__Veillonellaceae;g__Veillonella;s__	g__Veillonella
aeae6cda630563b35607a22f4540c18c	d__Bacteria;p__Bacteroidota;c__Bacteroidia;o__Bacteroidales;f__Prevotellaceae;g__Segatella;s__	g__Segatella
d0049b758985a677b30bc28bcf889beb	d__Bacteria;p__Bacillota;c__Clostridia;o__Lachnospirales;f__Lachnospiraceae;g__Incertae_Sedis;s__	g__Incertae_Sedis
f17eebc8741ac61a8ad32b9acc26f300	d__Bacteria;p__Bacillota;c__Negativicutes;o__Veillonellales-Selenomonadales;f__Selenomonadaceae;g__Selenomonas;s__	g__Selenomonas
b21d6441379e9b8b364a2d50e621b98e	d__Bacteria;p__Actinomycetota;c__Actinobacteria;o__Actinomycetales;f__Actinomycetaceae;g__Actinomyces;s__	g__Actinomyces
dc266c0072764649d94f6ff39df594cc	d__Bacteria;p__Bacteroidota;c__Bacteroidia;o__Bacteroidales;f__Porphyromonadaceae;g__Porphyromonas;s__	g__Porphyromonas
3d16518bff39b83fb826127a636bc102	d__Bacteria;p__Bacteroidota;c__Bacteroidia;o__Bacteroidales;f__Paludibacteraceae;g__F0058;s__	g__F0058
4c60039e47b9d309ccfed128696613e0	d__Bacteria;p__Pseudomonadota;c__Alphaproteobacteria;o__Sphingomonadales;f__Sphingomonadaceae;g__Sphingomonas;s__	g__Sphingomonas
6d24d50b7fbc4118079e6051fe3abc68	d__Bacteria;p__Bacillota;c__Clostridia;o__Peptostreptococcales-Tissierellales;f__Family_XI;g__Peptoniphilus;s__	g__Peptoniphilus
5d94c2f3df8b5b6fffa6c37810204eba	d__Bacteria;p__Bacillota;c__Negativicutes;o__Veillonellales-Selenomonadales;f__Veillonellaceae;g__Veillonella;s__	g__Veillonella
f234890547089c2e2bb7614be3e24d02	d__Bacteria;p__Bacteroidota;c__Bacteroidia;o__Bacteroidales;f__Prevotellaceae;g__Prevotella;s__	g__Prevotella
65f7ccad9b7ab9b33ee5afb970cd9ed1	d__Bacteria;p__Bacillota;c__Bacilli;o__Lactobacillales;f__Streptococcaceae;g__Streptococcus;s__	g__Streptococcus
291d45eca8c6d3454d23164e61e88251	d__Bacteria;p__Fusobacteriota;c__Fusobacteriia;o__Fusobacteriales;f__Leptotrichiaceae;g__Leptotrichia;s__	g__Leptotrichia
a15055fe4c90008fb140539b2ad88542	d__Bacteria;p__Bacillota;c__Negativicutes;o__Veillonellales-Selenomonadales;f__Selenomonadaceae;g__Selenomonas;s__	g__Selenomonas
ce6ac6de24d317298fb24086043636f5	d__Bacteria;p__Bacillota;c__Negativicutes;o__Veillonellales-Selenomonadales;f__Veillonellaceae;g__Dialister;s__	g__Dialister
1575fa7b157753547af90ad36940b4fe	d__Bacteria;p__Bacillota;c__Negativicutes;o__Veillonellales-Selenomonadales;f__Veillonellaceae;g__Veillonella;s__	g__Veillonella
4803fa01e0e83307a178f77a1babb7bd	d__Bacteria;p__Actinomycetota;c__Actinobacteria;o__Actinomycetales;f__Actinomycetaceae;g__Schaalia;s__	g__Schaalia
65a83d3e2748856051173448106543c1	d__Bacteria;p__Bacteroidota;c__Bacteroidia;o__Bacteroidales;f__Prevotellaceae;g__Prevotella;s__	g__Prevotella
e38f0caa73f73d6b489b710f15bdb4af	d__Bacteria;p__Bacillota;c__Clostridia;o__Peptostreptococcales-Tissierellales;f__Peptostreptococcaceae;g__[Eubacterium]_yurii_group;s__	g__[Eubacterium]_yurii_group
0b577efb014b2f71406912a9ea5afdce	d__Bacteria;p__Bacteroidota;c__Bacteroidia;o__Bacteroidales;f__Prevotellaceae;g__Prevotella;s__	g__Prevotella
3f204b032f98d064b07a30041e4c7fc7	d__Bacteria;p__Spirochaetota;c__Spirochaetia;o__Spirochaetales;f__Spirochaetaceae;g__Treponema;s__	g__Treponema
76d30a9ee772ac3a1d3cf4b4c79d1692	d__Bacteria;p__Pseudomonadota;c__Gammaproteobacteria;o__Cardiobacteriales;f__Cardiobacteriaceae;g__Cardiobacterium;s__	g__Cardiobacterium
f6f28ee86415068e9998585aa6621fca	d__Bacteria;p__Bacillota;c__Bacilli;o__Staphylococcales;f__Staphylococcaceae;g__Staphylococcus;s__	g__Staphylococcus
9875f5a6f121cf90173f33061d68cb32	d__Bacteria;p__Bacillota;c__Clostridia;o__Lachnospirales;f__Lachnospiraceae;g__Catonella;s__	g__Catonella
6ba1332b22e5b0b97d88aa86037b6860	d__Bacteria;p__Actinomycetota;c__Actinobacteria;o__Micrococcales;f__Microbacteriaceae;g__Leucobacter;s__	g__Leucobacter
0a0a3e6636dd8694f2228c043c2c1520	d__Bacteria;p__Bacteroidota;c__Bacteroidia;o__Bacteroidales;f__Prevotellaceae;g__Prevotella;s__	g__Prevotella
a385f7b135aa6ff41e1b29770c24365c	d__Bacteria;p__Bacteroidota;c__Bacteroidia;o__Sphingobacteriales;f__Lentimicrobiaceae;g__Lentimicrobium;s__	g__Lentimicrobium
4b3144445523fc0f94d20f3786630120	d__Bacteria;p__Bacteroidota;c__Bacteroidia;o__Bacteroidales;f__Prevotellaceae;g__Incertae_Sedis;s__	g__Incertae_Sedis
27f7ba603be5d669c238abaaec6d9d3e	d__Bacteria;p__Bacillota;c__Bacilli;o__Lactobacillales;f__Streptococcaceae;g__Streptococcus;s__	g__Streptococcus
e9847d0e96248cd06241ff410a8270ef	d__Bacteria;p__Bacillota;c__Negativicutes;o__Veillonellales-Selenomonadales;f__Selenomonadaceae;g__Selenomonas;s__	g__Selenomonas
9e117d18f8013bbb85d92e6f816259e0	d__Bacteria;p__Bacteroidota;c__Bacteroidia;o__Bacteroidales;f__Prevotellaceae;g__Segatella;s__	g__Segatella
cec319459243af71edb52ce58998edd8	d__Bacteria;p__Actinomycetota;c__Actinobacteria;o__Mycobacteriales;f__Corynebacteriaceae;g__Corynebacterium;s__	g__Corynebacterium
d482f4e256ff4a031e49c03d29c9d801	d__Bacteria;p__Pseudomonadota;c__Gammaproteobacteria;o__Burkholderiales;f__Comamonadaceae;g__Comamonas;s__	g__Comamonas
13e8e1251144a0b767545d497c5b3f12	d__Bacteria;p__Bacillota;c__Clostridia;o__Lachnospirales;f__Lachnospiraceae;g__Johnsonella;s__	g__Johnsonella
30ae519f089d0ea1aa7b57b91888c0cf	d__Bacteria;p__Bacteroidota;c__Bacteroidia;o__Bacteroidales;f__Tannerellaceae;g__Tannerella;s__	g__Tannerella
73752bd86ba58cd161eb25b24b4bd010	d__Bacteria;p__Bacteroidota;c__Bacteroidia;o__Bacteroidales;f__Prevotellaceae;g__Prevotella;s__	g__Prevotella
eecc0e9f9a25a68ab6476796ca793970	d__Bacteria;p__Bacillota;c__Clostridia;o__Peptostreptococcales-Tissierellales;f__Anaerovoracaceae;g__[Eubacterium]_sulci_group;s__	g__[Eubacterium]_sulci_group
7a17c7f6a7a129aea37271a216fcde67	d__Bacteria;p__Pseudomonadota;c__Gammaproteobacteria;o__Pseudomonadales;f__Pseudomonadaceae;g__Pseudomonas;s__	g__Pseudomonas
d511c34b97199d0a4457e0a4bf0ac41c	d__Bacteria;p__Bacteroidota;c__Bacteroidia;o__Bacteroidales;f__Prevotellaceae;g__Segatella;s__	g__Segatella
9c73dd3269f2a168c79e04e0f02a0645	d__Bacteria;p__Bacteroidota;c__Bacteroidia;o__Bacteroidales;f__Prevotellaceae;g__Alloprevotella;s__	g__Alloprevotella
a0c80f50fb3364bd8811d808b6439f0b	d__Bacteria;p__Bacillota;c__Clostridia;o__Lachnospirales;f__Lachnospiraceae;g__Oribacterium;s__	g__Oribacterium
55d94bc9dc44524e74edac17949f6a5d	d__Bacteria;p__Pseudomonadota;c__Alphaproteobacteria;o__Sphingomonadales;f__Sphingomonadaceae;g__Sphingomonas;s__	g__Sphingomonas
f0ab1cf005949bfa625589af31271535	d__Bacteria;p__Bacteroidota;c__Bacteroidia;o__Bacteroidales;f__Prevotellaceae;g__Prevotella;s__	g__Prevotella
12cf1764d2114bb4f3568bf38e4d0e99	d__Bacteria;p__Bacillota;c__Clostridia;o__Peptostreptococcales-Tissierellales;f__Anaerovoracaceae;g__[Eubacterium]_sulci_group;s__	g__[Eubacterium]_sulci_group
f2c08e21d3ed99fe141317f458530d63	d__Bacteria;p__Bacillota;c__Clostridia;o__Lachnospirales;f__Lachnospiraceae;g__Stomatobaculum;s__	g__Stomatobaculum
587520e1ea5b9056981151e583a68cdc	d__Bacteria;p__Bacillota;c__Negativicutes;o__Veillonellales-Selenomonadales;f__Selenomonadaceae;g__Selenomonas;s__	g__Selenomonas
dcd3c54078b1b4fd590f85a37434e71f	d__Bacteria;p__Bacteroidota;c__Bacteroidia;o__Bacteroidales;f__Prevotellaceae;g__Segatella;s__	g__Segatella
981455735a9979cafa818d03b7f8c498	d__Bacteria;p__Bacillota;c__Clostridia;o__Peptostreptococcales-Tissierellales;f__Anaerovoracaceae;g__[Eubacterium]_brachy_group;s__	g__[Eubacterium]_brachy_group
b4a0f713b3309711cac1745c69fe3b0c	d__Bacteria;p__Fusobacteriota;c__Fusobacteriia;o__Fusobacteriales;f__Leptotrichiaceae;g__Pseudoleptotrichia;s__	g__Pseudoleptotrichia
6d2ab30ab6421e578b41116ec7706a2d	d__Bacteria;p__Spirochaetota;c__Spirochaetia;o__Spirochaetales;f__Spirochaetaceae;g__Treponema;s__	g__Treponema
b51ed68480a3ee50b203e141dc41a10d	d__Bacteria;p__Bacillota;c__Negativicutes;o__Veillonellales-Selenomonadales;f__Selenomonadaceae;g__Selenomonas;s__	g__Selenomonas
eb3357232ee140b5bd5de0c3babd10ca	d__Bacteria;p__Bacteroidota;c__Bacteroidia;o__Bacteroidales;f__Prevotellaceae;g__Segatella;s__	g__Segatella
871859321ddcfa7de07e35986c052586	d__Bacteria;p__Bacteroidota;c__Bacteroidia;o__Bacteroidales;f__Prevotellaceae;g__Prevotella;s__	g__Prevotella
c1ec269c1a8b1b968c3b674f28eb9e23	d__Bacteria;p__Spirochaetota;c__Spirochaetia;o__Spirochaetales;f__Spirochaetaceae;g__Treponema;s__	g__Treponema
dc0f00da4d3503707ee5f0e3f0c190fb	d__Bacteria;p__Actinomycetota;c__Actinobacteria;o__Micrococcales;f__Microbacteriaceae	Unclassified
7761fa6432cbeb802532d5b343fb5b56	d__Bacteria;p__Bacteroidota;c__Bacteroidia;o__Bacteroidales;f__Prevotellaceae;g__Hoylesella;s__	g__Hoylesella
29d7ae0bab224373919805a3043a1cd3	d__Bacteria;p__Bacteroidota;c__Bacteroidia;o__Bacteroidales;f__Prevotellaceae;g__Segatella;s__	g__Segatella
f58b981dadbe03b9963dcee74371b713	d__Bacteria;p__Bacillota;c__Negativicutes;o__Veillonellales-Selenomonadales;f__Veillonellaceae;g__Dialister;s__	g__Dialister
6e4db71d14dfe71138f00867aed411ec	d__Bacteria;p__Bacteroidota;c__Bacteroidia;o__Bacteroidales;f__Prevotellaceae;g__Prevotella;s__	g__Prevotella
c45622dc85340a88541ec10fad8f08e3	d__Bacteria;p__Bacillota;c__Bacilli;o__Lactobacillales;f__Streptococcaceae;g__Streptococcus;s__	g__Streptococcus
3679dbd7a9620f3f071a90f3a8f1f788	d__Bacteria;p__Actinomycetota;c__Actinobacteria;o__Actinomycetales;f__Actinomycetaceae;g__Schaalia;s__	g__Schaalia
5bfe09fec4a0bbc866e208c960413c35	d__Bacteria;p__Bacteroidota;c__Bacteroidia;o__Bacteroidales;f__Prevotellaceae;g__Prevotella;s__	g__Prevotella
69c510950312687524cba184538a51de	d__Bacteria;p__Actinomycetota;c__Actinobacteria;o__Actinomycetales;f__Actinomycetaceae;g__Schaalia;s__	g__Schaalia
aa74028ac9303b4f856503916c1df935	d__Bacteria;p__Bacteroidota;c__Bacteroidia;o__Bacteroidales;f__Bacteroidaceae;g__Bacteroides;s__	g__Bacteroides
a5fb1af927d8ae2ccec54b065a33130b	d__Bacteria;p__Bacteroidota;c__Bacteroidia;o__Bacteroidales;f__Prevotellaceae;g__Prevotella;s__	g__Prevotella
1546206f2ef47e84edb46a5a1ac45daa	d__Bacteria;p__Bacteroidota;c__Bacteroidia;o__Flavobacteriales;f__Flavobacteriaceae;g__Capnocytophaga;s__	g__Capnocytophaga
ffa3b6c9110f10af8bf367cd2c78d01b	d__Bacteria;p__Bacteroidota;c__Bacteroidia;o__Flavobacteriales;f__Flavobacteriaceae;g__Capnocytophaga;s__	g__Capnocytophaga
11a0f04ff1a6725db8de24420b5d17c9	d__Bacteria;p__Bacillota;c__Negativicutes;o__Veillonellales-Selenomonadales;f__Selenomonadaceae;g__Selenomonas;s__	g__Selenomonas
46d768a6c1fb0bc6f9dcc748e35baddc	d__Bacteria;p__Spirochaetota;c__Spirochaetia;o__Spirochaetales;f__Spirochaetaceae;g__Treponema;s__	g__Treponema
1774191f9ec6c70827d3abce3c64d600	d__Bacteria;p__Actinomycetota;c__Actinobacteria;o__Mycobacteriales;f__Corynebacteriaceae;g__Corynebacterium;s__	g__Corynebacterium
b3803ff245a8f7a56a3994eaeeb7d1e5	d__Bacteria;p__Bacteroidota;c__Bacteroidia;o__Bacteroidales;f__Prevotellaceae;g__Prevotella;s__	g__Prevotella
cd6f26f196c7ffba637eeb9db2c43b9b	d__Bacteria;p__Pseudomonadota;c__Gammaproteobacteria;o__Burkholderiales;f__Neisseriaceae;g__Kingella;s__	g__Kingella
7ca33dcb09e2dd8354692b9255d9cbe4	d__Bacteria;p__Bacteroidota;c__Bacteroidia;o__Bacteroidales;f__Prevotellaceae;g__Segatella;s__	g__Segatella
e9f3530dbe335442de90579263071386	d__Bacteria;p__Bacillota;c__Negativicutes;o__Veillonellales-Selenomonadales;f__Selenomonadaceae;g__Selenomonas;s__	g__Selenomonas
866a1c87e2fd623928a96939fc7f527e	d__Bacteria;p__Bacteroidota;c__Bacteroidia;o__Bacteroidales;f__Porphyromonadaceae;g__Porphyromonas;s__	g__Porphyromonas
d827dbc8182dfb1c4bae5c1f92c514be	d__Bacteria;p__Bacillota;c__Negativicutes;o__Veillonellales-Selenomonadales;f__Selenomonadaceae;g__Selenomonas;s__	g__Selenomonas
89678676122f220caff76bfa0110e2a9	d__Bacteria;p__Bacillota;c__Bacilli;o__Lactobacillales;f__Carnobacteriaceae;g__Granulicatella;s__	g__Granulicatella
2ca2e71bb9f74a1abc6871f915d355a3	d__Bacteria;p__Pseudomonadota;c__Gammaproteobacteria;o__Lysobacterales;f__Lysobacteraceae;g__Stenotrophomonas;s__	g__Stenotrophomonas
36db000567d4221edb367e5cf4bcc771	d__Bacteria;p__Bacillota;c__Clostridia;o__Lachnospirales;f__Lachnospiraceae;g__Roseburia;s__	g__Roseburia
318b54530af9d46fe767fe46e0186752	d__Bacteria;p__Bacteroidota;c__Bacteroidia;o__Bacteroidales;f__Prevotellaceae;g__Incertae_Sedis;s__	g__Incertae_Sedis
f8c8e88e77b8bb019eac9e936fbb0c35	d__Bacteria;p__Pseudomonadota;c__Gammaproteobacteria;o__Enterobacterales;f__Pasteurellaceae;g__Haemophilus;s__	g__Haemophilus
0f8ecb7efdeb54412229c3c25294cdb3	d__Bacteria;p__Bacillota;c__Clostridia;o__Lachnospirales;f__Lachnospiraceae;g__Lachnoanaerobaculum;s__	g__Lachnoanaerobaculum
9899d49be6a2b0d1c7cf1b0f1960a44d	d__Bacteria;p__Bacteroidota;c__Bacteroidia;o__Bacteroidales;f__Porphyromonadaceae;g__Porphyromonas;s__	g__Porphyromonas
b378326f2684b124a6ec0cbd303c82ac	d__Bacteria;p__Bacteroidota;c__Bacteroidia;o__Bacteroidales;f__Prevotellaceae;g__Alloprevotella;s__	g__Alloprevotella
147d20b91e2c2610592070cf1a1c9db9	d__Bacteria;p__Bacteroidota;c__Bacteroidia;o__Bacteroidales;f__Porphyromonadaceae;g__Porphyromonas;s__	g__Porphyromonas
50ac8395c4b086e91ecbb4798f595398	d__Bacteria;p__Bacillota;c__Negativicutes;o__Veillonellales-Selenomonadales;f__Selenomonadaceae;g__Selenomonas;s__	g__Selenomonas
67b46c4f431279d908fe8bdfb5d71a1e	d__Bacteria;p__Bacteroidota;c__Bacteroidia;o__Bacteroidales;f__Prevotellaceae;g__Prevotella;s__	g__Prevotella
e4039d69f817406fe4aec8178e3dae59	d__Bacteria;p__Bacillota;c__Negativicutes;o__Veillonellales-Selenomonadales;f__Selenomonadaceae;g__Selenomonas;s__	g__Selenomonas
fe36b5aff2e4f5d3b749f7db58332475	d__Bacteria;p__Bacillota;c__Clostridia;o__Clostridia_UCG-014;f__Incertae_Sedis;g__Incertae_Sedis;s__	g__Incertae_Sedis
b3c0a3a15c463819c92e6bdd0d4b3e5a	d__Bacteria;p__Actinomycetota;c__Coriobacteriia;o__Coriobacteriales;f__Atopobiaceae;g__Olsenella;s__	g__Olsenella
65db2ac6837e7d47da8dd1e315712fb1	d__Bacteria;p__Bacillota;c__Bacilli;o__Staphylococcales;f__Staphylococcaceae;g__Staphylococcus;s__	g__Staphylococcus
2115b27ba74d525e6b93f40876c5ae54	d__Bacteria;p__Bacteroidota;c__Bacteroidia;o__Bacteroidales;f__Bacteroidaceae;g__Bacteroides;s__	g__Bacteroides
fc9c26c815c0650042535ea33cc78988	d__Bacteria;p__Bacteroidota;c__Bacteroidia;o__Bacteroidales;f__Prevotellaceae;g__Alloprevotella;s__	g__Alloprevotella
15aa0b7c9dedd318634b74cb8fb4f528	d__Bacteria;p__Bacteroidota;c__Bacteroidia;o__Bacteroidales;f__Prevotellaceae;g__Hoylesella;s__	g__Hoylesella
0caca6cb2e30d16c10721a6e6386a9b9	d__Bacteria;p__Bacteroidota;c__Bacteroidia;o__Bacteroidales;f__Prevotellaceae;g__Incertae_Sedis;s__	g__Incertae_Sedis
fe500cf592e7002f2e8a95d1694a9342	d__Bacteria;p__Bacillota;c__Negativicutes;o__Veillonellales-Selenomonadales;f__Selenomonadaceae;g__Selenomonas;s__	g__Selenomonas
b9bc82f138ad5232aec30f30610a0960	d__Bacteria;p__Bacteroidota;c__Bacteroidia;o__Bacteroidales;f__Prevotellaceae;g__Prevotella;s__	g__Prevotella
8fd042e5f4a0257d70a3a76e5dee82cc	d__Bacteria;p__Actinomycetota;c__Actinobacteria;o__Micrococcales;f__Micrococcaceae;g__Rothia;s__	g__Rothia
e2a5f777a0e2d2794f84d78f158229d7	d__Bacteria;p__Pseudomonadota;c__Gammaproteobacteria;o__Enterobacterales;f__Pasteurellaceae;g__Haemophilus;s__	g__Haemophilus
6358423634cc95489174b3c8cc20850e	d__Bacteria;p__Bacteroidota;c__Bacteroidia;o__Bacteroidales;f__Prevotellaceae;g__Hoylesella;s__	g__Hoylesella
425de08d4842f46e409571b821cce29c	d__Bacteria;p__Pseudomonadota;c__Gammaproteobacteria;o__Burkholderiales;f__Neisseriaceae;g__Kingella;s__	g__Kingella
7c78dc9800d1ef8fea403948323783b6	d__Bacteria;p__Bacillota;c__Bacilli;o__Lactobacillales;f__Lactobacillaceae;g__Schleiferilactobacillus;s__	g__Schleiferilactobacillus
4b69ed016d601b7fbe4098be78ef0381	d__Bacteria;p__Bacillota;c__Bacilli;o__Lactobacillales;f__Streptococcaceae;g__Streptococcus;s__	g__Streptococcus
1bdc6df519956990b4742f1048ae6bfa	d__Bacteria;p__Bacillota;c__Negativicutes;o__Veillonellales-Selenomonadales;f__Selenomonadaceae;g__Selenomonas;s__	g__Selenomonas
e17a8683ca8d0c50dd6a7dd5790dac5a	d__Bacteria;p__Bacteroidota;c__Bacteroidia;o__Flavobacteriales;f__Flavobacteriaceae;g__Capnocytophaga;s__	g__Capnocytophaga
6871f163c820ba5b8c5684f41e770372	d__Bacteria;p__Bacillota;c__Negativicutes;o__Veillonellales-Selenomonadales;f__Selenomonadaceae;g__Selenomonas;s__	g__Selenomonas
c6f5069a53461ccf2020faed96924f5b	d__Bacteria;p__Bacteroidota;c__Bacteroidia;o__Bacteroidales;f__Prevotellaceae;g__Alloprevotella;s__	g__Alloprevotella
8aa18f62a9cca65911ececf7ae1bcacd	d__Bacteria;p__Bacteroidota;c__Bacteroidia;o__Bacteroidales;f__Prevotellaceae;g__Segatella;s__	g__Segatella
64ea1d58858c1cb22ab239d070fa330b	d__Bacteria;p__Bacteroidota;c__Bacteroidia;o__Bacteroidales;f__Prevotellaceae;g__Prevotella;s__	g__Prevotella
90c45e2c9dd8275b4dc87c869ee81c0f	d__Bacteria;p__Spirochaetota;c__Spirochaetia;o__Spirochaetales;f__Spirochaetaceae;g__Treponema;s__	g__Treponema
3b49852caec6122c4c95ef675849c3b6	d__Bacteria;p__Bacteroidota;c__Bacteroidia;o__Bacteroidales;f__Prevotellaceae;g__Hoylesella;s__	g__Hoylesella
a01b6188fb1fe6548a57a176ebbddf48	d__Bacteria;p__Bacteroidota;c__Bacteroidia;o__Bacteroidales;f__Bacteroidaceae;g__Bacteroides;s__	g__Bacteroides
89f5a4c47a4a60cceb95c3146f68e83b	d__Bacteria;p__Bacillota;c__Clostridia;o__Oscillospirales;f__Ruminococcaceae;g__Faecalibacterium;s__	g__Faecalibacterium
80af6cd51cf7dc12311edf1dd91f07e7	d__Bacteria;p__Bacteroidota;c__Bacteroidia;o__Bacteroidales;f__Prevotellaceae;g__Prevotella;s__	g__Prevotella
350c9f4690714eeb11a83c1f3de06d08	d__Bacteria;p__Fusobacteriota;c__Fusobacteriia;o__Fusobacteriales;f__Leptotrichiaceae;g__Pseudoleptotrichia;s__	g__Pseudoleptotrichia
d410eb99d344103d1306329fddee6e84	d__Bacteria;p__Actinomycetota;c__Actinobacteria;o__Mycobacteriales;f__Corynebacteriaceae;g__Corynebacterium;s__	g__Corynebacterium
623794fafed337d5b6a8cfedac93e19a	d__Bacteria;p__Bacteroidota;c__Bacteroidia;o__Bacteroidales;f__Prevotellaceae;g__Alloprevotella;s__	g__Alloprevotella
5166c0af45b6262312e6a74ba0166dca	d__Bacteria;p__Bacteroidota;c__Bacteroidia;o__Flavobacteriales;f__Weeksellaceae;g__Cloacibacterium;s__	g__Cloacibacterium
98f1af8c64c655b843869475c47350b4	d__Bacteria;p__Bacteroidota;c__Bacteroidia;o__Bacteroidales;f__Prevotellaceae;g__Segatella;s__	g__Segatella
062ccd0f84aae3534161cb37db457c23	d__Bacteria;p__Bacteroidota;c__Bacteroidia;o__Bacteroidales;f__Prevotellaceae;g__Alloprevotella;s__	g__Alloprevotella
6659b8450084dab2a7277368442de496	d__Bacteria;p__Bacteroidota;c__Bacteroidia;o__Bacteroidales;f__Prevotellaceae;g__Segatella;s__	g__Segatella
ac6613b8fd3a19a76735a565547404a0	d__Bacteria;p__Actinomycetota;c__Coriobacteriia;o__Coriobacteriales;f__Atopobiaceae;g__Lancefieldella;s__	g__Lancefieldella
f48a478a04d3a7a7d0616eddc0e9d811	d__Bacteria;p__Bacteroidota;c__Bacteroidia;o__Bacteroidales;f__Prevotellaceae;g__Segatella;s__	g__Segatella
b835a0b0b1ccf6ef1d3ae1dfbf6eb978	d__Bacteria;p__Actinomycetota;c__Actinobacteria;o__Mycobacteriales;f__Corynebacteriaceae;g__Corynebacterium;s__	g__Corynebacterium
ab6530e5f7b360f7f2acc00822f37bc4	d__Bacteria;p__Bacteroidota;c__Bacteroidia;o__Bacteroidales;f__Prevotellaceae;g__Prevotella;s__	g__Prevotella
be014e630e00e5c6e3f0ca87daa86d1b	d__Bacteria;p__Actinomycetota;c__Coriobacteriia;o__Coriobacteriales;f__Atopobiaceae;g__Fannyhessea;s__	g__Fannyhessea
2fce5d8de93dcc57786ef321031bb045	d__Bacteria;p__Fusobacteriota;c__Fusobacteriia;o__Fusobacteriales;f__Leptotrichiaceae;g__Pseudoleptotrichia;s__	g__Pseudoleptotrichia
38f9479d2f37d1036274704b09d2e3c5	d__Bacteria;p__Bacillota;c__Clostridia;o__Lachnospirales;f__Lachnospiraceae;g__Blautia;s__	g__Blautia
5b80b1e5e7f902b42ba2db4c3255fc2d	d__Bacteria;p__Bacteroidota;c__Bacteroidia;o__Flavobacteriales;f__Flavobacteriaceae;g__Capnocytophaga;s__	g__Capnocytophaga
e3c85a78d5caca893de44e3cd8f29557	d__Bacteria;p__Pseudomonadota;c__Gammaproteobacteria;o__Enterobacterales;f__Enterobacteriaceae;g__Plesiomonas;s__	g__Plesiomonas
d4535a084421c28e38562926571e17bf	d__Bacteria;p__Bacillota;c__Clostridia;o__Lachnospirales;f__Lachnospiraceae;g__Lachnospira;s__	g__Lachnospira
812ed6aef7d83d8325d5e8804ab756cc	d__Bacteria;p__Bacteroidota;c__Bacteroidia;o__Bacteroidales;f__Prevotellaceae;g__Incertae_Sedis;s__	g__Incertae_Sedis
c83708f186f5a0be1ef126b8b0e35b8d	d__Bacteria;p__Bacteroidota;c__Bacteroidia;o__Bacteroidales;f__Prevotellaceae;g__Segatella;s__	g__Segatella
6f032c5aee24f14bdc7b72a4d2c95a99	d__Bacteria;p__Actinomycetota;c__Actinobacteria;o__Actinomycetales;f__Actinomycetaceae;g__Actinomyces;s__	g__Actinomyces
4f7c641c1841024a615f240e56b3e400	d__Bacteria;p__Actinomycetota;c__Actinobacteria;o__Mycobacteriales;f__Corynebacteriaceae;g__Corynebacterium;s__	g__Corynebacterium
cf23775fd9adbf572a255ccf0b4558d2	d__Bacteria;p__Bacillota;c__Negativicutes;o__Veillonellales-Selenomonadales;f__Selenomonadaceae;g__Selenomonas;s__	g__Selenomonas
df7c290473b359090eac6cfbe8fbc9fd	d__Bacteria;p__Pseudomonadota;c__Gammaproteobacteria;o__Burkholderiales;f__Comamonadaceae;g__Comamonas;s__	g__Comamonas
36598b32e3ea772009b579725afc51a2	d__Bacteria;p__Bacillota;c__Negativicutes;o__Veillonellales-Selenomonadales;f__Veillonellaceae;g__Dialister;s__	g__Dialister
4c4789103f26c61f316147d1b51a620d	d__Bacteria;p__Bacteroidota;c__Bacteroidia;o__Bacteroidales;f__Prevotellaceae;g__Hoylesella;s__	g__Hoylesella
400cdf2b5c22e1d03dce1f5f047e4a60	d__Bacteria;p__Bacillota;c__Negativicutes;o__Veillonellales-Selenomonadales;f__Selenomonadaceae;g__Selenomonas;s__	g__Selenomonas
90ac2930b01a9b5e5d1504090e0a4896	d__Bacteria;p__Bacteroidota;c__Bacteroidia;o__Bacteroidales;f__Prevotellaceae;g__Incertae_Sedis;s__	g__Incertae_Sedis
96ef6e39b8d53f21778cc9059ca4a98a	d__Bacteria;p__Bacteroidota;c__Bacteroidia;o__Bacteroidales;f__Prevotellaceae;g__Incertae_Sedis;s__	g__Incertae_Sedis
6047bcf82c16ec4d843b88bf8763fd59	d__Bacteria;p__Bacteroidota;c__Bacteroidia;o__Flavobacteriales;f__Flavobacteriaceae;g__Capnocytophaga;s__	g__Capnocytophaga
896e0ff693a49fcdf6ec5865fcfbee87	d__Bacteria;p__Bacteroidota;c__Bacteroidia;o__Flavobacteriales;f__Flavobacteriaceae;g__Capnocytophaga;s__	g__Capnocytophaga
8074a5ef0c60ff79f4732ab11b2677c0	d__Bacteria;p__Fusobacteriota;c__Fusobacteriia;o__Fusobacteriales;f__Leptotrichiaceae;g__Incertae_Sedis;s__	g__Incertae_Sedis
19d83bff7d2faedddb411528f96e929a	d__Bacteria;p__Bacillota;c__Bacilli;o__RF39;f__Incertae_Sedis;g__Incertae_Sedis;s__	g__Incertae_Sedis
0029acc53e3f409a7726a2276bd0e12a	d__Bacteria;p__Bacillota;c__Bacilli;o__Erysipelotrichales;f__Erysipelotrichaceae;g__Erysipelotrichaceae_UCG-006;s__	g__Erysipelotrichaceae_UCG-006
220686af2f840a392dcad877b2efd8df	d__Bacteria;p__Bacteroidota;c__Bacteroidia;o__Bacteroidales;f__Prevotellaceae;g__Hoylesella;s__	g__Hoylesella
d7f0184561df3b886453aed692270aae	d__Bacteria;p__Bacteroidota;c__Bacteroidia;o__Bacteroidales;f__Prevotellaceae;g__Prevotella;s__	g__Prevotella
fa01aa6153714ad840e53f5274858f3b	d__Bacteria;p__Patescibacteria;c__Saccharimonadia;o__Saccharimonadales;f__Incertae_Sedis;g__Incertae_Sedis;s__	g__Incertae_Sedis
0be67396faa51e378b2cd5df27176622	d__Bacteria;p__Bacteroidota;c__Bacteroidia;o__Bacteroidales;f__Prevotellaceae;g__Hoylesella;s__	g__Hoylesella
98a842e17dd61344784af94363067d6f	d__Bacteria;p__Bacillota;c__Negativicutes;o__Veillonellales-Selenomonadales;f__Selenomonadaceae;g__Selenomonas;s__	g__Selenomonas
d9865abc2a49de4fd00c2f43661b1c8d	d__Bacteria;p__Bacillota;c__Clostridia;o__Clostridia_UCG-014;f__Incertae_Sedis;g__Incertae_Sedis;s__	g__Incertae_Sedis
4dae98b0baa6e6636958432287a652c7	d__Bacteria;p__Fusobacteriota;c__Fusobacteriia;o__Fusobacteriales;f__Leptotrichiaceae;g__Incertae_Sedis;s__	g__Incertae_Sedis
51612e15d616f39ee51de46d5b079009	d__Bacteria;p__Fusobacteriota;c__Fusobacteriia;o__Fusobacteriales;f__Leptotrichiaceae;g__Pseudoleptotrichia;s__	g__Pseudoleptotrichia
eca701f45b027a8e36255a06270cb6c4	d__Bacteria;p__Bacillota;c__Negativicutes;o__Veillonellales-Selenomonadales;f__Selenomonadaceae;g__Selenomonas;s__	g__Selenomonas
c0f7c278fa94233baaef87488282003e	d__Bacteria;p__Bacteroidota;c__Bacteroidia;o__Bacteroidales;f__Prevotellaceae;g__Prevotella;s__	g__Prevotella
363b8c842f4549556efbc95c08206768	d__Bacteria;p__Bacillota;c__Negativicutes;o__Veillonellales-Selenomonadales;f__Selenomonadaceae;g__Selenomonas;s__	g__Selenomonas
094144eb032575c7fc32bf9b9e29c10b	d__Bacteria;p__Pseudomonadota;c__Gammaproteobacteria;o__Burkholderiales;f__Neisseriaceae;g__Neisseria;s__	g__Neisseria
ad18e15c34d663e6a4c7357b5d8f1fb7	d__Bacteria;p__Fusobacteriota;c__Fusobacteriia;o__Fusobacteriales;f__Leptotrichiaceae;g__Leptotrichia;s__	g__Leptotrichia
2c3ccc53984d87a63eddbb5be068d22f	d__Bacteria;p__Pseudomonadota;c__Gammaproteobacteria;o__Burkholderiales;f__Neisseriaceae;g__Neisseria;s__	g__Neisseria
6c04f5781d8928335a39161e871ef4a3	d__Bacteria;p__Pseudomonadota;c__Gammaproteobacteria;o__Enterobacterales;f__Enterobacteriaceae	Unclassified
ec730b91a991c3c6cc260bf77dd219a7	d__Bacteria;p__Bacteroidota;c__Bacteroidia;o__Bacteroidales;f__Tannerellaceae;g__Tannerella;s__	g__Tannerella
d5423cf0ea5d5b28e22edc0b5db709a8	d__Bacteria;p__Pseudomonadota;c__Gammaproteobacteria;o__Burkholderiales;f__Burkholderiaceae;g__Polynucleobacter;s__	g__Polynucleobacter
e88daa04b26fed5f61bf924d6aa0f15d	d__Bacteria;p__Patescibacteria;c__Saccharimonadia;o__Saccharimonadales;f__Saccharimonadaceae;g__TM7x;s__	g__TM7x
e6444e7e025a9688779f876a60f5e367	d__Bacteria;p__Spirochaetota;c__Spirochaetia;o__Spirochaetales;f__Spirochaetaceae;g__Treponema;s__	g__Treponema
ccbf71174d3198cbfe252831d87e6bed	d__Bacteria;p__Fusobacteriota;c__Fusobacteriia;o__Fusobacteriales;f__Leptotrichiaceae;g__Leptotrichia;s__	g__Leptotrichia
2eb605f8a4c44b38ce339b5b2f6258bf	d__Bacteria;p__Bacteroidota;c__Bacteroidia;o__Sphingobacteriales;f__Lentimicrobiaceae;g__Lentimicrobium;s__	g__Lentimicrobium
31bace7437008ee94849c91079388c7f	d__Bacteria;p__Bacteroidota;c__Bacteroidia;o__Bacteroidales;f__Porphyromonadaceae;g__Porphyromonas;s__	g__Porphyromonas
5d4c21fa9cfa27d4f9fa801934d453a1	d__Bacteria;p__Actinomycetota;c__Actinobacteria;o__Actinomycetales;f__Actinomycetaceae;g__Actinomyces;s__	g__Actinomyces
368d642f2b23908d9fd422a65600759c	d__Bacteria;p__Pseudomonadota;c__Gammaproteobacteria;o__Burkholderiales;f__Neisseriaceae;g__Neisseria;s__	g__Neisseria
322adf8eb06fd8fd43975d4c056b5c53	d__Bacteria;p__Bacteroidota;c__Bacteroidia;o__Bacteroidales;f__Prevotellaceae;g__Alloprevotella;s__	g__Alloprevotella
7aad71e3f8b25650a89641f0fba0f458	d__Bacteria;p__Bacteroidota;c__Bacteroidia;o__Bacteroidales;f__Prevotellaceae;g__Segatella;s__	g__Segatella
d5d4d12aed1864f433d509f977637a51	d__Bacteria;p__Bacillota;c__Clostridia;o__Lachnospirales;f__Lachnospiraceae;g__Coprococcus;s__	g__Coprococcus
e20a61c03e1a59acfeb4795a973b4195	d__Bacteria;p__Bacteroidota;c__Bacteroidia;o__Bacteroidales;f__Tannerellaceae;g__Tannerella;s__	g__Tannerella
14b6559652f148da03682a03bef9402e	d__Bacteria;p__Bacteroidota;c__Bacteroidia;o__Bacteroidales;f__Prevotellaceae;g__Segatella;s__	g__Segatella
00eb1026568961e186d6f18f8c2d796f	d__Bacteria;p__Bacillota;c__Clostridia;o__Lachnospirales;f__Lachnospiraceae;g__Stomatobaculum;s__	g__Stomatobaculum
1e102fb6fa978d6952d7cf4e378aebff	d__Bacteria;p__Bacteroidota;c__Bacteroidia;o__Flavobacteriales;f__Weeksellaceae;g__Bergeyella;s__	g__Bergeyella
b927ad0df797453c734ef370ec469e33	d__Bacteria;p__Pseudomonadota;c__Gammaproteobacteria;o__Cardiobacteriales;f__Cardiobacteriaceae;g__Cardiobacterium;s__	g__Cardiobacterium
ca08e3e7a1560d38193f7175cb62cc42	d__Bacteria;p__Bacteroidota;c__Bacteroidia;o__Bacteroidales;f__Prevotellaceae;g__Hoylesella;s__	g__Hoylesella
8d99a700606c636f894a42fbfbe5fd2c	d__Bacteria;p__Bacteroidota;c__Bacteroidia;o__Bacteroidales;f__Rikenellaceae;g__Rikenellaceae_RC9_gut_group;s__	g__Rikenellaceae_RC9_gut_group
42e50f1115146faa781ea87975dda2d8	d__Bacteria;p__Bacillota;c__Clostridia;o__Peptococcales;f__Peptococcaceae;g__Peptococcus;s__	g__Peptococcus
898de588e8531891e33ab3a4c8c28617	d__Bacteria;p__Bacillota;c__Clostridia;o__Peptostreptococcales-Tissierellales;f__Peptostreptococcaceae;g__[Eubacterium]_yurii_group;s__	g__[Eubacterium]_yurii_group
0fd938a83209c6a6fc93874f3f580222	d__Bacteria;p__Fusobacteriota;c__Fusobacteriia;o__Fusobacteriales;f__Leptotrichiaceae;g__Incertae_Sedis;s__	g__Incertae_Sedis
214ab6aeb39ca5398a077f2cb9d5a279	d__Bacteria;p__Bacteroidota;c__Bacteroidia;o__Bacteroidales;f__Prevotellaceae;g__Segatella;s__	g__Segatella
07c84a72653675b0c82a4650fd08afdb	d__Bacteria;p__Bacteroidota;c__Bacteroidia;o__Bacteroidales;f__Prevotellaceae;g__Prevotella;s__	g__Prevotella
5aa4f7b9dc84c2393cd20118983dc301	d__Bacteria;p__Bacillota;c__Bacilli;o__Mycoplasmatales;f__Mycoplasmataceae;g__Mycoplasmopsis;s__	g__Mycoplasmopsis
9aebe583fab59c2145b2bee78589465c	d__Bacteria;p__Actinomycetota;c__Actinobacteria;o__Actinomycetales;f__Actinomycetaceae;g__Schaalia;s__	g__Schaalia
aac19fae41b831994129490242abc130	d__Bacteria;p__Bacillota;c__Negativicutes;o__Veillonellales-Selenomonadales;f__Selenomonadaceae;g__Selenomonas;s__	g__Selenomonas
29d3fef5e93125052f0ea1c275050bd8	d__Bacteria;p__Bacteroidota;c__Bacteroidia;o__Bacteroidales;f__Prevotellaceae;g__Prevotella;s__	g__Prevotella
b7cedb23ce21b6fbc489a6f900a62fa1	d__Bacteria;p__Pseudomonadota;c__Gammaproteobacteria;o__Cardiobacteriales;f__Cardiobacteriaceae;g__Cardiobacterium;s__	g__Cardiobacterium
70beac9a7be9b2a9f13192eb9db8f550	d__Bacteria;p__Bacillota;c__Negativicutes;o__Veillonellales-Selenomonadales;f__Veillonellaceae;g__Veillonella;s__	g__Veillonella
7dc7caf46906ef9ec7e7231d85468d3c	d__Bacteria;p__Bacteroidota;c__Bacteroidia;o__Bacteroidales;f__Prevotellaceae;g__Hoylesella;s__	g__Hoylesella
d8efb5720e57cedc94f2a3b1768b65d8	d__Bacteria;p__Pseudomonadota;c__Gammaproteobacteria;o__Burkholderiales;f__Comamonadaceae;g__Brachymonas;s__	g__Brachymonas
ee95f1041941b073f9c5c73653de88b4	d__Bacteria;p__Bacillota;c__Clostridia;o__Lachnospirales;f__Lachnospiraceae;g__Incertae_Sedis;s__	g__Incertae_Sedis
e466f99d994cf39f09102bc2c72130a8	d__Bacteria;p__Fusobacteriota;c__Fusobacteriia;o__Fusobacteriales;f__Leptotrichiaceae;g__Pseudoleptotrichia;s__	g__Pseudoleptotrichia
dccc8a5e71061088d49c458b05b57cd5	d__Bacteria;p__Pseudomonadota;c__Gammaproteobacteria;o__Legionellales;f__Legionellaceae;g__Legionella;s__	g__Legionella
6bdd39c21b8596e091acba574864afe7	d__Bacteria;p__Bacteroidota;c__Bacteroidia;o__Bacteroidales;f__Prevotellaceae;g__Segatella;s__	g__Segatella
21a9b00bdecfbb3bb57759cac4f78f88	d__Bacteria;p__Bacillota;c__Bacilli;o__Lactobacillales;f__Streptococcaceae;g__Streptococcus;s__	g__Streptococcus
80075176a34640695e73e2491a2b85ed	d__Bacteria;p__Pseudomonadota;c__Gammaproteobacteria;o__Burkholderiales;f__Alcaligenaceae;g__Achromobacter;s__	g__Achromobacter
038b5054fa582ec246ef6e2f1511dc07	d__Bacteria;p__Bacillota;c__Negativicutes;o__Veillonellales-Selenomonadales;f__Selenomonadaceae;g__Selenomonas;s__	g__Selenomonas
5b5baec61a96fe36c010ee59dff2e66b	d__Bacteria;p__Fusobacteriota;c__Fusobacteriia;o__Fusobacteriales;f__Leptotrichiaceae;g__Pseudoleptotrichia;s__	g__Pseudoleptotrichia
3ba1cba5e4a24cf70a7b05e4cf281a5a	d__Bacteria;p__Bacteroidota;c__Bacteroidia;o__Bacteroidales;f__Prevotellaceae;g__Hoylesella;s__	g__Hoylesella
e3236389d45df0eb1ea936fe94dc3ef2	d__Bacteria;p__Pseudomonadota;c__Gammaproteobacteria;o__Burkholderiales;f__Comamonadaceae;g__Comamonas;s__	g__Comamonas
d80fe8bdbaeaede60f7cc387e0667c50	d__Bacteria;p__Fusobacteriota;c__Fusobacteriia;o__Fusobacteriales;f__Leptotrichiaceae;g__Pseudoleptotrichia;s__	g__Pseudoleptotrichia
4fe22737b6a93aaf62f7082c648d7ffe	d__Bacteria;p__Bacteroidota;c__Bacteroidia;o__Bacteroidales;f__Prevotellaceae;g__Alloprevotella;s__	g__Alloprevotella
3a9d6af105af78332f8563f85ea580d3	d__Bacteria;p__Bacillota;c__Bacilli;o__Mycoplasmatales;f__Mycoplasmataceae;g__Mycoplasma;s__	g__Mycoplasma
77bcf65d4916e30ad65d40a65599e30b	d__Bacteria;p__Bacteroidota;c__Bacteroidia;o__Flavobacteriales;f__Flavobacteriaceae;g__Capnocytophaga;s__	g__Capnocytophaga
1e1a57d25a30f02a07464b4c77c25f3e	d__Bacteria;p__Bacteroidota;c__Bacteroidia;o__Flavobacteriales;f__Weeksellaceae;g__Bergeyella;s__	g__Bergeyella
5f1afd315f208cba60b4e7cad9b3f0fc	d__Bacteria;p__Bacillota;c__Negativicutes;o__Veillonellales-Selenomonadales;f__Selenomonadaceae;g__Selenomonas;s__	g__Selenomonas
9d3f2bae0a78c07407699e601504c69e	d__Bacteria;p__Fusobacteriota;c__Fusobacteriia;o__Fusobacteriales;f__Fusobacteriaceae;g__Fusobacterium;s__	g__Fusobacterium
33bcfd00bb8ebe2ca1398968a8b4b188	d__Bacteria;p__Bacteroidota;c__Bacteroidia;o__Bacteroidales;f__Prevotellaceae;g__Prevotella;s__	g__Prevotella
01cea44f31987c3e4ddb01d3af480408	d__Bacteria;p__Bacteroidota;c__Bacteroidia;o__Bacteroidales;f__Prevotellaceae;g__Incertae_Sedis;s__	g__Incertae_Sedis
ed26192f724d791a34e681799df061b1	d__Bacteria;p__Bacillota;c__Negativicutes;o__Veillonellales-Selenomonadales;f__Selenomonadaceae;g__Selenomonas;s__	g__Selenomonas
ea10c70849d0470cb761b19b837dcc1e	d__Bacteria;p__Patescibacteria;c__Saccharimonadia;o__Saccharimonadales;f__Incertae_Sedis;g__Incertae_Sedis;s__	g__Incertae_Sedis
fa5dc746e89915182d4b5318415a4c72	d__Bacteria;p__Bacillota;c__Negativicutes;o__Veillonellales-Selenomonadales;f__Selenomonadaceae;g__Megamonas;s__	g__Megamonas
b8df5eb9d0d2b2c8178bfb4792379dfc	d__Bacteria;p__Bacillota;c__Clostridia;o__Lachnospirales;f__Lachnospiraceae;g__Stomatobaculum;s__	g__Stomatobaculum
da9edc7815d3c3ac4769bb1b4f7227f5	d__Bacteria;p__Bacillota;c__Negativicutes;o__Veillonellales-Selenomonadales;f__Selenomonadaceae;g__Selenomonas;s__	g__Selenomonas
8b8b933ccceb5b98919a8dc2375acf18	d__Bacteria;p__Bacillota;c__Bacilli;o__Bacillales;f__Bacillaceae;g__Neobacillus;s__	g__Neobacillus
136d4b41e28681c5e308b5af4f358c88	d__Bacteria;p__Bacteroidota;c__Bacteroidia;o__Bacteroidales;f__Porphyromonadaceae;g__Porphyromonas;s__	g__Porphyromonas
075de9bcdd2a3662299ee9306554e7ac	d__Bacteria;p__Pseudomonadota;c__Gammaproteobacteria;o__Burkholderiales;f__Methylophilaceae;g__Methylophilus;s__	g__Methylophilus
6ba1a63b03ed1667ddedc0813b737f0d	d__Bacteria;p__Bacteroidota;c__Bacteroidia;o__Bacteroidales;f__Rikenellaceae;g__Alistipes;s__	g__Alistipes
361d5fcf93ca753fe4872c98a62972b3	d__Bacteria;p__Bacillota;c__Clostridia;o__Lachnospirales;f__Lachnospiraceae;g__Anaerostipes;s__	g__Anaerostipes
d5a5c79d0a4a891269948373d8e7843f	d__Bacteria;p__Bacteroidota;c__Bacteroidia;o__Bacteroidales;f__Porphyromonadaceae;g__Porphyromonas;s__	g__Porphyromonas
3101e8362be550589f5a9a8df064721f	d__Bacteria;p__Pseudomonadota;c__Gammaproteobacteria;o__Burkholderiales;f__Burkholderiaceae;g__Ralstonia;s__	g__Ralstonia
ccfbc653265b742b02008ac6389fdbd7	d__Bacteria;p__Bacteroidota;c__Bacteroidia;o__Flavobacteriales;f__Flavobacteriaceae;g__Capnocytophaga;s__	g__Capnocytophaga
99a17e02d194c066953d4fc052bdf830	d__Bacteria;p__Bacteroidota;c__Bacteroidia;o__Sphingobacteriales;f__Lentimicrobiaceae;g__Lentimicrobium;s__	g__Lentimicrobium
eeb42b32803820339d8dcc6e85bf8a16	d__Bacteria;p__Actinomycetota;c__Actinobacteria;o__Micrococcales;f__Micrococcaceae;g__Rothia;s__	g__Rothia
da366307dfa7366c7f89cfd41c95f696	d__Bacteria;p__Bacteroidota;c__Bacteroidia;o__Flavobacteriales;f__Flavobacteriaceae;g__Capnocytophaga;s__	g__Capnocytophaga
bfd3273ef5542439918b963ab0f96dc2	d__Bacteria;p__Bacteroidota;c__Bacteroidia;o__Bacteroidales;f__Prevotellaceae;g__Segatella;s__	g__Segatella
48a5c9ab55fb39a9acd47ee6d8a737ba	d__Bacteria;p__Bacillota;c__Negativicutes;o__Veillonellales-Selenomonadales;f__Veillonellaceae;g__Veillonella;s__	g__Veillonella
8fd74069cc8c21c684e92d1a4cf25ee6	d__Bacteria;p__Bacteroidota;c__Bacteroidia;o__Bacteroidales;f__Prevotellaceae;g__Alloprevotella;s__	g__Alloprevotella
63c107ddb0a971dcea7016edbd4748df	d__Bacteria;p__Bacteroidota;c__Bacteroidia;o__Bacteroidales;f__Porphyromonadaceae;g__Porphyromonas;s__	g__Porphyromonas
f933cebf4fcab2671fe543f92199a625	d__Bacteria;p__Bacteroidota;c__Bacteroidia;o__Bacteroidales;f__Prevotellaceae;g__Segatella;s__	g__Segatella
36c3f1aba0d7b57522b5bfb4d334a223	d__Bacteria;p__Bacteroidota;c__Bacteroidia;o__Bacteroidales;f__Rikenellaceae;g__Rikenellaceae_RC9_gut_group;s__	g__Rikenellaceae_RC9_gut_group
b450c53022f47c5b67c25ed9fcafba7a	d__Bacteria;p__Bacteroidota;c__Bacteroidia;o__Bacteroidales;f__Prevotellaceae;g__Prevotella;s__	g__Prevotella
6beba2a9c6f7d9b81d9e977ce7c492de	d__Bacteria;p__Bacillota;c__Bacilli;o__Mycoplasmatales;f__Mycoplasmataceae;g__Mycoplasmopsis;s__	g__Mycoplasmopsis
5fe083a673d211be03d571739160f23b	d__Bacteria;p__Bacillota;c__Negativicutes;o__Veillonellales-Selenomonadales;f__Selenomonadaceae;g__Selenomonas;s__	g__Selenomonas
803a95dad924d840a3591aa6f528f6aa	d__Bacteria;p__Campylobacterota;c__Campylobacteria;o__Campylobacterales;f__Campylobacteraceae;g__Campylobacter;s__	g__Campylobacter
3add300eb2dc9b42ba942b1db0772bc0	d__Bacteria;p__Bacteroidota;c__Bacteroidia;o__Bacteroidales;f__Porphyromonadaceae;g__Porphyromonas;s__	g__Porphyromonas
088353e70f04e1f063571a94462255ef	d__Bacteria;p__Bacillota;c__Negativicutes;o__Veillonellales-Selenomonadales;f__Selenomonadaceae;g__Selenomonas;s__	g__Selenomonas
fc9058e8a761a24b897bc73d833095d3	d__Bacteria;p__Bacteroidota;c__Bacteroidia;o__Bacteroidales;f__Prevotellaceae;g__Hoylesella;s__	g__Hoylesella
784a1c7f442ed20185c6ec2d9e2a9c7b	d__Bacteria;p__Bacteroidota;c__Bacteroidia;o__Bacteroidales;f__Rikenellaceae;g__Rikenellaceae_RC9_gut_group;s__	g__Rikenellaceae_RC9_gut_group
a0fcd9dc6326eccc40a03b3ed26df35d	d__Bacteria;p__Pseudomonadota;c__Gammaproteobacteria;o__Burkholderiales;f__Neisseriaceae;g__Kingella;s__	g__Kingella
4a5086ad297067f762baf5413883eca2	d__Bacteria;p__Bacillota;c__Negativicutes;o__Veillonellales-Selenomonadales;f__Selenomonadaceae;g__Selenomonas;s__	g__Selenomonas
5ae357497fa4cf6398782f62ccff342f	d__Bacteria;p__Actinomycetota;c__Actinobacteria;o__Micrococcales;f__Microbacteriaceae;g__Rhodoluna;s__	g__Rhodoluna
f3b9daedd69fc8f64ba52018c29d5ffb	d__Bacteria;p__Pseudomonadota;c__Gammaproteobacteria;o__Cardiobacteriales;f__Cardiobacteriaceae;g__Cardiobacterium;s__	g__Cardiobacterium
8d80333e21db69b3d86b472924b01d6f	d__Bacteria;p__Spirochaetota;c__Spirochaetia;o__Spirochaetales;f__Spirochaetaceae;g__Treponema;s__	g__Treponema
a1f6ff55721943a9b06c761b00dea94b	d__Bacteria;p__Fusobacteriota;c__Fusobacteriia;o__Fusobacteriales;f__Leptotrichiaceae;g__Leptotrichia;s__	g__Leptotrichia
4445eb4d0347384d6f1a262a42593aa9	d__Bacteria;p__Bacillota;c__Negativicutes;o__Veillonellales-Selenomonadales;f__Selenomonadaceae;g__Selenomonas;s__	g__Selenomonas
179c5a50337d54c69f729b243cf38f25	d__Bacteria;p__Bacillota;c__Clostridia;o__Lachnospirales;f__Lachnospiraceae;g__Incertae_Sedis;s__	g__Incertae_Sedis
6636532a2ab17e518510d014c260f5be	d__Bacteria;p__Bacteroidota;c__Bacteroidia;o__Bacteroidales;f__Tannerellaceae;g__Tannerella;s__	g__Tannerella
56080f6c41c4daf138c694d586d9a5c9	d__Bacteria;p__Pseudomonadota;c__Gammaproteobacteria;o__Burkholderiales;f__Comamonadaceae;g__Paucibacter;s__	g__Paucibacter
ab13b640729a06c40e5349e89febd7db	d__Bacteria;p__Actinomycetota;c__Actinobacteria;o__Bifidobacteriales;f__Bifidobacteriaceae;g__Aeriscardovia;s__	g__Aeriscardovia
a2b817fbd4fe183d0a3530b739a36997	d__Bacteria;p__Pseudomonadota;c__Gammaproteobacteria;o__Burkholderiales;f__Neisseriaceae;g__Alysiella;s__	g__Alysiella
e50726e74b3a12f63aff088e116b888e	d__Bacteria;p__Pseudomonadota;c__Alphaproteobacteria;o__Rhodobacterales;f__Paracoccaceae;g__Fuscovulum;s__	g__Fuscovulum
a5b5e762dbfb17d626fee0398a6ee2c5	d__Bacteria;p__Bacteroidota;c__Bacteroidia;o__Bacteroidales;f__Prevotellaceae;g__Segatella;s__	g__Segatella
1c539b008542a1ecfd4a24fa7d2aff69	d__Bacteria;p__Spirochaetota;c__Spirochaetia;o__Spirochaetales;f__Spirochaetaceae;g__Treponema;s__	g__Treponema
9d1c97b2a296acd9ff6706f34608d986	d__Bacteria;p__Patescibacteria;c__Gracilibacteria;o__Absconditabacteriales_(SR1);f__Incertae_Sedis;g__Incertae_Sedis;s__	g__Incertae_Sedis
736982186f3345de85f70d542115ba25	d__Bacteria;p__Bacteroidota;c__Bacteroidia;o__Bacteroidales;f__Prevotellaceae;g__Segatella;s__	g__Segatella
7f0405c9150ebaafb76979bb0e3265a3	d__Bacteria;p__Patescibacteria;c__Saccharimonadia;o__Saccharimonadales;f__Saccharimonadaceae;g__Incertae_Sedis;s__	g__Incertae_Sedis
a5e6b6059ac87f8569f731213c77f8dd	d__Bacteria;p__Bacteroidota;c__Bacteroidia;o__Flavobacteriales;f__Flavobacteriaceae;g__Capnocytophaga;s__	g__Capnocytophaga
c36af0331f5f065bc2c28070c28250a1	d__Bacteria;p__Bacillota;c__Negativicutes;o__Veillonellales-Selenomonadales;f__Veillonellaceae;g__Anaeroglobus;s__	g__Anaeroglobus
863a7de6e0033e003e98ad22ca9ec3c6	d__Bacteria;p__Bacillota;c__Clostridia;o__Peptostreptococcales-Tissierellales;f__Peptostreptococcaceae;g__Intestinibacter;s__	g__Intestinibacter
7f9dd3ce42139de4023712fe69cdbbe3	d__Bacteria;p__Bacteroidota;c__Bacteroidia;o__Bacteroidales;f__Prevotellaceae;g__Hoylesella;s__	g__Hoylesella
da77c8a8c1de55bbecccc9b8de0d8713	d__Bacteria;p__Pseudomonadota;c__Gammaproteobacteria;o__Burkholderiales;f__Methylophilaceae;g__Methylophilus;s__	g__Methylophilus
38adf3f0109348c240d40868bc19b74e	d__Bacteria;p__Actinomycetota;c__Actinobacteria;o__Actinomycetales;f__Actinomycetaceae;g__Schaalia;s__	g__Schaalia
3ca03c22d22301e60c5f4650ea6339ac	d__Bacteria;p__Bacteroidota;c__Bacteroidia;o__Bacteroidales;f__Prevotellaceae;g__Prevotella;s__	g__Prevotella
3d0c7664b90a9bc70217a7ec4e41d6c9	d__Bacteria;p__Campylobacterota;c__Campylobacteria;o__Campylobacterales;f__Campylobacteraceae;g__Campylobacter;s__	g__Campylobacter
47d283a3f15b9959df96af278d4c35d4	d__Bacteria;p__Bacillota;c__Clostridia;o__Lachnospirales;f__Lachnospiraceae;g__Roseburia;s__	g__Roseburia
1c79597bb475b4dc69cefe04300107ba	d__Bacteria;p__Acidobacteriota;c__Acidobacteriae;o__Bryobacterales;f__Bryobacteraceae;g__Bryobacter;s__	g__Bryobacter
3808637a1ffe0b9313ac00b4269fe961	d__Bacteria;p__Bacteroidota;c__Bacteroidia;o__Bacteroidales;f__Paludibacteraceae;g__F0058;s__	g__F0058
4db832ddf392f761329c651e04e2a5af	d__Bacteria;p__Pseudomonadota;c__Gammaproteobacteria;o__Enterobacterales;f__Pasteurellaceae;g__Haemophilus;s__	g__Haemophilus
9b37ad26e68ec08274e5b7de0262daf8	d__Bacteria;p__Pseudomonadota;c__Gammaproteobacteria;o__Cardiobacteriales;f__Cardiobacteriaceae;g__Cardiobacterium;s__	g__Cardiobacterium
091aa9a97e14df6fb249cd46015e947b	d__Bacteria;p__Fusobacteriota;c__Fusobacteriia;o__Fusobacteriales;f__Leptotrichiaceae;g__Pseudoleptotrichia;s__	g__Pseudoleptotrichia
392a676acb2642e9c29a21884bf95d7f	d__Bacteria;p__Bacteroidota;c__Bacteroidia;o__Bacteroidales;f__Prevotellaceae;g__Segatella;s__	g__Segatella
2de10dd2ae8a30ed0ac7e261c66ca912	d__Bacteria;p__Bacteroidota;c__Bacteroidia;o__Bacteroidales;f__Bacteroidaceae;g__Bacteroides;s__	g__Bacteroides
fcbfde81bc141f18f1404b00508d886c	d__Bacteria;p__Bacillota;c__Clostridia;o__Lachnospirales;f__Lachnospiraceae;g__Lachnospira;s__	g__Lachnospira
d79a0d563519d965d5afa8e8f1c0e0c1	d__Bacteria;p__Bacteroidota;c__Bacteroidia;o__Bacteroidales;f__Prevotellaceae;g__Incertae_Sedis;s__	g__Incertae_Sedis
5146e2eb96317051d2177a25151cfe0b	d__Bacteria;p__Bacteroidota;c__Bacteroidia;o__Bacteroidales;f__Prevotellaceae;g__Segatella;s__	g__Segatella
f661b35bbbee246ad131323708a8e036	d__Bacteria;p__Pseudomonadota;c__Gammaproteobacteria;o__Legionellales;f__Legionellaceae;g__Legionella;s__	g__Legionella
1c5fbd8b8ccfe8b22ae8c5b522ab0f11	d__Bacteria;p__Bacteroidota;c__Bacteroidia;o__Bacteroidales;f__Prevotellaceae;g__Prevotella;s__	g__Prevotella
84e2abca8af6911934d6c2d8acb3ab89	d__Bacteria;p__Bacteroidota;c__Bacteroidia;o__Flavobacteriales;f__Flavobacteriaceae;g__Capnocytophaga;s__	g__Capnocytophaga
624d141cc23938adee727cbae3326ea8	d__Bacteria;p__Pseudomonadota;c__Alphaproteobacteria;o__Rickettsiales;f__SM2D12;g__Incertae_Sedis;s__	g__Incertae_Sedis
7f3bff549501382cff0d06e319cd5c85	d__Bacteria;p__Bacillota;c__Clostridia;o__Clostridia_UCG-014;f__Incertae_Sedis;g__Incertae_Sedis;s__	g__Incertae_Sedis
47b4f130d7ac46137a1eea5d90b3a38d	d__Bacteria;p__Bacillota;c__Negativicutes;o__Veillonellales-Selenomonadales;f__Selenomonadaceae;g__Selenomonas;s__	g__Selenomonas
0c90014e20871db8071fb6634e52d08f	d__Bacteria;p__Bacillota;c__Clostridia;o__Lachnospirales;f__Lachnospiraceae;g__Catonella;s__	g__Catonella
7bb5456d2b46b3b400c6a48c580473f2	d__Bacteria;p__Spirochaetota;c__Spirochaetia;o__Spirochaetales;f__Spirochaetaceae;g__Treponema;s__	g__Treponema
54f68b911ba1a381f4b78d3b80fc8c66	d__Bacteria;p__Bacillota;c__Negativicutes;o__Veillonellales-Selenomonadales;f__Selenomonadaceae;g__Selenomonas;s__	g__Selenomonas
73062f7894b63d937c453b846d3c915c	d__Bacteria;p__Bacillota;c__Clostridia;o__Peptostreptococcales-Tissierellales;f__Anaerovoracaceae;g__Mogibacterium;s__	g__Mogibacterium
422658f39e9a222bf11ef103b2c95ceb	d__Bacteria;p__Bacteroidota;c__Bacteroidia;o__Bacteroidales;f__Prevotellaceae;g__Segatella;s__	g__Segatella
5ccf4fdbc2c2bda76ef08c3fefdce8f1	d__Bacteria;p__Bacteroidota;c__Bacteroidia;o__Flavobacteriales;f__Flavobacteriaceae;g__Capnocytophaga;s__	g__Capnocytophaga
8e432b247b2ab14dba62026f513c05c9	d__Bacteria;p__Fusobacteriota;c__Fusobacteriia;o__Fusobacteriales;f__Leptotrichiaceae;g__Leptotrichia;s__	g__Leptotrichia
a8bb885b9b93bac51a196a975f9f2fdd	d__Bacteria;p__Bacillota;c__Negativicutes;o__Veillonellales-Selenomonadales;f__Selenomonadaceae;g__Selenomonas;s__	g__Selenomonas
17f3dd8a25829f8e5a848cf29f55b55e	d__Bacteria;p__Pseudomonadota;c__Gammaproteobacteria;o__Burkholderiales;f__Comamonadaceae;g__Comamonas;s__	g__Comamonas
766e555723295763a31872d11d5ce5f9	d__Bacteria;p__Bacillota;c__Negativicutes;o__Veillonellales-Selenomonadales;f__Selenomonadaceae;g__Selenomonas;s__	g__Selenomonas
3c81c868e05db1ddb33fe072b52849a5	d__Bacteria;p__Fusobacteriota;c__Fusobacteriia;o__Fusobacteriales;f__Fusobacteriaceae;g__Fusobacterium;s__	g__Fusobacterium
500391cd139b42be4e9fc7ae73240a88	d__Bacteria;p__Bacteroidota;c__Bacteroidia;o__Flavobacteriales;f__Weeksellaceae;g__Bergeyella;s__	g__Bergeyella
1af89e0412a7ff7bb73ad842ace8022c	d__Bacteria;p__Bacillota;c__Clostridia;o__Oscillospirales;f__Oscillospiraceae;g__UCG-002;s__	g__UCG-002
7104b7d5118f2e18231a77bfefffe8e4	d__Bacteria;p__Actinomycetota;c__Actinobacteria;o__Actinomycetales;f__Actinomycetaceae;g__Schaalia;s__	g__Schaalia
52f65114a457eaa5ab9408cc86e11a74	d__Bacteria;p__Bacillota;c__Bacilli;o__Staphylococcales;f__Staphylococcaceae;g__Staphylococcus;s__	g__Staphylococcus
0274c43e774863db8a066fe83cdb15fb	d__Bacteria;p__Pseudomonadota;c__Gammaproteobacteria;o__Pseudomonadales;f__Halomonadaceae;g__Halomonas;s__	g__Halomonas
be40b6988b9ec0cb1aea65befba67f7a	d__Bacteria;p__Spirochaetota;c__Spirochaetia;o__Spirochaetales;f__Spirochaetaceae;g__Treponema;s__	g__Treponema
f63448ae2f4e50ab25b54d5f1d1e18a4	d__Bacteria;p__Bacillota;c__Clostridia;o__Peptostreptococcales-Tissierellales;f__Peptostreptococcaceae;g__Filifactor;s__	g__Filifactor
a14ad8393055eba6c3243968465cc27f	d__Bacteria;p__Patescibacteria;c__Saccharimonadia;o__Saccharimonadales;f__Saccharimonadaceae;g__Incertae_Sedis;s__	g__Incertae_Sedis
47bc7800db37a30142b679b9c82f61d6	d__Bacteria;p__Spirochaetota;c__Spirochaetia;o__Spirochaetales;f__Spirochaetaceae;g__Treponema;s__	g__Treponema
e6095a0eccda05583656d555c79a090e	d__Bacteria;p__Bacillota;c__Bacilli;o__Lactobacillales;f__Carnobacteriaceae;g__Granulicatella;s__	g__Granulicatella
e3f091e0fd45e22e021448b9d00a3319	d__Bacteria;p__Spirochaetota;c__Spirochaetia;o__Spirochaetales;f__Spirochaetaceae;g__Treponema;s__	g__Treponema
b71be69fefcfcee8fda326a3a7c38589	d__Bacteria;p__Bacteroidota;c__Bacteroidia;o__Flavobacteriales;f__Flavobacteriaceae;g__Capnocytophaga;s__	g__Capnocytophaga
61944c031e10e425353d5f17ae93f125	d__Bacteria;p__Bacteroidota;c__Bacteroidia;o__Bacteroidales;f__Prevotellaceae;g__Hoylesella;s__	g__Hoylesella
b19fdeaf4590d940f6961b97aca7ff91	d__Bacteria;p__Fusobacteriota;c__Fusobacteriia;o__Fusobacteriales;f__Fusobacteriaceae;g__Fusobacterium;s__	g__Fusobacterium
c0e8de7aec3e02136e7be2d376a5be15	d__Bacteria;p__Bacteroidota;c__Bacteroidia;o__Bacteroidales;f__Prevotellaceae;g__Segatella;s__	g__Segatella
24677f64ce2a0b9420b8c4f4f25964fa	d__Bacteria;p__Bacteroidota;c__Bacteroidia;o__Bacteroidales;f__Prevotellaceae;g__Alloprevotella;s__	g__Alloprevotella
f0247403d9fd7a449e24c5b36b7994ad	d__Bacteria;p__Actinomycetota;c__Actinobacteria;o__Mycobacteriales;f__Mycobacteriaceae;g__Mycobacterium;s__	g__Mycobacterium
16d3146347bc758123f1ca65b67a7139	d__Bacteria;p__Bacteroidota;c__Bacteroidia;o__Bacteroidales;f__Prevotellaceae;g__Hoylesella;s__	g__Hoylesella
9a8448b9be9f2e0f1a9d6566cd5c16a6	d__Bacteria;p__Bacteroidota;c__Bacteroidia;o__Bacteroidales;f__Prevotellaceae;g__Prevotella;s__	g__Prevotella
22c1d9d495c8e2e9c7c74892171e3ffc	d__Bacteria;p__Bacteroidota;c__Bacteroidia;o__Bacteroidales;f__Prevotellaceae;g__Segatella;s__	g__Segatella
57742c818b01ce6f3575ec5f05d0857c	d__Bacteria;p__Spirochaetota;c__Spirochaetia;o__Spirochaetales;f__Spirochaetaceae;g__Treponema;s__	g__Treponema
313161e6d05302cd2fd353493ab37ebf	d__Bacteria;p__Bacillota;c__Clostridia;o__Lachnospirales;f__Lachnospiraceae;g__Oribacterium;s__	g__Oribacterium
2f1cadf288b4d6c6afa3e87eb7f46c82	d__Bacteria;p__Bacteroidota;c__Bacteroidia;o__Flavobacteriales;f__Weeksellaceae;g__Bergeyella;s__	g__Bergeyella
d12799f08975546d12cc1de8f52af8ff	d__Bacteria;p__Bacillota;c__Clostridia;o__Peptostreptococcales-Tissierellales;f__Family_XI;g__Peptoniphilus;s__	g__Peptoniphilus
389c2f4b8055e2ce165e0621e5ece38f	d__Bacteria;p__Pseudomonadota;c__Gammaproteobacteria;o__Burkholderiales;f__Comamonadaceae;g__Comamonas;s__	g__Comamonas
fcc05fb14fd7c600441ad2d9c3890996	d__Bacteria;p__Bacteroidota;c__Bacteroidia;o__Bacteroidales;f__Prevotellaceae;g__Segatella;s__	g__Segatella
e5853d0b216cfb371646f49a4115c915	d__Bacteria;p__Pseudomonadota;c__Gammaproteobacteria;o__Burkholderiales;f__Burkholderiaceae;g__Lautropia;s__	g__Lautropia
c5d1d00accb74049558c8cbb67ee4d7d	d__Bacteria;p__Bacillota;c__Bacilli;o__Bacillales;f__Planococcaceae;g__Lysinibacillus;s__	g__Lysinibacillus
e3d93da00ab6e50b2dc445515e6ec570	d__Bacteria;p__Pseudomonadota;c__Gammaproteobacteria;o__Burkholderiales;f__Nitrosomonadaceae;g__GOUTA6;s__	g__GOUTA6
0d89731b17df329089cfc126d7f623a2	d__Bacteria;p__Bacteroidota;c__Bacteroidia;o__Bacteroidales;f__Prevotellaceae;g__Segatella;s__	g__Segatella
514ecf6774f6e54e68d6eb5d7e12cfc7	d__Bacteria;p__Spirochaetota;c__Spirochaetia;o__Spirochaetales;f__Spirochaetaceae;g__Treponema;s__	g__Treponema
0b1349bdf4183cb4777e4a919458de4b	d__Bacteria;p__Pseudomonadota;c__Alphaproteobacteria;o__Acetobacterales;f__Acetobacteraceae;g__Roseomonas;s__	g__Roseomonas
70c16722e11422a9fd43a35ebc5ba596	d__Bacteria;p__Bacteroidota;c__Bacteroidia;o__Flavobacteriales;f__Flavobacteriaceae;g__Capnocytophaga;s__	g__Capnocytophaga
a1cb9e54ccb62b3cbfd53d812c91be7d	d__Bacteria;p__Pseudomonadota;c__Gammaproteobacteria;o__Burkholderiales;f__Rhodocyclaceae;g__Methyloversatilis;s__	g__Methyloversatilis
2c6e06dd2913f61c4ac39b16e2242937	d__Bacteria;p__Bacillota;c__Clostridia;o__Peptostreptococcales-Tissierellales;f__Family_XI;g__Anaerococcus;s__	g__Anaerococcus
f4a5ad77b95fcd839b68bf720a735643	d__Bacteria;p__Bacteroidota;c__Bacteroidia;o__Bacteroidales;f__Prevotellaceae;g__Hoylesella;s__	g__Hoylesella
0aa60a5701dea910105401a891ba6acd	d__Bacteria;p__Bacillota;c__Bacilli;o__Lactobacillales;f__Streptococcaceae;g__Streptococcus;s__	g__Streptococcus
37cde74078ae52218e3490e04b098040	d__Bacteria;p__Bacteroidota;c__Bacteroidia;o__Bacteroidales;f__Prevotellaceae;g__Segatella;s__	g__Segatella
b37903863662dac5ad9253780c2ee551	d__Bacteria;p__Patescibacteria;c__Saccharimonadia;o__Saccharimonadales;f__Saccharimonadaceae;g__Candidatus_Saccharimonas;s__	g__Candidatus_Saccharimonas
ec2fb8ae241492cdd56fdd57a5281df3	d__Bacteria;p__Bacillota;c__Bacilli;o__Lactobacillales;f__Streptococcaceae;g__Streptococcus;s__	g__Streptococcus
e60db246a3d9271ab64e4d954b3f24ad	d__Bacteria;p__Fusobacteriota;c__Fusobacteriia;o__Fusobacteriales;f__Leptotrichiaceae;g__Incertae_Sedis;s__	g__Incertae_Sedis
b7a99e8750d6e444764e27af750e5fb5	d__Bacteria;p__Bacillota;c__Clostridia;o__Lachnospirales;f__Lachnospiraceae;g__Oribacterium;s__	g__Oribacterium
62f7ebf0af2f8f6ee58fc3a0890859da	d__Bacteria;p__Spirochaetota;c__Spirochaetia;o__Spirochaetales;f__Spirochaetaceae;g__Treponema;s__	g__Treponema
785d74b4806c76c407fd8bffd23bf061	d__Bacteria;p__Spirochaetota;c__Spirochaetia;o__Spirochaetales;f__Spirochaetaceae;g__Treponema;s__	g__Treponema
5aa19f75c749df89a028dbd5fba54fce	d__Bacteria;p__Bacteroidota;c__Bacteroidia;o__Bacteroidales;f__Prevotellaceae;g__Segatella;s__	g__Segatella
9ed995e067b4f161da8800d37c7f9e3a	d__Bacteria;p__Bacteroidota;c__Bacteroidia;o__Bacteroidales;f__Prevotellaceae;g__Segatella;s__	g__Segatella
aa082597b31fb016a5385c97a799c97e	d__Bacteria;p__Actinomycetota;c__Actinobacteria;o__Actinomycetales;f__Actinomycetaceae;g__Actinomyces;s__	g__Actinomyces
655d64ee0cf1582bed58db30de459fed	d__Bacteria;p__Bacillota;c__Clostridia;o__Peptococcales;f__Peptococcaceae;g__Peptococcus;s__	g__Peptococcus
08415c6b18838306e1dc0912e44dc011	d__Bacteria;p__Bacillota;c__Clostridia;o__Lachnospirales;f__Lachnospiraceae;g__Incertae_Sedis;s__	g__Incertae_Sedis
2120dbd70b97f210e5d0316c3131d4bc	d__Bacteria;p__Actinomycetota;c__Actinobacteria;o__Actinomycetales;f__Actinomycetaceae;g__Actinomyces;s__	g__Actinomyces
b81d5a873b364beba86a19d48e06cc55	d__Bacteria;p__Bacillota;c__Bacilli;o__Lactobacillales;f__Carnobacteriaceae;g__Granulicatella;s__	g__Granulicatella
2e7be14781419d16083eae097509450a	d__Bacteria;p__Patescibacteria;c__Saccharimonadia;o__Saccharimonadales;f__Incertae_Sedis;g__Incertae_Sedis;s__	g__Incertae_Sedis
4c57d3f104bb46c739b2cdc6f3e88149	d__Bacteria;p__Bacteroidota;c__Bacteroidia;o__Bacteroidales;f__Prevotellaceae;g__Segatella;s__	g__Segatella
83223b5f210dd7208f4b2de8cc659048	d__Bacteria;p__Bacillota;c__Clostridia;o__Clostridia_UCG-014;f__Incertae_Sedis;g__Incertae_Sedis;s__	g__Incertae_Sedis
78ccb17a43571a2267bf576d65461a7a	d__Bacteria;p__Bacillota;c__Negativicutes;o__Veillonellales-Selenomonadales;f__Selenomonadaceae;g__Selenomonas;s__	g__Selenomonas
eed7df5b073a2511557cd1895b962159	d__Bacteria;p__Fusobacteriota;c__Fusobacteriia;o__Fusobacteriales;f__Leptotrichiaceae;g__Leptotrichia;s__	g__Leptotrichia
0edc1be5a1f1d2346594d24dfbc3deac	d__Bacteria;p__Bacteroidota;c__Bacteroidia;o__Bacteroidales;f__Prevotellaceae;g__Prevotella;s__	g__Prevotella
4fc2dcc72936cb9e21e33e6e2a40409c	d__Bacteria;p__Bacillota;c__Negativicutes;o__Veillonellales-Selenomonadales;f__Selenomonadaceae;g__Selenomonas;s__	g__Selenomonas
728accba6ebfa4fbb0bcbb8395eb2c67	d__Bacteria;p__Bacteroidota;c__Bacteroidia;o__Bacteroidales;f__Tannerellaceae;g__Parabacteroides;s__	g__Parabacteroides
eff048d6f4719b1c26ff557a24d1d47f	d__Bacteria;p__Bacteroidota;c__Bacteroidia;o__Bacteroidales;f__Bacteroidaceae;g__Bacteroides;s__	g__Bacteroides
7578bfbbeff2cb5661cc100d6c68b67d	d__Bacteria;p__Thermodesulfobacteriota;c__Desulfovibrionia;o__Desulfovibrionales;f__Desulfovibrionaceae;g__Desulfovibrio;s__	g__Desulfovibrio
e8fc8f54caab50fb37b912ef03c7a30c	d__Bacteria;p__Pseudomonadota;c__Alphaproteobacteria;o__Azospirillales;f__Azospirillaceae;g__Skermanella;s__	g__Skermanella
b3ad837fe076af70f0a42fde3c4d2199	d__Bacteria;p__Patescibacteria;c__Saccharimonadia;o__Saccharimonadales;f__Saccharimonadaceae;g__Incertae_Sedis;s__	g__Incertae_Sedis
222d90cb4722ea4fa94f391b355862b6	d__Bacteria;p__Bacteroidota;c__Bacteroidia;o__Bacteroidales;f__Prevotellaceae;g__Segatella;s__	g__Segatella
b2a40ff5c591491eda8a1ec19f5d4e93	d__Bacteria;p__Pseudomonadota;c__Gammaproteobacteria;o__Cardiobacteriales;f__Cardiobacteriaceae;g__Cardiobacterium;s__	g__Cardiobacterium
79c36b89970649f50924da5a99d89e3b	d__Bacteria;p__Pseudomonadota;c__Gammaproteobacteria;o__Burkholderiales;f__Comamonadaceae;g__Acidovorax;s__	g__Acidovorax
dddfa5b5e9eabde9aa147df05f3aeae7	d__Bacteria;p__Bacteroidota;c__Bacteroidia;o__Flavobacteriales;f__Flavobacteriaceae;g__Capnocytophaga;s__	g__Capnocytophaga
95276f56cbfcf760b41f9c2864d3301a	d__Bacteria;p__Actinomycetota;c__Actinobacteria;o__Mycobacteriales;f__Corynebacteriaceae;g__Corynebacterium;s__	g__Corynebacterium
ef5531cf45dcb2cc6e9dc311988f312f	d__Bacteria;p__Bacillota;c__Negativicutes;o__Veillonellales-Selenomonadales;f__Selenomonadaceae;g__Selenomonas;s__	g__Selenomonas
5376a9ff62e55f06842556cdacce931b	d__Bacteria;p__Bacteroidota;c__Bacteroidia;o__Bacteroidales;f__Prevotellaceae;g__Prevotella;s__	g__Prevotella
395d7bf03fbcf97c4a6061079f188665	d__Bacteria;p__Actinomycetota;c__Actinobacteria;o__Mycobacteriales;f__Corynebacteriaceae;g__Lawsonella;s__	g__Lawsonella
29c92dd089c4362c8266a7d0a44fc1c8	d__Bacteria;p__Pseudomonadota;c__Gammaproteobacteria;o__Enterobacterales;f__Enterobacteriaceae;g__Klebsiella;s__	g__Klebsiella
3124442b410db35ae31148f60c9c365a	d__Bacteria;p__Bacillota;c__Negativicutes;o__Veillonellales-Selenomonadales;f__Selenomonadaceae;g__Selenomonas;s__	g__Selenomonas
357450dcc1430aec869a364ced47c673	d__Bacteria;p__Pseudomonadota;c__Gammaproteobacteria;o__Enterobacterales;f__Pasteurellaceae;g__Haemophilus;s__	g__Haemophilus
71371e782150736c5fae86daff62a5ed	d__Bacteria;p__Bacteroidota;c__Bacteroidia;o__Bacteroidales;f__Prevotellaceae;g__Prevotella;s__	g__Prevotella
9c4d5a593c2884ba4bf7990e97fe50ae	d__Bacteria;p__Bacteroidota;c__Bacteroidia;o__Bacteroidales;f__Prevotellaceae;g__Prevotella;s__	g__Prevotella
3b7ea9776bfc7fb038ea14ab1d6d109c	d__Bacteria;p__Bacteroidota;c__Bacteroidia;o__Bacteroidales;f__Prevotellaceae;g__Hoylesella;s__	g__Hoylesella
20fb2944b264949b4f11eefc806f96cf	d__Bacteria;p__Pseudomonadota;c__Gammaproteobacteria;o__Enterobacterales;f__Pasteurellaceae;g__Aggregatibacter;s__	g__Aggregatibacter
41e5028ee9bd3a6fb61e2ef5a9312152	d__Bacteria;p__Verrucomicrobiota;c__Verrucomicrobiia;o__Verrucomicrobiales;f__Verrucomicrobiaceae;g__Prosthecobacter;s__	g__Prosthecobacter
180875a281e4a01c55b73cf8adf3ca86	d__Bacteria;p__Pseudomonadota;c__Gammaproteobacteria;o__Legionellales;f__Legionellaceae;g__Legionella;s__	g__Legionella
625d0cc10d85b3eea83c12132e6bc34c	d__Bacteria;p__Bacteroidota;c__Bacteroidia;o__Bacteroidales;f__Prevotellaceae;g__Hoylesella;s__	g__Hoylesella
b1e864dfc03c145126d1ed6b9929bf30	d__Bacteria;p__Pseudomonadota;c__Gammaproteobacteria;o__Pseudomonadales;f__Moraxellaceae;g__Moraxella;s__	g__Moraxella
ca72c3e0abdc8a405697aeb375a1a5c2	d__Bacteria;p__Bacteroidota;c__Bacteroidia;o__Bacteroidales;f__Prevotellaceae;g__Segatella;s__	g__Segatella
791c18ad280a87c9cd1c86eb917bb01c	d__Bacteria;p__Bacillota;c__Clostridia;o__Clostridia_UCG-014;f__Incertae_Sedis;g__Incertae_Sedis;s__	g__Incertae_Sedis
61b51e67473e7cf0b03760d3737109ed	d__Bacteria;p__Bacillota;c__Negativicutes;o__Veillonellales-Selenomonadales;f__Selenomonadaceae;g__Selenomonas;s__	g__Selenomonas
2f47ff84bf4466f27cad9198d4ca998f	d__Bacteria;p__Actinomycetota;c__Actinobacteria;o__Actinomycetales;f__Actinomycetaceae;g__Schaalia;s__	g__Schaalia
f45b6357bd2f1bcfb8f003f07eaf8581	d__Bacteria;p__Spirochaetota;c__Spirochaetia;o__Spirochaetales;f__Spirochaetaceae;g__Treponema;s__	g__Treponema
9f6e6176e6b23a7e3e0829618053ca66	d__Bacteria;p__Fusobacteriota;c__Fusobacteriia;o__Fusobacteriales;f__Leptotrichiaceae;g__Pseudoleptotrichia;s__	g__Pseudoleptotrichia
0ff9da48bc7b1b25be273f2452fd35bd	d__Bacteria;p__Bacteroidota;c__Bacteroidia;o__Bacteroidales;f__Porphyromonadaceae;g__Porphyromonas;s__	g__Porphyromonas
6abf199cdf86e1d34788233dbd5ed3c5	d__Bacteria;p__Fusobacteriota;c__Fusobacteriia;o__Fusobacteriales;f__Leptotrichiaceae;g__Leptotrichia;s__	g__Leptotrichia
0c90d8f95f553926cd25026a23fe6d40	d__Bacteria;p__Bacillota;c__Clostridia;o__Peptostreptococcales-Tissierellales;f__Anaerovoracaceae;g__[Eubacterium]_saphenum_group;s__	g__[Eubacterium]_saphenum_group
c79834af260e2b5d48c2827e23c86d79	d__Bacteria;p__Pseudomonadota;c__Gammaproteobacteria;o__Lysobacterales;f__Lysobacteraceae;g__Vulcaniibacterium;s__	g__Vulcaniibacterium
9f5430a4b7685227e00ce6810a50c424	d__Bacteria;p__Bacteroidota;c__Bacteroidia;o__Bacteroidales;f__Prevotellaceae;g__Segatella;s__	g__Segatella
2ce1eea2bcff143f345e3bfb1589a3b8	d__Bacteria;p__Spirochaetota;c__Spirochaetia;o__Spirochaetales;f__Spirochaetaceae;g__Treponema;s__	g__Treponema
138d66c8d6e309f1853d0b4acbfe3b4c	d__Bacteria;p__Bacillota;c__Clostridia;o__Lachnospirales;f__Lachnospiraceae	Unclassified
bf46b4acf7dde84ec6fe746b98b3a5ac	d__Bacteria;p__Actinomycetota;c__Actinobacteria;o__Mycobacteriales;f__Nocardiaceae;g__Gordonia;s__	g__Gordonia
3040bb7f624c347aa6975e8f1703f706	d__Bacteria;p__Spirochaetota;c__Spirochaetia;o__Spirochaetales;f__Spirochaetaceae;g__Treponema;s__	g__Treponema
33d4c8471b132e50322c885493b32db0	d__Bacteria;p__Bacillota;c__Clostridia;o__Peptostreptococcales-Tissierellales;f__Anaerovoracaceae;g__[Eubacterium]_sulci_group;s__	g__[Eubacterium]_sulci_group
3fad8da4d72bc3cd689043856b282ff5	d__Bacteria;p__Campylobacterota;c__Campylobacteria;o__Campylobacterales;f__Campylobacteraceae;g__Campylobacter;s__	g__Campylobacter
3a50f6e77e928a252822e7c611096d2a	d__Bacteria;p__Patescibacteria;c__Gracilibacteria;o__Incertae_Sedis;f__Incertae_Sedis;g__Incertae_Sedis;s__	g__Incertae_Sedis
b4b1ae55e7a50853db82c25a4487e17a	d__Bacteria;p__Bacillota;c__Clostridia;o__Peptostreptococcales-Tissierellales;f__Family_XI;g__Parvimonas;s__	g__Parvimonas
cf6aafed3b84a1aa184eb2263d9227b1	d__Bacteria;p__Bacteroidota;c__Bacteroidia;o__Bacteroidales;f__Prevotellaceae;g__Alloprevotella;s__	g__Alloprevotella
31b0bb84b2016104474e32821d62a9a5	d__Bacteria;p__Pseudomonadota;c__Gammaproteobacteria;o__Burkholderiales;f__Neisseriaceae;g__Neisseria;s__	g__Neisseria
4bc406548cea31b6c1fd92d6921b6b7d	d__Bacteria;p__Bacteroidota;c__Bacteroidia;o__Bacteroidales;f__Bacteroidaceae;g__Bacteroides;s__	g__Bacteroides
6b93870eab8dbc35ab0f969e89ec0df4	d__Bacteria;p__Bacteroidota;c__Bacteroidia;o__Bacteroidales;f__Tannerellaceae;g__Parabacteroides;s__	g__Parabacteroides
3286b976f5a0eaa9e19f0083103e009b	d__Bacteria;p__Bacteroidota;c__Bacteroidia;o__Bacteroidales;f__Prevotellaceae;g__Prevotella;s__	g__Prevotella
06c85139ea33795d26acb6ce917b4d0d	d__Bacteria;p__Spirochaetota;c__Spirochaetia;o__Spirochaetales;f__Spirochaetaceae;g__Treponema;s__	g__Treponema
ae3fd900ef7bd3edd9e80bb5f380a20e	d__Bacteria;p__Pseudomonadota;c__Gammaproteobacteria;o__Burkholderiales;f__Comamonadaceae;g__Tepidimonas;s__	g__Tepidimonas
82b7c72a12f20a87ef8f2a66a6e7c137	d__Bacteria;p__Bacillota;c__Negativicutes;o__Veillonellales-Selenomonadales;f__Selenomonadaceae;g__Selenomonas;s__	g__Selenomonas
f48a9583da91d8c95ebbbd865f874908	d__Bacteria;p__Pseudomonadota;c__Alphaproteobacteria;o__Acetobacterales;f__Acetobacteraceae;g__Acidocella;s__	g__Acidocella
18cb2e55baceeee78e8f513898a5f32c	d__Bacteria;p__Bacteroidota;c__Bacteroidia;o__Bacteroidales;f__Prevotellaceae;g__Hoylesella;s__	g__Hoylesella
e89730c0ae24170d7ef5032cc0482175	d__Bacteria;p__Bacillota;c__Clostridia;o__Clostridia_vadinBB60_group;f__Incertae_Sedis;g__Incertae_Sedis;s__	g__Incertae_Sedis
5744556f47b4bff3708858ccfddc0be6	d__Bacteria;p__Bacteroidota;c__Bacteroidia;o__Bacteroidales;f__Tannerellaceae;g__Tannerella;s__	g__Tannerella
f670dfe802372870e0aaf70d1ba860ce	d__Bacteria;p__Actinomycetota;c__Actinobacteria;o__Mycobacteriales;f__Corynebacteriaceae;g__Lawsonella;s__	g__Lawsonella
49308f3d0aa314fb87ed657f9d9041e8	d__Bacteria;p__Bacteroidota;c__Bacteroidia;o__Bacteroidales;f__Prevotellaceae;g__Segatella;s__	g__Segatella
d441b83bb0a6568e7f5a160f97fd6a70	d__Bacteria;p__Bacillota;c__Negativicutes;o__Veillonellales-Selenomonadales;f__Veillonellaceae;g__Anaeroglobus;s__	g__Anaeroglobus
78df1d04c32a6824a0f6b9644ab52bf0	d__Bacteria;p__Bacillota;c__Negativicutes;o__Veillonellales-Selenomonadales;f__Selenomonadaceae;g__Selenomonas;s__	g__Selenomonas
5be3de95cd40b6022deaaf05a82d23e4	d__Bacteria;p__Bacteroidota;c__Bacteroidia;o__Bacteroidales;f__Prevotellaceae;g__Prevotella;s__	g__Prevotella
7d5c4649069f5ea07c201426fdfa1ae0	d__Bacteria;p__Bacteroidota;c__Bacteroidia;o__Bacteroidales;f__Prevotellaceae;g__Hoylesella;s__	g__Hoylesella
c076d47961be680806d7fad59a1bb5cf	d__Bacteria;p__Bacillota;c__Negativicutes;o__Veillonellales-Selenomonadales;f__Selenomonadaceae;g__Selenomonas;s__	g__Selenomonas
73034a278be2b9117837031c75b2ee06	d__Bacteria;p__Bacteroidota;c__Bacteroidia;o__Bacteroidales;f__Tannerellaceae;g__Tannerella;s__	g__Tannerella
906bcf3d16d65df493afaa7a48c55154	d__Bacteria;p__Pseudomonadota;c__Gammaproteobacteria;o__Burkholderiales;f__Neisseriaceae;g__Kingella;s__	g__Kingella
0272f08f1f073c2ce35127c4aea21b8c	d__Bacteria;p__Pseudomonadota;c__Gammaproteobacteria;o__Burkholderiales;f__Burkholderiaceae;g__Burkholderia-Caballeronia-Paraburkholderia;s__	g__Burkholderia-Caballeronia-Paraburkholderia
98fee049df5f2abae4cffaf799ee158c	d__Bacteria;p__Verrucomicrobiota;c__Verrucomicrobiia;o__Pedosphaerales;f__Pedosphaeraceae;g__SH3-11;s__	g__SH3-11
885361b5b961130dd8d537f1b830409e	d__Bacteria;p__Bacillota;c__Clostridia;o__Peptostreptococcales-Tissierellales;f__Anaerovoracaceae;g__[Eubacterium]_sulci_group;s__	g__[Eubacterium]_sulci_group
a82d0682c8821bd304413adb289c401e	d__Bacteria;p__Pseudomonadota;c__Gammaproteobacteria;o__Burkholderiales;f__Comamonadaceae;g__Variovorax;s__	g__Variovorax
7054b2baeb7a3a944a6f338b5bc3c6b2	d__Bacteria;p__Bacillota;c__Negativicutes;o__Veillonellales-Selenomonadales;f__Veillonellaceae;g__Dialister;s__	g__Dialister
b86097c47922bcbc591830ec9eecc177	d__Bacteria;p__Pseudomonadota;c__Gammaproteobacteria;o__Enterobacterales;f__Pasteurellaceae;g__Haemophilus;s__	g__Haemophilus
836b023cdb759e717f4687755927aacd	d__Bacteria;p__Fusobacteriota;c__Fusobacteriia;o__Fusobacteriales;f__Leptotrichiaceae;g__Pseudoleptotrichia;s__	g__Pseudoleptotrichia
4e7d5e5c45c0dcb859babd70125c75c4	d__Bacteria;p__Bacillota;c__Bacilli;o__Lactobacillales;f__Streptococcaceae;g__Streptococcus;s__	g__Streptococcus
4e442a4856f929a3d5a242208c5b80a9	d__Bacteria;p__Bacteroidota;c__Bacteroidia;o__Bacteroidales;f__Prevotellaceae;g__Segatella;s__	g__Segatella
833d35e3e0a130a0a22dc9254e829137	d__Bacteria;p__Bacillota;c__Negativicutes;o__Veillonellales-Selenomonadales;f__Selenomonadaceae;g__Selenomonas;s__	g__Selenomonas
9fc01ecbcef1aacf0cab7fbf6a7368ee	d__Bacteria;p__Bacillota;c__Negativicutes;o__Veillonellales-Selenomonadales;f__Selenomonadaceae;g__Incertae_Sedis;s__	g__Incertae_Sedis
a5a6e23c53ff65cb9bc9242b0b279394	d__Bacteria;p__Bacillota;c__Bacilli;o__Acholeplasmatales;f__Acholeplasmataceae;g__Acholeplasma;s__	g__Acholeplasma
d212f50e1583ffcd6d1da81001fd76a0	d__Bacteria;p__Actinomycetota;c__Actinobacteria;o__Actinomycetales;f__Actinomycetaceae;g__Schaalia;s__	g__Schaalia
ddb9ab4fa4486edc12bbb43603e95de4	d__Bacteria;p__Bacillota;c__Clostridia;o__Lachnospirales;f__Lachnospiraceae;g__Oribacterium;s__	g__Oribacterium
9ebf8cc5de2162d93434ee6abfc5ddd2	d__Bacteria;p__Bacteroidota;c__Bacteroidia;o__Bacteroidales;f__Bacteroidaceae;g__Bacteroides;s__	g__Bacteroides
85a4b7aa0e149a635b38489184cd7594	d__Bacteria;p__Spirochaetota;c__Spirochaetia;o__Spirochaetales;f__Spirochaetaceae;g__Treponema;s__	g__Treponema
690e20086081804c728c410458f2f636	d__Bacteria;p__Bacillota;c__Clostridia;o__Lachnospirales;f__Lachnospiraceae;g__Lachnospiraceae_UCG-004;s__	g__Lachnospiraceae_UCG-004
f5b4044c80e883bd3e8609a31f3be968	d__Bacteria;p__Actinomycetota;c__Actinobacteria;o__Actinomycetales;f__Actinomycetaceae;g__Schaalia;s__	g__Schaalia
e4434a7a1e4a695edffb92f19afb4008	d__Bacteria;p__Bacillota;c__Clostridia;o__Lachnospirales;f__Lachnospiraceae;g__Stomatobaculum;s__	g__Stomatobaculum
cea8aa289ee8fbe9ce1a3c4fe994c51a	d__Bacteria;p__Bacteroidota;c__Bacteroidia;o__Flavobacteriales;f__Flavobacteriaceae;g__Capnocytophaga;s__	g__Capnocytophaga
7fa3b12b3629bb7fb1fda85534ff7e49	d__Bacteria;p__Gemmatimonadota;c__Gemmatimonadia;o__Gemmatimonadales;f__Gemmatimonadaceae;g__Incertae_Sedis;s__	g__Incertae_Sedis
65e0adf824a4eeb9e344b323b6c2b9b3	d__Bacteria;p__Pseudomonadota;c__Gammaproteobacteria;o__Burkholderiales;f__Burkholderiaceae;g__Ralstonia;s__	g__Ralstonia
1ed4093f35bdd73ae7f472bc60a71154	d__Bacteria;p__Bacteroidota;c__Bacteroidia;o__Bacteroidales;f__Prevotellaceae;g__Alloprevotella;s__	g__Alloprevotella
4111746bcec920c2dab35c6edba23e20	d__Bacteria;p__Bacillota;c__Negativicutes;o__Veillonellales-Selenomonadales;f__Veillonellaceae;g__Anaeroglobus;s__	g__Anaeroglobus
b14b18b9024754515857f4b77b4bf892	d__Bacteria;p__Pseudomonadota;c__Gammaproteobacteria;o__Burkholderiales;f__Sutterellaceae;g__Parasutterella;s__	g__Parasutterella
1897759067c945d163142b6dae1b10c7	d__Bacteria;p__Bacteroidota;c__Bacteroidia;o__Bacteroidales;f__Bacteroidaceae;g__Bacteroides;s__	g__Bacteroides
a735debe2783e8ffdc52554685d15c30	d__Bacteria;p__Pseudomonadota;c__Gammaproteobacteria;o__Lysobacterales;f__Lysobacteraceae;g__Stenotrophomonas;s__	g__Stenotrophomonas
395efbdb13bffe9894c05fb9d9a37d98	d__Bacteria;p__Bacteroidota;c__Bacteroidia;o__Bacteroidales;f__Porphyromonadaceae;g__Porphyromonas;s__	g__Porphyromonas
c27e2ca1782437951762488336e0d47b	d__Bacteria;p__Bacillota;c__Negativicutes;o__Veillonellales-Selenomonadales;f__Selenomonadaceae;g__Selenomonas;s__	g__Selenomonas
6da7b35fce822cfd8f8e063f3db64178	d__Bacteria;p__Bacillota;c__Negativicutes;o__Veillonellales-Selenomonadales;f__Selenomonadaceae;g__Selenomonas;s__	g__Selenomonas
0c416bb1ef62f13288e440253605f1f6	d__Bacteria;p__Actinomycetota;c__Actinobacteria;o__Micrococcales;f__Brevibacteriaceae;g__Brevibacterium;s__	g__Brevibacterium
a9cf84c4e55699a627a88548728b8ad1	d__Bacteria;p__Bacteroidota;c__Bacteroidia;o__Flavobacteriales;f__Flavobacteriaceae;g__Capnocytophaga;s__	g__Capnocytophaga
dd2c2297c68cbbd06a970248e155754d	d__Bacteria;p__Bacteroidota;c__Bacteroidia;o__Bacteroidales;f__Prevotellaceae;g__Segatella;s__	g__Segatella
bf0ad26542a76231e25b2438678fcf88	d__Bacteria;p__Pseudomonadota;c__Gammaproteobacteria;o__Lysobacterales;f__Rhodanobacteraceae;g__Dyella;s__	g__Dyella
c076abbd7a9946ea5931704b3b38f9d5	d__Bacteria;p__Fusobacteriota;c__Fusobacteriia;o__Fusobacteriales;f__Leptotrichiaceae;g__Pseudoleptotrichia;s__	g__Pseudoleptotrichia
f664f3e10abc1bd4b2f53e6db71401c1	d__Bacteria;p__Bacteroidota;c__Bacteroidia;o__Bacteroidales;f__Prevotellaceae;g__Prevotella;s__	g__Prevotella
e30d9215e446c769b4c79a338e4b9641	d__Bacteria;p__Pseudomonadota;c__Gammaproteobacteria;o__Burkholderiales;f__Neisseriaceae;g__Alysiella;s__	g__Alysiella
513e475caa7b692c3b800d979362e290	d__Bacteria;p__Patescibacteria;c__Saccharimonadia;o__Saccharimonadales;f__Saccharimonadaceae;g__TM7x;s__	g__TM7x
8a013bcb6ea9471e838903bfe02087dc	d__Bacteria;p__Fusobacteriota;c__Fusobacteriia;o__Fusobacteriales;f__Fusobacteriaceae;g__Fusobacterium;s__	g__Fusobacterium
42c2bc79acf08149cb603facce4ba382	d__Bacteria;p__Bacteroidota;c__Bacteroidia;o__Bacteroidales;f__Prevotellaceae;g__Prevotella;s__	g__Prevotella
8b4e07794a995386be594533a58468d8	d__Bacteria;p__Bacteroidota;c__Bacteroidia;o__Bacteroidales;f__Prevotellaceae;g__Hoylesella;s__	g__Hoylesella
5a1b603deabb0eafcd444fdcb5e40e99	d__Bacteria;p__Verrucomicrobiota;c__Verrucomicrobiia;o__Opitutales;f__Opitutaceae;g__Opitutus;s__	g__Opitutus
522b08d8915a238eb51080e7e82edeee	d__Bacteria;p__Bacteroidota;c__Bacteroidia;o__Sphingobacteriales;f__Lentimicrobiaceae;g__Lentimicrobium;s__	g__Lentimicrobium
9f133e7cf74cf31578f3589a086e5c62	d__Bacteria;p__Bacillota;c__Clostridia;o__Lachnospirales;f__Lachnospiraceae;g__Johnsonella;s__	g__Johnsonella
d5a2c8dc41a2f52dd1b3a1881c8154a0	d__Bacteria;p__Campylobacterota;c__Campylobacteria;o__Campylobacterales;f__Campylobacteraceae;g__Campylobacter;s__	g__Campylobacter
5fbb493c5ee8f39906624a03d8e8e995	d__Bacteria;p__Fusobacteriota;c__Fusobacteriia;o__Fusobacteriales;f__Leptotrichiaceae;g__Leptotrichia;s__	g__Leptotrichia
15cf9b7f5eebb473ed5db1654af35de1	d__Bacteria;p__Fusobacteriota;c__Fusobacteriia;o__Fusobacteriales;f__Fusobacteriaceae;g__Fusobacterium;s__	g__Fusobacterium
816c23b7510861d1efd0d21b15c56ea8	d__Bacteria;p__Bacillota;c__Bacilli;o__Lactobacillales;f__Streptococcaceae;g__Streptococcus;s__	g__Streptococcus
1b91a0d092aa0e86cf35625916d78221	d__Bacteria;p__Fusobacteriota;c__Fusobacteriia;o__Fusobacteriales;f__Fusobacteriaceae;g__Fusobacterium;s__	g__Fusobacterium
ba8f37b0dd6b287110efbe46dca3fbbe	d__Bacteria;p__Actinomycetota;c__Coriobacteriia;o__Coriobacteriales;f__Atopobiaceae;g__Atopobium;s__	g__Atopobium
ca74ba0986a397e0a8a6a0859a57abe7	d__Bacteria;p__Bacteroidota;c__Bacteroidia;o__Bacteroidales;f__Prevotellaceae;g__Incertae_Sedis;s__	g__Incertae_Sedis
4629c86d58a4619474b824831d81f1de	d__Bacteria;p__Bacteroidota;c__Bacteroidia;o__Bacteroidales;f__Prevotellaceae;g__Hoylesella;s__	g__Hoylesella
5146d581e1be0a688588db64ae244f00	d__Bacteria;p__Bacillota;c__Bacilli;o__Mycoplasmatales;f__Mycoplasmataceae;g__Mycoplasma;s__	g__Mycoplasma
83f1ed5fd277e1dbb851d7c261e340c9	d__Bacteria;p__Bacteroidota;c__Bacteroidia;o__Bacteroidales;f__Tannerellaceae;g__Tannerella;s__	g__Tannerella
b14c3f748ff5130552acea8a2b12f29d	d__Bacteria;p__Bacteroidota;c__Bacteroidia;o__Bacteroidales;f__Bacteroidaceae;g__Bacteroides;s__	g__Bacteroides
52ca7590eea7fc031d4bafdc671554e1	d__Bacteria;p__Bacillota;c__Negativicutes;o__Veillonellales-Selenomonadales;f__Selenomonadaceae;g__Selenomonas;s__	g__Selenomonas
a142deb397726b4d9cd6c125115e6033	d__Bacteria;p__Bacteroidota;c__Bacteroidia;o__Bacteroidales;f__Porphyromonadaceae;g__Porphyromonas;s__	g__Porphyromonas
0a3c24f52b2ae76453044e5df5ac24f1	d__Bacteria;p__Bacteroidota;c__Bacteroidia;o__Bacteroidales;f__Tannerellaceae;g__Tannerella;s__	g__Tannerella
2c8702fb302b25a1dc293dedf15c8ee5	d__Bacteria;p__Bacillota;c__Bacilli;o__Lactobacillales;f__Carnobacteriaceae;g__Granulicatella;s__	g__Granulicatella
6dedeccb1e6eb104ccb833fe02ae6372	d__Bacteria;p__Bacteroidota;c__Bacteroidia;o__Bacteroidales;f__Prevotellaceae;g__Prevotella;s__	g__Prevotella
98eb42e3f2b797fee90f088640a78bbb	d__Bacteria;p__Actinomycetota;c__Coriobacteriia;o__Coriobacteriales;f__Atopobiaceae;g__Olsenella;s__	g__Olsenella
32859f72ca3dcaab7d0c1821fbcddbf5	d__Bacteria;p__Bacillota;c__Negativicutes;o__Veillonellales-Selenomonadales;f__Selenomonadaceae;g__Selenomonas;s__	g__Selenomonas
30e354b7f6a2da89c94058d6ef8a015b	d__Bacteria;p__Patescibacteria;c__Saccharimonadia;o__Saccharimonadales;f__Saccharimonadaceae;g__Incertae_Sedis;s__	g__Incertae_Sedis
7d9b703541c71364581d3c0db4edcc37	d__Bacteria;p__Bacteroidota;c__Bacteroidia;o__Bacteroidales;f__Prolixibacteraceae;g__Roseimarinus;s__	g__Roseimarinus
5622a9386eba76e80ca214ad0c2eba1d	d__Bacteria;p__Bacteroidota;c__Bacteroidia;o__Bacteroidales;f__Prevotellaceae;g__Prevotella;s__	g__Prevotella
32bebc890fd64618e64b7bb5dd0e8dfa	d__Bacteria;p__Bacteroidota;c__Bacteroidia;o__Bacteroidales;f__Prevotellaceae;g__Segatella;s__	g__Segatella
1533cacac4102aa6e9b00863c070ad23	d__Bacteria;p__Bacteroidota;c__Bacteroidia;o__Flavobacteriales;f__Flavobacteriaceae;g__Capnocytophaga;s__	g__Capnocytophaga
df2c73fb7dc7526a8c09422594b7f75d	d__Bacteria;p__Bacteroidota;c__Bacteroidia;o__Flavobacteriales;f__Flavobacteriaceae;g__Capnocytophaga;s__	g__Capnocytophaga
d6ab4d004fee8fa1c8e4f477f658dd4a	d__Bacteria;p__Bacillota;c__Clostridia;o__Peptostreptococcales-Tissierellales;f__Anaerovoracaceae;g__[Eubacterium]_saphenum_group;s__	g__[Eubacterium]_saphenum_group
d9d1639aa87d4df85a1261433f770683	d__Bacteria;p__Pseudomonadota;c__Gammaproteobacteria;o__Burkholderiales;f__Burkholderiaceae;g__Cupriavidus;s__	g__Cupriavidus
6585c53d7030f8830734d3a86e59b0af	d__Bacteria;p__Fusobacteriota;c__Fusobacteriia;o__Fusobacteriales;f__Fusobacteriaceae;g__Fusobacterium;s__	g__Fusobacterium
f667a11b831b9606e04600aaaaa48278	d__Bacteria;p__Fusobacteriota;c__Fusobacteriia;o__Fusobacteriales;f__Leptotrichiaceae;g__Leptotrichia;s__	g__Leptotrichia
1389da96420023c0601f3869a3be7db5	d__Bacteria;p__Bacillota;c__Clostridia;o__Peptostreptococcales-Tissierellales;f__Anaerovoracaceae;g__[Eubacterium]_brachy_group;s__	g__[Eubacterium]_brachy_group
fc0aa32c33b8830fec1183ac092337bf	d__Bacteria;p__Bacillota;c__Negativicutes;o__Veillonellales-Selenomonadales;f__Selenomonadaceae;g__Selenomonas;s__	g__Selenomonas
aa989169baa2494fb673cf52b9f139a7	d__Bacteria;p__Bacteroidota;c__Bacteroidia;o__Bacteroidales;f__Prevotellaceae;g__Segatella;s__	g__Segatella
3dba65b3ad45fbb22640f50c2668774a	d__Bacteria;p__Fusobacteriota;c__Fusobacteriia;o__Fusobacteriales;f__Leptotrichiaceae;g__Leptotrichia;s__	g__Leptotrichia
3936502448dd0e5dffb44d55adc231ed	d__Bacteria;p__Pseudomonadota;c__Gammaproteobacteria;o__Burkholderiales;f__Neisseriaceae;g__Eikenella;s__	g__Eikenella
b96936ee643ba4424828e2b3eb2c0828	d__Bacteria;p__Patescibacteria;c__Saccharimonadia;o__Saccharimonadales;f__Saccharimonadaceae;g__Incertae_Sedis;s__	g__Incertae_Sedis
f9deef6abc46ef624db2899b686472d2	d__Bacteria;p__Bacteroidota;c__Bacteroidia;o__Flavobacteriales;f__Crocinitomicaceae;g__Fluviicola;s__	g__Fluviicola
a5b15807c998f4c8c3b54a7254ec2aca	d__Bacteria;p__Bacillota;c__Negativicutes;o__Veillonellales-Selenomonadales;f__Selenomonadaceae;g__Incertae_Sedis;s__	g__Incertae_Sedis
0482ec84e258e98498749ff18d156533	d__Bacteria;p__Bacteroidota;c__Bacteroidia;o__Flavobacteriales;f__Weeksellaceae;g__Bergeyella;s__	g__Bergeyella
5b78db61c115b3010d1d72e8f19f4ded	d__Bacteria;p__Bacillota;c__Negativicutes;o__Veillonellales-Selenomonadales;f__Selenomonadaceae;g__Selenomonas;s__	g__Selenomonas
a357a1fbf6f1a856f4eac3c2e4023668	d__Bacteria;p__Bacteroidota;c__Bacteroidia;o__Bacteroidales;f__Prevotellaceae;g__Incertae_Sedis;s__	g__Incertae_Sedis
cd9a8c666ba2adfb9387f6a5c980244d	d__Bacteria;p__Bacteroidota;c__Bacteroidia;o__Bacteroidales;f__Prevotellaceae;g__Hoylesella;s__	g__Hoylesella
53f109adcab8bb2de093b6ee02b9a6b2	d__Bacteria;p__Bacteroidota;c__Bacteroidia;o__Bacteroidales;f__Prevotellaceae;g__Hoylesella;s__	g__Hoylesella
8310c1cd7f3e2c015b41314edb2cefa1	d__Bacteria;p__Actinomycetota;c__Actinobacteria;o__Actinomycetales;f__Actinomycetaceae;g__Schaalia;s__	g__Schaalia
88e4283c4c0969cce70a66bec4521ea4	d__Bacteria;p__Bacteroidota;c__Bacteroidia;o__Bacteroidales;f__Prevotellaceae;g__Prevotella;s__	g__Prevotella
e607c8047049c552f643b012bcfd62bc	d__Bacteria;p__Bacteroidota;c__Bacteroidia;o__Flavobacteriales;f__Flavobacteriaceae;g__Capnocytophaga;s__	g__Capnocytophaga
173dbd9d518691910405c5c9985524ee	d__Bacteria;p__Pseudomonadota;c__Gammaproteobacteria;o__Pseudomonadales;f__Moraxellaceae;g__Acinetobacter;s__	g__Acinetobacter
1ce38c961f9da688072ab76b93a684f9	d__Bacteria;p__Bacteroidota;c__Bacteroidia;o__Flavobacteriales;f__Flavobacteriaceae;g__Flavobacterium;s__	g__Flavobacterium
c8307555fde9b221e060c41d3fb42147	d__Bacteria;p__Bdellovibrionota;c__Oligoflexia;o__0319-6G20;f__Incertae_Sedis;g__Incertae_Sedis;s__	g__Incertae_Sedis
a73bd96b119d77e58fb72de3c4b3c249	d__Bacteria;p__Bacillota;c__Bacilli;o__Lactobacillales;f__Lactobacillaceae;g__Lactobacillus;s__	g__Lactobacillus
e04829764cfd78f32e965b645f9f0232	d__Bacteria;p__Actinomycetota;c__Actinobacteria;o__Bifidobacteriales;f__Bifidobacteriaceae;g__Parascardovia;s__	g__Parascardovia
18fb3770687c1302e23ffd4c8f528338	d__Bacteria;p__Bacillota;c__Clostridia;o__Lachnospirales;f__Lachnospiraceae;g__Catonella;s__	g__Catonella
6fb33f08706707d28a58b41c3cef1d29	d__Bacteria;p__Bacillota;c__Clostridia;o__Lachnospirales;f__Lachnospiraceae;g__Roseburia;s__	g__Roseburia
86a7e8909f14d6e9e4179d32ad585936	d__Bacteria;p__Bacillota;c__Negativicutes;o__Veillonellales-Selenomonadales;f__Selenomonadaceae;g__Selenomonas;s__	g__Selenomonas
31f232781685558bf9d62e35e8f237f9	d__Bacteria;p__Verrucomicrobiota;c__Verrucomicrobiia;o__Verrucomicrobiales;f__Akkermansiaceae;g__Akkermansia;s__	g__Akkermansia
b7ffe99c393ab7cb09dee236a1aed349	d__Bacteria;p__Bacillota;c__Clostridia;o__Lachnospirales;f__Lachnospiraceae;g__Lachnospiraceae_NK3A20_group;s__	g__Lachnospiraceae_NK3A20_group
1080466093c524b828ed222641b80c08	d__Bacteria;p__Actinomycetota;c__Actinobacteria;o__Actinomycetales;f__Actinomycetaceae;g__Actinomyces;s__	g__Actinomyces
05c1d5f797f763139aec6eeb91c62614	d__Bacteria;p__Bacteroidota;c__Bacteroidia;o__Bacteroidales;f__Prevotellaceae;g__Prevotella;s__	g__Prevotella
f2810e83db4e8361b6b951045c12943f	d__Bacteria;p__Bacteroidota;c__Bacteroidia;o__Bacteroidales;f__Prevotellaceae;g__Segatella;s__	g__Segatella
33e283c08639b87c3eba2e9f0b260e03	d__Bacteria;p__Bacteroidota;c__Bacteroidia;o__Bacteroidales;f__Prevotellaceae;g__Segatella;s__	g__Segatella
f9bf25150c643d74e7af3bd8a65856ae	d__Bacteria;p__Bacteroidota;c__Bacteroidia;o__Bacteroidales;f__Bacteroidaceae;g__Bacteroides;s__	g__Bacteroides
06ebff903318f353ea751f8bd8474f1d	d__Bacteria;p__Patescibacteria;c__Saccharimonadia;o__Saccharimonadales;f__Saccharimonadaceae;g__TM7a;s__	g__TM7a
98d4a55f136855d67692913cd8800a71	d__Bacteria;p__Spirochaetota;c__Spirochaetia;o__Spirochaetales;f__Spirochaetaceae;g__Treponema;s__	g__Treponema
9a3e272dbc1c0a2fe70f3b19e1f33110	d__Bacteria;p__Actinomycetota;c__Actinobacteria;o__Micrococcales;f__Microbacteriaceae;g__Leifsonia;s__	g__Leifsonia
aa17c5199c9fe61b95da52f2f2be9d2b	d__Bacteria;p__Bacteroidota;c__Bacteroidia;o__Bacteroidales;f__Prevotellaceae;g__Prevotella;s__	g__Prevotella
2b96a9a20cef50eb4d5b60e50e2f4766	d__Bacteria;p__Bacillota;c__Negativicutes;o__Veillonellales-Selenomonadales;f__Sporomusaceae;g__Pelosinus;s__	g__Pelosinus
d8a79e252edfd0ef76f97239d22a9095	d__Bacteria;p__Pseudomonadota;c__Gammaproteobacteria;o__Lysobacterales;f__Rhodanobacteraceae;g__Dyella;s__	g__Dyella
520c8f3a443217214b8bd0e2a17c5fa4	d__Bacteria;p__Pseudomonadota;c__Gammaproteobacteria;o__Lysobacterales;f__Rhodanobacteraceae;g__Rhodanobacter;s__	g__Rhodanobacter
773554a63a0f9d1ed821bd137012c98f	d__Bacteria;p__Spirochaetota;c__Spirochaetia;o__Spirochaetales;f__Spirochaetaceae;g__Treponema;s__	g__Treponema
ab87a1c29a5c9620b282d24c4ff518e9	d__Bacteria;p__Bacillota;c__Negativicutes;o__Veillonellales-Selenomonadales;f__Veillonellaceae;g__Veillonella;s__	g__Veillonella
fe868f7a1f2e841f0038e8ac7e0ad16c	d__Bacteria;p__Bacteroidota;c__Bacteroidia;o__Bacteroidales;f__Prevotellaceae;g__Segatella;s__	g__Segatella
13b082ce656de07abb6e01a54731fc66	d__Bacteria;p__Pseudomonadota;c__Gammaproteobacteria;o__Burkholderiales;f__Comamonadaceae;g__Thiomonas;s__	g__Thiomonas
c0cd6934beda2581c89e7c84ae5169a6	d__Bacteria;p__Bacillota;c__Negativicutes;o__Veillonellales-Selenomonadales;f__Selenomonadaceae;g__Selenomonas;s__	g__Selenomonas
9c68c70bb4eb536900e141fa099302f4	d__Bacteria;p__Pseudomonadota;c__Alphaproteobacteria;o__Sphingomonadales;f__Sphingomonadaceae;g__Novosphingobium;s__	g__Novosphingobium
e17976aa608bd3a6e8733c9c0bd8ae93	d__Bacteria;p__Pseudomonadota;c__Gammaproteobacteria;o__Burkholderiales;f__Neisseriaceae;g__Eikenella;s__	g__Eikenella
eb378dd68cda046e10051ccf0a205c07	d__Bacteria;p__Bacteroidota;c__Bacteroidia;o__Bacteroidales;f__Prevotellaceae;g__Segatella;s__	g__Segatella
5455fa6158e1ab6c2963ed92fc1b6db5	d__Bacteria;p__Bacteroidota;c__Bacteroidia;o__Flavobacteriales;f__Flavobacteriaceae;g__Capnocytophaga;s__	g__Capnocytophaga
d302b6af5f4679f091b787dfc895a719	d__Bacteria;p__Bacteroidota;c__Bacteroidia;o__Bacteroidales;f__Prevotellaceae;g__Segatella;s__	g__Segatella
c9438dc6e1a28009168d70f0e7931700	d__Bacteria;p__Bacteroidota;c__Bacteroidia;o__Flavobacteriales;f__Flavobacteriaceae;g__Capnocytophaga;s__	g__Capnocytophaga
31e860dfff807fe533aabfaacc1bcd74	d__Bacteria;p__Bacteroidota;c__Bacteroidia;o__Bacteroidales;f__Prevotellaceae;g__Segatella;s__	g__Segatella
4fb30ac540f0f43ce0d6dfb123eb833b	d__Bacteria;p__Bacteroidota;c__Bacteroidia;o__Bacteroidales;f__Porphyromonadaceae;g__Porphyromonas;s__	g__Porphyromonas
ad33d79cd0c53e08883efe57f087db19	d__Bacteria;p__Pseudomonadota;c__Gammaproteobacteria;o__Burkholderiales;f__Comamonadaceae;g__Ottowia;s__	g__Ottowia
a3c504e857e0a2abf32e9a97bc6f1b7c	d__Bacteria;p__Bacillota;c__Clostridia;o__Peptococcales;f__Peptococcaceae;g__Peptococcus;s__	g__Peptococcus
cc0cb532a9fa403e689bd68a31b4ffe7	d__Bacteria;p__Pseudomonadota;c__Gammaproteobacteria;o__Enterobacterales;f__Enterobacteriaceae;g__Enterobacter;s__	g__Enterobacter
66a99153c2fdf773c230ca6bce30470a	d__Bacteria;p__Bacteroidota;c__Bacteroidia;o__Bacteroidales;f__Prevotellaceae;g__Incertae_Sedis;s__	g__Incertae_Sedis
2b310b19bd4dfa49e34261b258e8f90c	d__Bacteria;p__Bacteroidota;c__Bacteroidia;o__Bacteroidales;f__Porphyromonadaceae;g__Porphyromonas;s__	g__Porphyromonas
7cb588b5b3c2e0c29276780e6f0bba2e	d__Bacteria;p__Bacillota;c__Negativicutes;o__Veillonellales-Selenomonadales;f__Selenomonadaceae;g__Megamonas;s__	g__Megamonas
3ec9a72eea2934c7e20bf5e3840b3935	d__Bacteria;p__Bacteroidota;c__Bacteroidia;o__Bacteroidales;f__Tannerellaceae;g__Parabacteroides;s__	g__Parabacteroides
e16c60959e800b7873a552b562c14522	d__Bacteria;p__Bacteroidota;c__Bacteroidia;o__Bacteroidales;f__F082;g__Incertae_Sedis;s__	g__Incertae_Sedis
0bd2674e809d4fd1aaa4c689b5eb846f	d__Bacteria;p__Bacillota;c__Clostridia;o__Peptostreptococcales-Tissierellales;f__Anaerovoracaceae;g__[Eubacterium]_brachy_group;s__	g__[Eubacterium]_brachy_group
e2004099bb25ef92699069ebe5f67b93	d__Bacteria;p__Pseudomonadota;c__Gammaproteobacteria;o__Pseudomonadales;f__Halomonadaceae;g__Halomonas;s__	g__Halomonas
5220b597252f2bb738177fdc71e0b837	d__Bacteria;p__Bacteroidota;c__Bacteroidia;o__Bacteroidales;f__Prevotellaceae;g__Prevotella;s__	g__Prevotella
542fa09363c33c7e6ef35a868e51335d	d__Bacteria;p__Bacteroidota;c__Bacteroidia;o__Bacteroidales;f__Prevotellaceae;g__Prevotella;s__	g__Prevotella
d4015909069cd58bf2d7a9b543463eea	d__Bacteria;p__Bacteroidota;c__Bacteroidia;o__Bacteroidales;f__Prevotellaceae;g__Hoylesella;s__	g__Hoylesella
944801a5dce0fa6da0ec28469acf109d	d__Bacteria;p__Pseudomonadota;c__Alphaproteobacteria;o__Caulobacterales;f__Caulobacteraceae;g__Brevundimonas;s__	g__Brevundimonas
56419f019b2862aa8f88549472e10bf3	d__Bacteria;p__Pseudomonadota;c__Alphaproteobacteria;o__Azospirillales;f__Azospirillaceae;g__Azospirillum;s__	g__Azospirillum
c8ff4ca52c4bba3d9a563a80816452e0	d__Bacteria;p__Acidobacteriota;c__FFCH5909;o__Incertae_Sedis;f__Incertae_Sedis;g__Incertae_Sedis;s__	g__Incertae_Sedis
bbf8c844ccc2f94bfeae8943ce4baf37	d__Bacteria;p__Pseudomonadota;c__Gammaproteobacteria;o__Burkholderiales;f__Neisseriaceae;g__Incertae_Sedis;s__	g__Incertae_Sedis
5676d37b19832a6f74c63d7d8e22755d	d__Bacteria;p__Bacillota;c__Negativicutes;o__Veillonellales-Selenomonadales;f__Selenomonadaceae;g__Selenomonas;s__	g__Selenomonas
6c88dd88fb0766e630eeae557c094a28	d__Bacteria;p__Spirochaetota;c__Spirochaetia;o__Spirochaetales;f__Spirochaetaceae;g__Treponema;s__	g__Treponema
c8d1056946d8728ced4b38d624e6c52e	d__Bacteria;p__Bacillota;c__Bacilli;o__Mycoplasmatales;f__Mycoplasmataceae;g__Mycoplasma;s__	g__Mycoplasma
1cc50fd0736e28c27c98a07725389869	d__Bacteria;p__Bacteroidota;c__Bacteroidia;o__Bacteroidales;f__Prevotellaceae;g__Prevotella;s__	g__Prevotella
bc05016f587aca5a7dc4491020662375	d__Bacteria;p__Bacteroidota;c__Bacteroidia;o__Flavobacteriales;f__Flavobacteriaceae;g__Capnocytophaga;s__	g__Capnocytophaga
ce1e15ebf385e5b7068a0c1519c7d528	d__Bacteria;p__Bacillota;c__Bacilli;o__Staphylococcales;f__Gemellaceae;g__Gemella;s__	g__Gemella
e88077dd64178ebd86038e2621fbb492	d__Bacteria;p__Pseudomonadota;c__Gammaproteobacteria;o__Pseudomonadales;f__Pseudomonadaceae;g__Pseudomonas;s__	g__Pseudomonas
b0c0c3c3ed49a801e3a1fc2c0f6171a7	d__Bacteria;p__Pseudomonadota;c__Gammaproteobacteria;o__Enterobacterales;f__Pasteurellaceae;g__Haemophilus;s__	g__Haemophilus
fb916a63e7caafd053f9aa53ae3d02ed	d__Bacteria;p__Bacteroidota;c__Bacteroidia;o__Bacteroidales;f__Rikenellaceae;g__Rikenellaceae_RC9_gut_group;s__	g__Rikenellaceae_RC9_gut_group
263d2d2c370df57db9ea13a13d9f18bf	d__Bacteria;p__Bacteroidota;c__Bacteroidia;o__Sphingobacteriales;f__Lentimicrobiaceae;g__Lentimicrobium;s__	g__Lentimicrobium
e5d1153c149e129573811b7591d7b1b2	d__Bacteria;p__Pseudomonadota;c__Gammaproteobacteria;o__Lysobacterales;f__Lysobacteraceae;g__Pseudoxanthomonas;s__	g__Pseudoxanthomonas
e2d5631adfc5ac5dcce5fb62591d1de5	d__Bacteria;p__Bacteroidota;c__Bacteroidia;o__Bacteroidales;f__Prevotellaceae;g__Segatella;s__	g__Segatella
b1038f475b30f6ee2f437b1c2562409f	d__Bacteria;p__Bacillota;c__Negativicutes;o__Veillonellales-Selenomonadales;f__Selenomonadaceae;g__Selenomonas;s__	g__Selenomonas
207d9b87dce0fc7a51cedad381be107f	d__Bacteria;p__Bacteroidota;c__Bacteroidia;o__Bacteroidales;f__Prevotellaceae;g__Segatella;s__	g__Segatella
0314dc347d14f9d83dd4069b5726ec0a	d__Bacteria;p__Bacteroidota;c__Bacteroidia;o__Bacteroidales;f__Prevotellaceae;g__Hoylesella;s__	g__Hoylesella
540ebbb9acefacf5227a1e63d2eac1a6	d__Bacteria;p__Bacillota;c__Negativicutes;o__Veillonellales-Selenomonadales;f__Selenomonadaceae;g__Selenomonas;s__	g__Selenomonas
3a6523699309e426a485b998fac53602	d__Bacteria;p__Fusobacteriota;c__Fusobacteriia;o__Fusobacteriales;f__Leptotrichiaceae;g__Leptotrichia;s__	g__Leptotrichia
1428f0f8cd48d119c192216d460631da	d__Bacteria;p__Pseudomonadota;c__Gammaproteobacteria;o__Enterobacterales;f__Pasteurellaceae;g__Haemophilus;s__	g__Haemophilus
173ae448654ca5335227d3b8525c15a4	d__Bacteria;p__Bacteroidota;c__Bacteroidia;o__Bacteroidales;f__Bacteroidaceae;g__Bacteroides;s__	g__Bacteroides
bee3dee95bd864abfc6ddde54b295e28	d__Bacteria;p__Actinomycetota;c__Acidimicrobiia;o__Acidimicrobiales;f__Acidimicrobiaceae;g__Acidiferrimicrobium;s__	g__Acidiferrimicrobium
38352864256a3f5654502b85d7b001c0	d__Bacteria;p__Bacteroidota;c__Bacteroidia;o__Bacteroidales;f__Porphyromonadaceae;g__Porphyromonas;s__	g__Porphyromonas
81cfb941fe7b6cc7663ef8add70351e7	d__Bacteria;p__Pseudomonadota;c__Gammaproteobacteria;o__Enterobacterales;f__Pasteurellaceae;g__Haemophilus;s__	g__Haemophilus
64c70f5de8bdccef36e1d2b405d89878	d__Bacteria;p__Bacteroidota;c__Bacteroidia;o__Bacteroidales;f__Prevotellaceae;g__Incertae_Sedis;s__	g__Incertae_Sedis
1e82dece6a664ac6517d700149f62cd4	d__Bacteria;p__Actinomycetota;c__Actinobacteria;o__Actinomycetales;f__Actinomycetaceae;g__Schaalia;s__	g__Schaalia
8ee2a6b005b2fee9c2e8665bce0691fe	d__Bacteria;p__Pseudomonadota;c__Gammaproteobacteria;o__Burkholderiales;f__Comamonadaceae;g__Acidovorax;s__	g__Acidovorax
e057a5a741ddb115de054b815c1a0a91	d__Bacteria;p__Campylobacterota;c__Campylobacteria;o__Campylobacterales;f__Campylobacteraceae;g__Campylobacter;s__	g__Campylobacter
a9000ed3cbeca4852ce24726ae3b465b	d__Bacteria;p__Bacillota;c__Negativicutes;o__Veillonellales-Selenomonadales;f__Selenomonadaceae;g__Incertae_Sedis;s__	g__Incertae_Sedis
b37d1cee7682158cd22a6a5a8409823f	d__Bacteria;p__Bacteroidota;c__Bacteroidia;o__Bacteroidales;f__Tannerellaceae;g__Parabacteroides;s__	g__Parabacteroides
e3f98925bc2d894b3fce8b91b15163d3	d__Bacteria;p__Pseudomonadota;c__Gammaproteobacteria;o__Burkholderiales;f__Neisseriaceae;g__Neisseria;s__	g__Neisseria
adcb559f3265f6386b5669c0800be1a2	d__Bacteria;p__Bacteroidota;c__Bacteroidia;o__Bacteroidales;f__Rikenellaceae;g__Incertae_Sedis;s__	g__Incertae_Sedis
8e0ed4dd416b0a850e552b0fed8e1c3d	d__Bacteria;p__Pseudomonadota;c__Gammaproteobacteria;o__Cardiobacteriales;f__Cardiobacteriaceae;g__Cardiobacterium;s__	g__Cardiobacterium
b1a95e18efe3fe78c69b3d6e84b7b038	d__Bacteria;p__Bacteroidota;c__Bacteroidia;o__Bacteroidales;f__Prevotellaceae;g__Incertae_Sedis;s__	g__Incertae_Sedis
4238676b6876f19e013fe4e6c95550d0	d__Bacteria;p__Bacteroidota;c__Bacteroidia;o__Bacteroidales;f__Porphyromonadaceae;g__Porphyromonas;s__	g__Porphyromonas
fc0fcd43446eb85726594a2bc41ac044	d__Bacteria;p__Bacteroidota;c__Bacteroidia;o__Bacteroidales;f__Bacteroidaceae;g__Bacteroides;s__	g__Bacteroides
840c33960ec98e9f04b286c8b42ae5d2	d__Bacteria;p__Bacillota;c__Clostridia;o__Peptostreptococcales-Tissierellales;f__Anaerovoracaceae;g__Family_XIII_AD3011_group;s__	g__Family_XIII_AD3011_group
e7f33839f345ab54f0ad0cf2566d0715	d__Bacteria;p__Actinomycetota;c__Coriobacteriia;o__Coriobacteriales;f__Atopobiaceae;g__Olsenella;s__	g__Olsenella
2b75750177ffe2f827121f98c57535f4	d__Bacteria;p__Pseudomonadota;c__Gammaproteobacteria;o__Legionellales;f__Legionellaceae;g__Legionella;s__	g__Legionella
c830baf37d5e3dd877d90c34a6409eb1	d__Bacteria;p__Bacillota;c__Bacilli;o__Erysipelotrichales;f__Erysipelotrichaceae;g__Solobacterium;s__	g__Solobacterium
4b215af03deda64f0bc5c72f7572f377	d__Bacteria;p__Chlamydiota;c__Chlamydiia;o__Chlamydiales;f__Simkaniaceae;g__Incertae_Sedis;s__	g__Incertae_Sedis
67f13cea1467f08363c1432c8b06ac61	d__Bacteria;p__Bacteroidota;c__Bacteroidia;o__Bacteroidales;f__Prevotellaceae;g__Prevotella;s__	g__Prevotella
8a25d87b78f717c9c84696500312ad10	d__Bacteria;p__Bacillota;c__Bacilli;o__Lactobacillales;f__Carnobacteriaceae;g__Dolosigranulum;s__	g__Dolosigranulum
038444ad8b106bc128d418ebc911a3fd	d__Bacteria;p__Bacillota;c__Clostridia;o__Peptostreptococcales-Tissierellales;f__Family_XI;g__Parvimonas;s__	g__Parvimonas
5caf2c6f58591ef0ae1ce24e6e91fa44	d__Bacteria;p__Bacteroidota;c__Bacteroidia;o__Bacteroidales;f__Rikenellaceae;g__Rikenellaceae_RC9_gut_group;s__	g__Rikenellaceae_RC9_gut_group
b82a9b036bf815c8e79f360c8f803b02	d__Bacteria;p__Bacillota;c__Clostridia;o__Peptostreptococcales-Tissierellales;f__Peptostreptococcaceae;g__Peptoanaerobacter;s__	g__Peptoanaerobacter
68766000b2cd13009f7f41eda6fd6e9b	d__Bacteria;p__Fusobacteriota;c__Fusobacteriia;o__Fusobacteriales;f__Fusobacteriaceae;g__Fusobacterium;s__	g__Fusobacterium
01ba4b90faabf88d826007f313761c78	d__Bacteria;p__Bacillota;c__Clostridia;o__Peptostreptococcales-Tissierellales;f__Peptostreptococcaceae;g__Incertae_Sedis;s__	g__Incertae_Sedis
a9d632c1d29f56005b2adea6211538d2	d__Bacteria;p__Bacteroidota;c__Bacteroidia;o__Bacteroidales;f__Prevotellaceae;g__Prevotella;s__	g__Prevotella
f7560f8d9e5f670f9ef3c984c49b087f	d__Bacteria;p__Bacillota;c__Negativicutes;o__Veillonellales-Selenomonadales;f__Selenomonadaceae;g__Selenomonas;s__	g__Selenomonas
44ee2f2afe031b5b57804ac4268b2555	d__Bacteria;p__Bacteroidota;c__Bacteroidia;o__Bacteroidales;f__Prevotellaceae;g__Hoylesella;s__	g__Hoylesella
cbf1d9cccfac2576101e7a02f5a0b0cd	d__Bacteria;p__Pseudomonadota;c__Gammaproteobacteria;o__Lysobacterales;f__Lysobacteraceae;g__Stenotrophomonas;s__	g__Stenotrophomonas
fbbf63f36b99d76132a1424c949ca3a4	d__Bacteria;p__Patescibacteria;c__Parcubacteria;o__Incertae_Sedis;f__Incertae_Sedis;g__Incertae_Sedis;s__	g__Incertae_Sedis
84cd7eeffdad34ffa756a2e9bd3126c6	d__Bacteria;p__Bacteroidota;c__Bacteroidia;o__Bacteroidales;f__Prevotellaceae;g__Prevotella;s__	g__Prevotella
ed43b1cefa18642a41aca3f7fe5e52e7	d__Bacteria;p__Spirochaetota;c__Spirochaetia;o__Spirochaetales;f__Spirochaetaceae;g__Treponema;s__	g__Treponema
cead39edff86f6216900320a5cb4c1c9	d__Bacteria;p__Bacillota;c__Negativicutes;o__Veillonellales-Selenomonadales;f__Selenomonadaceae;g__Selenomonas;s__	g__Selenomonas
639d83a515ecb3cc13e5f7c2081fa420	d__Bacteria;p__Campylobacterota;c__Campylobacteria;o__Campylobacterales;f__Campylobacteraceae;g__Campylobacter;s__	g__Campylobacter
9d1b33b6b307d1e913babd2ee8210f85	d__Bacteria;p__Campylobacterota;c__Campylobacteria;o__Campylobacterales;f__Campylobacteraceae;g__Campylobacter;s__	g__Campylobacter
30964a31e0d0e615d3f55dc52cee5e68	d__Bacteria;p__Pseudomonadota;c__Gammaproteobacteria;o__Enterobacterales;f__Pasteurellaceae;g__Haemophilus;s__	g__Haemophilus
8533dddc55df078b949f76d0f70c7283	d__Bacteria;p__Bacillota;c__Clostridia;o__Lachnospirales;f__Lachnospiraceae;g__Howardella;s__	g__Howardella
f9ab1d62f7b2036bced662a3b93ecfe8	d__Bacteria;p__Bacteroidota;c__Bacteroidia;o__Bacteroidales;f__Prevotellaceae;g__Prevotella;s__	g__Prevotella
86d1130cf231d9cf84f79f2e999be076	d__Bacteria;p__Pseudomonadota;c__Gammaproteobacteria;o__Pseudomonadales;f__Pseudomonadaceae;g__Pseudomonas;s__	g__Pseudomonas
a4d8fa6884d9994fe583c2d60a1edd49	d__Bacteria;p__Patescibacteria;c__Parcubacteria;o__Incertae_Sedis;f__Incertae_Sedis;g__Incertae_Sedis;s__	g__Incertae_Sedis
026fd7611ae2c3884517a42be3f9dab4	d__Bacteria;p__Bacillota;c__Bacilli;o__Staphylococcales;f__Staphylococcaceae;g__Staphylococcus;s__	g__Staphylococcus
1b71e8d895eaf134c1f17222c0f55997	d__Bacteria;p__Pseudomonadota;c__Alphaproteobacteria;o__Caulobacterales;f__Caulobacteraceae;g__Caulobacter;s__	g__Caulobacter
d118dedcb8277a28e6d3ae772fe1a2be	d__Bacteria;p__Bacillota;c__Clostridia;o__Lachnospirales;f__Lachnospiraceae;g__[Eubacterium]_ventriosum_group;s__	g__[Eubacterium]_ventriosum_group
05073e247f22ba778523c1de9e3185c4	d__Bacteria;p__Pseudomonadota;c__Gammaproteobacteria;o__Burkholderiales;f__Sutterellaceae;g__Sutterella;s__	g__Sutterella
a2e2307b763ee290a6f78b5a602f0499	d__Bacteria;p__Bacteroidota;c__Bacteroidia;o__Bacteroidales;f__Prevotellaceae;g__Pseudoprevotella;s__	g__Pseudoprevotella
7ff70ab097d4cb1adeec0e2b0e9ce453	d__Bacteria;p__Bacteroidota;c__Bacteroidia;o__Bacteroidales;f__Tannerellaceae;g__Parabacteroides;s__	g__Parabacteroides
7108068176c27292389d0908c7483a9b	d__Bacteria;p__Pseudomonadota;c__Gammaproteobacteria;o__Lysobacterales;f__Rhodanobacteraceae;g__Pseudolysobacter;s__	g__Pseudolysobacter
d479c9dbb72452b4d2962fce8b0aa900	d__Bacteria;p__Bacteroidota;c__Bacteroidia;o__Bacteroidales;f__Prevotellaceae;g__Incertae_Sedis;s__	g__Incertae_Sedis
28497000cbbdbdd345807c39cb2590ca	d__Bacteria;p__Bacteroidota;c__Bacteroidia;o__Bacteroidales;f__Prevotellaceae;g__Hoylesella;s__	g__Hoylesella
dd6c9280baea9ea1ed377fdc64b0b2be	d__Bacteria;p__Campylobacterota;c__Campylobacteria;o__Campylobacterales;f__Campylobacteraceae;g__Campylobacter;s__	g__Campylobacter
e74a8ec502249babac265a9a1996d6ff	d__Bacteria;p__Fusobacteriota;c__Fusobacteriia;o__Fusobacteriales;f__Leptotrichiaceae;g__Pseudoleptotrichia;s__	g__Pseudoleptotrichia
255d7f9288b94bfd35b22d1a675e9482	d__Bacteria;p__Patescibacteria;c__Parcubacteria;o__Candidatus_Lloydbacteria;f__Incertae_Sedis;g__Incertae_Sedis;s__	g__Incertae_Sedis
3d3cb35eb54ca301e443de1e5abbd37f	d__Bacteria;p__Bacillota;c__Bacilli;o__Staphylococcales;f__Staphylococcaceae;g__Staphylococcus;s__	g__Staphylococcus
46a3a28388e05db5c8338df24e8bfaff	d__Bacteria;p__Pseudomonadota;c__Gammaproteobacteria;o__Pseudomonadales;f__Moraxellaceae;g__Acinetobacter;s__	g__Acinetobacter
eb4b7516a8c680748c5f5a9a6bcf599b	d__Bacteria;p__Spirochaetota;c__Spirochaetia;o__Spirochaetales;f__Spirochaetaceae;g__Treponema;s__	g__Treponema
a8c5cf1d463f7512dd04d686c3cdb38c	d__Bacteria;p__Actinomycetota;c__Actinobacteria;o__Bifidobacteriales;f__Bifidobacteriaceae;g__Scardovia;s__	g__Scardovia
aee206a6a7d46244d4e7b9cfd5783012	d__Bacteria;p__Bacillota;c__Bacilli;o__Erysipelotrichales;f__Erysipelatoclostridiaceae;g__Eggerthia;s__	g__Eggerthia
5e5883dff5d787de088a6a2e8d0796f5	d__Bacteria;p__Bacteroidota;c__Bacteroidia;o__Bacteroidales;f__Prevotellaceae;g__Segatella;s__	g__Segatella
e171bdb14a7eb8c2fcd7a759adb816b3	d__Bacteria;p__Spirochaetota;c__Spirochaetia;o__Spirochaetales;f__Spirochaetaceae;g__Treponema;s__	g__Treponema
7b6317a29973bf0a428bd2538616ad32	d__Bacteria;p__Bacillota;c__Clostridia;o__Peptostreptococcales-Tissierellales;f__Peptostreptococcaceae;g__Peptostreptococcus;s__	g__Peptostreptococcus
654fe476ed9b205701bce167597a73d5	d__Bacteria;p__Bacteroidota;c__Bacteroidia;o__Bacteroidales;f__Prevotellaceae;g__Prevotella;s__	g__Prevotella
0094d67cc6242428e7c1e30b3ac35945	d__Bacteria;p__Bacillota;c__Negativicutes;o__Veillonellales-Selenomonadales;f__Selenomonadaceae;g__Selenomonas;s__	g__Selenomonas
3dc930c05094e35cbcade99fba716ccc	d__Bacteria;p__Bacteroidota;c__Bacteroidia;o__Bacteroidales;f__Tannerellaceae;g__Tannerella;s__	g__Tannerella
f191be3d7cee368bb323bc924be4672e	d__Bacteria;p__Campylobacterota;c__Campylobacteria;o__Campylobacterales;f__Campylobacteraceae;g__Campylobacter;s__	g__Campylobacter
63be8a3ca2cf4d0f4f7f1969b76fc8b9	d__Bacteria;p__Bacteroidota;c__Bacteroidia;o__Bacteroidales;f__Prevotellaceae;g__Prevotella;s__	g__Prevotella
8b57a05aa77e92eaf192916f15aa5ba2	d__Bacteria;p__Pseudomonadota;c__Gammaproteobacteria;o__Burkholderiales;f__Neisseriaceae;g__Neisseria;s__	g__Neisseria
8a627a2352d57f70cfe968502ceab41c	d__Bacteria;p__Actinomycetota;c__Actinobacteria;o__Bifidobacteriales;f__Bifidobacteriaceae;g__Alloscardovia;s__	g__Alloscardovia
83b10058865161234600ade51a76b247	d__Bacteria;p__Fusobacteriota;c__Fusobacteriia;o__Fusobacteriales;f__Leptotrichiaceae;g__Sneathia;s__	g__Sneathia
b33e632d69297d33ea87947fadaafb25	d__Bacteria;p__Deinococcota;c__Deinococci;o__Deinococcales;f__Deinococcaceae;g__Deinococcus;s__	g__Deinococcus
a412ac1f667fe0b00fcb8d15d215b9a5	d__Bacteria;p__Bacillota;c__Negativicutes;o__Veillonellales-Selenomonadales;f__Veillonellaceae;g__Dialister;s__	g__Dialister
8265eaf3859f5b673fe6582310d526b6	d__Bacteria;p__Pseudomonadota;c__Gammaproteobacteria;o__Burkholderiales;f__Neisseriaceae;g__Neisseria;s__	g__Neisseria
24d39913c0739c33964d8d41a1af7915	d__Bacteria;p__Thermodesulfobacteriota;c__Desulfuromonadia;o__Bradymonadales;f__Incertae_Sedis;g__Incertae_Sedis;s__	g__Incertae_Sedis
0ac8b0c37a94c1d2670a335341d04f19	d__Bacteria;p__Bacillota;c__Bacilli;o__Acholeplasmatales;f__Acholeplasmataceae;g__Acholeplasma;s__	g__Acholeplasma
96ff2b659142755a16e8fc69d7808a16	d__Bacteria;p__Bacillota;c__Clostridia;o__Peptostreptococcales-Tissierellales;f__Peptostreptococcaceae;g__Peptostreptococcus;s__	g__Peptostreptococcus
088ea65617b17425d3a8115a6cbfb9af	d__Bacteria;p__Bacillota;c__Bacilli;o__RF39;f__Incertae_Sedis;g__Incertae_Sedis;s__	g__Incertae_Sedis
1264896c8f3a73450fbbfa99a300572a	d__Bacteria;p__Bacteroidota;c__Bacteroidia;o__Bacteroidales;f__Tannerellaceae;g__Tannerella;s__	g__Tannerella
28d986e2319dd3c2b7a9b94cef6d43cf	d__Bacteria;p__Spirochaetota;c__Spirochaetia;o__Spirochaetales;f__Spirochaetaceae;g__Treponema;s__	g__Treponema
c00c7dad9a7bc2895ed2d27d35bcea8f	d__Bacteria;p__Bacillota;c__Negativicutes;o__Veillonellales-Selenomonadales;f__Selenomonadaceae;g__Selenomonas;s__	g__Selenomonas
2c05865fc07385909ccedb1373eb3185	d__Bacteria;p__Bacteroidota;c__Bacteroidia;o__Bacteroidales;f__Prevotellaceae;g__Prevotella;s__	g__Prevotella
98fd8f2afd51816c56dd9a7966e5d348	d__Bacteria;p__Bacillota;c__Negativicutes;o__Veillonellales-Selenomonadales;f__Veillonellaceae;g__Dialister;s__	g__Dialister
69435f1ec92006fa366496d65dd585c6	d__Bacteria;p__Bacteroidota;c__Bacteroidia;o__Bacteroidales;f__Prevotellaceae;g__Prevotella;s__	g__Prevotella
592d5be9ebae872467087ca2a8c40620	d__Bacteria;p__Bacillota;c__Clostridia;o__Peptostreptococcales-Tissierellales;f__Anaerovoracaceae;g__Mogibacterium;s__	g__Mogibacterium
9c26a425dead7b9ec06514e75df97403	d__Bacteria;p__Bacteroidota;c__Bacteroidia;o__Bacteroidales;f__Prevotellaceae;g__Prevotella;s__	g__Prevotella
683944f4b8ede38e0025f4011f99601e	d__Bacteria;p__Pseudomonadota;c__Gammaproteobacteria;o__Burkholderiales;f__Burkholderiaceae;g__Polynucleobacter;s__	g__Polynucleobacter
189795c10ee245469566d29b9d05db56	d__Bacteria;p__Bacteroidota;c__Bacteroidia;o__Bacteroidales;f__Prevotellaceae;g__Segatella;s__	g__Segatella
00f91f825841523988b5f46c3b33c64a	d__Bacteria;p__Bacillota;c__Bacilli;o__Lactobacillales;f__Streptococcaceae;g__Streptococcus;s__	g__Streptococcus
7b5a24b2932f19ec4999f75f6da69e45	d__Bacteria;p__Bacteroidota;c__Bacteroidia;o__Bacteroidales;f__Rikenellaceae;g__Rikenellaceae_RC9_gut_group;s__	g__Rikenellaceae_RC9_gut_group
a3ff4db3f55f8ea085acd1220eaf22ec	d__Bacteria;p__Bacteroidota;c__Bacteroidia;o__Bacteroidales;f__Prevotellaceae;g__Segatella;s__	g__Segatella
ea4d58b019f3702c2776c76585c82080	d__Bacteria;p__Bacillota;c__Clostridia;o__Lachnospirales;f__Lachnospiraceae;g__Oribacterium;s__	g__Oribacterium
ee4f079f0f4775bc101a1d83d3a485c0	d__Bacteria;p__Bacteroidota;c__Bacteroidia;o__Bacteroidales;f__Tannerellaceae;g__Tannerella;s__	g__Tannerella
93f25790fc078514a29e60f1b9f2ae90	d__Bacteria;p__Bacteroidota;c__Bacteroidia;o__Bacteroidales;f__Bacteroidaceae;g__Bacteroides;s__	g__Bacteroides
da2bdec0544179817cb6d37e401bcea1	d__Bacteria;p__Bacillota;c__Clostridia;o__Peptostreptococcales-Tissierellales;f__Anaerovoracaceae;g__Anaerovorax;s__	g__Anaerovorax
ac69327aef37c85a06f9f726c8e88331	d__Bacteria;p__Bacteroidota;c__Bacteroidia;o__Chitinophagales;f__Chitinophagaceae;g__Niabella;s__	g__Niabella
a59bfec18e756eba3094a9975d9cafa2	d__Bacteria;p__Bacteroidota;c__Bacteroidia;o__Bacteroidales;f__Prevotellaceae;g__Prevotella;s__	g__Prevotella
889224cbf57655c2c7f24d6df3f7addb	d__Bacteria;p__Bacteroidota;c__Bacteroidia;o__Bacteroidales;f__Prevotellaceae;g__Hoylesella;s__	g__Hoylesella
256bb7a0e3daa071c3ce77529cdbed01	d__Bacteria;p__Patescibacteria;c__Saccharimonadia;o__Saccharimonadales;f__Saccharimonadaceae;g__Candidatus_Saccharimonas;s__	g__Candidatus_Saccharimonas
9868449d14aa6244681e626514dbc292	d__Bacteria;p__Bacillota;c__Clostridia;o__Lachnospirales;f__Lachnospiraceae;g__Johnsonella;s__	g__Johnsonella
097d74cedd2cca1909bfe3d7d74059a5	d__Bacteria;p__Bacteroidota;c__Bacteroidia;o__Bacteroidales;f__Rikenellaceae;g__Rikenellaceae_RC9_gut_group;s__	g__Rikenellaceae_RC9_gut_group
8e1bf94d0bd475c6f3d9e5d8beba21e0	d__Bacteria;p__Campylobacterota;c__Campylobacteria;o__Campylobacterales;f__Campylobacteraceae;g__Campylobacter;s__	g__Campylobacter
5a18d0b18064009a3150ee60dc5240d9	d__Bacteria;p__Pseudomonadota;c__Gammaproteobacteria;o__Cardiobacteriales;f__Cardiobacteriaceae;g__Cardiobacterium;s__	g__Cardiobacterium
bb942e7f490ec32bf74c0de6e5ff1b46	d__Bacteria;p__Pseudomonadota;c__Gammaproteobacteria;o__Burkholderiales;f__Comamonadaceae;g__Tepidimonas;s__	g__Tepidimonas
b514d7c2d33542047585ef65db1d4e25	d__Bacteria;p__Patescibacteria;c__Gracilibacteria;o__JGI_0000069-P22;f__Incertae_Sedis;g__Incertae_Sedis;s__	g__Incertae_Sedis
788b11a7c51fdb35ad5c80f18feab3dc	d__Bacteria;p__Bacteroidota;c__Bacteroidia;o__Bacteroidales;f__Prevotellaceae;g__Hoylesella;s__	g__Hoylesella
7757376f3aebd6de2764222310ac6916	d__Bacteria;p__Pseudomonadota;c__Gammaproteobacteria;o__Enterobacterales;f__Aeromonadaceae;g__Pseudaeromonas;s__	g__Pseudaeromonas
5f54bf6bedb7d58ee98aa8b943b53ce5	d__Bacteria;p__Bacteroidota;c__Bacteroidia;o__Flavobacteriales;f__Flavobacteriaceae;g__Capnocytophaga;s__	g__Capnocytophaga
dc542df9220930f252845738ea648b3d	d__Bacteria;p__Pseudomonadota;c__Alphaproteobacteria;o__Sphingomonadales;f__Sphingomonadaceae;g__Sphingobium;s__	g__Sphingobium
4acc4eb17e9a5fdc58a4b7e745018a14	d__Bacteria;p__Pseudomonadota;c__Gammaproteobacteria;o__Burkholderiales;f__Comamonadaceae;g__Sphaerotilus;s__	g__Sphaerotilus
03bc1a3bc21df2487241d87882bdc3e9	d__Bacteria;p__Bacteroidota;c__Bacteroidia;o__Bacteroidales;f__Prevotellaceae;g__Prevotella;s__	g__Prevotella
46a0e5d2baf1cf0016d6d575d6d04fc9	d__Bacteria;p__Bacillota;c__Clostridia;o__Lachnospirales;f__Lachnospiraceae;g__Butyrivibrio;s__	g__Butyrivibrio
6aae39f43af9862e52dfdaac99f2a2eb	d__Bacteria;p__Campylobacterota;c__Campylobacteria;o__Campylobacterales;f__Campylobacteraceae;g__Campylobacter;s__	g__Campylobacter
f811e69a952f05a01953e6e20e24a904	d__Bacteria;p__Bacillota;c__Clostridia;o__Peptostreptococcales-Tissierellales;f__Family_XI;g__Incertae_Sedis;s__	g__Incertae_Sedis
813ed5d575d95cec5a1ae64beb4bbeef	d__Bacteria;p__Bacteroidota;c__Bacteroidia;o__Bacteroidales;f__Prevotellaceae;g__Alloprevotella;s__	g__Alloprevotella
480959b7bd9b4114553ef8056fb49a5c	d__Bacteria;p__Myxococcota;c__Polyangiia;o__Polyangiales;f__Phaselicystaceae;g__Phaselicystis;s__	g__Phaselicystis
0852008cd45e752dbbaa488ab84d9b4b	d__Bacteria;p__Bacillota;c__Clostridia;o__Oscillospirales;f__Ruminococcaceae;g__Faecalibacterium;s__	g__Faecalibacterium
c4bf908610bf22c42dd14993f138e24b	d__Bacteria;p__Bacteroidota;c__Bacteroidia;o__Bacteroidales;f__Bacteroidaceae;g__Bacteroides;s__	g__Bacteroides
13c1429357206fa1ac728508782a4251	d__Bacteria;p__Actinomycetota;c__Actinobacteria;o__Mycobacteriales;f__Corynebacteriaceae;g__Corynebacterium;s__	g__Corynebacterium
0b20f207f1d8e334634d85ba2f6d98b3	d__Bacteria;p__Pseudomonadota;c__Gammaproteobacteria;o__Burkholderiales;f__Neisseriaceae;g__Neisseria;s__	g__Neisseria
30fefaa3c23c0a89989149397dea9c92	d__Bacteria;p__Spirochaetota;c__Spirochaetia;o__Spirochaetales;f__Spirochaetaceae;g__Treponema;s__	g__Treponema
b56a9744f46a87dd6951ebddd60f9a10	d__Bacteria;p__Bacteroidota;c__Bacteroidia;o__Flavobacteriales;f__Flavobacteriaceae;g__Capnocytophaga;s__	g__Capnocytophaga
b3738c4bf62c077a86fcc49df2b6ff74	d__Bacteria;p__Bacteroidota;c__Bacteroidia;o__Bacteroidales;f__Prevotellaceae;g__Segatella;s__	g__Segatella
21b997ffb6f0598f3404c8d6cde095b2	d__Bacteria;p__Bacillota;c__Negativicutes;o__Veillonellales-Selenomonadales;f__Veillonellaceae;g__Veillonella;s__	g__Veillonella
1a7abab91fc32d18dcd447c7d1fae078	d__Bacteria;p__Bacteroidota;c__Bacteroidia;o__Flavobacteriales;f__Flavobacteriaceae;g__Capnocytophaga;s__	g__Capnocytophaga
5d6d106cf5de9268d7e4703d6a6a6241	d__Bacteria;p__Actinomycetota;c__Coriobacteriia;o__Coriobacteriales;f__Atopobiaceae;g__Olsenella;s__	g__Olsenella
9fdf227e62ac5083feb99571db526cab	d__Bacteria;p__Bacillota;c__Bacilli;o__Erysipelotrichales;f__Erysipelotrichaceae;g__Solobacterium;s__	g__Solobacterium
7b3747fd3eb3ce35a27838351b7ded86	d__Bacteria;p__Bacteroidota;c__Bacteroidia;o__Bacteroidales;f__Prevotellaceae;g__Segatella;s__	g__Segatella
f244aaf021ee9dbbacfb6df650a98e32	d__Bacteria;p__Thermodesulfobacteriota;c__Desulfovibrionia;o__Desulfovibrionales;f__Desulfovibrionaceae;g__Desulfovibrio;s__	g__Desulfovibrio
6b5ac5eae60bf9396152c59227bd62c5	d__Bacteria;p__Bacteroidota;c__Bacteroidia;o__Bacteroidales;f__Prevotellaceae;g__Hoylesella;s__	g__Hoylesella
c11b0817c1a224c6dc3a7b99f08ec1c5	d__Bacteria;p__Bacteroidota;c__Bacteroidia;o__Bacteroidales;f__Bacteroidaceae;g__Bacteroides;s__	g__Bacteroides
091a776339a00e30a6e92c4198ad69ad	d__Bacteria;p__Bacillota;c__Bacilli;o__Staphylococcales;f__Staphylococcaceae;g__Staphylococcus;s__	g__Staphylococcus
9f089c01b8285180f65d401e95b5c265	d__Bacteria;p__Spirochaetota;c__Spirochaetia;o__Spirochaetales;f__Spirochaetaceae;g__Treponema;s__	g__Treponema
9dd65346d4e80e14f90f74e41df6a5ed	d__Bacteria;p__Bacillota;c__Clostridia;o__Peptostreptococcales-Tissierellales;f__Anaerovoracaceae;g__[Eubacterium]_saphenum_group;s__	g__[Eubacterium]_saphenum_group
506b81c4c33660ec4dcfeceb855ec9c6	d__Bacteria;p__Fusobacteriota;c__Fusobacteriia;o__Fusobacteriales;f__Fusobacteriaceae;g__Fusobacterium;s__	g__Fusobacterium
1382c258ebc1e78722459d633538c3f8	d__Bacteria;p__Fusobacteriota;c__Fusobacteriia;o__Fusobacteriales;f__Fusobacteriaceae;g__Fusobacterium;s__	g__Fusobacterium
66923fab1211e8209c4a07eb5ce5e492	d__Bacteria;p__Bacillota;c__Clostridia;o__Eubacteriales;f__Eubacteriaceae;g__Pseudoramibacter;s__	g__Pseudoramibacter
89e7a583f474097f59894a1533ac0092	d__Bacteria;p__Patescibacteria;c__Saccharimonadia;o__Saccharimonadales;f__Incertae_Sedis;g__Incertae_Sedis;s__	g__Incertae_Sedis
ffb5903bdc617af4f450792ea80dffe3	d__Bacteria;p__Bacillota;c__Clostridia;o__Peptostreptococcales-Tissierellales;f__Anaerovoracaceae;g__Incertae_Sedis;s__	g__Incertae_Sedis
710cb926970bba9eb5346054d613811b	d__Bacteria;p__Bacteroidota;c__Bacteroidia;o__Bacteroidales;f__Rikenellaceae;g__Rikenellaceae_RC9_gut_group;s__	g__Rikenellaceae_RC9_gut_group
9e503944227f4eabec83afcc5d991058	d__Bacteria;p__Bacteroidota;c__Bacteroidia;o__Bacteroidales;f__Prevotellaceae;g__Prevotella;s__	g__Prevotella
aeb5faa5911e83ae83047b2f95eb68c0	d__Bacteria;p__Bacillota;c__Clostridia;o__Peptostreptococcales-Tissierellales;f__Family_XI;g__Anaerococcus;s__	g__Anaerococcus
8d99a637277a5aa58381b93d02872cd2	d__Bacteria;p__Pseudomonadota;c__Gammaproteobacteria;o__Enterobacterales;f__Yersiniaceae;g__Yersinia;s__	g__Yersinia
e8585be34ff9e58b73718966c2c554b5	d__Bacteria;p__Bacillota;c__Bacilli;o__RF39;f__Incertae_Sedis;g__Incertae_Sedis;s__	g__Incertae_Sedis
d2357b3caefc4466b3ea794c3977a7f7	d__Bacteria;p__Fusobacteriota;c__Fusobacteriia;o__Fusobacteriales;f__Leptotrichiaceae;g__Leptotrichia;s__	g__Leptotrichia
44a869bef2bae05aaf7d65f31e0e3aa0	d__Bacteria;p__Bacillota;c__Clostridia;o__Peptostreptococcales-Tissierellales;f__Anaerovoracaceae;g__Mogibacterium;s__	g__Mogibacterium
957b660c7b9e7b07899e80f53dbd123a	d__Bacteria;p__Bacillota;c__Bacilli;o__Lactobacillales;f__Lactobacillaceae;g__Ligilactobacillus;s__	g__Ligilactobacillus
0fce3e0fa22e5c38ee4f82375ce60357	d__Bacteria;p__Pseudomonadota;c__Gammaproteobacteria;o__Enterobacterales;f__Enterobacteriaceae;g__Klebsiella;s__	g__Klebsiella
53c6fb23fc1ab7f857f7a172a85bf96c	d__Bacteria;p__Bacteroidota;c__Bacteroidia;o__Bacteroidales;f__Prevotellaceae;g__Segatella;s__	g__Segatella
b0d032fda11f11f76c2656c4e44caf41	d__Bacteria;p__Bacteroidota;c__Bacteroidia;o__Bacteroidales;f__Prevotellaceae;g__Segatella;s__	g__Segatella
9179899eea548ef0e95991b0159ee6d6	d__Bacteria;p__Bacillota;c__Bacilli;o__Mycoplasmatales;f__Mycoplasmataceae;g__Mycoplasma;s__	g__Mycoplasma
216d3939051590760601533f347ce006	d__Bacteria;p__Bacteroidota;c__Bacteroidia;o__Bacteroidales;f__Prevotellaceae;g__Prevotella;s__	g__Prevotella
35e65f312d0ba07c25d9d8deb7ea37c5	d__Bacteria;p__Bacillota;c__Negativicutes;o__Veillonellales-Selenomonadales;f__Selenomonadaceae;g__Selenomonas;s__	g__Selenomonas
1fa02a12db56dbb354dfe7e1a447f8b2	d__Bacteria;p__Patescibacteria;c__Parcubacteria	Unclassified
4599d12637bf39563138ba842f2ac4ba	d__Bacteria;p__Bacillota;c__Clostridia;o__Peptostreptococcales-Tissierellales;f__Family_XI;g__Peptoniphilus;s__	g__Peptoniphilus
3e897884009675e1820cd31ab04581c7	d__Bacteria;p__Patescibacteria;c__Saccharimonadia;o__Saccharimonadales;f__Saccharimonadaceae;g__Incertae_Sedis;s__	g__Incertae_Sedis
0e7120ad74ebcd378bff00d4df577b59	d__Bacteria;p__Spirochaetota;c__Spirochaetia;o__Spirochaetales;f__Spirochaetaceae;g__Treponema;s__	g__Treponema
6abed2178be5095253df7a361ecc3ead	d__Bacteria;p__Bacteroidota;c__Bacteroidia;o__Bacteroidales;f__Prevotellaceae;g__Prevotella;s__	g__Prevotella
1868888c86cfb8f57d5d5739fd26d944	d__Bacteria;p__Bacteroidota;c__Bacteroidia;o__Bacteroidales;f__Prevotellaceae;g__Hoylesella;s__	g__Hoylesella
9dec84e4eebf05dfbd8fccf36bbb585b	d__Bacteria;p__Patescibacteria;c__Saccharimonadia;o__Saccharimonadales;f__Saccharimonadaceae;g__Candidatus_Saccharimonas;s__	g__Candidatus_Saccharimonas
46e52e69d609e88b473512b6fb50e66e	d__Bacteria;p__Bacteroidota;c__Bacteroidia;o__Bacteroidales;f__Prevotellaceae;g__Segatella;s__	g__Segatella
00bcece556522992613934284eabdc67	d__Bacteria;p__Bacteroidota;c__Bacteroidia;o__Bacteroidales;f__Prevotellaceae;g__Segatella;s__	g__Segatella
10ea059eee0c4980bbd59126ab9ef5b5	d__Bacteria;p__Pseudomonadota;c__Alphaproteobacteria;o__Hyphomicrobiales;f__Hyphomicrobiaceae;g__Hyphomicrobium;s__	g__Hyphomicrobium
89d69a95021d61fbe803c54b305138bd	d__Bacteria;p__Fusobacteriota;c__Fusobacteriia;o__Fusobacteriales;f__Fusobacteriaceae;g__Fusobacterium;s__	g__Fusobacterium
af921c8ef53aeb04cd1535f86dae14e6	d__Bacteria;p__Bacillota;c__Clostridia;o__Lachnospirales;f__Lachnospiraceae;g__Lachnoanaerobaculum;s__	g__Lachnoanaerobaculum
0b779679c9b334a474cdc750423d572d	d__Bacteria;p__Bacillota;c__Bacilli;o__Staphylococcales;f__Gemellaceae;g__Gemella;s__	g__Gemella
3501fdf46faefb212c7c76999b20f94c	d__Bacteria;p__Bacillota;c__Negativicutes;o__Veillonellales-Selenomonadales;f__Selenomonadaceae;g__Selenomonas;s__	g__Selenomonas
6f0355cbe498e203d978519105b45e3d	d__Bacteria;p__Fusobacteriota;c__Fusobacteriia;o__Fusobacteriales;f__Fusobacteriaceae;g__Fusobacterium;s__	g__Fusobacterium
85d049600ef7a0e498e5991d124abf07	d__Bacteria;p__Actinomycetota;c__Actinobacteria;o__Actinomycetales;f__Actinomycetaceae;g__Schaalia;s__	g__Schaalia
670ae9355694c34d76c84bf5777c6434	d__Bacteria;p__Bacillota;c__Bacilli;o__Lactobacillales;f__Carnobacteriaceae;g__Granulicatella;s__	g__Granulicatella
bc6b7ded76ebe82392817e7624f56dfa	d__Bacteria;p__Bacillota;c__Clostridia;o__Peptostreptococcales-Tissierellales;f__Anaerovoracaceae;g__[Eubacterium]_saphenum_group;s__	g__[Eubacterium]_saphenum_group
5184fc41a0aac8ea663d07d01a62af9d	d__Bacteria;p__Bacillota;c__Negativicutes;o__Veillonellales-Selenomonadales;f__Selenomonadaceae;g__Selenomonas;s__	g__Selenomonas
3a2aa4b1648e23deec80f5068c37beb5	d__Bacteria;p__Bdellovibrionota;c__Oligoflexia;o__0319-6G20;f__Incertae_Sedis;g__Incertae_Sedis;s__	g__Incertae_Sedis
10f50da5463068cd60c1a247b03cef37	d__Bacteria;p__Pseudomonadota;c__Alphaproteobacteria;o__Sphingomonadales;f__Sphingomonadaceae;g__Incertae_Sedis;s__	g__Incertae_Sedis
7cf2a307d4d2c68220c61032a58b3a8c	d__Bacteria;p__Bacteroidota;c__Bacteroidia;o__Flavobacteriales;f__Crocinitomicaceae;g__Fluviicola;s__	g__Fluviicola
7605f9a0734d9ece693061a3eea0b394	d__Bacteria;p__Candidatus_Kapabacteria;c__Kapabacteria;o__Kapabacteriales;f__Incertae_Sedis;g__Incertae_Sedis;s__	g__Incertae_Sedis
7109732607e13deed38f6b0ef37864c7	d__Bacteria;p__Bacteroidota;c__Bacteroidia;o__Sphingobacteriales;f__NS11-12_marine_group;g__Incertae_Sedis;s__	g__Incertae_Sedis
51b61e9ac22fb625f73312c277a83f5f	d__Bacteria;p__Bacteroidota;c__Bacteroidia;o__Flavobacteriales;f__Flavobacteriaceae;g__Capnocytophaga;s__	g__Capnocytophaga
19af0e9a5d0d6efec7647db0f7c17416	d__Bacteria;p__Bacteroidota;c__Bacteroidia;o__Bacteroidales;f__Prevotellaceae;g__Hoylesella;s__	g__Hoylesella
1c040249d31912a70653ee3c806429e4	d__Bacteria;p__Fusobacteriota;c__Fusobacteriia;o__Fusobacteriales;f__Leptotrichiaceae;g__Pseudoleptotrichia;s__	g__Pseudoleptotrichia
292125f71aa5ff55dfa4117625dceb1c	d__Bacteria;p__Campylobacterota;c__Campylobacteria;o__Campylobacterales;f__Campylobacteraceae;g__Campylobacter;s__	g__Campylobacter
3bbba630dc47f9f6ec2ea3b3065557c2	d__Bacteria;p__Bacteroidota;c__Bacteroidia;o__Flavobacteriales;f__Flavobacteriaceae;g__Capnocytophaga;s__	g__Capnocytophaga
9f6f5961c7e5484743492277a44ae66f	d__Bacteria;p__Fusobacteriota;c__Fusobacteriia;o__Fusobacteriales;f__Leptotrichiaceae;g__Streptobacillus;s__	g__Streptobacillus
58afb174fcd0d7a0790739d90e946783	d__Bacteria;p__Fusobacteriota;c__Fusobacteriia;o__Fusobacteriales;f__Fusobacteriaceae;g__Fusobacterium;s__	g__Fusobacterium
79e1158da3d9c195a424dace24b2dbc8	d__Bacteria;p__Bacteroidota;c__Bacteroidia;o__Bacteroidales;f__Tannerellaceae;g__Tannerella;s__	g__Tannerella
d29710e6ca57151c8b421df3fd8257a9	d__Bacteria;p__Bacillota;c__Bacilli;o__Lactobacillales;f__Aerococcaceae;g__Abiotrophia;s__	g__Abiotrophia
4cef602a7c36b643e6da82edb6b090e9	d__Bacteria;p__Bacillota;c__Negativicutes;o__Veillonellales-Selenomonadales;f__Selenomonadaceae;g__Selenomonas;s__	g__Selenomonas
8e7bd3a6cde719859be1340ac305dede	d__Bacteria;p__Bacteroidota;c__Bacteroidia;o__Bacteroidales;f__Prevotellaceae;g__Hoylesella;s__	g__Hoylesella
a50898f753ee01a9a61c56dd69a53913	d__Bacteria;p__Bacteroidota;c__Bacteroidia;o__Flavobacteriales;f__Flavobacteriaceae;g__Flavobacterium;s__	g__Flavobacterium
4646591e21c7bef661cb4c79d3402b34	d__Bacteria;p__Patescibacteria;c__Gracilibacteria;o__Absconditabacteriales_(SR1);f__Incertae_Sedis;g__Incertae_Sedis;s__	g__Incertae_Sedis
355cbd5d742fb9988286ca878a97e44d	d__Bacteria;p__Spirochaetota;c__Spirochaetia;o__Spirochaetales;f__Spirochaetaceae;g__Treponema;s__	g__Treponema
719b2f9983523b7f5807f5a048c2d9f9	d__Bacteria;p__Bacillota;c__Negativicutes;o__Veillonellales-Selenomonadales;f__Veillonellaceae;g__Megasphaera;s__	g__Megasphaera
13c70f75e10ec58ac0d9f92864184f04	d__Bacteria;p__Bacteroidota;c__Bacteroidia;o__Bacteroidales;f__Porphyromonadaceae;g__Porphyromonas;s__	g__Porphyromonas
a7dd26bfa41cc77b8b5ae3d71ec29cc5	d__Bacteria;p__Bacillota;c__Clostridia;o__Christensenellales;f__Christensenellaceae;g__Christensenellaceae_R-7_group;s__	g__Christensenellaceae_R-7_group
8ae3bde90383c6e18d8ec31258220501	d__Bacteria;p__Actinomycetota;c__Actinobacteria;o__Mycobacteriales;f__Corynebacteriaceae;g__Corynebacterium;s__	g__Corynebacterium
47551823d6179a26beca6250c66a17b9	d__Bacteria;p__Bacteroidota;c__Bacteroidia;o__Bacteroidales;f__Prevotellaceae;g__Segatella;s__	g__Segatella
30784a252997a3424c8ae4f24b10654c	d__Bacteria;p__Bacteroidota;c__Bacteroidia;o__Bacteroidales;f__Prevotellaceae;g__Segatella;s__	g__Segatella
a7be90123b1304cf1edbfba2b0e7aa7b	d__Bacteria;p__Bacteroidota;c__Bacteroidia;o__Bacteroidales;f__Prevotellaceae;g__Alloprevotella;s__	g__Alloprevotella
c5b23544fba35595a7878523bac74194	d__Bacteria;p__Bacteroidota;c__Bacteroidia;o__Bacteroidales;f__Prevotellaceae;g__Hoylesella;s__	g__Hoylesella
2b765b08d30fba2f87140205ac8dcd50	d__Bacteria;p__Bacillota;c__Negativicutes;o__Veillonellales-Selenomonadales;f__Selenomonadaceae;g__Selenomonas;s__	g__Selenomonas
d2cdfd2e2515b4614b481fdff90f9821	d__Bacteria;p__Spirochaetota;c__Spirochaetia;o__Spirochaetales;f__Spirochaetaceae;g__Treponema;s__	g__Treponema
740c6d5fc7fdd7bbaaa97ffecfede1e3	d__Bacteria;p__Bacillota;c__Clostridia;o__Lachnospirales;f__Lachnospiraceae;g__Lachnoanaerobaculum;s__	g__Lachnoanaerobaculum
3fb04040610298a3e2c142bae7b1ff2a	d__Bacteria;p__Bacillota;c__Negativicutes;o__Veillonellales-Selenomonadales;f__Selenomonadaceae;g__Selenomonas;s__	g__Selenomonas
f4a18bd1a1f3da8c57c1a68f462a7ac5	d__Bacteria;p__Patescibacteria;c__Saccharimonadia;o__Saccharimonadales;f__Saccharimonadaceae;g__Candidatus_Saccharimonas;s__	g__Candidatus_Saccharimonas
eb26b2a4f45bf111065bc055c9ac9258	d__Bacteria;p__Fusobacteriota;c__Fusobacteriia;o__Fusobacteriales;f__Leptotrichiaceae;g__Pseudoleptotrichia;s__	g__Pseudoleptotrichia
68f406b4843f3e5045a83b09e9f3b080	d__Bacteria;p__Bacillota;c__Negativicutes;o__Veillonellales-Selenomonadales;f__Selenomonadaceae;g__Selenomonas;s__	g__Selenomonas
5164d486f215bf5e016840f89e39645e	d__Bacteria;p__Bacteroidota;c__Bacteroidia;o__Bacteroidales;f__Prevotellaceae;g__Prevotella;s__	g__Prevotella
0440a054de407ca562fa4d2c1b2817f6	d__Bacteria;p__Bacteroidota;c__Bacteroidia;o__Bacteroidales;f__Prevotellaceae;g__Hoylesella;s__	g__Hoylesella
be268e6803d1d4b099909dabb581189a	d__Bacteria;p__Bacteroidota;c__Bacteroidia;o__Cytophagales;f__Amoebophilaceae;g__Candidatus_Cardinium;s__	g__Candidatus_Cardinium
06829ab3419ea0349ed94c0ff168769b	d__Bacteria;p__Campylobacterota;c__Campylobacteria;o__Campylobacterales;f__Campylobacteraceae;g__Campylobacter;s__	g__Campylobacter
0cdd3db86bf61c828b428e817b0a6b08	d__Bacteria;p__Bacteroidota;c__Bacteroidia;o__Bacteroidales;f__Prevotellaceae;g__Incertae_Sedis;s__	g__Incertae_Sedis
30c57380da87220296ef2f167ef3124c	d__Bacteria;p__Pseudomonadota;c__Alphaproteobacteria;o__Rhodospirillales;f__Rhodospirillaceae;g__Insolitispirillum;s__	g__Insolitispirillum
4990e8b4c29147595323cb8228c2b142	d__Bacteria;p__Bacillota;c__Negativicutes;o__Veillonellales-Selenomonadales;f__Selenomonadaceae;g__Selenomonas;s__	g__Selenomonas
963b82b49ab54fe1eb6d23aef0c4ecdf	d__Bacteria;p__Bacteroidota;c__Bacteroidia;o__Bacteroidales;f__Prevotellaceae;g__Alloprevotella;s__	g__Alloprevotella
4f92a2a5f854e92cd6495c211419db00	d__Bacteria;p__Bacillota;c__Negativicutes;o__Veillonellales-Selenomonadales;f__Veillonellaceae;g__Veillonella;s__	g__Veillonella
4670293d210b7750f82c3c8dd3919c0a	d__Bacteria;p__Pseudomonadota;c__Gammaproteobacteria;o__Burkholderiales;f__Neisseriaceae;g__Neisseria;s__	g__Neisseria
66a93e6d14500fa685bb5d93e0e48fe7	d__Bacteria;p__Bacteroidota;c__Bacteroidia;o__Flavobacteriales;f__Flavobacteriaceae;g__Capnocytophaga;s__	g__Capnocytophaga
359be7b2703c119c22aedc2dfd4e2fa5	d__Bacteria;p__Actinomycetota;c__Actinobacteria;o__Bifidobacteriales;f__Bifidobacteriaceae;g__Bifidobacterium;s__	g__Bifidobacterium
fbb84cb00bd2064ee52c2a2f7c31612d	d__Bacteria;p__Fusobacteriota;c__Fusobacteriia;o__Fusobacteriales;f__Fusobacteriaceae;g__Fusobacterium;s__	g__Fusobacterium
7cf3ff13db660aa3e37acfa26b9d93fd	d__Bacteria;p__Bacteroidota;c__Bacteroidia;o__Bacteroidales;f__Prevotellaceae;g__Xylanibacter;s__	g__Xylanibacter
16af159d753a50ec4e156576289f6181	d__Bacteria;p__Pseudomonadota;c__Gammaproteobacteria;o__Burkholderiales;f__Comamonadaceae;g__Comamonas;s__	g__Comamonas
919f1cafd15ad426bddd8c7565a4058c	d__Bacteria;p__Pseudomonadota;c__Gammaproteobacteria;o__Coxiellales;f__Coxiellaceae;g__Coxiella;s__	g__Coxiella
b9dc951fe5a96bf568ce38676d8cbb3d	d__Bacteria;p__Bacteroidota;c__Bacteroidia;o__Bacteroidales;f__Rikenellaceae;g__Rikenellaceae_RC9_gut_group;s__	g__Rikenellaceae_RC9_gut_group
92a4b09f53d08d2bb178e2a120348256	d__Bacteria;p__Bacteroidota;c__Bacteroidia;o__Flavobacteriales;f__Flavobacteriaceae;g__Capnocytophaga;s__	g__Capnocytophaga
f1636c833472ca852f9a9e5c8f9a32f0	d__Bacteria;p__Bacillota;c__Bacilli;o__Erysipelotrichales;f__Erysipelotrichaceae;g__Erysipelotrichaceae_UCG-006;s__	g__Erysipelotrichaceae_UCG-006
7d59f08633ca33274ec7f3e634c867d1	d__Bacteria;p__Bacteroidota;c__Bacteroidia;o__Bacteroidales;f__Prevotellaceae;g__Prevotella;s__	g__Prevotella
20b94536885eec18e675c4fcacd2b27e	d__Bacteria;p__Bacteroidota;c__Bacteroidia;o__Bacteroidales;f__Rikenellaceae;g__Rikenellaceae_RC9_gut_group;s__	g__Rikenellaceae_RC9_gut_group
7375ef829b6964b71ea958033e51ce0d	d__Bacteria;p__Bacteroidota;c__Bacteroidia;o__Bacteroidales;f__Prevotellaceae;g__Hoylesella;s__	g__Hoylesella
9d1e3994f465cf82773c29f71b535164	d__Bacteria;p__Pseudomonadota;c__Alphaproteobacteria;o__Sphingomonadales;f__Sphingomonadaceae;g__Sphingomonas;s__	g__Sphingomonas
88f1e547f554118c01e47942f37c9b7b	d__Bacteria;p__Spirochaetota;c__Spirochaetia;o__Spirochaetales;f__Spirochaetaceae;g__Treponema;s__	g__Treponema
1889886af4187d0ea457bbaeb4daca79	d__Bacteria;p__Bacteroidota;c__Bacteroidia;o__Bacteroidales;f__Prevotellaceae;g__Prevotella;s__	g__Prevotella
1ae2f2b6778afc3393480bc7cd051f76	d__Bacteria;p__Bacteroidota;c__Bacteroidia;o__Bacteroidales;f__Prevotellaceae;g__Alloprevotella;s__	g__Alloprevotella
87b1e42ef7b05099b8f40b19a9fc2236	d__Bacteria;p__Pseudomonadota;c__Alphaproteobacteria;o__Holosporales;f__Holosporaceae;g__Incertae_Sedis;s__	g__Incertae_Sedis
5fc3195a930831d7ef9d87d133d6eb1b	d__Bacteria;p__Bacillota;c__Clostridia;o__Peptostreptococcales-Tissierellales;f__Family_XI;g__W5053;s__	g__W5053
eb414ca16a0760600901b7c2305bca9e	d__Bacteria;p__Patescibacteria;c__Gracilibacteria;o__Absconditabacteriales_(SR1);f__Incertae_Sedis;g__Incertae_Sedis;s__	g__Incertae_Sedis
99aa9ec249ea8cb87abca30cd0e211a4	d__Bacteria;p__Bacillota;c__Clostridia;o__Clostridia_UCG-014;f__Incertae_Sedis;g__Incertae_Sedis;s__	g__Incertae_Sedis
f7004bb83b04eb831c8797d07e0a112f	d__Bacteria;p__Fusobacteriota;c__Fusobacteriia;o__Fusobacteriales;f__Fusobacteriaceae;g__Fusobacterium;s__	g__Fusobacterium
528e6e8798c6bad8fb108430dd80712c	d__Bacteria;p__Pseudomonadota;c__Gammaproteobacteria;o__Burkholderiales;f__Neisseriaceae;g__Neisseria;s__	g__Neisseria
30f39a525d81a15227a90039b32026cf	d__Bacteria;p__Bacteroidota;c__Bacteroidia;o__Flavobacteriales;f__Weeksellaceae;g__Bergeyella;s__	g__Bergeyella
0a906fc42f65259c8ca23478f35e8193	d__Bacteria;p__Pseudomonadota;c__Alphaproteobacteria;o__Rhodobacterales;f__Paracoccaceae;g__Paracoccus;s__	g__Paracoccus
7fa68c8c554b09a99f6f36562df79f28	d__Bacteria;p__Bacillota;c__Bacilli;o__Mycoplasmatales;f__Mycoplasmataceae;g__Mesomycoplasma;s__	g__Mesomycoplasma
39969f798f6a98fbad1e42907be15812	d__Bacteria;p__Bacillota;c__Bacilli;o__Lactobacillales;f__Lactobacillaceae;g__Limosilactobacillus;s__	g__Limosilactobacillus
e77d9b9b08624665a577fa50e8f0214d	d__Bacteria;p__Bacteroidota;c__Bacteroidia;o__Flavobacteriales;f__Flavobacteriaceae;g__Capnocytophaga;s__	g__Capnocytophaga
61b4ec3bbf7ab5498fba80d7b0272284	d__Bacteria;p__Bacteroidota;c__Bacteroidia;o__Bacteroidales;f__Porphyromonadaceae;g__Porphyromonas;s__	g__Porphyromonas
22ee168a68eeb3be6605cbae7bf5adb0	d__Bacteria;p__Fusobacteriota;c__Fusobacteriia;o__Fusobacteriales;f__Leptotrichiaceae;g__Pseudoleptotrichia;s__	g__Pseudoleptotrichia
740ba29c6c30bce2c57d055dde9938ca	d__Bacteria;p__Pseudomonadota;c__Gammaproteobacteria;o__Enterobacterales;f__Aeromonadaceae;g__Aeromonas;s__	g__Aeromonas
596f691d06a8aefd28bb2134a09eb3f4	d__Bacteria;p__Actinomycetota;c__Actinobacteria;o__PeM15;f__Incertae_Sedis;g__Incertae_Sedis;s__	g__Incertae_Sedis
af6409ca7dcb9ee06a9231dc60f0142c	d__Bacteria;p__Pseudomonadota;c__Gammaproteobacteria;o__Pseudomonadales;f__Pseudomonadaceae;g__Pseudomonas;s__	g__Pseudomonas
5291006ef2427233f10df0b5ca786a79	d__Bacteria;p__Bacillota;c__Clostridia;o__Oscillospirales;f__Ruminococcaceae;g__Ruthenibacterium;s__	g__Ruthenibacterium
245654ac1550986f81e0703cece10d71	d__Bacteria;p__Bacteroidota;c__Bacteroidia;o__Bacteroidales;f__Prevotellaceae;g__Prevotella;s__	g__Prevotella
4feea141bcf2036957174107bbc0defd	d__Bacteria;p__Bacteroidota;c__Bacteroidia;o__Bacteroidales;f__Prevotellaceae;g__Prevotella;s__	g__Prevotella
634536ac83915752b9c88bbd3e47cd1c	d__Bacteria;p__Bacteroidota;c__Bacteroidia;o__Bacteroidales;f__Prevotellaceae;g__Segatella;s__	g__Segatella
82caea365b59afb60796de62bdfa6e14	d__Bacteria;p__Bacteroidota;c__Bacteroidia;o__Bacteroidales;f__Prevotellaceae;g__Segatella;s__	g__Segatella
74eb39caeb10eb46874d08598cc18c37	d__Bacteria;p__Pseudomonadota;c__Gammaproteobacteria;o__Burkholderiales;f__Neisseriaceae;g__Neisseria;s__	g__Neisseria
8fae555c7a71cf90471e9e591aee1deb	d__Bacteria;p__Bacillota;c__Bacilli;o__Erysipelotrichales;f__Erysipelotrichaceae;g__Dubosiella;s__	g__Dubosiella
931d6a658c450adbe92ff21f0dbf98d9	d__Bacteria;p__Bacillota;c__Bacilli;o__Lactobacillales;f__Lactobacillaceae;g__Ligilactobacillus;s__	g__Ligilactobacillus
7d20ed9b113f42a0f2a744a1e80a353b	d__Bacteria;p__Pseudomonadota;c__Gammaproteobacteria;o__Pseudomonadales;f__Halomonadaceae;g__Halomonas;s__	g__Halomonas
c20f1cee04a590f3eb87c476fea962dc	d__Bacteria;p__Spirochaetota;c__Spirochaetia;o__Spirochaetales;f__Spirochaetaceae;g__Treponema;s__	g__Treponema
12cccb5866b89b9a3863b413d8ff3c8f	d__Bacteria;p__Actinomycetota;c__Actinobacteria;o__Mycobacteriales;f__Corynebacteriaceae;g__Corynebacterium;s__	g__Corynebacterium
9a6db55b3f5874157c17ff8f69a60a4e	d__Bacteria;p__Bacillota;c__Bacilli;o__RF39;f__Incertae_Sedis;g__Incertae_Sedis;s__	g__Incertae_Sedis
0a5f263d83879bf360bc0f70b6d79032	d__Bacteria;p__Bacillota;c__Clostridia;o__Peptostreptococcales-Tissierellales;f__Family_XI;g__Parvimonas;s__	g__Parvimonas
20d1126f0c5fe8006085faca94009ee4	d__Bacteria;p__Bacteroidota;c__Bacteroidia;o__Flavobacteriales;f__Weeksellaceae;g__Chryseobacterium;s__	g__Chryseobacterium
e049319cf86c62f2ff15b5a35d73d7aa	d__Bacteria;p__Bacillota;c__Clostridia;o__Peptostreptococcales-Tissierellales;f__Anaerovoracaceae;g__Aminipila;s__	g__Aminipila
1bffe443b8f9cf7af5200f6f5278fdce	d__Bacteria;p__Bacteroidota;c__Bacteroidia;o__Flavobacteriales;f__Flavobacteriaceae;g__Capnocytophaga;s__	g__Capnocytophaga
7d09f08a4da1f07a0500f0dd8aace38c	d__Bacteria;p__Pseudomonadota;c__Gammaproteobacteria;o__Burkholderiales;f__Neisseriaceae;g__Alysiella;s__	g__Alysiella
bb993d6610dc41628746388aec7db1cd	d__Bacteria;p__Bacteroidota;c__Bacteroidia;o__Flavobacteriales;f__Flavobacteriaceae;g__Capnocytophaga;s__	g__Capnocytophaga
d32dc0987a4ea61f9744950faee96458	d__Bacteria;p__Bacillota;c__Bacilli;o__Lactobacillales;f__Streptococcaceae;g__Streptococcus;s__	g__Streptococcus
339fb76933a94ae14a05f49ed21f6f57	d__Bacteria;p__Patescibacteria;c__Parcubacteria;o__Candidatus_Nomurabacteria;f__Incertae_Sedis;g__Incertae_Sedis;s__	g__Incertae_Sedis
24d6366e03cb6dbd385d6a9d81275b24	d__Bacteria;p__Bacillota;c__Clostridia;o__Peptostreptococcales-Tissierellales;f__Peptostreptococcaceae;g__Peptostreptococcus;s__	g__Peptostreptococcus
e563ab679688b89c4285b9083a787388	d__Bacteria;p__Patescibacteria;c__Parcubacteria;o__Candidatus_Zambryskibacteria;f__Incertae_Sedis;g__Incertae_Sedis;s__	g__Incertae_Sedis
20ac37e7480490ba6a435efda706bfa5	d__Bacteria;p__Pseudomonadota;c__Gammaproteobacteria;o__Legionellales;f__Legionellaceae;g__Legionella;s__	g__Legionella
7bb9bf3f39ce9386676a9a49a99fd491	d__Bacteria;p__Fusobacteriota;c__Fusobacteriia;o__Fusobacteriales;f__Leptotrichiaceae;g__Pseudoleptotrichia;s__	g__Pseudoleptotrichia
ba58b5911d80d8563b5fb55d38caf68f	d__Bacteria;p__Bacteroidota;c__Bacteroidia;o__Flavobacteriales;f__Weeksellaceae;g__Elizabethkingia;s__	g__Elizabethkingia
78a44550c23d6e05bc2d51486c90cb46	d__Bacteria;p__Bacteroidota;c__Bacteroidia;o__Bacteroidales;f__Prevotellaceae;g__Prevotella;s__	g__Prevotella
e95b951c379b808bca79a651fd521cc4	d__Bacteria;p__Bacteroidota;c__Bacteroidia;o__Bacteroidales;f__Prevotellaceae;g__Incertae_Sedis;s__	g__Incertae_Sedis
dac7289d861be979eefc89ed0f233d49	d__Bacteria;p__Bacteroidota;c__Bacteroidia;o__Bacteroidales;f__Prevotellaceae;g__Prevotella;s__	g__Prevotella
12af103742c59506629bfc2b3025080f	d__Bacteria;p__Bacillota;c__Clostridia;o__Lachnospirales;f__Lachnospiraceae;g__Catonella;s__	g__Catonella
a6134c2aa94ec90ced9b892301c4643f	d__Bacteria;p__Fusobacteriota;c__Fusobacteriia;o__Fusobacteriales;f__Fusobacteriaceae;g__Fusobacterium;s__	g__Fusobacterium
e57d6ff793ecaf3a02ec4bfe294c3e3f	d__Bacteria;p__Bacteroidota;c__Bacteroidia;o__Bacteroidales;f__Prevotellaceae;g__Hoylesella;s__	g__Hoylesella
6cae874560ba3c5b4c83a01a95988c9d	d__Bacteria;p__Bacillota;c__Clostridia;o__Clostridia_UCG-014;f__Incertae_Sedis;g__Incertae_Sedis;s__	g__Incertae_Sedis
05f95c4dab2bf65efde1e8dd6b73d828	d__Bacteria;p__Bacillota;c__Bacilli;o__Staphylococcales;f__Gemellaceae;g__Gemella;s__	g__Gemella
5f7da6a4a98b07fbf81b246c9de5f6b0	d__Bacteria;p__Fusobacteriota;c__Fusobacteriia;o__Fusobacteriales;f__Fusobacteriaceae;g__Fusobacterium;s__	g__Fusobacterium
381d7078245e3dbb28fd39d57d67daad	d__Bacteria;p__Fusobacteriota;c__Fusobacteriia;o__Fusobacteriales;f__Leptotrichiaceae;g__Leptotrichia;s__	g__Leptotrichia
c25000d1597641467e22a785dcbd2357	d__Bacteria;p__Campylobacterota;c__Campylobacteria;o__Campylobacterales;f__Campylobacteraceae;g__Campylobacter;s__	g__Campylobacter
c22e620008fd2ecc401a01311efebf52	d__Bacteria;p__Campylobacterota;c__Campylobacteria;o__Campylobacterales;f__Campylobacteraceae;g__Campylobacter;s__	g__Campylobacter
70e69ed4693ad14737da741d6a75f20f	d__Bacteria;p__Bacteroidota;c__Bacteroidia;o__Bacteroidales;f__Bacteroidaceae;g__Bacteroides;s__	g__Bacteroides
9f1fb51bc300a0920ac4edd3d96ff152	d__Bacteria;p__Fusobacteriota;c__Fusobacteriia;o__Fusobacteriales;f__Fusobacteriaceae;g__Fusobacterium;s__	g__Fusobacterium
53e78514d283566d3ae603f752425540	d__Bacteria;p__Pseudomonadota;c__Gammaproteobacteria;o__Burkholderiales;f__Neisseriaceae;g__Neisseria;s__	g__Neisseria
397fad715bedccc8d318b3a0acc75592	d__Bacteria;p__Bacillota;c__Bacilli;o__Acholeplasmatales;f__Acholeplasmataceae;g__Acholeplasma;s__	g__Acholeplasma
bbb5e760a9110fc77694e304272cf18d	d__Bacteria;p__Bacillota;c__Clostridia;o__Lachnospirales;f__Lachnospiraceae;g__Incertae_Sedis;s__	g__Incertae_Sedis
c4a63804abb48362f8e8bd9c9106b2b2	d__Bacteria;p__Pseudomonadota;c__Gammaproteobacteria;o__Burkholderiales;f__Neisseriaceae;g__Neisseria;s__	g__Neisseria
0be0d0f7bbd7ad2e82d8ed3bb3f926c8	d__Bacteria;p__Actinomycetota;c__Coriobacteriia;o__Coriobacteriales;f__Atopobiaceae;g__Lancefieldella;s__	g__Lancefieldella
9d8588225463466f2b3bf49c09ea5cfc	d__Bacteria;p__Pseudomonadota;c__Alphaproteobacteria;o__Rhodobacterales;f__Paracoccaceae;g__Paracoccus;s__	g__Paracoccus
bbeee3facc39ba91e0688f68ff2b57c6	d__Bacteria;p__Actinomycetota;c__Actinobacteria;o__Micrococcales;f__Micrococcaceae;g__Rothia;s__	g__Rothia
29e43a08727ae8ab8a28262e7d317641	d__Bacteria;p__Campylobacterota;c__Campylobacteria;o__Campylobacterales;f__Campylobacteraceae;g__Campylobacter;s__	g__Campylobacter
0046e040de8be58f76f67551c792220d	d__Bacteria;p__Campylobacterota;c__Campylobacteria;o__Campylobacterales;f__Campylobacteraceae;g__Campylobacter;s__	g__Campylobacter
1b9ae3c6e6bb8c14393e5785761e25ec	d__Bacteria;p__Bacillota;c__Bacilli;o__Staphylococcales;f__Gemellaceae;g__Gemella;s__	g__Gemella
44b5f92ee9da2ca8740c725a8a8a778c	d__Bacteria;p__Bacillota;c__Clostridia;o__Peptostreptococcales-Tissierellales;f__Anaerovoracaceae;g__[Eubacterium]_saphenum_group;s__	g__[Eubacterium]_saphenum_group
0023c3eda24f2a9452cc1f566789c3fa	d__Bacteria;p__Pseudomonadota;c__Gammaproteobacteria;o__Enterobacterales;f__Pasteurellaceae;g__Haemophilus;s__	g__Haemophilus
de9ed44872e91394827f010f3c2256fc	d__Bacteria;p__Bacillota;c__Bacilli;o__Staphylococcales;f__Gemellaceae;g__Gemella;s__	g__Gemella
e3248df258f379e110b1e40507c654af	d__Bacteria;p__Bacillota;c__Clostridia;o__Lachnospirales;f__Lachnospiraceae;g__Catonella;s__	g__Catonella
ba6cd85f521193c2450980018149de13	d__Bacteria;p__Bacillota;c__Bacilli;o__Lactobacillales;f__Streptococcaceae;g__Streptococcus;s__	g__Streptococcus
ba80f7b50b6b3295f70b9f888d8f5662	d__Bacteria;p__Campylobacterota;c__Campylobacteria;o__Campylobacterales;f__Campylobacteraceae;g__Campylobacter;s__	g__Campylobacter
b497f37cb0a3c418fe9e7de3c619f3a5	d__Bacteria;p__Chloroflexota;c__Anaerolineae;o__Anaerolineales;f__Anaerolineaceae;g__Flexilinea;s__	g__Flexilinea
ebee3de8fc1235351819475a827ed7cc	d__Bacteria;p__Bacillota;c__Negativicutes;o__Veillonellales-Selenomonadales;f__Selenomonadaceae;g__Selenomonas;s__	g__Selenomonas
f7d836bd60c7ac51d2008a63afcfc43b	d__Bacteria;p__Bacillota;c__Negativicutes;o__Veillonellales-Selenomonadales;f__Veillonellaceae;g__Dialister;s__	g__Dialister
3bc6134fc9ee472bad2700e40de84e05	d__Bacteria;p__Bacteroidota;c__Bacteroidia;o__Bacteroidales;f__Porphyromonadaceae;g__Porphyromonas;s__	g__Porphyromonas
69c91b914d5c5739fa5ac567b843a7b2	d__Bacteria;p__Fusobacteriota;c__Fusobacteriia;o__Fusobacteriales;f__Fusobacteriaceae;g__Fusobacterium;s__	g__Fusobacterium
530d200aeb26f73c82ffb4c3afd6d01b	d__Bacteria;p__Bacteroidota;c__Bacteroidia;o__Bacteroidales;f__Prevotellaceae;g__Prevotella;s__	g__Prevotella
c0bba33ea3b1b9fb47b69e329a1e5779	d__Bacteria;p__Bacteroidota;c__Bacteroidia;o__Bacteroidales;f__Porphyromonadaceae;g__Porphyromonas;s__	g__Porphyromonas
41583226ef2e9965d9efb0d573e30184	d__Bacteria;p__Actinomycetota;c__Actinobacteria;o__Bifidobacteriales;f__Bifidobacteriaceae;g__Bifidobacterium;s__	g__Bifidobacterium
17dff7518b6f5f66b12b1291c5017f2a	d__Bacteria;p__Bacillota;c__Bacilli;o__Lactobacillales;f__Streptococcaceae;g__Streptococcus;s__	g__Streptococcus
0c43549718b32850be79a04378640cdf	d__Bacteria;p__Bacteroidota;c__Bacteroidia;o__Bacteroidales;f__Prevotellaceae;g__Incertae_Sedis;s__	g__Incertae_Sedis
6d426855b326d31a29b2acdf1d06a3ce	d__Bacteria;p__Fusobacteriota;c__Fusobacteriia;o__Fusobacteriales;f__Leptotrichiaceae;g__Leptotrichia;s__	g__Leptotrichia
1a4225f76edf41325eec53e1c1554a3c	d__Bacteria;p__Pseudomonadota;c__Gammaproteobacteria;o__Burkholderiales;f__Neisseriaceae;g__Kingella;s__	g__Kingella
38b640ef20d9fe163a4ea7d1d6e0b5c9	d__Bacteria;p__Bacteroidota;c__Bacteroidia;o__Bacteroidales;f__Porphyromonadaceae;g__Porphyromonas;s__	g__Porphyromonas
7ae85721ac3c9d5bf24750be3cb9d728	d__Bacteria;p__Campylobacterota;c__Campylobacteria;o__Campylobacterales;f__Campylobacteraceae;g__Campylobacter;s__	g__Campylobacter
efe2d4cfe8e25e83103aae49a0208053	d__Bacteria;p__Spirochaetota;c__Spirochaetia;o__Spirochaetales;f__Spirochaetaceae;g__Treponema;s__	g__Treponema
f9d21ade1afc48996e3d8d4f4f76e630	d__Bacteria;p__Spirochaetota;c__Spirochaetia;o__Spirochaetales;f__Spirochaetaceae;g__Treponema;s__	g__Treponema
